flood,den_riv,den_road,dis_riv,dis_road,ndvi,aspect,curvature,dem,flow_dir,lulc,rainfall,slope,twi
1,0.461890243902439,0.0793179090447638,0.11060067780621238,0.016806643373319687,0.26401629694594736,0.33586821050414556,0.21710526315789475,0.16358024691358025,0.015625,0.42857142857142855,0.31138420039273706,0.1259163739477648,0.0
1,0.34603658536585363,0.07719372749619302,0.1356154584046012,0.016166941251049827,0.2697757831403118,0.10272126628599862,0.2894736842105263,0.2816358024691358,1.0,0.42857142857142855,0.23934585259819433,0.15579948089066098,0.23391620784953632
1,0.006844512195121951,0.03477300064175141,0.6443511592722193,0.023455841872244355,0.4256255831255973,0.9252659637477795,0.6447368421052632,0.2662037037037037,0.5,0.0,0.35251829218174024,0.31860377150068786,0.45222409821489484
1,0.23628048780487804,0.08181887385575912,0.09139197432888535,0.16695305617788014,0.13685653635618958,0.15898910056451046,0.3092105263157895,0.16666666666666666,0.015625,1.0,0.12137249755237185,0.08283981025918159,0.10027057923822248
1,0.43749999999999994,0.09471659203485738,0.05702107393032942,0.0023996003470628685,0.32304214191245784,0.17875530281009053,0.46710526315789475,0.08333333333333333,0.03125,0.42857142857142855,0.61034987946825,0.02571396225280966,0.3830779444270563
1,0.4527439024390244,0.1244153307765192,0.0460554846730601,0.01100209270571008,0.5751544716457838,0.8335796358776373,0.4868421052631579,0.3148148148148148,0.5,0.0,0.45861490593043863,0.1513480278234446,0.4441892609639204
1,0.48780487804878053,0.1708724730453491,0.10899053103252425,0.03601423422068941,0.7202231811150833,0.81228910893704,0.39473684210526316,0.14583333333333334,0.015625,0.42857142857142855,0.3629121381833646,0.061894892427644836,0.1496878413860142
1,0.38871951219512196,0.45006499565874053,0.18922898319275613,0.004801897790806499,0.37710941035515055,0.17875530281009053,0.46710526315789475,0.020833333333333332,0.015625,0.7142857142857143,0.872364314290129,0.05141103313938506,0.30309039580626157
1,0.26676829268292684,0.4275807719174328,0.012708875662627793,0.004720087384795374,0.7165096859198338,0.20130981538433712,0.4868421052631579,0.006944444444444444,0.0078125,0.42857142857142855,0.6750073884555812,0.03636105110889728,0.5382340732425153
1,0.32621951219512196,0.22116631532051226,0.41467725660669286,0.00679090899328079,0.44641266348248543,0.7743621605609251,0.5131578947368421,0.1550925925925926,0.5,0.42857142857142855,0.28589555384132953,0.04065066592410343,0.47342377808077635
1,0.11524390243902438,0.8119393215779784,0.4202881512847798,0.0,0.4338008420671333,0.0027741979835242602,0.4605263157894737,0.5671296296296297,0.5,0.5714285714285714,0.09519119600026195,0.10332489326169163,0.36375881270034494
1,0.4161585365853659,0.12015060723035757,0.29909168173628065,0.023768181871303102,0.5241429728805692,0.26117675819097214,0.3223684210526316,0.3587962962962963,0.0078125,0.2857142857142857,0.4498950955777566,0.5020132364637535,0.26587036424770877
1,0.42835365853658536,0.05590061869577521,0.1752349492910209,0.21406628780760056,0.4772618826692141,0.7518076535350745,0.4473684210526316,0.35725308641975306,0.25,0.42857142857142855,0.28777127685712384,0.03449587837542934,0.4894809207522626
1,0.2606707317073171,0.06315117722540638,0.39828103374831897,0.09205299310138323,0.6155854361754081,0.624025569893782,0.5394736842105263,0.3441358024691358,0.125,0.0,0.488259833745052,0.4259407417797806,0.4682660789186608
1,0.5442073170731707,0.826980389612051,0.009212482781469924,0.005643545698242924,0.6372755467437602,0.7518076535350745,0.47368421052631576,0.0015432098765432098,0.0078125,0.2857142857142857,0.9069823669095395,0.03449587837542934,0.26800747454065804
1,0.5182926829268293,0.027336078377907032,0.18557549264581075,0.23809465075298558,0.9042824439227839,0.9129660853741675,0.6710526315789473,0.8040123456790124,0.125,0.0,0.21059773520773512,0.6647000425836715,0.3854493690068647
1,0.6158536585365854,0.07491711049012399,0.025368776439828176,0.22628406628306977,0.39608615315007134,0.3772909257592994,0.375,0.25540123456790126,0.015625,0.42857142857142855,0.41856962457919633,0.024394673023081955,0.2681166561796389
1,0.021189024390243904,0.04226757570529478,0.12985424840708196,0.0811880270259258,0.4009296900191176,0.14013580919776464,0.5592105263157895,0.2816358024691358,1.0,0.2857142857142857,0.45196143205850603,0.3051928238702856,0.3970486765690819
1,0.3567073170731707,0.06117611162293845,0.007283058761702072,0.09168770532631586,0.36815561979606415,0.12761310724211597,0.5526315789473685,0.21450617283950618,0.0078125,0.0,0.23571592369042604,0.2573732992185335,0.40050082454803027
1,0.19664634146341461,0.060755060304976995,0.1851365323349306,0.11578787819445185,0.13153290293826836,0.0,0.4342105263157895,0.036265432098765434,0.0078125,1.0,0.8122513294320908,0.0,1.0
1,0.35365853658536583,0.0032814087706857197,0.06637916447694839,0.3103246781345655,0.7199458594201633,0.7611468800786896,0.34868421052631576,0.4791666666666667,0.125,0.0,0.5308791040130009,0.47146731854846546,0.22983404916902356
1,0.7408536585365854,0.6069626751518038,0.05109637766193579,0.004801897790806499,0.4873824706041311,0.25245201650070764,0.4144736842105263,0.016203703703703703,0.0078125,0.42857142857142855,0.776707432059763,0.022999769987272926,1.0
1,0.36890243902439024,0.22450504493975745,0.016241500900912663,0.0925194180537758,0.07169157371915301,0.0,0.4342105263157895,0.39274691358024694,0.125,1.0,0.0952432470366405,0.0,1.0
1,0.25609756097560976,0.11324336542298344,0.47929757373774307,0.014405693530347628,0.40208293286439484,0.9277887361680569,0.47368421052631576,0.15817901234567902,0.015625,0.42857142857142855,0.1366087537955845,0.05141103313938506,0.40159318243668596
1,0.4344512195121951,0.09778066328455047,0.00854565746223348,0.0016977272878022313,0.7401421407154744,0.12761310724211597,0.4407894736842105,0.023919753086419752,1.0,0.0,0.8265196545489834,0.00813227066182591,1.0
1,0.2820121951219512,0.17422544786105226,0.3777958384200081,0.06978143062043331,0.3491417366643036,0.8595292896216643,0.4144736842105263,0.30478395061728397,0.0625,0.2857142857142857,0.2708383287600029,0.29817923054145185,0.3496789143907341
1,0.24847560975609756,0.049890134780274244,0.17995199008669652,0.008853807347259015,0.3509094566897978,0.20130981538433712,0.5328947368421053,0.2839506172839506,0.0625,0.42857142857142855,0.30117166873644485,0.10889262723180859,0.3922665610073487
1,0.4923780487804878,0.12726674114768366,0.045156415248926086,0.0024009488954032493,0.4546331093209968,0.6532191210819239,0.5,0.279320987654321,0.03125,0.2857142857142857,0.4325323173986602,0.04944717353325172,0.39951115031218953
1,0.015243902439024392,0.30521150809708075,0.6225376379930538,0.004801897790806499,0.4351062464415511,0.4509876339015206,0.45394736842105265,0.2847222222222222,0.0625,0.0,0.25373123015224935,0.07267437661933875,0.4477816416728847
1,0.010716463414634145,0.3722025238894066,0.5791434230111373,0.012004744477016245,0.5050290539285384,0.5335058477596715,0.40131578947368424,0.020061728395061727,0.0078125,0.42857142857142855,0.708927757524513,0.029317465269155123,0.14510416194466777
1,0.21189024390243902,0.016000575298779428,0.13402762023593467,0.016806643373319687,0.4004578200394672,0.08921627630834367,0.5592105263157895,0.2029320987654321,0.5,0.0,0.46834779343353483,0.5487856598019425,0.42981997019899776
1,0.4557926829268293,0.14221069475439205,0.10235073737743018,0.013093769513995119,0.46743423260232925,0.20698418768181748,0.5197368421052632,0.1558641975308642,0.25,0.2857142857142857,0.23083665898568012,0.10172343181563472,0.3699316520155128
1,0.09923780487804877,0.07344755905158065,0.05407224356630848,0.041060688781448626,0.89565231586001,0.4572177612810403,0.35526315789473684,0.12885802469135801,0.03125,0.0,0.7604929472555784,0.5306488431023303,0.3593945950060501
1,0.2865853658536585,0.14446729485715964,0.12312047707568972,0.012577016023704382,0.3424863544648516,0.4572177612810403,0.506578947368421,0.11959876543209877,0.015625,0.0,0.5634864762145343,0.18457566984243992,0.28149885643179184
1,0.3780487804878049,0.195694780910688,0.18611457136468684,0.04305952437731306,0.525824180845562,0.5558355337809373,0.4407894736842105,0.39814814814814814,0.03125,0.2857142857142857,0.39992337377532167,0.22364537766141449,0.34542551830335716
1,0.27286585365853655,0.358385307293472,0.3839254311160872,0.0024009488954032493,0.6428768449508482,0.22107603150090716,0.48026315789473684,0.005401234567901234,0.0078125,0.42857142857142855,0.6848850963435011,0.029317465269155123,0.35575391259992
1,0.6996951219512195,0.7021582751768872,0.0031015375086500675,0.0023996003470628685,0.6629616898502475,0.8568803189351164,0.3684210526315789,0.009259259259259259,0.03125,0.0,0.8212474419563928,0.06551854229118571,0.37512920549277856
1,0.3292682926829268,0.06722758089671109,0.2774192544784499,0.21233418730339923,0.4755450421358199,0.36144861849656557,0.625,0.24614197530864199,0.015625,0.0,0.3760147733615977,0.6785738874232898,0.4585091979767745
1,0.22865853658536583,0.042577812747734915,0.4463870260415987,0.1584889136028872,0.3497771302852553,0.7671421161149444,0.40789473684210525,0.26080246913580246,0.25,0.42857142857142855,0.3097028714978877,0.17815390562279,0.335893436740016
1,0.3231707317073171,0.22464978686802542,0.13659357903876537,0.07314628693583727,0.5016883621723793,0.9277887361680569,0.46710526315789475,0.1875,0.0078125,0.0,0.2802737830900298,0.12823340248734094,0.3926779454172256
1,0.3079268292682927,0.334008013624972,0.04294389125723015,0.021658924503087023,0.7036951311910857,0.509036339607774,0.4342105263157895,0.035493827160493825,0.0078125,0.0,0.7260108688405951,0.1320028360066691,0.2955755521625066
1,0.4100609756097561,0.13597891735882953,0.12012412642481297,0.029638066618509117,0.47102347536994105,0.7006654524187039,0.5,0.1882716049382716,0.03125,0.2857142857142857,0.2216081146890927,0.03636105110889728,0.49409309850436456
1,0.6341463414634146,0.43936071327065157,0.04018108426144747,0.0016977272878022313,0.5787711004115623,0.25245201650070764,0.3618421052631579,0.12191358024691358,0.0625,0.42857142857142855,0.326905503307732,0.03449587837542934,1.0
1,0.6158536585365854,0.7644512775907086,0.06155087443203332,0.016806643373319687,0.4746919375221377,0.0027741979835242602,0.46710526315789475,0.008487654320987654,0.0078125,0.42857142857142855,0.8047982606837918,0.01150064130499284,1.0
1,0.19359756097560976,0.1044330327574002,0.1279546814000705,0.10676985796259442,0.6543758409463075,0.4469644642438338,0.5197368421052632,0.470679012345679,0.015625,0.2857142857142857,0.3964402711260931,0.2835682111270755,0.35967885095801205
1,0.20884146341463414,0.006578495993031523,0.024097346102247057,0.050624534704233774,0.553786808127758,0.10505858911947344,0.40789473684210525,0.3001543209876543,0.5,0.0,0.5345142278563836,0.05747299368112383,0.6012848065789324
1,0.2972560975609756,0.12239145837304632,0.21157738056378853,0.0033954545756044625,0.3641636182306928,0.7566228844590372,0.32894736842105265,0.21141975308641975,0.5,0.2857142857142857,0.28693681490400036,0.1887301834355831,0.26201789390676106
1,0.6783536585365854,0.7168279572743942,0.007290787719189441,0.004801799638470915,0.5717905325619672,0.22107603150090716,0.39473684210526316,0.009259259259259259,0.0078125,0.42857142857142855,0.7974288470374687,0.029317465269155123,0.3193071723378872
1,0.25762195121951215,0.27549521712693176,0.08994108365757485,0.023246929008460843,0.7681160916463505,0.26465489504182577,0.3618421052631579,0.42592592592592593,0.03125,0.0,0.4390966084613263,0.1493983883562017,0.17290398560170034
1,0.3079268292682927,0.3602648246290274,0.11848763162791001,0.004467471700067941,0.19794160375913136,0.8766465627936662,0.4342105263157895,0.0023148148148148147,0.5,1.0,0.6739360485308297,0.03252373771696512,0.38645674251930945
1,0.19207317073170732,0.24682910225623822,0.23536683017469873,0.01024019368938126,0.4966896790081,0.7907469899813169,0.34210526315789475,0.37191358024691357,0.125,0.42857142857142855,0.4368880767945332,0.09469785138504128,0.2486246316067307
1,0.2682926829268293,0.16910322338907763,0.018067170016255598,0.0,0.693744044122351,0.5127108203209114,0.4342105263157895,0.0470679012345679,0.03125,0.0,0.6255092007486179,0.08634137092190047,0.3533074208085011
1,0.5487804878048781,0.3056022245718096,0.002193118259475904,0.007202847159994151,0.8073913978241178,0.06713167958213033,0.5592105263157895,0.1381172839506173,0.5,0.0,0.24594747879421733,0.04378018824205935,0.6414886205564411
1,0.288109756097561,0.12767458555245065,0.13402762023593467,0.04610824804950858,0.3754701429693727,0.18011381646583047,0.2894736842105263,0.5162037037037037,0.015625,0.2857142857142857,0.15857027015624847,0.5691463784804341,0.34435929160192535
1,0.5945121951219512,0.16421894923113067,0.08900157210891904,0.010245264761779624,0.6111698286058075,0.7328244547993543,0.3684210526315789,0.2037037037037037,0.125,0.2857142857142857,0.10104290273627424,0.14429275443570422,0.24853338131528827
1,0.19512195121951217,0.2578187939878158,0.2637026449620703,0.008488636439011155,0.2990579862817073,0.5021298350178911,0.42105263157894735,0.35108024691358025,0.015625,0.42857142857142855,0.4289404723605207,0.022999769987272926,0.4310125053743759
1,0.9192073170731707,0.18558459746712547,0.007290752629294025,0.006646370795676686,0.28084945766030833,0.08337742181242017,0.45394736842105265,0.14660493827160495,0.015625,0.2857142857142857,0.18528614167547064,0.05917012665702434,0.3600809834733004
1,0.5975609756097561,0.1554542286488185,0.09649720627309405,0.022006164250945277,0.33674948787414155,0.8138945650520854,0.4407894736842105,0.08333333333333333,0.125,0.2857142857142857,0.5866991955910268,0.10552556125667706,0.33140069816219925
1,0.1722560975609756,0.0893948661759572,0.30502021137173746,0.004799861860260764,0.32813272202451826,0.4215265945438073,0.4144736842105263,0.17669753086419754,1.0,0.42857142857142855,0.23531165232192733,0.05917012665702434,0.34921848565670116
1,0.5015243902439024,0.49049275089219674,0.07450808862891538,0.0016977272878022313,0.7674870598850853,0.01497707513754335,0.40131578947368424,0.4567901234567901,0.015625,0.2857142857142857,0.181857853916266,0.07490694090079084,0.3568509892642438
1,0.29878048780487804,0.0,0.31885939070884856,0.6144238765861118,0.5151615655424324,0.655556410625023,0.24342105263157895,0.4660493827160494,0.03125,0.0,0.44494802864395067,0.35602066049524855,0.166923053477962
1,0.17073170731707316,0.03269967999785355,0.2187001601078484,0.030258856846674207,0.4066982735959068,0.18463964860454787,0.4342105263157895,0.2824074074074074,0.0078125,0.42857142857142855,0.31582482580974164,0.06942741437299053,0.36637316913438
1,0.34756097560975613,0.6448808548116224,0.11785843104101111,0.004801897790806499,0.05730964754251129,0.4162302344635619,0.25,0.0015432098765432098,0.0078125,1.0,0.8921770777181965,0.0670112558192341,0.33672440539945514
1,0.23628048780487804,0.04599617070649748,0.06422436234315633,0.22037350319662338,0.0,0.0,0.4342105263157895,0.1558641975308642,0.03125,1.0,0.3360734184536167,0.0,1.0
1,0.4893292682926829,0.38159695328754867,0.03005364469767199,0.0024009488954032493,0.41080197310885763,0.6495232513023333,0.42105263157894735,0.004629629629629629,0.03125,0.42857142857142855,0.7883191299603178,0.05747299368112383,0.205137245977089
1,0.2225609756097561,0.46043440673561314,0.22422379927274153,0.004801897790806499,0.630514266889599,0.29668771302719543,0.5328947368421053,0.012345679012345678,0.0078125,0.0,0.6937343641219481,0.08363072378848266,0.463092289505087
1,0.38871951219512196,0.7222811282969316,0.1209599697737273,0.0147794888940198,0.11814071904369078,0.0,0.4342105263157895,0.0,0.5,1.0,0.951389637881929,0.0,1.0
1,0.4176829268292683,0.05548466582285353,0.09649720627309405,0.12269930293680001,0.3475619030487047,0.7960433500615622,0.4407894736842105,0.34953703703703703,0.015625,0.2857142857142857,0.29800539245409163,0.08363072378848266,0.2705802593346279
1,0.38871951219512196,0.35738531072529767,0.08216019516510205,0.008309040564473055,0.7883274660114378,0.7404733902535878,0.4407894736842105,0.46141975308641975,0.125,0.0,0.1857989613160691,0.16073123004176645,0.29417857796523605
1,0.2454268292682927,0.24073270102464958,0.3544911597944875,0.0637716649763092,0.38339563545347016,0.24024913795958958,0.40789473684210525,0.1427469135802469,1.0,0.42857142857142855,0.3349907458045534,0.07490694090079084,0.2407346530330666
1,0.34603658536585363,0.36481365966459833,0.18086130800441316,0.0033954545756044625,0.740246176737724,0.3772909257592994,0.3815789473684211,0.5192901234567902,0.25,0.0,0.17200430894951338,0.024394673023081955,0.2567236751495813
1,0.21646341463414634,0.1035123550404628,0.18348190095836217,0.02641044037628589,0.6142990943019616,0.051739136393277416,0.5328947368421053,0.07021604938271606,0.5,0.0,0.7802889796632506,0.26248108695533234,0.39845737808424203
1,0.8292682926829268,0.15538456258729708,0.10698999897178446,0.014405693530347628,0.3561893325136817,0.8992010698195169,0.42105263157894735,0.14737654320987653,0.125,0.42857142857142855,0.19233260040987857,0.05747299368112383,0.3687854691414504
1,0.6387195121951219,0.07907677025268534,0.0736631769901683,0.016449439149815996,0.36417921132571646,0.3261487246429288,0.46710526315789475,0.09104938271604938,0.125,0.42857142857142855,0.5699803306057025,0.02571396225280966,0.2555208205533159
1,0.6707317073170732,0.4749425060002353,0.04896951177714815,0.004801799638470915,0.5502723075955928,0.12761310724211597,0.4605263157894737,0.0030864197530864196,0.125,0.42857142857142855,0.8012714355337516,0.04877492537954885,0.26788102682415105
1,0.060365853658536583,0.2268271180370207,0.2613794592728721,0.015310474078149791,0.7934022145548949,0.5392832815122398,0.4473684210526316,0.1743827160493827,0.03125,0.0,0.7468060204755892,0.24578049438105223,0.43192748371210143
1,0.4161585365853659,0.2664879600635325,0.26022374704592044,0.03254155563002745,0.5450908459716381,0.2663593900248829,0.4144736842105263,0.20910493827160495,0.0078125,0.0,0.2619261948656954,0.32331591308554064,0.2987700859327727
1,0.4100609756097561,0.06497009475894701,0.2825634025447519,0.11119708894228264,0.5703359360391089,0.8098563592413279,0.4144736842105263,0.26851851851851855,0.125,0.0,0.2705173057725422,0.40708160441093655,0.3581586316231304
1,0.15396341463414634,0.306856818928453,0.2700200094008278,0.012242233647094425,0.720379173606889,0.7006654524187039,0.4276315789473684,0.33024691358024694,0.03125,0.2857142857142857,0.532138552371477,0.03636105110889728,0.5336939921940619
1,0.7286585365853658,0.602611369763307,0.11418953766206635,0.00664826119544649,0.40145879365785825,0.5335058477596715,0.4144736842105263,0.005401234567901234,0.0078125,0.42857142857142855,0.8139976412404085,0.029317465269155123,1.0
1,0.19969512195121952,0.24139466276228902,0.038229625011424614,0.02156410760970399,0.1927457829486098,0.8766465627936662,0.4407894736842105,0.0,0.0,1.0,0.6597443440924209,0.00813227066182591,1.0
1,0.5564024390243902,0.6331441357430574,0.05762214751792033,0.01358181798656158,0.18803260804645552,0.9963597806319591,0.5131578947368421,0.013888888888888888,0.5,0.7142857142857143,0.8119804902621579,0.17742539582625555,0.37977062418262675
1,0.4512195121951219,0.10288628395986513,0.11517123868962906,0.036285075443849124,0.5898100577939951,0.34591494075949886,0.375,0.36419753086419754,0.0625,0.2857142857142857,0.2457469653718903,0.0414552524734414,0.7039172490744624
1,0.18597560975609756,0.3103599329982832,0.32752410594210657,0.00679090899328079,0.5141973014698988,0.45843297096574326,0.47368421052631576,0.24459876543209877,0.015625,0.0,0.253982361844015,0.2309544646841836,0.24858302902387402
1,0.2942073170731707,0.06058298357309836,0.08994459264711643,0.031515617355291244,0.5120890719436019,0.9625461356060155,0.375,0.17746913580246915,1.0,0.0,0.126699247725256,0.09469785138504128,0.2491276840357321
1,0.19664634146341461,0.27192245571462936,0.13902940941257885,0.005643913275975941,0.3562408643464121,0.0027741979835242602,0.4342105263157895,0.33719135802469136,0.0078125,0.2857142857142857,0.42093809001111493,0.03449587837542934,1.0
1,0.0,0.2679517273158662,0.8217595705649637,0.0033954545756044625,0.3136167583107812,0.02036314307088292,0.4473684210526316,0.33024691358024694,0.03125,0.42857142857142855,0.24989936429887175,0.05204913711558495,0.4031844154775223
1,0.28048780487804875,0.091957747362096,0.2739881461437021,0.05332874209925026,0.374394611740242,0.3383516170550368,0.4934210526315789,0.15123456790123457,0.0625,0.2857142857142857,0.13748913824004677,0.10042361110475005,0.3253252358111443
1,0.11707317073170731,0.0,0.5049573045737639,0.5864083730970056,0.7045338043068575,0.3772909257592994,0.5131578947368421,0.3140432098765432,0.0078125,0.0,0.4032446199786279,0.00813227066182591,0.607015566235288
1,0.6661585365853658,0.7871582954558572,0.15484165072660566,0.007131850567135725,0.32989228009943516,0.9503432986778673,0.45394736842105265,0.0023148148148148147,0.03125,0.42857142857142855,0.8575689158125004,0.018183512427284873,0.4938873289424481
1,0.0,0.08923217267948527,0.6577467676494014,0.019207590847369723,0.7498375994923313,0.672436573095373,0.46710526315789475,0.3611111111111111,0.03125,0.0,0.5811567816408831,0.14361302981621982,0.3366741697778353
1,0.37347560975609756,0.10548483741413807,0.021478700433482614,0.0509719213252571,0.07392753277173164,0.12761310724211597,0.40131578947368424,0.15200617283950618,0.25,0.2857142857142857,0.1308142283259614,0.10552556125667706,0.26146782390643153
1,0.36890243902439024,0.10834111473810024,0.035238296091801694,0.009603795423684862,0.37073756554907894,0.9155858992399086,0.4342105263157895,0.15046296296296297,0.0078125,0.2857142857142857,0.12997348068561762,0.0670112558192341,0.41061331551853697
1,0.9573170731707317,0.6299704457411199,0.059184438406624976,0.0,0.3202809932649215,0.40866693850107977,0.4276315789473684,0.0023148148148148147,0.0078125,0.42857142857142855,0.8065018667936426,0.0414552524734414,0.48922100130563106
1,0.3353658536585366,0.0413010737558618,0.39874907583008,0.28641303987337957,0.84141654660163,0.29139135294695007,0.26973684210526316,0.6589506172839507,0.125,0.0,0.10780348286970905,0.18855899217439318,0.1955300198451592
1,0.725609756097561,0.7878064737335863,0.0626577005183512,0.007931593902331557,0.3610303446398632,0.05391639355149885,0.45394736842105265,0.006944444444444444,0.03125,0.42857142857142855,0.8158096754548091,0.0545266497261175,0.4311344199719626
1,0.14115853658536584,0.2828814294864336,0.2965414011803262,0.024950281064700947,0.5836616858100435,0.2927734694791338,0.4144736842105263,0.3271604938271605,0.0078125,0.0,0.1775643228238738,0.15971676028299364,0.4982193970766177
1,0.21493902439024393,0.04522226531070034,0.37839828296165245,0.10186363884741521,0.5661452782892823,0.6609936444788717,0.3092105263157895,0.25771604938271603,0.125,0.0,0.5464561461837874,0.19026364122648995,0.24274718764838032
1,0.46951219512195125,0.30830634098432874,0.014434859893392002,0.0023996003470628685,0.4434706687805375,0.8838666072396469,0.3355263157894737,0.3773148148148148,0.25,0.2857142857142857,0.06564658960241586,0.17815390562279,0.3163745692956848
1,0.4405487804878048,0.7188572270037261,0.06401114736613614,0.012004744477016245,0.43783512269034874,0.2348630603165571,0.3881578947368421,0.005401234567901234,0.125,0.42857142857142855,0.9424370629852852,0.05204913711558495,0.19584682761353264
1,0.3231707317073171,0.16508134206847366,0.20545044001096766,0.03439234939262419,0.4171894956296101,0.8495082484396385,0.5526315789473685,0.3433641975308642,0.125,0.2857142857142857,0.42790651378741457,0.23708529040759288,0.4966492824908203
1,0.2942073170731707,0.12637034203758724,0.047424911704030605,0.15191990864173277,0.6639364929164578,0.6174432025962943,0.4868421052631579,0.20833333333333334,0.03125,0.0,0.532486945829319,0.3966743145300136,0.4331112001919689
1,0.3323170731707317,0.22482195844308678,0.4014525176591939,0.0016977272878022313,0.36154608606545335,0.19036509111270697,0.5197368421052632,0.1558641975308642,1.0,0.42857142857142855,0.28762111363816273,0.10552556125667706,0.28325598924799883
1,0.39024390243902435,0.09529009378555645,0.16593107773309484,0.1162170952783594,0.670383295353467,0.8405968864510224,0.4144736842105263,0.18904320987654322,0.0625,0.0,0.6011910415942041,0.42116711740430374,0.2506076777419684
1,0.08932926829268292,0.30509354688856644,0.47143370376294247,0.011317220136342518,0.4047716840102603,0.9009101144872669,0.3355263157894737,0.24845679012345678,0.125,0.42857142857142855,0.2541528333788923,0.21232870692766595,0.13632109705809872
1,0.4054878048780488,0.20235585474142598,0.075359888699748,0.019207590847369723,0.29123457279796805,0.14915521787524508,0.6578947368421053,0.39274691358024694,0.5,0.2857142857142857,0.09449919729925466,0.17960167865966872,0.2834719235168463
1,0.08490853658536585,0.050301626279798,0.3713393282651556,0.005093181547550424,0.44067540456427357,0.41473075271148724,0.4934210526315789,0.41975308641975306,0.015625,0.2857142857142857,0.38459637254469503,0.20758746406623632,0.5231589000518445
1,0.10335365853658536,0.16301213212778498,0.24315376759391033,0.0033954545756044625,0.41771204509126136,0.047009880639022075,0.47368421052631576,0.24151234567901234,0.25,0.0,0.22857792501404386,0.08363072378848266,0.5523627064483693
1,0.5548780487804879,0.6717440631755432,0.04549076890937341,0.0016977272878022313,0.3756027188942063,0.7006654524187039,0.42105263157894735,0.010802469135802469,0.125,0.42857142857142855,0.7862244246941579,0.018183512427284873,1.0
1,0.1646341463414634,0.6068303314738038,0.19345626493360665,0.0071315276041006995,0.3142158500987696,0.3640756452770638,0.3223684210526316,0.021604938271604937,0.0078125,0.7142857142857143,0.7211903937986741,0.09777143884608723,0.0717938665508581
1,0.39024390243902435,0.11482377731070284,0.043106414596090825,0.173018657313952,0.05931587191833287,0.0,0.4342105263157895,0.39274691358024694,0.03125,1.0,0.07737921303269948,0.0,1.0
1,0.3551829268292683,0.1067112408826531,0.19073416629672668,0.01358181798656158,0.7650799075731793,0.9789309650264072,0.25,0.06867283950617284,0.03125,0.0,0.8251997526693002,0.2809019103286063,0.10899076837293983
1,0.663109756097561,0.17131086069876342,0.11688205470106673,0.017276380078692432,0.4728611989300753,0.6420613245341691,0.4407894736842105,0.1404320987654321,0.03125,0.2857142857142857,0.5788190236397671,0.3366384923563164,0.3934938294659227
1,0.09375,0.02643589739589947,0.4394741126336681,0.24582493287264642,0.14891097732042408,0.0,0.4342105263157895,0.036265432098765434,0.0078125,0.2857142857142857,0.8120268934236959,0.0,1.0
1,0.11493902439024391,0.012849497284333936,0.4751831508930786,0.3800317088108422,0.2826212240439587,0.7831836662768548,0.5131578947368421,0.27237654320987653,0.0625,0.0,0.42341354153698585,0.1170203550741944,0.49677978371298326
1,0.39939024390243905,0.24685275689477185,0.0519392206289415,0.005093181547550424,0.5682800476171735,0.4162302344635619,0.48026315789473684,0.013117283950617283,0.0078125,0.42857142857142855,0.8727179766328469,0.033524336403627356,0.5384738798748241
1,0.1753048780487805,0.21071972560369717,0.09579031420961236,0.023986318527781297,0.5131661417119554,0.7518076535350745,0.4473684210526316,0.0023148148148148147,0.25,0.42857142857142855,0.6758434588051404,0.022999769987272926,0.2677451415563079
1,0.5670731707317073,0.16218257250277746,0.06915304417083393,0.02782532485027623,0.3892151600639281,0.9560176709753476,0.4276315789473684,0.1736111111111111,0.125,0.2857142857142857,0.1067424126486366,0.10172343181563472,0.21684882945741346
1,0.34908536585365857,0.3357746051762539,0.0654151032622178,0.004467471700067941,0.7414585456453354,0.4509876339015206,0.48026315789473684,0.011574074074074073,0.03125,0.42857142857142855,0.8833820147483666,0.03636105110889728,0.49395942564609696
1,0.538109756097561,0.11268310427976744,0.08664606597389965,0.04196130002650034,0.4385463893730758,0.8984331718176772,0.4605263157894737,0.2816358024691358,0.0078125,0.0,0.3968403736049795,0.2358728156125044,0.3472178794874203
1,0.26676829268292684,0.08111821984337772,0.2795199865515936,0.02755287828762946,0.3968868243470386,0.39487989581443994,0.45394736842105265,0.12422839506172839,0.0078125,0.42857142857142855,0.5686906554866229,0.07357559277542675,0.4104825822254396
1,0.39176829268292684,0.2877983746249561,0.3532114190680124,0.018844289808234185,0.4910706260583803,0.1557009518883605,0.45394736842105265,0.2569444444444444,0.125,0.0,0.137296454195772,0.22928986176138552,0.2972181192940526
1,0.24390243902439027,0.04912840674996436,0.43175402962566434,0.15853382046792844,0.27781096577830283,0.44063599154579813,0.28289473684210525,0.2808641975308642,0.0625,0.42857142857142855,0.3026460783541971,0.16687866243155414,0.04456869694181568
1,0.5411585365853658,0.16936637578304126,0.145705292617086,0.0016977272878022313,0.3434344854150943,0.5298939529530422,0.3355263157894737,0.17592592592592593,0.0625,0.2857142857142857,0.1854658938426554,0.09910651035043656,1.0
1,0.47408536585365857,0.09914330399330358,0.01434396788376921,0.004467471700067941,0.43124994403563577,0.2838280015005082,0.4934210526315789,0.15432098765432098,0.03125,0.0,0.29493206114967957,0.08785240921806639,0.3687265231240893
1,0.19359756097560976,0.44988289674790843,0.22263288053767513,0.014405693530347628,0.6439849932115034,0.17875530281009053,0.4473684210526316,0.013888888888888888,0.03125,0.0,0.686269426517192,0.02571396225280966,0.42621590858633046
1,0.2652439024390244,0.035891380844984125,0.11451903586024102,0.19864072044288106,0.03570578748299261,0.0,0.4342105263157895,0.1558641975308642,0.03125,1.0,0.3385455237754086,0.0,1.0
1,0.23932926829268292,0.22024525074322426,0.011928189141064643,0.016663310167381713,0.37437364145063445,0.8766465627936662,0.46710526315789475,0.0038580246913580245,0.125,0.42857142857142855,0.7533532385025259,0.04065066592410343,0.43781605160391196
1,0.25,0.2937719976126973,0.002193118259475904,0.014064080761921127,0.46857212082616234,0.6269687442764827,0.4934210526315789,0.12808641975308643,0.0078125,1.0,0.3053388760030247,0.097434775077335,0.5298635840632865
1,0.42835365853658536,0.6049732769973148,0.020224368259475906,0.01358181798656158,0.2579668761121139,0.12761310724211597,0.4144736842105263,0.013117283950617283,0.5,0.42857142857142855,0.8042611117361879,0.024394673023081955,0.267944150118333
1,0.4070121951219512,0.21852241184965734,0.3255956101724791,0.03029648322471563,0.7504626925931861,0.3313583355522294,0.40131578947368424,0.44675925925925924,0.03125,0.0,0.42981357280273363,0.3089339285161243,0.3155403980573497
1,0.20426829268292684,0.06679772289005897,0.1053083157339827,0.0679090930913706,0.13830172471170005,0.0,0.4342105263157895,0.05324074074074074,0.0078125,0.2857142857142857,0.7198744944227652,0.0,1.0
1,0.08475609756097562,0.16972681731549494,0.5383182371979005,0.007202847159994151,0.6469797136526186,0.33497020261687876,0.375,0.39969135802469136,0.015625,0.2857142857142857,0.4307612788060566,0.09259142894496893,0.2742878864696611
1,0.21036585365853658,0.1786573824342314,0.0715767195680842,0.02026272924453182,0.26586810583266685,0.4035413025647405,0.48026315789473684,0.2330246913580247,0.125,0.42857142857142855,0.2779176302101368,0.09877446119500116,0.29927233384920127
1,0.6036585365853658,0.720614883328846,0.023198262397341657,0.004467471700067941,0.4482866811828868,0.2838280015005082,0.375,0.011574074074074073,0.0078125,0.42857142857142855,0.7992411585615996,0.029317465269155123,1.0
1,0.5594512195121951,0.6553328231352474,0.09150454556953348,0.0024009488954032493,0.3670716727573845,0.02532870778357283,0.4407894736842105,0.0030864197530864196,0.5,0.42857142857142855,0.8518882259871681,0.04065066592410343,1.0
1,0.2301829268292683,0.02706405128270725,0.03727735461358681,0.22219707567631936,0.44768882022627665,0.4377723256773052,0.42105263157894735,0.1095679012345679,0.015625,0.0,0.5792308285892724,0.04378018824205935,0.3871817321186638
1,0.5320121951219513,0.3475467906034117,0.014091347158208098,0.015708740406260652,0.5313732302606419,0.0,0.4342105263157895,0.016975308641975308,0.0078125,0.2857142857142857,0.7078823460595453,0.0,1.0
1,0.3948170731707317,0.11033423174370129,0.01129471615538785,0.009603795423684862,0.4646737086017174,0.8568803189351164,0.4473684210526316,0.1527777777777778,0.5,0.2857142857142857,0.1252877596853104,0.06551854229118571,0.4270181004498927
1,0.2530487804878049,0.3081644443515425,0.024812299661178497,0.01492183189055454,0.7802004095037537,0.5283802118233322,0.3881578947368421,0.12962962962962962,0.03125,0.42857142857142855,0.31326833513701746,0.0699005632526706,0.26833882542092635
1,0.19359756097560976,0.08878667802704966,0.14981903202483385,0.04729763641595365,0.7463538082030542,0.8029498269094651,0.3618421052631579,0.3557098765432099,0.5,0.0,0.4467860837547116,0.12695149311087,0.338392221848674
1,0.3125,0.2271826988563597,0.0559292436740263,0.031210545208981564,0.3317628837813011,0.12761310724211597,0.4407894736842105,0.35030864197530864,0.0078125,0.42857142857142855,0.4148326078972413,0.00813227066182591,1.0
1,0.09634146341463415,0.15179788668173969,0.1548638879277703,0.011988395756534197,0.4665172786108985,0.3894938181714074,0.48026315789473684,0.0023148148148148147,0.0078125,0.2857142857142857,0.6679576851973287,0.1058361564212307,0.33996457978683814
1,0.12896341463414634,0.14681252341831055,0.2687531927724608,0.06615659616860028,0.31541267976023035,0.40720870907302004,0.32894736842105265,0.25848765432098764,0.125,0.2857142857142857,0.22111313530781063,0.17298723452883424,0.24762432852209024
1,0.25914634146341464,0.01419597783789366,0.24142454978848138,0.10438790687420109,0.3597874588067662,0.5955927315347024,0.6644736842105263,0.19675925925925927,0.015625,0.2857142857142857,0.41846536536425877,0.08283981025918159,0.6350743346410272
1,0.18597560975609756,0.16854502758095913,0.09071483115231953,0.02261839082601784,0.48516758953890565,0.7128683448308119,0.4144736842105263,0.39351851851851855,0.03125,0.42857142857142855,0.37793271216200247,0.04740174370492103,0.4890778908960274
1,0.22865853658536583,0.12938577495771836,0.3570105122798313,0.01903522966067245,0.3947992727878967,0.8961117229450641,0.11842105263157894,0.21141975308641975,0.5,0.0,0.26448291662986145,0.5094881425852138,0.2733130338308367
1,0.1875,0.045451677242409505,0.024812299661178497,0.1895329496521949,0.44779201005195374,0.9743471576982302,0.5,0.20987654320987653,0.5,0.0,0.2762452214449456,0.6315605832504836,0.3573233309729141
1,0.6981707317073171,0.1503108828496383,0.09633483390238808,0.0785208656230565,0.34595323105391257,0.9789309650264072,0.42105263157894735,0.21219135802469136,0.03125,0.42857142857142855,0.11088304439939538,0.08123466752020508,0.3190867513643063
1,0.21036585365853658,0.597064229113675,0.05240367823708365,0.031991325323428924,0.49519748058663515,0.0,0.4342105263157895,0.5733024691358025,0.125,1.0,0.02490315327415346,0.0,1.0
1,0.26981707317073167,0.0634722962751276,0.02445854659285276,0.15771421293197688,0.023806909758120404,0.0,0.4342105263157895,0.1558641975308642,0.03125,1.0,0.347136588463967,0.0,1.0
1,0.5853658536585366,0.6807433708827062,0.018687596089190354,0.009039367377795999,0.3312084619411091,0.0027741979835242602,0.45394736842105265,0.012345679012345678,0.015625,0.42857142857142855,0.794016550806045,0.01150064130499284,0.4311033224667408
1,0.8277439024390243,0.650952628014118,0.05001404411860711,0.00679090899328079,0.4773993049925998,0.5532720361342616,0.45394736842105265,0.0023148148148148147,0.0625,0.42857142857142855,0.8137773648779684,0.0545266497261175,0.25253019977749036
1,0.47408536585365857,0.12837140215974152,0.0031015375086500675,0.03625794654890703,0.3009775585899584,0.8766465627936662,0.4868421052631579,0.19521604938271606,0.0078125,1.0,0.42205666502659533,0.04877492537954885,0.512792910263894
1,0.1246951219512195,0.5506533416154726,0.13141550393986082,0.034179955792756594,0.2976152057400806,0.3035942176170782,0.45394736842105265,0.5401234567901234,0.125,0.42857142857142855,0.11695047037461327,0.03636105110889728,0.3114955563831033
1,0.39939024390243905,0.19941315780688867,0.13040596560863832,0.023135047190505867,0.5253352176951458,0.8272134618290055,0.8355263157894737,0.279320987654321,0.25,0.2857142857142857,0.12447831106986058,0.23695091207559885,0.46980269793291335
1,0.42073170731707316,0.3592377103982135,0.07312467970269883,0.0141477968867311,0.8541328809863907,0.5021298350178911,0.34210526315789475,0.3881172839506173,0.125,0.0,0.13791642631616094,0.25038617059804574,0.2794668433293763
1,0.42378048780487804,0.30021398993102344,0.24514225280392749,0.0,0.3029458502812404,0.8324108662671784,0.40131578947368424,0.15123456790123457,0.0625,0.42857142857142855,0.2663521875725974,0.05917012665702434,0.2942769915128565
1,0.3384146341463415,0.1659621731693004,0.06388403115982713,0.0055423552201723505,0.6312827364606318,0.20130981538433712,0.40789473684210525,0.5987654320987654,0.5,0.0,0.2666701878839977,0.26947804390997676,0.36771933526839234
1,0.16158536585365854,0.036496324358693176,0.3183175374401024,0.15445171773694039,0.11012811446879517,0.0,0.4342105263157895,0.036265432098765434,0.5,1.0,0.8147173524271313,0.0,1.0
1,0.39329268292682923,0.49299465165565315,0.18101076647756206,0.015652515621461426,0.4982801131589445,0.3772909257592994,0.48026315789473684,0.006944444444444444,0.5,0.42857142857142855,0.8726664894595865,0.00813227066182591,0.4939422523969447
1,0.524390243902439,0.12244775279374011,0.3529174391883952,0.05934784524432589,0.40077905164380767,0.9163183152495388,0.5986842105263158,0.35030864197530864,0.25,0.2857142857142857,0.197867924474584,0.4156886256985885,0.4250679310303747
1,0.22865853658536583,0.0735626749646132,0.2722630697619763,0.01200468762288783,0.6658572360530572,0.12761310724211597,0.4605263157894737,0.043209876543209874,1.0,0.0,0.6643880249376136,0.06501331145121989,0.37518180823793024
1,0.34756097560975613,0.3774762416267353,0.019275971010850122,0.0033954545756044625,0.5842946254609348,0.2838280015005082,0.47368421052631576,0.0030864197530864196,0.5,0.42857142857142855,0.6783290321361676,0.029317465269155123,0.48217811258565546
1,0.008155487804878047,0.12627683414704,0.6438444979043988,0.0024009488954032493,0.3527215420323223,0.43624402000818163,0.42105263157894735,0.2839506172839506,0.015625,0.42857142857142855,0.277777385435863,0.15642473623858066,0.24650704621507008
1,0.17378048780487806,0.021525472726189293,0.38510564506652395,0.019163156977091263,0.5227865351601292,0.6147658796063546,0.5263157894736842,0.12885802469135801,1.0,0.42857142857142855,0.5223350987856754,0.1058361564212307,0.5570971855829491
1,0.350609756097561,0.08245252615129173,0.21508350375053858,0.09375429761935972,0.27077494897511595,0.3035942176170782,0.40789473684210525,0.3942901234567901,0.25,0.42857142857142855,0.26188897989988824,0.07267437661933875,0.24902640827991965
1,0.1003048780487805,0.33132816957961075,0.5574100576616746,0.010245264761779624,0.7597951945819789,0.26081009244348974,0.42105263157894735,0.03935185185185185,0.015625,0.2857142857142857,0.7238347639249324,0.1091934955638935,0.2451137851527514
1,0.461890243902439,0.1241605145991425,0.35857212483189493,0.013391485367800412,0.4703483335881667,0.887227631322626,0.5460526315789473,0.18981481481481483,0.125,0.2857142857142857,0.14072019407539962,0.12195478040394553,0.38650151673827077
1,0.38109756097560976,0.0,0.2610023143010093,0.544749615997741,0.432677477653564,0.6365903009488811,0.35526315789473684,0.37885802469135804,0.0625,0.0,0.4525203405762814,0.2657081226874171,0.26000531287726025
1,0.5609756097560975,0.4290984749902583,0.036038480354554835,0.009603795423684862,0.5569322746419288,0.22107603150090716,0.4276315789473684,0.0023148148148148147,0.0078125,0.42857142857142855,0.7969073198713387,0.029317465269155123,0.21200716449388962
1,0.34908536585365857,0.10211729293845707,0.05905231168966823,0.007131849777495052,0.3243475924430523,0.17875530281009053,0.4407894736842105,0.13040123456790123,0.0078125,0.42857142857142855,0.591553271328603,0.05141103313938506,0.5346193363668613
1,0.1521341463414634,0.056764016746061435,0.36973102779119715,0.0024009488954032493,0.35006230622290807,0.7987679453851411,0.46710526315789475,0.26851851851851855,0.125,0.2857142857142857,0.2418303444212732,0.13781482264795772,0.2495363300085819
1,0.19359756097560976,0.1704066058276768,0.045634821090496026,0.037161042793154894,0.37134571933309,0.4509876339015206,0.5197368421052632,0.38580246913580246,0.0625,0.2857142857142857,0.3749890693747971,0.018183512427284873,0.507258946759988
1,0.7301829268292682,0.8201326494224707,0.07819017438045933,0.0016977272878022313,0.4937423609604411,0.4509876339015206,0.4473684210526316,0.008487654320987654,0.0625,0.42857142857142855,0.8136320545792878,0.0545266497261175,0.25253680606342555
1,0.6173780487804877,0.0712459492757444,0.004386236518951808,0.2402295548606016,0.4563939059199882,0.0,0.4407894736842105,0.24614197530864199,0.0078125,0.2857142857142857,0.41844110076285695,0.0,0.46129636990002837
1,0.2652439024390244,0.04426178465543379,0.0,0.01488577610781059,0.09479334018065343,0.43937786501829,0.5197368421052632,0.13194444444444445,0.03125,1.0,0.41369475985550463,0.14896157460508974,0.4476818511710532
1,0.47713414634146345,0.13478738123933212,0.33557063718353813,0.0024009488954032493,0.29822423495290945,0.11177078888259022,0.4473684210526316,0.16435185185185186,0.0078125,0.42857142857142855,0.2124694834507284,0.08163893636430906,0.422851963033885
1,0.6951219512195123,0.06563578158738162,0.06395849518207576,0.06615669250476232,0.364875638797639,0.7075719847505666,0.4934210526315789,0.23919753086419754,0.125,0.42857142857142855,0.42869561711231763,0.08363072378848266,0.4713131702885462
1,0.8490853658536585,0.8082875470589098,0.13646766343730823,0.010245264761779624,0.5047082223443959,0.7831836662768548,0.4407894736842105,0.006944444444444444,0.125,0.42857142857142855,0.826395789536113,0.029317465269155123,0.3751801837413888
1,0.5975609756097561,0.4643057993798379,0.01728842527157947,0.004467471700067941,0.33376206780163886,0.3772909257592994,0.40789473684210525,0.0030864197530864196,0.03125,0.42857142857142855,0.8015997702544346,0.024394673023081955,0.2679043886315566
1,0.5167682926829268,0.43460301108386107,0.04620661603657183,0.02758056940673033,0.6538291364188573,0.4795753279920405,0.42105263157894735,0.0023148148148148147,0.03125,0.42857142857142855,0.7930971766135017,0.04065066592410343,0.2611410216164793
1,0.3551829268292683,0.06999740741168274,0.02323672459491572,0.014405693530347628,0.36783844993527215,0.6913262536170687,0.375,0.27546296296296297,0.015625,0.2857142857142857,0.23901382965809814,0.12355497184107994,0.31793408597547385
1,0.0,0.4817179220233046,0.6705619544745328,0.012577016023704382,0.6289029547615005,0.5699421918172589,0.4276315789473684,0.5470679012345679,0.0625,0.0,0.1471432143177898,0.06942741437299053,1.0
1,0.11859756097560975,0.04162955563161037,0.029163604801276943,0.02493540581371366,0.8511034818711924,0.28600527530391756,0.4473684210526316,0.2052469135802469,0.015625,0.0,0.7943602299984719,0.32360186314517536,0.3450535859523441
1,0.3948170731707317,0.4059267629678554,0.038626197952708614,0.03261502774639395,0.42639274493829055,0.9180693057907998,0.40789473684210525,0.3109567901234568,0.5,0.42857142857142855,0.22671811957676913,0.1259163739477648,0.1986260627108267
1,0.3597560975609756,0.14211255701900388,0.022317568245766365,0.014733715793160893,0.14689035067893735,0.0,0.4342105263157895,0.05864197530864197,0.0078125,1.0,0.715350435751569,0.0,1.0
1,0.2942073170731707,0.17795245423894432,0.249560866279753,0.04321708138068356,0.40586421609780354,0.3571691129452012,0.5789473684210527,0.3395061728395062,0.015625,0.0,0.26933546716392115,0.4365603187271827,0.36995827828739697
1,0.39176829268292684,0.16504784121004928,0.14145861962879788,0.02101269994886287,0.371441093379515,0.017184569666686217,0.4144736842105263,0.3140432098765432,1.0,0.2857142857142857,0.4164428623082131,0.06347335507664528,1.0
1,0.16310975609756098,0.13022530559627818,0.1594847171264803,0.11044365329468095,0.20923889572393484,0.482363618901321,0.46710526315789475,0.018518518518518517,0.03125,1.0,0.7038049501709541,0.09259142894496893,0.4100258666263584
1,0.2713414634146341,0.1234911525973773,0.2575620764731228,0.054264865064622615,0.4012722919332634,0.21509685807097698,0.6973684210526315,0.30169753086419754,0.0078125,0.0,0.26444065462696276,0.40816972726026124,0.3805913198353658
1,0.1291158536585366,0.17407708691660134,0.18270477198096333,0.011546162235782283,0.6838112964411526,0.07217601209816643,0.47368421052631576,0.36342592592592593,0.0078125,0.0,0.5729737412458402,0.18924278428834085,0.34012860752333746
1,0.002378048780487805,0.08735637419504189,0.6489300132035932,0.010245264761779624,0.746130319995542,0.34591494075949886,0.3881578947368421,0.36496913580246915,0.015625,0.0,0.5805242011714229,0.12408368423003185,0.18884563430478746
1,0.1676829268292683,0.04960548917399388,0.21718342998015383,0.18215608700829472,0.9108598375690293,0.3425335263213408,0.4868421052631579,0.33487654320987653,0.015625,0.0,0.6824166699974646,0.5674664017654164,0.378554804556821
1,0.38109756097560976,0.22486598564685706,0.09924919864471399,0.009603795423684862,0.6045436171100208,0.19825348146588845,0.5197368421052632,0.033950617283950615,0.0078125,0.42857142857142855,0.7348615786296395,0.18804442813045502,0.3156152331980256
1,0.41310975609756095,0.146746975547618,0.11517193232709658,0.004801897790806499,0.4244826946492899,0.5197188050730316,0.4868421052631579,0.19367283950617284,0.125,0.2857142857142857,0.22021101902414997,0.10395848165061154,0.3209140314883126
1,0.44664634146341464,0.7344251114797379,0.06933236985729022,0.00664826119544649,0.7490415592984249,0.5758265431601123,0.4407894736842105,0.0030864197530864196,0.125,0.42857142857142855,0.9396740412690863,0.12823340248734094,0.34896955090096893
1,0.43597560975609756,0.285241539691716,0.05320696142722845,0.004801897790806499,0.4765179681841782,0.4660802141592069,0.5328947368421053,0.02546296296296296,0.015625,0.42857142857142855,0.7195868040648874,0.07664584553468205,0.46701846557482973
1,0.05655487804878049,0.028292730363639374,0.4631280275235347,0.32211774047796005,0.8857071829380677,0.6024992916085449,0.5197368421052632,0.44598765432098764,0.03125,0.0,0.6576222221375914,0.4604376005129747,0.3533287713344744
1,0.5198170731707317,0.4156467852684827,0.07467656092911515,0.012304591570996434,0.6080883653233076,0.10136275263025872,0.5197368421052632,0.11959876543209877,0.0078125,0.42857142857142855,0.3402423450405244,0.09877446119500116,0.32987743096237804
1,0.3323170731707317,0.2029788434185851,0.3864615737083655,0.130405177263276,0.8503080878637596,0.39450052424019294,0.4473684210526316,0.3109567901234568,0.015625,0.0,0.6008295591170916,0.36781958802841563,0.34667359578905743
1,0.4893292682926829,0.5396389906563867,0.05722268374048493,0.012004744477016245,0.42655858408112246,0.8292002314568863,0.4605263157894737,0.404320987654321,0.03125,0.42857142857142855,0.20058449681095655,0.11038865565644025,0.25231920088384985
1,0.5259146341463414,0.16861802563324205,0.07065987976406533,0.0386584320831637,0.7428387384113765,0.8488823893745554,0.5263157894736842,0.31635802469135804,0.0625,0.0,0.4518563224270621,0.13993058819460608,0.40065117557078994
1,0.46646341463414637,0.001986204060723348,0.01728842527157947,0.32015707058471626,0.7862186672256283,0.4638042343915437,0.375,0.36882716049382713,0.03125,0.0,0.5575697033721344,0.3537084025349972,0.3488024598281344
1,0.6432926829268293,0.7840989164478358,0.06934523683231274,0.007131850567135725,0.454423991069826,0.8161651073917007,0.42105263157894735,0.005401234567901234,0.5,0.42857142857142855,0.8282805713364306,0.04378018824205935,0.19571423775295932
1,0.350609756097561,0.3896434364305768,0.03767847190033817,0.0033954545756044625,0.34965263938403784,0.5758265431601123,0.4605263157894737,0.007716049382716049,0.25,0.42857142857142855,0.6799272143302132,0.02571396225280966,0.3304342000770166
1,0.4146341463414634,0.056666798739958404,0.21693175178550445,0.0033954545756044625,0.5734136145151205,0.03679910650850705,0.4605263157894737,0.7908950617283951,1.0,0.2857142857142857,0.3298798720130553,0.13494087415283534,0.5123680657398165
1,0.32164634146341464,0.15283644449131142,0.1499776709938764,0.031139073252438334,0.4113001367238266,0.20775019922902818,0.4276315789473684,0.10030864197530864,0.0078125,0.0,0.3926076010744976,0.26618255642992517,0.2924910664293768
1,0.7332317073170731,0.7638617523338755,0.02297546196255337,0.019914403740748966,0.39675150982238827,0.8766465627936662,0.4407894736842105,0.009259259259259259,0.5,0.42857142857142855,0.812786444775006,0.03252373771696512,0.2679103141760839
1,0.2926829268292683,0.2837600080616705,0.013234797710833149,0.019207590847369723,0.40092755144959785,0.4509876339015206,0.4407894736842105,0.345679012345679,0.0078125,0.42857142857142855,0.44311163739157144,0.03636105110889728,0.26773064485859993
1,0.7195121951219512,0.5902165513209253,0.10242138639360744,0.00886172302121575,0.6361766604892266,0.6269687442764827,0.4407894736842105,0.004629629629629629,0.0078125,0.2857142857142857,0.8132989131566126,0.024394673023081955,0.4378601450814655
1,0.01239329268292683,0.11962550046158058,0.4673175366240582,0.004467471700067941,0.5026896742693993,0.6072025281599127,0.3815789473684211,0.5123456790123457,0.03125,0.42857142857142855,0.18658571675192212,0.13075870011195143,0.28350829676797895
1,0.20884146341463414,0.5853807345417311,0.4453838528541958,0.0033954545756044625,0.8995538205482929,0.8377072263474238,0.4473684210526316,0.020833333333333332,0.5,0.42857142857142855,0.708385801874917,0.033524336403627356,0.36830531437798564
1,0.2530487804878049,0.09826485645141113,0.1811838902290146,0.05280268743147893,0.7535577104062393,0.2348630603165571,0.48026315789473684,0.11805555555555555,1.0,0.42857142857142855,0.35788118505614097,0.05204913711558495,0.35680117137030615
1,0.3628048780487805,0.5365626397104039,0.17011536415151002,0.007202847159994151,0.41697139230937785,0.2418710311976873,0.45394736842105265,0.012345679012345678,1.0,0.42857142857142855,0.8064515812958802,0.08634137092190047,0.3983468194910498
1,0.47713414634146345,0.11832027107679148,0.03723466938790165,0.040271086011768174,0.46415515934204554,0.22620165079205848,0.5,0.283179012345679,1.0,0.42857142857142855,0.41862837726739066,0.0699005632526706,0.5520568369567083
1,0.2850609756097561,0.2569255459176718,0.19808092953949,0.0016977272878022313,0.39866717577955246,0.4707538222761107,0.5657894736842105,0.12654320987654322,0.015625,0.2857142857142857,0.36290825584714037,0.17503593716768256,0.37932698191285547
1,0.29115853658536583,0.4448960172414923,0.13124615439227566,0.0023191385683561925,0.5631622507462607,0.6269687442764827,0.4342105263157895,0.026234567901234566,0.015625,0.42857142857142855,0.7363446310673197,0.00813227066182591,0.4891252333666638
1,0.1475609756097561,0.07818176259191444,0.4233132776900077,0.08469318669600762,0.2843399954440777,0.6341887887224634,0.32894736842105265,0.27469135802469136,0.03125,0.0,0.28760954982240905,0.17815390562279,0.23332049723208992
1,0.27439024390243905,0.004472153698369352,0.191400456087036,0.15662775422718342,0.9984747383706358,0.5174643253397407,0.4407894736842105,0.4112654320987654,0.0625,0.0,0.5629464247584198,0.3508580618470579,0.3627121109002015
1,0.17073170731707316,0.22545262817011003,0.35172389311781066,0.004801799638470915,0.3793425231101669,0.5475976638367813,0.4276315789473684,0.16358024691358025,0.015625,0.42857142857142855,0.30557853631561344,0.10172343181563472,0.2050882480671198
1,0.5060975609756098,0.4540549360416886,0.03149215904046273,0.004780107577486649,0.6341363420842265,0.07409869775262776,0.5592105263157895,0.040123456790123455,0.5,0.0,0.7787614652321447,0.49574256121981464,0.3847551520134242
1,0.8445121951219512,0.6307139663762199,0.062030750173001345,0.0,0.41410869391897603,0.7518076535350745,0.4276315789473684,0.0023148148148148147,0.0078125,0.42857142857142855,0.810504555440889,0.01150064130499284,0.31926566258340433
1,0.1798780487804878,0.26998374874543374,0.21985587233480003,0.0654922525195065,0.3268163017092648,0.24253056902629036,0.4934210526315789,0.2708333333333333,0.015625,0.42857142857142855,0.2633744541758796,0.18334538769027636,0.3389363508330805
1,0.14176829268292682,0.12256380465923376,0.475123232856546,0.08190096989984515,0.6339189003358601,0.6093797742213423,0.34868421052631576,0.8032407407407407,0.0625,0.0,0.024300799565296644,0.29043836524154415,0.2985071650353885
1,0.3567073170731707,0.261070692177403,0.12009050540874017,0.0023191385683561925,0.5079950806131474,0.6156344255110364,0.4144736842105263,0.010802469135802469,0.015625,0.0,0.7612411289079457,0.113897682882337,0.21760115701285102
1,0.6707317073170732,0.08592914652678962,0.0158950289858857,0.03655659891654983,0.40215464417757213,0.9892826073821297,0.48026315789473684,0.25,1.0,0.42857142857142855,0.4097591524320193,0.07490694090079084,0.35356904210865225
1,0.5015243902439024,0.5605581521303371,0.14888527358693807,0.0016977272878022313,0.6491210525429916,0.5851657974457072,0.3815789473684211,0.39351851851851855,0.015625,0.0,0.2042070954981871,0.2172554998256275,0.23289633344942043
1,0.11524390243902438,0.17074049126896748,0.4522733559975976,0.013421707285256431,0.6741887336526746,0.11439782675988046,0.4605263157894737,0.42052469135802467,1.0,0.0,0.4210398626821375,0.19462255446227786,0.4468528937930461
1,0.5564024390243902,0.5494079008738989,0.12452651082400869,0.0016977272878022313,0.2608278159521839,0.894235477364847,0.4276315789473684,0.0007716049382716049,0.0078125,0.42857142857142855,0.8126280084824239,0.07357559277542675,0.37518903337969084
1,0.15396341463414634,0.11923622535364184,0.01733811521563149,0.017070812132797347,0.510635444700454,0.5335058477596715,0.375,0.010030864197530864,0.0078125,0.42857142857142855,0.6797531654998151,0.029317465269155123,0.2677760534047823
1,0.4435975609756098,0.15657128167146137,0.07298819633041298,0.008859509658410921,0.41388683656304004,0.2838280015005082,0.4605263157894737,0.16743827160493827,0.0078125,0.2857142857142857,0.10793425289486402,0.14608944818904526,0.36710007718679283
1,0.20884146341463414,0.09541410748665255,0.10635980893143923,0.12139360049930559,0.5577029289386581,0.8700274373728967,0.3881578947368421,0.16898148148148148,0.5,0.7142857142857143,0.12055339855830739,0.19412484960111198,0.3077549442325809
1,0.3445121951219512,0.2838816818816139,0.17183040319105877,0.012377690976965552,0.4256851092081296,0.0764709061257454,0.35526315789473684,0.1388888888888889,0.5,0.42857142857142855,0.2993073154195931,0.10268735125825082,0.20562716319119811
1,0.27286585365853655,0.05208041953133117,0.22522186198409694,0.04284955418466916,0.4673745680512668,0.7743621605609251,0.4934210526315789,0.2762345679012346,0.5,0.0,0.248265048646967,0.04065066592410343,0.4735121197498399
1,0.07301829268292682,0.0710846409889149,0.4623925677969421,0.026486436973882165,0.5362638772006918,0.8172427723403806,0.47368421052631576,0.2716049382716049,0.125,0.2857142857142857,0.0982774961563947,0.43166333266631046,0.3587410368403325
1,0.0,0.030875854953575203,0.7201174144622596,0.13648950867609794,0.8647330469824647,0.09623711391972148,0.5197368421052632,0.5030864197530864,0.5,0.0,0.5814623399890504,0.6870932706683369,0.4392435972789528
1,0.18292682926829268,0.09765624400405455,0.14888520218308113,0.07822847352666475,0.4300838851586321,0.6489047993458663,0.21710526315789475,0.1743827160493827,0.125,0.2857142857142857,0.12098170343676605,0.2914051316827195,0.2583329168949342
1,0.6875,0.5080661319050284,0.006203075017300135,0.004467471700067941,0.38617579121456563,0.5410691437221536,0.4605263157894737,0.0030864197530864196,0.0625,0.42857142857142855,0.8025865307114426,0.04740174370492103,0.4310999187597014
1,0.5457317073170731,0.41256435063150276,0.20066215856715716,0.00679090899328079,0.40997630064951895,0.0027741979835242602,0.4407894736842105,0.12654320987654322,1.0,0.42857142857142855,0.3132369436755468,0.05747299368112383,0.3156172444794579
1,0.42378048780487804,0.04090233304869979,0.015311857365287443,0.13201629692005393,0.44468649940140054,0.0027741979835242602,0.4407894736842105,0.15895061728395063,0.03125,0.42857142857142855,0.3278077212716271,0.022999769987272926,0.43126948525583725
1,0.3079268292682927,0.07557827978801301,0.23487946824935696,0.060782104341855034,0.333911506116355,0.12761310724211597,0.42105263157894735,0.30864197530864196,1.0,0.2857142857142857,0.23980473549624817,0.07312638344015314,0.6623394204508023
1,0.18140243902439024,0.2452559970373985,0.018143648647325334,0.0,0.4037245849859681,0.7204316407932941,0.3881578947368421,0.004629629629629629,0.125,0.2857142857142857,0.6626127342624787,0.029317465269155123,0.19827254132061667
1,0.4603658536585366,0.18316262080416412,0.318838438777109,0.004801897790806499,0.40887910678813044,0.7204316407932941,0.46710526315789475,0.18055555555555555,0.25,0.42857142857142855,0.12058209087173642,0.05860989675619668,0.4192349828058645
1,0.18597560975609756,0.2644304682476568,0.23115685876888326,0.00928617272852754,0.32965975297398864,0.3772909257592994,0.40131578947368424,0.3464506172839506,0.0078125,0.42857142857142855,0.41106422748478855,0.03252373771696512,0.3750256244990168
1,0.13704268292682928,0.19304096882311156,0.4718353606588414,0.03253860474283456,0.3065312313154027,0.39705714187586943,0.506578947368421,0.20987654320987653,0.0078125,0.2857142857142857,0.3159119935016347,0.38374621785525104,0.26727547639908217
1,0.25152439024390244,0.08534813219766943,0.05272613805507318,0.007202847159994151,0.7916944975590922,0.6532191210819239,0.5,0.03935185185185185,0.5,0.2857142857142857,0.7453602846839507,0.04944717353325172,0.5167002112309644
1,0.14466463414634145,0.20466819393309377,0.4241932792241706,0.0,0.5020504112223021,0.5532720361342616,0.4342105263157895,0.39197530864197533,0.03125,0.42857142857142855,0.3782673325699058,0.09079832240981246,0.2743224805102961
1,0.2820121951219512,0.11207171517344293,0.251792930446931,0.011103890812278092,0.507995265237854,0.81228910893704,0.45394736842105265,0.1736111111111111,0.03125,0.0,0.2633482761373387,0.12355497184107994,0.2927714081182435
1,0.611280487804878,0.19910955354755622,0.1435014431739545,0.0,0.4626988396552577,0.06325562286931191,0.5,0.32330246913580246,0.25,0.0,0.0972205763376192,0.061894892427644836,0.4098618698326506
1,0.15701219512195122,0.04616643543441142,0.24571976719894503,0.20484990983882803,0.4492530838249402,0.27004097268485827,0.29605263157894735,0.15200617283950618,0.0078125,0.42857142857142855,0.40385765935575924,0.20681199117172977,0.13688727278128196
1,0.2225609756097561,0.26190514371394047,0.13813552492851452,0.02160854069034178,0.2714276742404132,0.0027741979835242602,0.4868421052631579,0.3317901234567901,0.25,1.0,0.5071895505552462,0.022999769987272926,0.5963285449879564
1,0.27896341463414637,0.08286027072112953,0.3095331697436969,0.06249800615730212,0.8223994171521091,0.03882383687449534,0.4276315789473684,0.06790123456790123,0.5,0.0,0.720950428445382,0.15284670519456178,0.49982470908748
1,0.31402439024390244,0.15538959177185474,0.09363069435558631,0.007202847159994151,0.4035014352570849,0.3772909257592994,0.45394736842105265,0.0933641975308642,0.03125,0.42857142857142855,0.400122019978798,0.06501331145121989,0.294493003138682
1,0.22865853658536583,0.1410520916821593,0.19215913226768858,0.0885803508341922,0.37743513449402166,0.031361880977252295,0.40789473684210525,0.19058641975308643,0.03125,0.42857142857142855,0.26915259064044167,0.12823340248734094,0.17938317402179393
1,0.3155487804878049,0.11612780243665864,0.06585550185078798,0.02584720073960904,0.36944073083813245,0.0764709061257454,0.34868421052631576,0.1597222222222222,0.5,0.42857142857142855,0.10188218987870507,0.05141103313938506,0.22007364074893312
1,0.1461890243902439,0.048242605741569175,0.4951522289427986,0.007202847159994151,0.5323042772713539,0.29139135294695007,0.48026315789473684,0.4251543209876543,0.0078125,0.2857142857142857,0.35231757539894426,0.04740174370492103,0.31158416106589254
1,0.1875,0.259513504390085,0.32991993995547664,0.007202847159994151,0.49622040915973636,0.5758265431601123,0.4407894736842105,0.341820987654321,0.0078125,0.42857142857142855,0.41477613839249317,0.02571396225280966,0.533553511921716
1,0.8902439024390244,0.8053821010323244,0.0981115250721383,0.005643913275975941,0.3650724487350269,0.7518076535350745,0.42105263157894735,0.005401234567901234,1.0,0.42857142857142855,0.8268434598774046,0.03449587837542934,0.2120295980175572
1,0.1600609756097561,0.22154256197019243,0.3530920522202927,0.012577016023704382,0.3724464056785144,0.6176295177328678,0.4868421052631579,0.1597222222222222,0.03125,0.2857142857142857,0.30356512901872174,0.13805154438902756,0.3688734394970187
1,0.31402439024390244,0.49398031567180645,0.29825730726670935,0.05661370336105814,0.7642011093544754,0.7518076535350745,0.48026315789473684,0.0,0.03125,1.0,0.8144406897528619,0.01150064130499284,0.5169748285034472
1,1.0,0.649917339798477,0.018460510402929925,0.004801897790806499,0.3658458170149453,0.05391639355149885,0.46710526315789475,0.0023148148148148147,0.0078125,0.42857142857142855,0.8070952171799218,0.018183512427284873,0.30289460529452816
1,0.5685975609756098,0.7290803237521961,0.049348004241797125,0.01250908165737365,0.3607460918257442,0.8377072263474238,0.4144736842105263,0.009259259259259259,0.03125,0.42857142857142855,0.7983747505275447,0.033524336403627356,0.26790551804343776
1,0.33079268292682923,0.3232107162812987,0.12482816151797255,0.02566828869389327,0.6399963610470301,0.4162302344635619,0.48026315789473684,0.31558641975308643,0.015625,0.42857142857142855,0.4736672411168542,0.033524336403627356,0.6010682070400727
1,0.7347560975609756,0.5622316351307884,0.009212899984005537,0.009603795423684862,0.5111719333274644,0.12761310724211597,0.4276315789473684,0.0023148148148148147,0.03125,0.42857142857142855,0.8091119984118657,0.00813227066182591,1.0
1,0.17835365853658536,0.11412762834950088,0.011319976799866821,0.1687703904962639,0.035520670443698395,0.0,0.4342105263157895,0.1558641975308642,0.03125,1.0,0.2991568748909018,0.0,1.0
1,0.6371951219512195,0.5015707466186378,0.031251094519121544,0.006646370795676686,0.4501401132284864,0.2750065346233502,0.40789473684210525,0.004629629629629629,0.0078125,0.42857142857142855,0.8025795979681848,0.04065066592410343,0.2678723628425967
1,0.2545731707317073,0.006434793970344659,0.009947430440402668,0.15849201689072986,0.4073206588677293,0.8766465627936662,0.4605263157894737,0.17901234567901234,0.125,0.42857142857142855,0.40740537517214925,0.13781482264795772,0.35593090536595956
1,0.9207317073170732,0.8068735724775068,0.024694434334565016,0.00679090899328079,0.3241954001431272,0.9701094593104775,0.42105263157894735,0.007716049382716049,0.015625,0.42857142857142855,0.8272308615706431,0.029317465269155123,0.3238851583056408
1,0.43140243902439024,0.02434354322275263,0.020274515188212407,0.03717974938068482,0.5034894531136171,0.6495232513023333,0.4144736842105263,0.35185185185185186,0.03125,0.0,0.5626514041800043,0.17167027488662323,0.3906149895235444
1,0.524390243902439,0.14133141733465074,0.04993878649349123,0.02288437339012008,0.32122523478800885,0.06925088387334855,0.506578947368421,0.16589506172839505,0.5,0.2857142857142857,0.22708644236056244,0.11303080648017473,0.42817489670135916
1,0.6128048780487805,0.4536212780680444,0.021931182594759038,0.0,0.6399888068194459,0.8503962692141646,0.375,0.12422839506172839,0.0625,0.42857142857142855,0.32571097315712066,0.04944717353325172,0.30605881512935396
1,0.20426829268292684,0.015295873603987908,0.058929215520505555,0.09472055722099547,0.43683933394913876,0.13179503037940987,0.29605263157894735,0.26774691358024694,1.0,0.0,0.4774950027862233,0.3043770968918029,0.2983194505921754
1,0.3094512195121951,0.06585764599844446,0.07054980561830028,0.036317517041235356,0.47266374280621365,0.25245201650070764,0.5197368421052632,0.24459876543209877,0.015625,0.0,0.25957907303935274,0.045987453846749335,0.44470933192811796
1,0.2759146341463415,0.004949694489517489,0.07895225856519866,0.2148155383596384,0.622224848337727,0.6793625248131203,0.5328947368421053,0.2052469135802469,0.0625,0.0,0.41540955079114433,0.3210177787137939,0.38247455999737606
1,0.11996951219512195,0.12217524711484855,0.47597199010301744,0.033190466541819216,0.34925915797779206,0.27004097268485827,0.5394736842105263,0.2662037037037037,0.015625,0.42857142857142855,0.2620678539195937,0.05204913711558495,0.4314577721406888
1,0.3856707317073171,0.3794228979521672,0.03721845153187795,0.004801897790806499,0.6740596963680536,0.12761310724211597,0.40789473684210525,0.009259259259259259,0.5,0.42857142857142855,0.9157211360041169,0.03252373771696512,0.2680986629465181
1,0.28353658536585363,0.3131545497741079,0.009304613137983262,0.04196130002650034,0.8217696161212324,0.5626112349358969,0.4868421052631579,0.125,0.03125,0.42857142857142855,0.3121896927227013,0.061894892427644836,0.37558689578978455
1,0.25152439024390244,0.3188302902918955,0.29890964270326026,0.04619178176732322,0.8121448839924503,0.8673073362500511,0.5328947368421053,0.2839506172839506,0.25,0.0,0.24676100386270267,0.13805154438902756,0.46265058115976976
1,0.75,0.558663409968081,0.03375381296596117,0.0024009488954032493,0.5567485422879352,0.4284331268756699,0.4605263157894737,0.0007716049382716049,0.03125,0.42857142857142855,0.8084189089592524,0.02571396225280966,0.41290153493263204
1,0.2606707317073171,0.09137063686261249,0.16574525429565604,0.03494182638202121,0.40690577638089365,0.5457086846878197,0.3684210526315789,0.24382716049382716,0.03125,0.2857142857142857,0.3109918071243532,0.37343359686554867,0.2845687216960486
1,0.3155487804878049,0.15432615634586688,0.015595762160688871,0.022129429528834045,0.3173825484542158,0.3772909257592994,0.42105263157894735,0.11342592592592593,0.0625,0.42857142857142855,0.5769102545477779,0.00813227066182591,0.41344550920308215
1,0.5670731707317073,0.3955594421848126,0.09339799938633486,0.006615327651921339,0.4609199652203978,0.9789309650264072,0.4407894736842105,0.13580246913580246,1.0,0.42857142857142855,0.30710660536617995,0.04065066592410343,0.3946432768044637
1,0.5152439024390243,0.019650910322962876,0.012445179178798522,0.08096283729896143,0.7771935653735624,0.9503432986778673,0.47368421052631576,0.2770061728395062,0.125,0.0,0.5963226289435708,0.10889262723180859,0.3118813046904166
1,0.12713414634146342,0.014298795959555624,0.3597310196307564,0.3391910984122853,0.5286566777110192,0.5058256493135219,0.4342105263157895,0.16126543209876543,0.0078125,0.0,0.4095700919015538,0.24487403479631348,0.44744838781095375
1,0.14847560975609755,0.19006904521305557,0.2767233014858531,0.13006483423705076,0.8313834861631013,0.6683914317896568,0.03289473684210526,0.32098765432098764,0.0625,0.0,0.7445491537228036,0.695744086220782,0.24964257208239257
1,0.1600609756097561,0.03815682881835066,0.3046277553728342,0.08971312196442385,0.48888030007915173,0.2750065346233502,0.40789473684210525,0.24768518518518517,1.0,0.0,0.3207693784686595,0.16193991461529486,0.2622601140767886
1,0.2240853658536585,0.13321886842723485,0.36862198308503835,0.0023191385683561925,0.6812033647606637,0.46319052631362856,0.375,0.22299382716049382,0.125,0.0,0.11144841423388695,0.04740174370492103,0.5728421928475427
1,0.4451219512195122,0.13381333551306263,0.22985158606327283,0.06158746360151321,0.6608541834373853,0.09801301121047858,0.5460526315789473,0.3425925925925926,1.0,0.2857142857142857,0.452091028139136,0.542851425518173,0.3436241372956403
1,0.14878048780487804,0.41064930454052384,0.12528501359529437,0.0055423552201723505,0.7780175608251482,0.8580321381958959,0.5921052631578947,0.5733024691358025,0.0625,0.42857142857142855,0.002174413326307656,0.13875924386391972,0.32468459626078017
1,0.5594512195121951,0.39374446813097475,0.1505790546782175,0.004780107577486649,0.40622121873907535,0.6532191210819239,0.3815789473684211,0.1388888888888889,0.015625,0.42857142857142855,0.3076167628333674,0.04944717353325172,1.0
1,0.5716463414634146,0.37898534017660174,0.056550443968781415,0.007172352816506144,0.7018413760522494,0.3383516170550368,0.4407894736842105,0.11959876543209877,0.03125,0.42857142857142855,0.3316816087928038,0.0670112558192341,0.2300145694132674
1,0.05914634146341464,0.057318521157673365,0.6059476454680176,0.03671236896307862,0.40214307436261626,0.6072025281599127,0.4276315789473684,0.16743827160493827,0.25,0.0,0.32814387612670487,0.06551854229118571,0.43150975603001496
1,0.13719512195121952,0.16180587035623287,0.21800786911305803,0.0024009488954032493,0.6182217385191665,0.7006654524187039,0.4144736842105263,0.3441358024691358,0.125,0.42857142857142855,0.5615923213453323,0.0545266497261175,0.26779987935405686
1,0.26676829268292684,0.08923609120045575,0.2103593225691679,0.015524635683482961,0.7379278904513301,0.4758794582124499,0.4473684210526316,0.05246913580246913,1.0,0.0,0.832318570756003,0.13946325957024136,0.35992569707533373
1,0.26371951219512196,0.03969959420221129,0.08035233723184791,0.23122392409089462,0.031250710228168756,0.0,0.4342105263157895,0.1558641975308642,0.03125,1.0,0.34095253525983976,0.0,1.0
1,0.30640243902439024,0.1315624821584062,0.026317418501677788,0.0016977272878022313,0.2999774850170127,0.7518076535350745,0.3618421052631579,0.14583333333333334,0.5,0.2857142857142857,0.10676306297988682,0.1147578824539652,0.24057122868099703
1,0.5015243902439024,0.6821197201751729,0.014965850595385763,0.0,0.3348150286603702,0.4795753279920405,0.34868421052631576,0.013888888888888888,0.03125,0.2857142857142857,0.804817395055183,0.04065066592410343,0.23125786623771702
1,0.6021341463414634,0.7613792944228778,0.035238296091801694,0.007139421641903009,0.35767058269003676,0.3772909257592994,0.47368421052631576,0.010030864197530864,0.03125,0.42857142857142855,0.8048625041046462,0.04877492537954885,0.26792352674795444
1,0.10929878048780486,0.0,0.5139573527203646,0.5811795068030703,0.7611599404142222,0.20130981538433712,0.2894736842105263,0.34953703703703703,0.0078125,0.0,0.4021733724904532,0.5048890515996702,0.2465807828866561
1,0.12835365853658537,0.23445732072376582,0.4600990861122354,0.0023996003470628685,0.42044979871137494,0.6571673596520756,0.34210526315789475,0.31558641975308643,0.125,0.42857142857142855,0.18490195677510374,0.21368434861551824,0.17652305446813135
1,0.24390243902439027,0.750434266342744,0.24935984402133465,0.0,0.7788440948664517,0.3342239711012906,0.42105263157894735,0.5941358024691358,0.03125,0.0,0.046750760041265174,0.1513480278234446,0.23677279992499461
1,0.34603658536585363,0.17850769867696883,0.28075014239969187,0.012004744477016245,0.35668677916937286,0.9503432986778673,0.40789473684210525,0.2785493827160494,0.125,0.42857142857142855,0.26926051958747704,0.03636105110889728,0.30594035065299346
1,0.3521341463414634,0.07178817773487649,0.16513066089777906,0.1009728609976573,0.40060964308997876,0.6659080529807453,0.4407894736842105,0.2037037037037037,0.0625,0.2857142857142857,0.5624712452918816,0.45333500753352957,0.3435366156105454
1,0.611280487804878,0.14067840954222252,0.021350421364360415,0.04561803122365561,0.43047821276145054,0.5361547352202799,0.48026315789473684,0.24768518518518517,0.015625,0.2857142857142857,0.09046499702298763,0.13494087415283534,0.5422872694704032
1,0.23170731707317074,0.10915714049052021,0.4311137410398361,0.06749649478505508,0.4309596832258515,0.7323847999029252,0.5328947368421053,0.18132716049382716,0.25,0.2857142857142857,0.3156210308889393,0.32445801750319864,0.4090293540336482
1,0.21646341463414634,0.1142768753289483,0.15829360898758307,0.05463574349565082,0.6839499957520933,0.6445577143316233,0.4934210526315789,0.06867283950617284,0.125,0.2857142857142857,0.671268513798433,0.07357559277542675,0.4010276410407237
1,0.461890243902439,0.2817168238390836,0.2593887503427385,0.0033954545756044625,0.29856161352639377,0.4509876339015206,0.45394736842105265,0.16049382716049382,0.5,0.42857142857142855,0.2731872346122771,0.03636105110889728,0.3241478626034862
1,0.3551829268292683,0.0104780670460186,0.004386236518951808,0.2081106125495381,0.6936859488812959,0.5943211501469742,0.631578947368421,0.16589506172839505,0.0625,0.0,0.4278255393461651,0.19806972507426146,0.46154282923245954
1,0.04496951219512195,0.10595847303723749,0.05122494540665109,0.0921340655092219,0.9340743635701729,0.41180072802722845,0.5460526315789473,0.11419753086419752,0.03125,0.0,0.755341087085941,0.5387933880414226,0.4217262642876404
1,0.6737804878048781,0.5187199539760977,0.019275971010850122,0.0,0.461319739252065,0.3383516170550368,0.4342105263157895,0.02546296296296296,0.0078125,0.42857142857142855,0.7657159835893278,0.033524336403627356,0.43785534894881933
1,0.39329268292682923,0.24023970990465454,0.0483477759534659,0.012004744477016245,0.6754216112881268,0.9945789397203952,0.3026315789473684,0.21296296296296297,0.0625,0.0,0.1807327713657811,0.1320028360066691,0.3490968031300489
1,0.19054878048780488,0.41956277916732054,0.44851449375889485,0.0033954545756044625,0.7446067507593229,0.8766465627936662,0.4934210526315789,0.018518518518518517,0.03125,0.42857142857142855,0.6809142613406092,0.016264006583052878,0.48214964521769094
1,0.2423780487804878,0.2885361921897263,0.13507611447139928,0.0033954545756044625,0.513207913051856,0.21013129335828704,0.5855263157894737,0.13117283950617284,0.5,0.42857142857142855,0.2895777648769183,0.06551854229118571,0.4854750669950109
1,0.7896341463414634,0.1970272153136798,0.062304006613221226,0.007931592717870547,0.2962522815382771,0.029024549821183517,0.40789473684210525,0.1558641975308642,0.0625,0.42857142857142855,0.21076877060573057,0.0699005632526706,0.35238908517792333
1,0.0,0.15716725252091,0.8408490653031115,0.019207590847369723,0.7481914394508351,0.7456972050565639,0.46710526315789475,0.5979938271604939,0.125,0.2857142857142857,0.16221341749449478,0.2949197390257922,0.33109560224032
1,0.6265243902439025,0.7878362994186799,0.19020851150295734,0.015685323612119658,0.6215245514396588,0.8011935931340153,0.5657894736842105,0.038580246913580245,0.125,0.0,0.8769001771121786,0.6163546649197814,0.4169064604061457
1,0.4176829268292683,0.13719974879035945,0.055052965340975854,0.0023996003470628685,0.39865726758695724,0.6532191210819239,0.46710526315789475,0.09645061728395062,0.03125,0.42857142857142855,0.4308438154254536,0.04944717353325172,0.31237428524086097
1,0.2240853658536585,0.3047425397569207,0.13176960586703051,0.004801897790806499,0.37588388693718355,0.09623711391972148,0.45394736842105265,0.2013888888888889,0.0078125,0.42857142857142855,0.2550934125221464,0.0414552524734414,0.5689130772126301
1,0.4222560975609756,0.18912377690512347,0.10004651451252791,0.019111336807962866,0.5436948677931708,0.3772909257592994,0.46710526315789475,0.1427469135802469,0.0078125,0.42857142857142855,0.2601378798768937,0.08933764132903141,0.2751112741452401
1,0.24695121951219512,0.18595622051164779,0.08580000065283526,0.017987913444011478,0.8014801608905853,0.9126962391363099,0.3684210526315789,0.31635802469135804,0.5,0.0,0.10499501008871284,0.1082883381715392,0.2313348828451772
1,0.17073170731707316,0.04507966608959998,0.053347132298698245,0.33335980735294446,0.2451036066159525,0.8687056984856264,0.6118421052631579,0.18055555555555555,0.125,1.0,0.17734672712215985,0.1621404670964083,0.4554960663203034
1,0.26371951219512196,0.3644853899380743,0.0,0.041712136808720914,0.8010059523313162,0.3772909257592994,0.4473684210526316,0.5223765432098766,1.0,0.42857142857142855,0.026403805636050336,0.04877492537954885,0.40994758136445636
1,0.5,0.27205685848804373,0.062041103732259205,0.004800549242466118,0.4672744245332511,0.0027741979835242602,0.375,0.13194444444444445,0.25,0.42857142857142855,0.3245479084172414,0.09187843652840759,0.21204475998527741
1,0.19664634146341461,0.2139609851336431,0.2236946456899816,0.008044861934486988,0.4015740456310425,0.3035942176170782,0.47368421052631576,0.0038580246913580245,0.125,0.2857142857142857,0.658433537971892,0.09079832240981246,0.3026324115527387
1,0.42378048780487804,0.13911937480871475,0.05660086835250493,0.0033954545756044625,0.4799036622126059,0.25245201650070764,0.48026315789473684,0.0941358024691358,0.015625,0.42857142857142855,0.4354139629738267,0.10332489326169163,0.32012034889234864
1,0.3003048780487805,0.13673740075394092,0.0944529740318453,0.007201721922035935,0.3810022992237854,0.5880294355722202,0.42105263157894735,0.10185185185185185,0.03125,0.42857142857142855,0.40567408430755625,0.0670112558192341,0.32424610596575465
1,0.25609756097560976,0.23891724027553193,0.006203075017300135,0.08775992996834804,0.4661876004262246,0.3035942176170782,0.4605263157894737,0.13425925925925927,0.0078125,0.2857142857142857,0.28837886247622574,0.14496919139076547,0.33803580730748045
1,0.009054878048780487,0.057918154701086424,0.6012451302569559,0.015985744774868707,0.5358581951784088,0.9701094593104775,0.4605263157894737,0.30324074074074076,0.125,0.42857142857142855,0.574397356964658,0.029317465269155123,0.38661645373642717
1,0.5396341463414633,0.8299403704687033,0.010246005668242176,0.0,0.4718118074823409,0.08867379021525945,0.39473684210526316,0.006944444444444444,0.015625,0.42857142857142855,0.9213627251574759,0.0670112558192341,0.17006721238404776
1,0.31097560975609756,0.12599082579397627,0.31626673706406927,0.012577016023704382,0.2970009254928841,0.6269687442764827,0.4605263157894737,0.16126543209876543,0.0625,0.42857142857142855,0.2438512945428292,0.10552556125667706,0.4383710105652614
1,0.0,0.036423407422290215,0.6916246947995143,0.01526776083489656,0.39307433953819015,0.7640105182052027,0.46710526315789475,0.22685185185185186,1.0,0.2857142857142857,0.34587409894211507,0.07490694090079084,0.5972871526613662
1,0.23780487804878048,0.23768500270334272,0.44728156336092656,0.013421707285256431,0.4832717091961474,0.4707538222761107,0.4144736842105263,0.16203703703703703,1.0,0.42857142857142855,0.3126279622641356,0.05860989675619668,0.26138683115029354
1,0.3079268292682927,0.05215762687381583,0.2279666058441813,0.15475017032549307,0.42552225483139006,0.8850046664784281,0.4407894736842105,0.25308641975308643,0.5,0.0,0.25946316681574216,0.15411932097747513,0.3261354263862486
1,0.2652439024390244,0.40098948894187775,0.009304613137983262,0.0190303788980217,0.6511562937685561,0.7907469899813169,0.3684210526315789,0.5239197530864198,0.5,0.42857142857142855,0.029604486812276936,0.04740174370492103,1.0
1,0.46646341463414637,0.48637150261863904,0.17425516596704488,0.031282959206847004,0.4642125930112348,0.3772909257592994,0.40131578947368424,0.020833333333333332,0.03125,0.42857142857142855,0.7796098481337296,0.016264006583052878,1.0
1,0.538109756097561,0.17896183529046192,0.18348190095836217,0.013370078209170761,0.43881274128333686,0.3886252445247458,0.5197368421052632,0.30092592592592593,0.03125,0.2857142857142857,0.1188291236298912,0.113897682882337,0.2805825784968332
1,0.3155487804878049,0.33927916685255727,0.18380496260886028,0.0024009488954032493,0.6461454407590242,0.6848231451559701,0.4342105263157895,0.48996913580246915,0.0625,0.2857142857142857,0.1809767114918742,0.18175079369987443,0.3985106615708015
1,0.8932926829268293,0.802887787723486,0.08994459264711643,0.007202847159994151,0.6579029267293157,0.0027741979835242602,0.4342105263157895,0.006172839506172839,0.5,0.42857142857142855,0.82944037306515,0.01150064130499284,0.32387404984357643
1,0.37957317073170727,0.013003714795318116,0.3477865926405881,0.011173652407124833,0.6713730068647467,0.11967223183728419,0.48026315789473684,0.31635802469135804,0.5,0.0,0.6115075089374152,0.1621404670964083,0.4514694035359256
1,0.2972560975609756,0.11740703106207831,0.032122160370614584,0.07787811864635374,0.6284426699821982,0.8196199825924625,0.4144736842105263,0.1412037037037037,0.25,0.0,0.3951792513458119,0.06942741437299053,0.4100376248870394
1,0.39024390243902435,0.5437902518055304,0.2838548127015629,0.0016977272878022313,0.04692058451320573,0.12761310724211597,0.48026315789473684,0.0030864197530864196,0.015625,1.0,0.8370256261182283,0.016264006583052878,0.4611104037245219
1,0.3155487804878049,0.13369707773802755,0.25798229837182884,0.0033954545756044625,0.42134782867036463,0.0027741979835242602,0.3815789473684211,0.14351851851851852,0.125,0.2857142857142857,0.30061312072131885,0.045987453846749335,0.19634536239500922
1,0.40091463414634143,0.10024443958442464,0.16189059868257843,0.026544438450194364,0.49443830379250847,0.4236179514356669,0.4934210526315789,0.3287037037037037,0.015625,0.2857142857142857,0.38006321811434485,0.16900434543579218,0.30595891632775285
1,0.5411585365853658,0.4562516788647271,0.1902124999183956,0.00896031013295338,0.6335316500134669,0.15898910056451046,0.42105263157894735,0.016203703703703703,0.015625,0.0,0.7876569143243455,0.0414552524734414,0.41286455829706953
1,0.3094512195121951,0.09702957391388178,0.11467586933175783,0.0033954545756044625,0.6238927017822654,0.6203496743396729,0.4605263157894737,0.18981481481481483,0.0625,0.0,0.24165910566280885,0.19412484960111198,0.49601232513261695
1,0.39939024390243905,0.11467814310775527,0.06007597166368539,0.0033954545756044625,0.3634618751057554,0.4476062472053423,0.5328947368421053,0.17978395061728394,0.125,0.2857142857142857,0.2293689787507167,0.17015220079053972,0.4691477937557756
1,0.2942073170731707,0.08771677204971405,0.0031015375086500675,0.15188043450451785,0.11196084854622967,0.6562670491804825,0.4407894736842105,0.13040123456790123,0.5,1.0,0.401789714478574,0.47007672066960815,0.27476527185330774
1,0.5838414634146342,0.5759073981114352,0.10422358914139106,0.00886172302121575,0.3549418295243769,0.8029498269094651,0.42105263157894735,0.008487654320987654,0.5,0.42857142857142855,0.8191425686667884,0.018183512427284873,0.42659248235603364
1,0.1875,0.056299699465664745,0.23827276314157386,0.1472602943085543,0.11545428186081642,0.0,0.4342105263157895,0.036265432098765434,0.0078125,1.0,0.81353157602034,0.0,1.0
1,0.3125,0.4789799116523274,0.034860939968533344,0.01100209270571008,0.6347487422364927,0.3772909257592994,0.4276315789473684,0.006944444444444444,0.03125,0.42857142857142855,0.6769664707763057,0.04877492537954885,0.26771371915177755
1,0.45731707317073167,0.09760384314559896,0.2720244380720469,0.06690693721440671,0.4045314103398267,0.3278578081494507,0.28289473684210525,0.3341049382716049,0.015625,0.2857142857142857,0.4393733635721723,0.23695091207559885,0.19270211173720406
1,0.3003048780487805,0.30640330004358424,0.05981791812466542,0.007700462129307134,0.5507287921830146,0.40866693850107977,0.46710526315789475,0.3001543209876543,0.03125,0.2857142857142857,0.16344687268758346,0.08283981025918159,0.312230555975432
1,0.9176829268292683,0.7852064601934738,0.021350421364360415,0.0,0.3528384002404552,0.3772909257592994,0.45394736842105265,0.0038580246913580245,0.0078125,0.42857142857142855,0.8168578137987916,0.016264006583052878,0.4311183297205044
1,0.11600609756097562,0.06790682655646556,0.4002635414354542,0.012073083929011937,0.4099064817395857,0.7359653185303608,0.4605263157894737,0.408179012345679,0.125,0.0,0.3904770951221551,0.34007811223299084,0.319304696914586
1,0.6295731707317074,0.1750168206256468,0.1653227882757315,0.006615327651921339,0.35566918932737496,0.09984898930696483,0.47368421052631576,0.14351851851851852,0.125,0.42857142857142855,0.21896957731082844,0.13993058819460608,0.38817190143916463
1,0.29573170731707316,0.3432887310387731,0.19925610441773622,0.0064489787893039704,0.18621402852987132,0.0,0.42105263157894735,0.0023148148148148147,0.5,1.0,0.6699626437911035,0.0,0.26768809852060965
1,0.4527439024390244,0.3278907905709654,0.12730766045058692,0.0023996003470628685,0.39877079639621194,0.5699421918172589,0.4473684210526316,0.1412037037037037,0.0625,0.42857142857142855,0.26508752579119144,0.06942741437299053,0.32127575271820824
1,0.6371951219512195,0.09684174073430463,0.01754494566778519,0.0023191385683561925,0.45718514587151926,0.09623711391972148,0.5328947368421053,0.27469135802469136,0.03125,0.2857142857142857,0.38493278622218774,0.0414552524734414,0.49398727415823607
1,0.22560975609756095,0.34875152365261064,0.3215486027693272,0.015694820620487007,0.33315308320644743,0.11439782675988046,0.5131578947368421,0.27314814814814814,1.0,0.42857142857142855,0.24274440351065246,0.09777143884608723,0.5194063130411022
1,0.6722560975609756,0.12944274950386722,0.02297546196255337,0.03407508203576946,0.2872346569868343,0.8324108662671784,0.46710526315789475,0.1427469135802469,0.015625,0.42857142857142855,0.1700936911259888,0.05917012665702434,0.3481263598389799
1,0.3155487804878049,0.10210718465187717,0.37177738072699734,0.13987162653660126,0.4563941520862639,0.11654152444509522,0.5460526315789473,0.16743827160493827,1.0,0.0,0.46483536065849745,0.6511320149023293,0.3387240832849981
1,0.3628048780487805,0.0,0.011447425034110644,0.5203014484852639,0.7924469355514229,0.2388609709016038,0.4605263157894737,0.32021604938271603,0.0078125,0.0,0.6860426795943779,0.39358502401517553,0.3619630942234295
1,0.21341463414634143,0.4997700988771379,0.1455248448700205,0.004801897790806499,0.47161147429013267,0.22989749837806514,0.4868421052631579,0.017746913580246913,0.5,0.42857142857142855,0.7091355549490894,0.04065066592410343,0.4965429940028229
1,0.5457317073170731,0.7881278174118981,0.1283982319588975,0.0033954545756044625,0.39191531178543504,0.7518076535350745,0.4407894736842105,0.004629629629629629,0.015625,0.42857142857142855,0.9236548749516139,0.022999769987272926,0.31943744148911557
1,0.8948170731707317,0.19658867166818864,0.004386236518951808,0.007907994701195232,0.2888446459712012,0.7006654524187039,0.45394736842105265,0.14969135802469136,0.5,0.42857142857142855,0.20460394420957131,0.07267437661933875,0.3643652295235692
1,0.2682926829268293,0.666051662703948,0.08920849436603168,0.0,0.8938620254641165,0.8503962692141646,0.4605263157894737,0.016975308641975308,1.0,0.42857142857142855,0.7385217620289843,0.04944717353325172,0.41006872239226144
1,0.375,0.02844664649793108,0.23754704494117954,0.13799695640899218,0.7457828562974519,0.6609936444788717,0.5328947368421053,0.5424382716049383,0.125,0.0,0.49580062480470466,0.19026364122648995,0.3656466323954624
1,0.5838414634146342,0.5431424479087859,0.12612266244173445,0.005643913275975941,0.22755224348404793,0.0764709061257454,0.45394736842105265,0.017746913580246913,0.5,0.2857142857142857,0.7969406894755523,0.02571396225280966,0.4379124383987043
1,0.663109756097561,0.1417868018847587,0.07278824104962853,0.0710924157540263,0.5018655865054601,0.6027051925828821,0.4342105263157895,0.09259259259259259,0.25,0.0,0.5995755645166448,0.1067624212133378,0.3408082814048832
1,0.27286585365853655,0.009391658354888838,0.003099795458551489,0.3778144530774982,0.6897656432437097,0.8766465627936662,0.4407894736842105,0.2800925925925926,0.125,0.0,0.5510472860787446,0.03252373771696512,0.5345317682675796
1,0.42378048780487804,0.09801214304723035,0.13565227219313478,0.05718190825828325,0.5592433297939752,0.6718808180133335,0.5723684210526315,0.19907407407407407,0.125,0.0,0.5965266734431305,0.502845055173223,0.3176222754678898
1,0.6875,0.136287918944021,0.004386236518951808,0.06560486317580214,0.4813498890820918,0.8608042277889526,0.375,0.08487654320987655,0.125,0.2857142857142857,0.5977927402605032,0.08163893636430906,0.23191668467794974
1,0.18902439024390244,0.46115438504647477,0.12009744178341537,0.0024009488954032493,0.46338622820924597,0.8766465627936662,0.4605263157894737,0.013117283950617283,1.0,0.42857142857142855,0.685660639222592,0.04065066592410343,0.4376814504619062
1,0.24847560975609756,0.20957873715678235,0.007290787719189441,0.038415181694739446,0.4870692701745341,0.6383030630419292,0.4605263157894737,0.3587962962962963,0.015625,0.42857142857142855,0.3759190367990382,0.113897682882337,0.4310544328565408
1,0.38262195121951215,0.014749333523851658,0.08533141896192664,0.3455623773490626,0.45674764685810754,0.0402901211864002,0.4934210526315789,0.5077160493827161,0.5,0.0,0.4938362088935005,0.8263009044270753,0.38040046469883926
1,0.7682926829268293,0.7895310597384139,0.015507687543250336,0.004801897790806499,0.37082424684889476,0.9654357957096141,0.4868421052631579,0.005401234567901234,0.5,0.42857142857142855,0.82698692144455,0.07664584553468205,0.39427335573488276
1,0.32621951219512196,0.3281844050976963,0.18260167501207747,0.00679090899328079,0.4981584454772009,0.16526018065466302,0.4407894736842105,0.014660493827160493,1.0,0.0,0.6643699073685669,0.2402864308310436,0.34378864464540404
1,0.012179878048780486,1.0,0.6427955752457926,0.013315570103193402,0.6456931563836807,0.06925088387334855,0.3355263157894737,0.5763888888888888,0.0078125,0.42857142857142855,0.08346998848720924,0.11303080648017473,0.25884902718184977
1,0.3567073170731707,0.031026520212985343,0.11621077684132186,0.14665851704850005,0.3895469152765529,0.6269687442764827,0.39473684210526316,0.16280864197530864,0.015625,0.42857142857142855,0.3335766048348545,0.04065066592410343,0.4312721153930948
1,0.6310975609756098,0.1886687043391692,0.21848718280366633,0.007931593902331557,0.2414964321736984,0.4649763885235424,0.4342105263157895,0.12885802469135801,0.03125,0.2857142857142857,0.5786611419666459,0.12381961397323726,0.2749016367344154
1,0.40091463414634143,0.6655945435219455,0.13078656856728774,0.0024009488954032493,0.3532790455665777,0.25245201650070764,0.3815789473684211,0.0030864197530864196,0.015625,0.42857142857142855,0.8974503071131312,0.022999769987272926,0.21214501462897814
1,0.5320121951219513,0.39723744271580963,0.14688786289480213,0.0023191385683561925,0.44688621046988863,0.36288054852774143,0.4473684210526316,0.13117283950617284,0.0078125,0.42857142857142855,0.3127428331980863,0.08970506506047755,0.3474612445407247
1,0.1423780487804878,0.15280380470915123,0.33186452199402006,0.011920614580493918,0.46298240781942257,0.3035942176170782,0.4407894736842105,0.41512345679012347,0.03125,0.42857142857142855,0.40247305187233795,0.0545266497261175,0.3190761379869022
1,0.6570121951219512,0.5957744866222755,0.18540769358197653,0.0,0.3760813276756528,0.9277887361680569,0.4144736842105263,0.012345679012345678,1.0,0.42857142857142855,0.7939169041762882,0.02571396225280966,0.4379370379177605
1,0.5853658536585366,0.6805548076602094,0.02152560664716865,0.007669927514144834,0.36047797059537684,0.5021298350178911,0.46710526315789475,0.012345679012345678,0.0078125,0.42857142857142855,0.7940303238559837,0.01150064130499284,0.37513756004642035
1,0.0364329268292683,0.31254538823464084,0.5447667501207745,0.016806643373319687,0.7411160821997198,0.3487032316687794,0.4144736842105263,0.033950617283950615,0.015625,0.0,0.7239878943580078,0.09079832240981246,0.33643877249328186
1,0.6341463414634146,0.5996852079889159,0.055473682986460195,0.007931593902331557,0.27432220500733595,0.0,0.4144736842105263,0.0023148148148148147,0.03125,0.42857142857142855,0.8133907951139208,0.0,0.3192990807979712
1,0.3719512195121951,0.0008899376062891014,0.09943103366671455,0.43664873971769397,0.8038759741684188,0.3035942176170782,0.4605263157894737,0.2692901234567901,0.0078125,0.0,0.5663551529379801,0.018183512427284873,0.5730990180150478
1,0.3094512195121951,0.0783729527209854,0.12988181029586496,0.06213543869435126,0.03593567601367195,0.0,0.4342105263157895,0.1558641975308642,0.0078125,1.0,0.34916709652756084,0.0,1.0
1,0.46798780487804875,0.08130485500380465,0.09765807895879304,0.008861210228563073,0.2993315600950805,0.7204316407932941,0.45394736842105265,0.1558641975308642,0.5,0.42857142857142855,0.3096094181187744,0.1170203550741944,0.5340693282521143
1,0.21189024390243902,0.29638143307425135,0.02244618495312643,0.027666405716745786,0.7510385062827326,0.25245201650070764,0.4605263157894737,0.3333333333333333,0.125,0.2857142857142857,0.44090762587338245,0.01150064130499284,0.5449955372759296
1,0.7530487804878049,0.5518452458762715,0.051807996660747625,0.0024009488954032493,0.8598243068211536,0.15898910056451046,0.4342105263157895,0.020833333333333332,0.03125,0.0,0.7607505679950334,0.0414552524734414,0.30566109196182095
1,0.5121951219512195,0.8532684863870394,0.0031015375086500675,0.0016977272878022313,0.4907647798462685,0.05391639355149885,0.47368421052631576,0.004629629629629629,1.0,1.0,0.9270497006700283,0.07267437661933875,0.39959087441388547
1,0.20579268292682926,0.2596219812803268,0.26728034541513795,0.010245264761779624,0.41365516332686214,0.5626112349358969,0.4342105263157895,0.35108024691358025,0.03125,0.42857142857142855,0.4276980138448547,0.061894892427644836,0.5382531030591434
1,0.37652439024390244,0.5299449566357626,0.1853266808059904,0.0024009488954032493,0.4115600113839595,0.920882259320154,0.4605263157894737,0.015432098765432098,0.5,0.42857142857142855,0.8079864906531277,0.05917012665702434,0.39430991464276316
1,0.22103658536585366,0.056499905936777665,0.28286311513402707,0.03601423422068941,0.5360423121672082,0.3633021711372775,0.2631578947368421,0.19290123456790123,0.03125,0.0,0.10494163720928651,0.27411055618295427,0.2946426115344514
1,0.016615853658536586,0.040834688644494375,0.6260195450717466,0.06613472470125525,0.3896063490467319,0.10272126628599862,0.3618421052631579,0.2569444444444444,1.0,0.42857142857142855,0.3461486355751187,0.15579948089066098,0.23401146523244762
1,0.5685975609756098,0.44020317656025615,0.046872935408479026,0.0016977272878022313,0.5234713235828308,0.12761310724211597,0.4473684210526316,0.0015432098765432098,0.25,0.0,0.7984633972046661,0.00813227066182591,0.3238676756285757
1,0.27286585365853655,0.06780867010202818,0.21531614771703506,0.01697727287802231,0.5366442194819745,0.18809453490210162,0.3881578947368421,0.15200617283950618,0.0078125,0.2857142857142857,0.5972093730245148,0.04378018824205935,0.30369282100941264
0,0.288109756097561,0.21056997944960382,0.222362015106608,0.013570187369097318,0.6107955020128862,0.3772909257592994,0.4276315789473684,0.5470679012345679,1.0,0.0,0.2211977887248156,0.04065066592410343,0.30501794604536425
0,0.288109756097561,0.10867982969409018,0.44250947019154185,0.026257210603800322,0.8995598516220465,0.914086389745854,0.3618421052631579,0.19367283950617284,0.5,0.0,0.11396102526361893,0.20758746406623632,0.27570919717226205
0,0.551829268292683,0.0006697322645588186,0.11060583928501483,0.4448375977614634,0.7893256087176586,0.34651475010551663,0.2631578947368421,0.4212962962962963,0.03125,0.0,0.5877809346306647,0.41076673458945057,0.2029147799944334
0,0.19512195121951217,0.11818808339086842,0.27544257130593164,0.09779104339012325,0.21288567524286384,0.3035942176170782,0.45394736842105265,0.28858024691358025,0.03125,0.42857142857142855,0.3209073862777754,0.03636105110889728,0.3660017009252358
0,0.4512195121951219,0.05830198256570153,0.28505477491872205,0.2695410639997448,0.7705208746078533,0.8457013275147676,0.3618421052631579,0.6697530864197531,0.125,0.0,0.3087268799020734,0.5578551079251355,0.35252039091265913
0,0.43140243902439024,0.09740601399373724,0.10488729819229915,0.05049147709236616,0.4665778047439257,0.12761310724211597,0.40789473684210525,0.05555555555555555,0.0078125,0.42857142857142855,0.809280232981585,0.00813227066182591,0.43130537889370546
0,0.26981707317073167,0.05232557667930931,0.08809111172949118,0.02160854069034178,0.7079481305502225,0.688377003740784,0.47368421052631576,0.6280864197530864,0.125,0.0,0.2055502359332698,0.49664488646751526,0.36843125153843687
0,0.5396341463414633,0.39988152713747366,0.2361732143323454,0.009497185246859047,0.4141325105061459,0.3145389418887084,0.48026315789473684,0.12808641975308643,0.015625,0.42857142857142855,0.31121416330977075,0.20989578574152318,0.23818363649275215
0,0.1138719512195122,0.1805363257189441,0.5554387297784278,0.017276380078692432,0.333581550994621,0.0027741979835242602,0.5131578947368421,0.2716049382716049,0.125,0.0,0.2081278021454973,0.10332489326169163,0.4460852031417454
0,0.2545731707317073,0.4092818405567545,0.38831498322213376,0.011884090540831213,0.4667494287942355,0.4451032825586672,0.5657894736842105,0.46141975308641975,0.015625,0.2857142857142857,0.06717974266470467,0.1952840904744454,0.33535162846495437
0,0.4070121951219512,0.2618737269096628,0.05160548002160885,0.05367437176977742,0.560602044552465,0.2896054463498684,0.35526315789473684,0.27237654320987653,0.015625,0.2857142857142857,0.18362110934910558,0.24578049438105223,0.4507885074141249
0,0.31859756097560976,0.2231597692689993,0.2903358959837575,0.1065201814783779,0.8796621546337156,0.3035942176170782,0.6118421052631579,0.2700617283950617,0.0078125,0.0,0.6084026660039826,0.5365708724270591,0.42736852756097615
0,0.09390243902439026,0.0004997795207985796,0.22446108448993982,0.4693798430636542,0.8601797093816337,0.8029498269094651,0.4276315789473684,0.41280864197530864,0.0625,0.0,0.6556590541201737,0.10889262723180859,0.6491958510048903
0,0.2301829268292683,0.11673159160899901,0.24366005154134407,0.004467471700067941,0.7883567444128486,0.6814923320890316,0.6513157894736842,0.2515432098765432,0.125,0.0,0.10492257678715676,0.12060473368717481,0.42267481555388897
0,0.22103658536585366,0.07608253977563972,0.22437678713653397,0.044035946654403024,0.46823858090803905,0.911403934489645,0.3092105263157895,0.125,0.03125,0.0,0.1404817077073359,0.07490694090079084,0.21668277496808636
0,0.21189024390243902,0.07358045182169108,0.39927008937314756,0.09413677587186596,0.3164981884162213,0.8992010698195169,0.4342105263157895,0.15354938271604937,0.25,0.42857142857142855,0.4493859086946251,0.05747299368112383,0.4760621151780425
0,0.2850609756097561,0.023702763961212882,0.31252503215213673,0.31469944538797734,0.9403696045083385,0.10272126628599862,0.34210526315789475,0.6427469135802469,1.0,0.0,0.10437163630229881,0.3079278734948321,0.2929128166743276
0,0.09375,0.1104155160951065,0.4486615755036624,0.020273547321744148,0.4696265432971554,0.12761310724211597,0.4276315789473684,0.19135802469135801,0.03125,0.2857142857142857,0.11446149537756106,0.08933764132903141,0.37119359187170003
0,0.47865853658536583,0.19356880233339188,0.014434859893392002,0.01117425174439521,0.6095756711900439,0.7662180307666324,0.5328947368421053,0.16820987654320987,0.125,0.2857142857142857,0.11571331771845375,0.18941332692898946,0.42689835184769465
0,0.14024390243902438,0.21054211302499526,0.45621012604616845,0.0,0.3705168313267756,0.6093797742213423,0.40789473684210525,0.39737654320987653,0.03125,0.42857142857142855,0.3794044873373167,0.07357559277542675,0.4128238685265554
0,0.3963414634146341,0.13481225261606514,0.010246005668242176,0.0291596612378344,0.577334874047025,0.32026438439686744,0.4605263157894737,0.2044753086419753,0.125,0.0,0.0826164291373253,0.06942741437299053,0.37172603995240383
0,0.43140243902439024,0.15191644689982906,0.19324791867957541,0.04388022161739257,0.521171945943486,0.509036339607774,0.32894736842105265,0.6766975308641975,0.03125,0.0,0.04976629999788133,0.506812236261171,0.3112570957622146
0,0.5746951219512195,0.7187792309653008,0.164572700959015,0.027356753654536,0.7197143092671233,0.5377718984508157,0.5131578947368421,0.06327160493827161,0.0625,0.0,0.839707950702908,0.33010089243007096,0.3446725254779075
0,0.1010670731707317,0.07261261458008025,0.21936646009870872,0.049666384712303904,0.5262600643927898,0.5335058477596715,0.4276315789473684,0.4868827160493827,0.03125,0.2857142857142857,0.17497411128794432,0.14608944818904526,0.3777438713547264
0,0.24085365853658536,0.09778063832581817,0.25195809776860906,0.03225681909995493,0.35414258916888697,0.40587859210783955,0.47368421052631576,0.18132716049382716,0.03125,0.2857142857142857,0.3086005653199187,0.09079832240981246,0.4099378343852076
0,0.30640243902439024,0.04616861620364579,0.06468108793364583,0.16515517860566514,0.7038461695865936,0.15016761426796654,0.27631578947368424,0.3595679012345679,0.015625,0.0,0.5424449071531897,0.33845386242020575,0.21631884132861534
0,0.19817073170731705,0.07882926074418829,0.3224902666342425,0.15786764801103728,0.8599068494504599,0.5651866338919218,0.868421052631579,0.2762345679012346,0.03125,0.0,0.6621642782102845,0.8180750343552268,0.4014870486626448
0,0.2454268292682927,0.040996296436111426,0.1271630472391597,0.051480378850643264,0.3806821445969011,0.7255573599555728,0.4407894736842105,0.18364197530864199,0.5,0.42857142857142855,0.3141775413061163,0.0699005632526706,0.422358580227154
0,0.19207317073170732,0.07660086400891526,0.234260488614553,0.13570646939968675,0.4061291217811952,0.5120513102342882,0.4342105263157895,0.39351851851851855,0.03125,0.2857142857142857,0.10652725727254934,0.36076116066140185,0.4010877319413615
0,0.2545731707317073,0.16044366642529492,0.3646478280170782,0.0516278205569999,0.5009223081079264,0.8766465627936662,0.4342105263157895,0.16203703703703703,1.0,0.42857142857142855,0.3213965606420364,0.056895986294004296,0.3127041818099398
0,0.39176829268292684,0.13770581828607764,0.36702686172296284,0.021028636476913908,0.5298144130908272,0.37093634785823865,0.4934210526315789,0.2646604938271605,0.015625,0.2857142857142857,0.08616349789767792,0.20209293014255267,0.23804516750183838
0,0.2759146341463415,0.11416643917822127,0.049624599322356994,0.0023191385683561925,0.3824591573993013,0.0764709061257454,0.4144736842105263,0.11959876543209877,0.125,0.2857142857142857,0.14641595106274513,0.12823340248734094,0.1702334680015181
0,0.35365853658536583,0.012385032123448386,0.08457729732729244,0.25735185472380423,0.8509960918334369,0.6428110792811964,0.4868421052631579,0.3387345679012346,0.125,0.0,0.5916887833501463,0.16274055250141378,0.4194114340730569
0,0.10091463414634146,0.07497032874706228,0.4190322594465263,0.02869470027924853,0.5746078286599025,0.8617884300075674,0.29605263157894735,0.41280864197530864,0.5,0.2857142857142857,0.39815617130065406,0.25847706818167926,0.29945293145042323
0,0.06966463414634146,0.06360677392473882,0.5755950593427255,0.24100793525704542,0.548411798269568,0.5827330754919748,0.40789473684210525,0.7314814814814815,0.0625,0.2857142857142857,0.03297024122729743,0.6105264627649599,0.3184194236564756
0,0.16920731707317074,0.0,0.12476872290733657,0.9650004406194953,0.8442779372336924,0.04999250411704852,0.3618421052631579,0.4236111111111111,0.0078125,0.0,0.5171300875843959,0.29054595703057257,0.21716774133559297
0,0.576219512195122,0.1019546618388159,0.1414851002591756,0.024008734847190318,0.31845338713871674,0.08529238409969535,0.34868421052631576,0.2037037037037037,1.0,0.42857142857142855,0.3521359745002241,0.1844004432702487,0.36255416342218605
0,0.3704268292682927,0.17574714433104516,0.07753843771625167,0.02113770322587166,0.6907874025270014,0.8324108662671784,0.4605263157894737,0.6134259259259259,0.0625,0.0,0.046798161517832226,0.5097057770576824,0.29516204817142805
0,0.26676829268292684,0.11797683892039756,0.4655347149231613,0.08693800088881955,0.7786326380356621,0.7444199643049494,0.4144736842105263,0.7067901234567902,0.125,0.2857142857142857,0.23412491457473752,0.4763225156217905,0.3505410579123734
0,0.1676829268292683,0.11295740698738431,0.2310153567255089,0.15881512206107587,0.8828446537869805,0.956453691672418,0.26973684210526316,0.37885802469135804,0.25,0.0,0.6776772895643431,0.4566840680995124,0.24914176300575802
0,0.42987804878048785,0.1575723577048075,0.21648306014897703,0.06692023871153384,0.4684333907444373,0.7373972763035166,0.506578947368421,0.1427469135802469,0.125,0.0,0.4444774340316202,0.12669351543099214,0.42729209886655006
0,0.3856707317073171,0.35394184178597204,0.04982793710585071,0.00886172302121575,0.6003598981720892,0.5368872344558496,0.5657894736842105,0.39274691358024694,0.0078125,0.2857142857142857,0.130694513715388,0.1058361564212307,0.34565608851247326
0,0.5990853658536586,0.14615076759021256,0.07675914010171174,0.037583541614221366,0.43042154836187263,0.9503432986778673,0.3815789473684211,0.16820987654320987,0.03125,0.42857142857142855,0.1170704068329709,0.0545266497261175,0.1986966586890994
0,0.27439024390243905,0.36064688042364956,0.03289677389213856,0.004801897790806499,0.6963956241605923,0.9654357957096141,0.375,0.4575617283950617,0.0625,0.0,0.14979399954247594,0.07664584553468205,0.261224675452666
0,0.21189024390243902,0.2577591862954097,0.3120400367546253,0.028753130530445863,0.6580723045123602,0.1345196118319988,0.2631578947368421,0.35030864197530864,1.0,0.2857142857142857,0.4884732698008114,0.18614498496128715,0.051525317159742595
0,0.46798780487804875,0.23843118144343214,0.03330248652711225,0.019555159085747714,0.5225763245461101,0.6824058477430263,0.47368421052631576,0.14969135802469136,0.0625,0.2857142857142857,0.25348692027984915,0.09504432863404451,0.3472937821543949
0,0.34756097560975613,0.3291445300910276,0.2449785135593884,0.014405693530347628,0.8165784309293895,0.3383516170550368,0.3881578947368421,0.046296296296296294,0.125,0.2857142857142857,0.7432296770513738,0.0670112558192341,0.22927285523523405
0,0.2606707317073171,0.31455143386357126,0.10424748291203698,0.01667947095338372,0.7128058065947268,0.35473640763665687,0.3815789473684211,0.4375,0.015625,0.0,0.17110975397783246,0.1147578824539652,0.3026218910037083
0,0.3155487804878049,0.17541446314858777,0.16523961298293488,0.02259891907667632,0.8494570141218516,0.4062465339863943,0.5460526315789473,0.5817901234567902,0.03125,0.2857142857142857,0.2485490322981164,0.3092350419376504,0.3584756405196471
0,0.08856707317073172,0.013422619662302113,0.1930302389213856,0.0408161315377115,0.7956837143684702,0.6269687442764827,0.5394736842105263,0.18287037037037038,0.015625,0.0,0.7995547034299998,0.1779720690626396,0.4890973848545247
0,0.37347560975609756,0.10713345527753955,0.01024557826515557,0.030877208664442827,0.03632211091027703,0.5246843420437417,0.29605263157894735,0.1550925925925926,0.03125,1.0,0.13047134408809485,0.04065066592410343,1.0
0,0.4085365853658537,0.619921248959923,0.046822232549713405,0.0024009488954032493,0.5739866742194584,0.9080225755354465,0.40131578947368424,0.007716049382716049,1.0,0.2857142857142857,0.9010922158012489,0.0414552524734414,0.30576895853217306
0,0.2225609756097561,0.15829584895723978,0.3065325348614031,0.012577016023704382,0.45999642628109316,0.6599502408752883,0.3157894736842105,0.31635802469135804,0.0625,0.0,0.09030733719765058,0.3107356082304203,0.19471009776220188
0,0.350609756097561,0.14656853309106727,0.34159040054707596,0.02160854069034178,0.7082348065636176,0.3330552292328116,0.48026315789473684,0.33024691358024694,0.03125,0.0,0.0746381080288525,0.05917012665702434,0.6593583919402691
0,0.15548780487804878,0.08540653563124223,0.5596693470994529,0.2595563735531019,0.8377015744087264,0.8637372486070336,0.35526315789473684,0.3464506172839506,0.25,0.0,0.6542676617920176,0.6516244713835425,0.36111892846351556
0,0.2301829268292683,0.11676595978337069,0.26695402978887306,0.015694820620487007,0.46752746807923434,0.8766465627936662,0.4407894736842105,0.16049382716049382,0.03125,0.2857142857142857,0.14510497855637805,0.024394673023081955,0.5688326259553393
0,0.0,0.338768118089746,0.6647492418950502,0.0,0.4014151760708902,0.6269687442764827,0.47368421052631576,0.02546296296296296,0.03125,0.0,0.7134365364295692,0.024394673023081955,0.6008992593997623
0,0.05518292682926829,0.5091292491071794,0.31081828616054524,0.0023191385683561925,0.5468899521972787,0.3261487246429288,0.4144736842105263,0.5655864197530864,0.03125,0.0,0.1131335052974108,0.02571396225280966,0.24891959376447062
0,0.3277439024390244,0.09731459639701982,0.13837984852589796,0.033223959940581124,0.3437982207040054,0.5246843420437417,0.3684210526315789,0.1527777777777778,0.0625,0.42857142857142855,0.5709281752638907,0.04065066592410343,1.0
0,0.2530487804878049,0.30300096933476556,0.12097226143767381,0.014790842347608036,0.6176230929075527,0.2947727396431283,0.5592105263157895,0.5378086419753086,0.03125,0.0,0.02644362731332238,0.06551854229118571,0.6200802315634726
0,0.18902439024390244,0.038843013005683415,0.05628605384748463,0.0,0.3209132036482211,0.25245201650070764,0.4605263157894737,0.13271604938271606,0.125,0.5714285714285714,0.46882726195723506,0.05747299368112383,0.45129921818396435
0,0.3597560975609756,0.12793395669847138,0.03728301081911241,0.015659321534417122,0.6375804698323383,0.21351268005446528,0.42105263157894735,0.1257716049382716,0.125,0.0,0.12976543368228385,0.09469785138504128,0.3030592673582483
0,0.19664634146341461,0.16230030284301802,0.4232150871861495,0.011103890812278092,0.3102667276215393,0.4236179514356669,0.3881578947368421,0.2623456790123457,1.0,0.42857142857142855,0.2781204360595677,0.08480314255166875,0.517771760092494
0,0.2713414634146341,0.05110604684566862,0.1491994811591743,0.12266172393719894,0.40097132289048815,0.2682943348602334,0.45394736842105265,0.18904320987654322,0.0625,0.0,0.46731439872354696,0.34007811223299084,0.2689921824585007
0,0.30640243902439024,0.3079908813271557,0.14282533025303895,0.0,0.47786906717351485,0.8910569400252242,0.3618421052631579,0.4513888888888889,0.125,0.5714285714285714,0.06402181340523369,0.08970506506047755,0.31884086447351373
0,0.3948170731707317,0.11986814925696294,0.42336152629620444,0.07012334029375265,0.515419532413929,0.903784877147694,0.5263157894736842,0.21450617283950618,0.25,0.0,0.1372883752389624,0.4616180403851449,0.37254197041528775
0,0.21341463414634143,0.3152982989687988,0.0465213428168536,0.0,0.5063938613023508,0.6781109453928533,0.32894736842105265,0.5339506172839507,0.125,0.0,0.1520753065261591,0.0770743955630196,0.12407858169384248
0,0.0,0.7868950432269645,0.8342614780679993,0.0024009488954032493,0.6143728364869131,0.48771945778633313,0.4276315789473684,0.591820987654321,0.0625,0.0,0.087081051089659,0.06347335507664528,0.37513960227064386
0,0.4512195121951219,0.11279732167843731,0.31130031319771767,0.07078342541070001,0.4030374425982555,0.5507492359720043,0.3223684210526316,0.32253086419753085,0.015625,0.0,0.4559650265842048,0.22719075734543578,0.29347588264698876
0,0.1513719512195122,0.2604020664582405,0.5431567257536983,0.04930033888219098,0.3819253766013232,0.7006654524187039,0.4473684210526316,0.2908950617283951,0.125,0.42857142857142855,0.26176011406821476,0.0545266497261175,0.3564581705291264
0,0.01951219512195122,0.14489607963832302,0.5998038230033034,0.02927923652486089,0.8559627887672728,0.17272213239060907,0.5789473684210527,0.24845679012345678,0.0625,0.0,0.09682618643917702,0.201933646762293,0.2920946892732637
0,0.1083841463414634,0.1910309672351122,0.1861930544040267,0.012463279339809862,0.5349730889488912,0.05697274411513543,0.375,0.25308641975308643,1.0,0.0,0.23224633526872104,0.3697021720148112,0.27777297304991183
0,0.3277439024390244,0.5669786924182547,0.1344716910228623,0.03650594109849125,0.8415695389419509,0.8847217815100481,0.5723684210526315,0.06018518518518518,0.25,0.0,0.9685298750024541,0.46322704018825644,0.37822534118682
0,0.4176829268292683,0.11144995571384939,0.28356124084398543,0.09435713299791504,0.3557233382153235,0.5197188050730316,0.21052631578947367,0.5254629629629629,0.0078125,0.2857142857142857,0.11424078456320999,0.5443932113987782,0.29410287642640465
0,0.6158536585365854,0.40293202707648074,0.03330248652711225,0.004801897790806499,0.6556411817593621,0.12761310724211597,0.3355263157894737,0.12345679012345678,0.125,0.42857142857142855,0.335299299097808,0.03252373771696512,1.0
0,0.11234756097560976,0.03298932920599097,0.3223382274216924,0.23205611849916474,0.8301262226809668,0.12436968141165841,0.5131578947368421,0.24382716049382716,1.0,0.0,0.8806452450199702,0.3885494015027251,0.3876289173380349
0,0.2926829268292683,0.06604658984160877,0.2604655613077596,0.0016977272878022313,0.6933085144391445,0.25245201650070764,0.4276315789473684,0.11419753086419752,0.0078125,0.2857142857142857,0.7467629172998418,0.0689510001097456,0.4269755541119024
0,0.010625,0.112070542113025,0.6356018406690256,0.07233644725500372,0.407917412076099,0.6147658796063546,0.5855263157894737,0.28780864197530864,0.03125,0.0,0.2818141831799373,0.31292170701973543,0.4255603081963896
0,0.2271341463414634,0.14648116504866487,0.02410063373983209,0.007202847159994151,0.502700090179938,0.3772909257592994,0.4605263157894737,0.032407407407407406,0.03125,0.42857142857142855,0.654425395566616,0.016264006583052878,0.3751469975977563
0,0.07057926829268292,0.21919054463385698,0.5994387146816123,0.0024009488954032493,0.6335122951900433,0.6125583670449248,0.5328947368421053,0.5300925925925926,0.5,0.42857142857142855,0.1363253340075534,0.08970506506047755,0.5082515915037902
0,0.15853658536585366,0.08395516038949351,0.5035016859470681,0.022006164250945277,0.8901419607063853,0.1096277764242774,0.34210526315789475,0.18055555555555555,1.0,0.0,0.7524547549763323,0.6664558732429099,0.2824172694193477
0,0.0,0.059531864657530326,0.836092446369583,0.03601423422068941,0.588601689088363,0.7412265850061146,0.46710526315789475,0.18518518518518517,0.5,0.0,0.08793236423072746,0.08634137092190047,0.4239287721699297
0,0.23323170731707318,0.16687762827150487,0.2472631921685882,0.10034842894671095,0.5964651322856025,0.4130087247971742,0.5,0.30632716049382713,0.0078125,0.0,0.6096783000070511,0.28795132632626746,0.3907236451350738
0,0.28963414634146345,0.1870771046996981,0.008588189679653736,0.0016977272878022313,0.7349480015283233,0.12761310724211597,0.40131578947368424,0.05632716049382716,0.03125,0.42857142857142855,0.6145789452920036,0.024394673023081955,0.2678240920882222
0,0.3643292682926829,0.13105441596410436,0.008772472833892596,0.01358181798656158,0.44738271246249695,0.5283802118233322,0.3881578947368421,0.1574074074074074,0.125,0.42857142857142855,0.10341333706727801,0.0699005632526706,0.35860611079901866
0,0.36585365853658536,0.44294168610587936,0.13683749461410907,0.0023191385683561925,0.5520953842623254,0.4707538222761107,0.5855263157894737,0.33719135802469136,0.03125,0.0,0.2252094991819548,0.05860989675619668,0.5385212223454605
0,0.4984756097560975,0.03843035156558328,0.19422525387131312,0.07758784436624545,0.6234216318430109,0.6768187239721278,0.5131578947368421,0.27469135802469136,0.03125,0.2857142857142857,0.08363837095545142,0.31123395676082566,0.32578860411034755
0,0.48780487804878053,0.03454127565952671,0.07704095684432491,0.11284459524124628,0.6081821085181562,0.6950765809030758,0.5526315789473685,0.6388888888888888,0.125,0.0,0.2466511614785282,0.6695827688952385,0.3275457523979502
0,0.4603658536585366,0.01634464827062504,0.024100660261264676,0.10100732091660226,0.4067702772315366,0.8580321381958959,0.34868421052631576,0.18981481481481483,0.125,0.42857142857142855,0.5566932197512118,0.13875924386391972,0.28087142945329807
0,0.22103658536585366,0.20235903697979374,0.4237714864406116,0.1820008989269415,0.7967810466983888,0.6781109453928533,0.4342105263157895,0.3410493827160494,0.03125,0.0,0.7260160452888941,0.1790601919119643,0.3473064686988138
0,0.13902439024390242,0.14796883652685516,0.4007622361729491,0.025465909317033467,0.8437459257558205,0.43431747821852323,0.39473684210526316,0.24074074074074073,0.015625,0.42857142857142855,0.10449243242082037,0.06942741437299053,0.3685235384133867
0,0.2606707317073171,0.26297066943375813,0.40332401274987273,0.12420077308980394,0.8049150266325754,0.8614097242408365,0.375,0.35802469135802467,0.5,0.0,0.7455549191399953,0.4127727545307692,0.26783779974475286
0,0.3125,0.09533507566083704,0.10382603286699135,0.10094074631150947,0.3351160900154989,0.9503432986778673,0.4868421052631579,0.12731481481481483,0.03125,0.2857142857142857,0.15171080137298634,0.07267437661933875,0.3192638524301153
0,0.023323170731707317,0.1594828051493609,0.5558327566621839,0.08066016802921798,0.8796720474409185,0.26081009244348974,0.3881578947368421,0.23996913580246915,1.0,0.0,0.09644410909276048,0.1091934955638935,0.2120147454777498
0,0.6478658536585366,0.12219883935655142,0.007159595372703652,0.03254155563002745,0.11873923080239221,0.17875530281009053,0.40789473684210525,0.07407407407407407,0.0078125,1.0,0.5837792997603933,0.02571396225280966,0.6086239725252767
0,0.2865853658536585,0.36305789396344984,0.2053938065518547,0.019142900324921344,0.5339493911061786,0.5680156500276006,0.45394736842105265,0.5030864197530864,0.03125,0.0,0.08506914126531102,0.15642473623858066,0.35673340665743436
0,0.2271341463414634,0.37586637843490656,0.23592668741594747,0.0064489787893039704,0.6876014570458773,0.7687732613033171,0.48026315789473684,0.45447530864197533,0.125,0.0,0.0741733831391469,0.31840977949451515,0.27698872800528385
0,0.4146341463414634,0.13910813089981533,0.3179671077112901,0.04431148860848574,0.33485114433008756,0.9572497755257702,0.48026315789473684,0.11651234567901235,0.5,0.2857142857142857,0.45562288183895244,0.08363072378848266,0.3731849152036012
0,0.12378048780487803,0.21421495895380482,0.4404558544634347,0.013370078209170761,0.6771480369208795,0.6712044408029706,0.47368421052631576,0.30092592592592593,0.25,0.0,0.1953610445126117,0.05917012665702434,0.4827247169933631
0,0.46646341463414637,0.11921917229980056,0.22102121388188903,0.021856645789620145,0.5155712323813026,0.566487344358477,0.46710526315789475,0.14969135802469136,0.03125,0.2857142857142857,0.1473352697933425,0.04378018824205935,0.4383617277278815
0,0.4512195121951219,0.023343799985711126,0.11181854199036416,0.19184722853496072,0.9743273191117127,0.46079789152075823,0.2894736842105263,0.7708333333333334,0.03125,0.0,0.3006859052818667,0.6083398193324422,0.385694930998349
0,0.35823170731707316,0.11764553046821646,0.2526464309496142,0.007202847159994151,0.47715738508519767,0.9277887361680569,0.4868421052631579,0.18595679012345678,0.125,0.2857142857142857,0.12118309500657244,0.20430947943819658,0.3661159417105887
0,0.2926829268292683,0.1357346462458479,0.30313003907219055,0.0,0.3416422903076429,0.6093797742213423,0.4473684210526316,0.1697530864197531,0.03125,0.2857142857142857,0.12435570319443429,0.14675737880754183,0.26828877545605423
0,0.3079268292682927,0.029520497202906074,0.019741483355964956,0.021875253672066018,0.5585600645251041,0.5021298350178911,0.4276315789473684,0.2854938271604938,0.0625,0.2857142857142857,0.5559215592083451,0.1147578824539652,0.2774182139480511
0,0.13246951219512196,0.1862119539224364,0.07977624479363878,0.0,0.5527218928192651,0.5410691437221536,0.4342105263157895,0.341820987654321,0.03125,0.0,0.5539687810621562,0.04740174370492103,0.5168143901307347
0,0.48018292682926833,0.5313483237559399,0.053042056259710924,0.0024009488954032493,0.5178045297610258,0.4735421686693509,0.34210526315789475,0.39274691358024694,0.03125,0.0,0.20448619849808308,0.12823340248734094,0.19126327194335116
0,0.3353658536585366,0.014698550615217154,0.011433417127459556,0.13379191452171307,0.32155012811569966,0.9311700951222552,0.48026315789473684,0.17746913580246915,0.25,0.7142857142857143,0.41586298917482645,0.12060473368717481,0.5074085551557576
0,0.2301829268292683,0.2534907251790867,0.1639445000261134,0.039434339325021474,0.7655418232040578,0.9155858992399086,0.4605263157894737,0.04938271604938271,0.125,0.0,0.7409223676586455,0.0670112558192341,0.359615774078017
0,0.3246951219512195,0.01966357063992006,0.04408079060798548,0.22927940234940214,0.5519631468161208,0.6269687442764827,0.34868421052631576,0.1867283950617284,0.0625,0.0,0.5310841838022203,0.201933646762293,0.13247134968278232
0,0.8170731707317074,0.7983079851408188,0.17110883661491857,0.0024009488954032493,0.29786127047214905,0.6683914317896568,0.3618421052631579,0.010802469135802469,0.125,0.5714285714285714,0.8264561506207431,0.1259163739477648,0.1666762847176184
0,0.30335365853658536,0.12268006867395193,0.32134574441173014,0.009603795423684862,0.5608630423462305,0.7128683448308119,0.4605263157894737,0.4992283950617284,0.125,0.0,0.24944324525446324,0.14178409318528315,0.3070320123288457
0,0.13567073170731705,0.23191672768556743,0.46750318665213025,0.007202847159994151,0.44593627019751986,0.3772909257592994,0.3157894736842105,0.5478395061728395,0.03125,0.0,0.12393745541552809,0.16996144446012082,0.1736974515981255
0,0.2454268292682927,0.09410203940921434,0.031443416727597956,0.00928617272852754,0.4434907774881803,0.15016761426796654,0.34210526315789475,0.18132716049382716,0.25,0.0,0.7864156759714926,0.17167027488662323,0.4827570522102357
0,0.43902439024390244,0.1195691998012037,0.36468979308386323,0.011884090540831213,0.5712161035577211,0.08780521656859784,0.5328947368421053,0.6072530864197531,0.5,0.0,0.04869067101596782,0.35345039019600644,0.3598867865153172
0,0.07134146341463414,0.12774725290153063,0.5672880060289337,0.039615830337173405,0.7356554680191699,0.3429949170589706,0.506578947368421,0.44367283950617287,0.0078125,0.0,0.413661390251291,0.5741895022151753,0.3754094698246673
0,0.37652439024390244,0.12818561559621267,0.05928663670696837,0.008488636439011155,0.2562383226796159,0.7109060991131055,0.6842105263157895,0.45524691358024694,0.125,0.2857142857142857,0.23443014015122846,0.22407398710537413,0.32738389065683965
0,0.288109756097561,0.1826987315660263,0.1317786129535573,0.04267889388398031,0.46274910373166844,0.0027741979835242602,0.17105263157894737,0.345679012345679,1.0,0.2857142857142857,0.08969405748541971,0.17167027488662323,0.002239639231808099
0,0.4085365853658537,0.5184988820047852,0.29896562332710963,0.0016977272878022313,0.6330146085222335,0.7006654524187039,0.5460526315789473,0.3626543209876543,0.015625,0.0,0.21117696128508434,0.0545266497261175,0.4442459636289148
0,0.4039634146341463,0.2850409713189848,0.3342457080161642,0.024950281064700947,0.2998956101137291,0.4509876339015206,0.4473684210526316,0.15200617283950618,0.0078125,0.42857142857142855,0.275259339135417,0.03636105110889728,0.3868811229015178
0,0.0,0.4296711031853271,0.6909505403843894,0.0,0.5164448303374334,0.28155745916089275,0.2236842105263158,0.5455246913580247,0.03125,0.0,0.15403006281509085,0.15725441103435245,0.1448259553083983
0,0.48628048780487804,0.1354520385200595,0.0670699549706877,0.07202846844137882,0.39863703579617665,0.9080225755354465,0.40789473684210525,0.31558641975308643,0.5,0.2857142857142857,0.3836739479451182,0.165118340941545,0.2530430301285317
0,0.701219512195122,0.24227818316652064,0.1200852317238768,0.00679090899328079,0.5798211534311626,0.027666038939641608,0.5328947368421053,0.3464506172839506,0.25,0.0,0.05731200868341805,0.11038865565644025,0.37592064473637593
0,0.0,0.09481533501950369,0.76363936074371,0.09365717971305722,0.6640891006219729,0.7342187389638937,0.4276315789473684,0.19830246913580246,0.25,0.0,0.0850651480051946,0.05204913711558495,0.44418562518594684
0,0.23932926829268292,0.3632708543467661,0.19880811661922732,0.004801897790806499,0.8092041201218807,0.6954272395281933,0.5394736842105263,0.466820987654321,0.125,0.0,0.13605486458392763,0.32531159718426395,0.39401710300901616
0,0.12240853658536585,0.10601544134370329,0.3697201642043897,0.010186363095100848,0.8954488748185716,0.7831836662768548,0.5328947368421053,0.19444444444444445,0.125,0.0,0.11870921490250658,0.05860989675619668,0.48235990148434116
0,0.4085365853658537,0.16010739742507,0.25764184478188773,0.011884090540831213,0.5395341807874052,0.10505858911947344,0.40131578947368424,0.17978395061728394,1.0,0.42857142857142855,0.3316889112823686,0.1147578824539652,0.3272853069238673
0,0.5685975609756098,0.7264939751180158,0.12137781494405202,0.0024009488954032493,0.40437515629635334,0.15016761426796654,0.4276315789473684,0.006172839506172839,1.0,0.5714285714285714,0.9277341010844251,0.05747299368112383,0.2680562403796928
0,0.32621951219512196,0.3750795606389561,0.15781197977189934,0.011884090540831213,0.571933416699594,0.6596163384059913,0.4144736842105263,0.5385802469135802,0.015625,0.0,0.16672443336470877,0.19806972507426146,0.34418687836899303
0,0.17073170731707316,0.06713625689523979,0.2969133132695296,0.0729029488972984,0.3510275703459365,0.5898152977821342,0.5394736842105263,0.4567901234567901,0.015625,0.2857142857142857,0.0907513747814753,0.3441887572918132,0.3305589614113996
0,0.34603658536585363,0.1180294956058592,0.033835210302719715,0.03743380837063333,0.6053880289770939,0.25245201650070764,0.4276315789473684,0.14737654320987653,0.5,0.0,0.10634344713964441,0.0689510001097456,0.48960082406841693
0,0.2271341463414634,0.17598092653677938,0.19718682064330387,0.11577105095172233,0.607935203743672,0.9172077786070164,0.4144736842105263,0.3140432098765432,0.5,0.2857142857142857,0.08486078922127396,0.1921204635894012,0.3684731016636237
0,0.21036585365853658,0.4530113490475592,0.391275876757759,0.00679090899328079,0.26836108093950223,0.4284331268756699,0.506578947368421,0.5763888888888888,0.0625,0.0,0.19539977543827783,0.0770743955630196,0.5895686280941049
0,0.18445121951219512,0.019271639922865038,0.15204918868897624,0.017276380078692432,0.7446104894096345,0.9052342291422064,0.375,0.29552469135802467,0.25,0.0,0.7051667905255171,0.18085857158358254,0.2671961081394858
0,0.4039634146341463,0.12755625620263497,0.14699769222734335,0.004801897790806499,0.44138271720119776,0.25245201650070764,0.48026315789473684,0.4537037037037037,0.0078125,0.42857142857142855,0.11683127340886981,0.14896157460508974,0.3370574271904518
0,0.25,0.07041937845892933,0.16230726058898798,0.1345364982973768,0.2809332772771696,0.39203451191065836,0.3157894736842105,0.3464506172839506,0.03125,0.2857142857142857,0.23575829661721692,0.34427748462082325,0.2539102792107299
0,0.33993902439024387,0.011872841498634601,0.06254364101731319,0.06899889671405247,0.8716327184397219,0.4685765762146812,0.3355263157894737,0.42978395061728397,0.0625,0.0,0.5303916489690678,0.32360186314517536,0.3401680905249924
0,0.3246951219512195,0.008474868584474857,0.2863628221742026,0.36261776306168325,0.8012647346286009,0.2593585349615804,0.0,0.4174382716049383,0.0078125,0.0,0.6177468392144503,0.38723953460040283,0.23383498302246403
0,0.0,0.14220352535854,0.7758137183538106,0.009191858046612173,0.5645390894967959,0.6137534637942472,0.47368421052631576,0.6041666666666666,0.0625,0.0,0.16962194105644876,0.2896839353798665,0.31502407117089537
0,0.2454268292682927,0.13019532391910751,0.22985469723132565,0.08536928493615124,0.8794686063994802,0.1977781781253712,0.8157894736842105,0.22608024691358025,1.0,0.0,0.6277489020290975,0.7423698767549177,0.42833301436472676
0,0.3353658536585366,0.10698493210132873,0.04379119492518508,0.005093181547550424,0.43114590801338615,0.4707538222761107,0.375,0.2962962962962963,0.0625,0.42857142857142855,0.40902406904258,0.029317465269155123,1.0
0,0.22103658536585366,0.013165929708098269,0.015507687543250336,0.019638368261245986,0.3729859713839705,0.4416484350998853,0.3355263157894737,0.30632716049382713,0.125,0.2857142857142857,0.5447392292068819,0.12355497184107994,0.18696972758430713
0,0.3414634146341463,0.13447550939992656,0.0755512112542271,0.05096709346218584,0.49046336462711854,0.8133014970071676,0.5723684210526315,0.4567901234567901,0.125,0.2857142857142857,0.13460162294225547,0.16687866243155414,0.41959306825778614
0,0.1600609756097561,0.37763912855338255,0.4579772490990873,0.0386584320831637,0.3728959360686489,0.6125583670449248,0.4605263157894737,0.25925925925925924,0.03125,0.42857142857142855,0.1958903086202173,0.08970506506047755,0.2682543516007711
0,0.28048780487804875,0.41694119504282146,0.0532816804632519,0.03254155563002745,0.48480487891711704,0.41334054661798353,0.39473684210526316,0.5285493827160493,0.015625,0.42857142857142855,0.15768905378259532,0.1082883381715392,0.37284593692528595
0,0.23780487804878048,0.12317240462722417,0.03149215904046273,0.04321703795044658,0.7720018724637757,0.5153451155001266,0.25,0.2762345679012346,0.03125,0.0,0.2428574164694101,0.5281193220172484,0.24991811763861327
0,0.3719512195121951,0.12986820853395215,0.046408023875817675,0.023768181871303102,0.7564505641654091,0.8311787617167559,0.42105263157894735,0.47453703703703703,0.25,0.0,0.14582933930291211,0.14361302981621982,0.31598035813496034
0,0.2942073170731707,0.10754702147168542,0.15172806514316675,0.0016977272878022313,0.37305043617740824,0.6824058477430263,0.5921052631578947,0.1412037037037037,0.25,0.2857142857142857,0.1315448008104543,0.09504432863404451,0.6393255647330156
0,0.6280487804878049,0.5490435033823762,0.016649184282338195,0.0016977272878022313,0.5826688049079648,0.7006654524187039,0.40789473684210525,0.02700617283950617,0.0078125,0.0,0.7701917626364774,0.03636105110889728,0.16064336870455379
0,0.21798780487804878,0.04267590368550001,0.25742761280993354,0.08656048947614291,0.6440836597318653,0.6409574988985047,0.5986842105263158,0.5779320987654321,0.125,0.2857142857142857,0.17933013874988993,0.5291537975111142,0.4127047387801825
0,0.07439024390243902,0.026043399491653022,0.46287172847928554,0.027213239620884035,0.8371701937319358,0.7889611000294231,0.3815789473684211,0.4506172839506173,0.125,0.0,0.644626563809653,0.36418597614556847,0.31705252585231525
0,0.25,0.09295192230596225,0.32584825741947276,0.005643913275975941,0.87130236329779,0.9701094593104775,0.4342105263157895,0.18287037037037038,1.0,0.0,0.12835064565654758,0.08785240921806639,0.41763779327770956
0,0.007911585365853659,0.4464734964781669,0.6463608718288527,0.0023996003470628685,0.6349387056743389,0.86531221628624,0.47368421052631576,0.5077160493827161,0.5,0.0,0.06737354519155836,0.113897682882337,0.31234782915432885
0,0.3048780487804878,0.10413065147595024,0.17983570380537675,0.033613285956998695,0.5194485358476101,0.02532870778357283,0.4934210526315789,0.15895061728395063,0.03125,0.0,0.12719067754199012,0.04065066592410343,0.46590885708004326
0,0.3170731707317073,0.00032809202035010245,0.19631221520061629,0.47727343077078094,0.7436496255087834,0.8667251430612287,0.7763157894736842,0.5632716049382716,0.25,0.0,0.5631587330879425,0.49972999313229677,0.3780538717090213
0,0.05213414634146341,0.07081467486103446,0.3105695457245819,0.004801897790806499,0.7156700742951361,0.01497707513754335,0.4473684210526316,0.28780864197530864,0.5,0.2857142857142857,0.5665285639559986,0.1493983883562017,0.31746957279299376
0,0.38109756097560976,0.18537661635090233,0.25750125058755174,0.03566028331675614,0.4207908774716902,0.5190954705281136,0.5723684210526315,0.2337962962962963,0.015625,0.2857142857142857,0.2598417500595569,0.31840977949451515,0.40382787082189153
0,0.4253048780487805,0.0573921094839751,0.17316435984606143,0.16666486102166236,0.29146097807584687,0.6461418368641753,0.45394736842105265,0.23765432098765432,0.03125,0.0,0.3366779444220276,0.26712867594241907,0.33834713820179996
0,0.375,0.10338987006171985,0.09301027236287195,0.12438948931410865,0.47897015353913713,0.6879764927779026,0.34868421052631576,0.4228395061728395,0.0625,0.0,0.43513218855686203,0.4412575445152362,0.295972084032576
0,0.5716463414634146,0.14995512107949016,0.027913838393894688,0.0016977272878022313,0.6045198774498121,0.7715738141676849,0.39473684210526316,0.19444444444444445,0.03125,0.0,0.10330227452029021,0.09259142894496893,0.33702687118407687
0,0.43902439024390244,0.2739135385835483,0.26846840358928825,0.025040629381518683,0.526014928938412,0.3772909257592994,0.4473684210526316,0.5439814814814815,1.0,0.0,0.18618828569010432,0.1297546082818396,0.35659803194564715
0,0.3643292682926829,0.08689642843660686,0.1125134851284127,0.09883108701619112,0.3643708902347962,0.2810397105912276,0.3881578947368421,0.2037037037037037,0.0078125,0.0,0.6091479266605242,0.254404325338458,0.29166025248389393
0,0.3445121951219512,0.3799460704191913,0.3042090737573281,0.047536363742606204,0.7259857797742957,0.7167069470966548,0.4144736842105263,0.05169753086419753,0.125,0.2857142857142857,0.8054427284970246,0.28489100092720554,0.4123295574360866
0,0.2606707317073171,0.10995422256512748,0.22598944324576636,0.04667400506064914,0.3319207055962426,0.9277887361680569,0.5855263157894737,0.4868827160493827,0.03125,0.42857142857142855,0.161156275827935,0.02571396225280966,0.44081115908447094
0,0.26676829268292684,0.07380871190790478,0.02833234660003395,0.0,0.5398754134016428,0.9977896854986069,0.28289473684210525,0.5702160493827161,0.0625,0.2857142857142857,0.27492228764554455,0.24487403479631348,0.2017801078387218
0,0.43749999999999994,0.03198877730602308,0.1544477564500124,0.017192549455984956,0.5023260251386847,0.6151287447025996,0.08552631578947369,0.36959876543209874,0.0625,0.0,0.5695829180312,0.5215365414616941,0.40467817872587186
0,0.15121951219512195,0.006379491284878659,0.29556272971640835,0.25267637650951663,0.8061619049749558,0.6678702986984517,0.46710526315789475,0.7515432098765432,0.015625,0.0,0.48578410490945073,0.4622377453236996,0.38389019269777974
0,0.40091463414634143,0.1023309958440591,0.1427359938274426,0.06294509280962679,0.37734502225173894,0.8255043894192755,0.3881578947368421,0.1412037037037037,0.125,0.42857142857142855,0.594059504234538,0.05141103313938506,0.47618542220123616
0,0.23780487804878048,0.6764739301361405,0.04031998720442884,0.0024009488954032493,0.9018819073295362,0.05391639355149885,0.4473684210526316,0.012345679012345678,0.0078125,0.42857142857142855,0.7350019897897515,0.03636105110889728,0.38656341779219777
0,0.2621951219512195,0.05094213286718741,0.1668091003603651,0.0839740214535895,0.8172275713982974,0.6184994229945614,0.10526315789473684,0.39274691358024694,0.125,0.0,0.710817623336553,0.5767553906122872,0.20055415444877656
0,0.1646341463414634,0.04912034507943273,0.19911418415177115,0.1475909247545086,0.8912408161901344,0.35282144534938165,0.34210526315789475,0.16743827160493827,0.0078125,0.0,0.83471230834801,0.4604376005129747,0.4162806424527979
0,0.21036585365853658,0.1053502287311823,0.07157963284544779,0.01492183189055454,0.7557927463352841,0.582056670539632,0.5197368421052632,0.09182098765432099,0.03125,0.0,0.7262287418520392,0.2595757620604367,0.424329017174951
0,0.288109756097561,0.15887096054617195,0.41986454280314406,0.03601423422068941,0.6004494873110363,0.9453777339651772,0.39473684210526316,0.33101851851851855,0.25,0.2857142857142857,0.08116235556646223,0.2308162490932619,0.31826064072309584
0,0.37652439024390244,0.06310046108138076,0.04409228968911985,0.0915495418978603,0.48366669837083165,0.39003628484510566,0.5,0.29475308641975306,0.015625,0.0,0.2853885392177522,0.8117561334313459,0.4190373357266551
0,0.461890243902439,0.3859181771639455,0.22922139602292757,0.08914869470817567,0.7853927332146217,0.22064874952748473,0.3618421052631579,0.19444444444444445,0.0078125,0.0,0.8262822774198407,0.757688387689509,0.3011560690958718
0,0.3079268292682927,0.012355747418877102,0.062030750173001345,0.2478170620502799,0.9135588661569035,0.5905323724769155,0.3618421052631579,0.1882716049382716,0.0625,0.0,0.7099990050126876,0.2479669397614963,0.3400889698077262
0,0.2682926829268293,0.3939814512941259,0.05400137727839507,0.004467471700067941,0.726364952765769,0.47723798296498177,0.45394736842105265,0.5270061728395061,0.015625,0.0,0.023212137026058705,0.11038865565644025,0.3151438661872803
0,0.12515243902439024,0.10232717091833472,0.3575968399509068,0.04345028596047312,0.6477025809210858,0.7831836662768548,0.45394736842105265,0.17669753086419754,0.125,0.2857142857142857,0.12026101242232967,0.029317465269155123,0.258354205535325
0,0.20884146341463414,0.013842477328891512,0.4526140544007625,0.35751123579712807,0.9131400142388728,0.5907508960520776,0.23026315789473684,0.37037037037037035,0.25,0.0,0.10651778252343055,0.5471628211101824,0.24003251468506198
0,0.25762195121951215,0.0686078986276129,0.18299535507709985,0.17751821937923506,0.8978137326872412,0.4420242002167536,0.6644736842105263,0.7245370370370371,0.0078125,0.0,0.26379868260130274,0.4372922696784974,0.4083738310006851
0,0.3231707317073171,0.34493812262287576,0.1927632599002468,0.009039367377795999,0.4073584915472193,0.896412806652216,0.29605263157894735,0.466820987654321,1.0,0.42857142857142855,0.09889573971279808,0.06551854229118571,0.10422995692299314
0,0.3323170731707317,0.07648411329891733,0.1175810372573085,0.16147858004919147,0.4199878369243198,0.6269687442764827,0.40789473684210525,0.13734567901234568,0.25,0.0,0.15467476171976546,0.024394673023081955,0.14221214037321028
0,0.2850609756097561,0.07472432300218608,0.0,0.012577016023704382,0.6356389871870146,0.17457337967279665,0.5657894736842105,0.1720679012345679,0.5,0.0,0.260785564482998,0.19429089150838613,0.2391480768823157
0,0.05015243902439025,0.16358290089729763,0.1399469489743958,0.03903254488238618,0.8506817374994227,0.6381439350455942,0.6776315789473685,0.18518518518518517,0.0625,0.0,0.7528127618381583,0.5495699955267463,0.4124132576864599
0,0.16310975609756098,0.26737254121388665,0.401005978338926,0.022006164250945277,0.37600215444724455,0.7396047888649463,0.40789473684210525,0.5408950617283951,0.125,0.0,0.09608958708987875,0.07490694090079084,0.25811254233554026
0,0.3246951219512195,0.010238611720433497,0.14870372418036532,0.3711584928854955,0.7951362405714086,0.8255043894192755,0.6118421052631579,0.39274691358024694,0.125,0.0,0.6325572124175156,0.22942906761267562,0.46930018700275894
0,0.2301829268292683,0.11312204726497534,0.2831945616374414,0.03704027356943169,0.37330463362780875,0.5699421918172589,0.3881578947368421,0.18209876543209877,0.0625,0.0,0.14328879393968055,0.1385237599483104,0.2311621447129368
0,0.3521341463414634,0.38639967478771825,0.11954160355925786,0.0,0.768866837245536,0.26686239373226556,0.3684210526315789,0.009259259259259259,1.0,0.0,0.6744594521594682,0.06347335507664528,0.14134038911488306
0,0.39329268292682923,0.3448724624378879,0.07587529601998982,0.007202847159994151,0.6763170103450455,0.7693965681062552,0.375,0.12808641975308643,0.125,0.42857142857142855,0.32118534306411944,0.10395848165061154,0.17808077646602688
0,0.38262195121951215,0.10817414081903953,0.018513459423024195,0.0033954545756044625,0.35606736327825045,0.17394011904749354,0.4934210526315789,0.17746913580246915,0.0078125,0.2857142857142857,0.23051103265669637,0.16900434543579218,0.45672534606030973
0,0.23628048780487804,0.24945774970197715,0.10052539671982921,0.0024009488954032493,0.5095757450399265,0.29139135294695007,0.4473684210526316,0.5370370370370371,0.015625,0.42857142857142855,0.05172087141365956,0.09469785138504128,0.26191830453307247
0,0.36128048780487804,0.23848722003711992,0.27903980581415083,0.04826652552102861,0.5603325694075816,0.3465799825969012,0.4934210526315789,0.3618827160493827,0.015625,0.0,0.21636926245705812,0.3723835742838988,0.3977573593174391
0,0.2073170731707317,0.04782873068311115,0.16460013024063508,0.0033954545756044625,0.6708742278340885,0.3772909257592994,0.40789473684210525,0.5949074074074074,0.5,0.2857142857142857,0.20412307989356185,0.06501331145121989,0.4705462532070268
0,0.1277439024390244,0.2624702094131235,0.4196042961456606,0.09897406725274852,0.7348129177845565,0.7766995055879837,0.17763157894736842,0.44135802469135804,0.125,0.2857142857142857,0.5462728074774239,0.5273416210369131,0.2933644267128498
0,0.0,0.23213943445384524,0.8252494340734309,0.0024009488954032493,0.7726706754639519,0.9444588918510541,0.48026315789473684,0.7006172839506173,0.125,0.42857142857142855,0.14104346327167577,0.09810693163195379,0.3964765598299755
0,0.5015243902439024,0.6406605827676801,0.1706941128131977,0.02400948895403249,0.7434592620507393,0.19482566856645595,0.5592105263157895,0.10185185185185185,1.0,0.0,0.926387485034056,0.5116585457476895,0.44023330245758474
0,0.38109756097560976,0.1440288947243792,0.20911298864719477,0.016913887631605465,0.5307016732752567,0.8865679825261037,0.4868421052631579,0.2013888888888889,0.125,0.0,0.1113731893477124,0.2578644931177771,0.3747599651646056
0,0.14786585365853658,0.4494068713261916,0.13118765423233103,0.012004744477016245,0.6385732584220638,0.8299806688336112,0.5592105263157895,0.6072530864197531,0.125,0.0,0.005611852306612428,0.35755244474613274,0.3666785744841721
0,0.23170731707317074,0.041691053947987874,0.3101593305663999,0.17669415037348424,0.8297251870471367,0.4977156976383863,0.19736842105263158,0.35108024691358025,0.0625,0.0,0.713443006989943,0.4029874967002668,0.3460558693756255
0,0.2621951219512195,0.11773102660569665,0.11593887095405346,0.010186363095100848,0.8139479904200702,0.24024913795958958,0.4868421052631579,0.20756172839506173,0.015625,0.0,0.110156002992135,0.1493983883562017,0.3810206665355724
0,0.6432926829268293,0.16721027201586378,0.09173841666231443,0.00664826119544649,0.738149317016284,0.04171351362328178,0.3355263157894737,0.19907407407407407,0.125,0.0,0.10183510268649902,0.09469785138504128,0.23149098922711256
0,0.4405487804878048,0.14432702054197266,0.06513228584555224,0.02881098276467097,0.5421139572001158,0.9939221206058161,0.5723684210526315,0.19830246913580246,0.25,0.2857142857142857,0.11958121534945591,0.12060473368717481,0.3844545273248827
0,0.6097560975609756,0.7434050761693713,0.036255471575552624,0.0016977272878022313,0.7517820822891396,0.1538634618539732,0.3815789473684211,0.010030864197530864,0.5,0.0,0.8183547317229871,0.04944717353325172,0.1957139283250466
0,0.1423780487804878,0.10342780109512678,0.3925346859535965,0.1265653047049634,0.8031108278421073,0.7405874097907106,0.35526315789473684,0.8294753086419753,0.125,0.0,0.40915321218398387,0.5426021522269334,0.3692144290567662
0,0.4603658536585366,0.17988184536131044,0.22655171801760046,0.029125655362276088,0.678495074166668,0.5021298350178911,0.3684210526315789,0.1736111111111111,0.03125,0.0,0.11211721135412524,0.10332489326169163,0.2315058262955244
0,0.1753048780487805,0.026204022037312685,0.16123137787410724,0.15815236085188963,0.3436657217061329,0.12761310724211597,0.46710526315789475,0.15895061728395063,1.0,0.2857142857142857,0.44918347259150126,0.08933764132903141,0.4943101621850931
0,0.38109756097560976,0.2698497577911023,0.024185984810155506,0.007126098034837052,0.8223754928671937,0.8766465627936662,0.4276315789473684,0.015432098765432098,1.0,0.0,0.8036395681939937,0.00813227066182591,1.0
0,0.42378048780487804,0.2531003893250254,0.0,0.007689574563715633,0.6540576710350207,0.20130981538433712,0.4276315789473684,0.30709876543209874,0.125,0.0,0.10486988793839848,0.03636105110889728,0.5357673139228171
0,0.28353658536585363,0.10717317086030567,0.006174926494829544,0.015694820620487007,0.575929233842238,0.6269687442764827,0.26973684210526316,0.1597222222222222,0.03125,0.0,0.09889159855415883,0.15390797465834594,0.18651115541775007
0,0.018597560975609755,0.022332803480245633,0.5369537400932248,0.019942872655912183,0.880771133705551,0.08128609543673838,0.5,0.3533950617283951,0.0078125,0.2857142857142857,0.6464539979577433,0.08480314255166875,0.4381814859687593
0,0.25609756097560976,0.039275678869718854,0.4100786748096985,0.04431148860848574,0.36279417985381973,0.7072163603110586,0.5657894736842105,0.345679012345679,0.125,0.2857142857142857,0.3704276016209826,0.3460465600124891,0.3905216970078784
0,0.2850609756097561,0.5954241284176695,0.13795418973351264,0.0023191385683561925,0.8165908930970945,0.7092233538422392,0.8092105263157895,0.10185185185185185,0.0625,0.0,0.9453523277434223,0.5746029854320074,0.3696935781795149
0,0.016463414634146342,0.5031211830688697,0.5644861900860437,0.008762971822146389,0.9652114742162826,0.7581622869200948,0.3881578947368421,0.5594135802469136,0.125,0.0,0.14067649006190328,0.14338573040255545,0.2909830076114625
0,0.15076219512195121,0.06110491683906392,0.3611827416469728,0.12579692115943256,0.9214960823098791,0.19621158852407508,0.11842105263157894,0.38271604938271603,0.0078125,0.0,0.8274595496615693,0.6344548172292529,0.2982346673441075
0,0.24085365853658536,0.12439570697325142,0.0921109693461202,0.0,0.3725426413069041,0.8029498269094651,0.4144736842105263,0.12114197530864197,0.0625,0.42857142857142855,0.14348096033912536,0.0545266497261175,0.2590577363089365
0,0.3521341463414634,0.19378885723636327,0.1770079172596587,0.023405845773069277,0.3397490624065049,0.8029498269094651,0.4868421052631579,0.1111111111111111,0.125,0.42857142857142855,0.5209368661508386,0.0545266497261175,1.0
0,0.29878048780487804,0.001429345603878088,0.027913838393894688,0.3841803229756693,0.8446268317732596,0.7325188214075092,0.4407894736842105,0.14351851851851852,0.5,0.0,0.7009776573029277,0.23533178686022033,0.3686907842001776
0,0.25914634146341464,0.2960048869197836,0.14872054488895273,0.0033954545756044625,0.4915702205148267,0.5021298350178911,0.5526315789473685,0.31635802469135804,0.03125,0.0,0.1462942305784559,0.1147578824539652,0.46238493729675423
0,0.2225609756097561,0.07597023795967356,0.2962246026681377,0.033509370823787896,0.4035761928779235,0.3772909257592994,0.42105263157894735,0.13040123456790123,0.125,0.2857142857142857,0.13351792424719003,0.03252373771696512,0.2684327367924177
0,0.1798780487804878,0.2068595394302733,0.4478274458473149,0.05541091795096458,0.31066146447579096,0.1538634618539732,0.4605263157894737,0.15046296296296297,0.03125,0.42857142857142855,0.3074093906170441,0.04944717353325172,0.3660252793321803
0,0.20121951219512196,0.18048950937683975,0.20451043883586414,0.022919557409561662,0.47031303949839437,0.8657017969090662,0.4407894736842105,0.5162037037037037,0.25,0.0,0.2128425297435946,0.2342456692881417,0.2975631623594559
0,0.1521341463414634,0.050631190740559905,0.3241381758477066,0.07596652807946438,0.35431081920167107,0.6659080529807453,0.39473684210526316,0.25617283950617287,0.125,0.0,0.4560635270004098,0.0670112558192341,0.3685444866830735
0,0.3231707317073171,0.20712593645943536,0.16289241519669928,0.013330352966222014,0.3518074097218263,0.3227673268499587,0.5,0.5216049382716049,0.015625,0.2857142857142857,0.2548849310669018,0.12060473368717481,0.4283491046161847
0,0.38109756097560976,0.4488328828802128,0.1746613723086866,0.03671236896307862,0.7488542113772575,0.4660802141592069,0.506578947368421,0.029320987654320986,0.03125,0.0,0.766780668080552,0.22817289757883072,0.3612037117115835
0,0.41920731707317077,0.58621267148599,0.1615631813968063,0.0,0.3676272084999738,0.6781109453928533,0.4605263157894737,0.013888888888888888,0.0625,0.5714285714285714,0.7746106007523376,0.02571396225280966,0.37509061983207037
0,0.3170731707317073,0.12446325154252766,0.1334959165154265,0.0763893925041622,0.5347560779915073,0.6583447570182632,0.4144736842105263,0.25308641975308643,0.125,0.2857142857142857,0.33113956070663103,0.0414552524734414,0.315553657043407
0,0.0871951219512195,0.016012376411377312,0.3268053037152855,0.1176290675575498,0.7746156659787038,0.9126962391363099,0.42105263157894735,0.12654320987654322,0.25,0.0,0.7957727533280773,0.1082883381715392,0.4296115704998234
0,0.25914634146341464,0.5520165251766533,0.19736880867356932,0.02829023132365571,0.5255980463505866,0.5795224129397027,0.42105263157894735,0.5910493827160493,0.0625,0.2857142857142857,0.016972233642247748,0.11038865565644025,0.43416464752060824
0,0.38871951219512196,0.2657408890487635,0.07718906476452232,0.004467471700067941,0.6929468038678507,0.4758794582124499,0.46710526315789475,0.016203703703703703,0.03125,0.0,0.8737976358495074,0.0699005632526706,0.27948364526503355
0,0.0,0.04362743975507996,0.75369596564128,0.10803366996241626,0.9262099972493996,0.5021298350178911,0.5657894736842105,0.4783950617283951,0.125,0.0,0.5765617224350709,0.18299228312375754,0.37516520743041626
0,0.4557926829268293,0.24071829983611476,0.11390985895494131,0.0016977272878022313,0.49805219395847034,0.5827330754919748,0.39473684210526316,0.470679012345679,0.25,0.2857142857142857,0.06453319103523457,0.05917012665702434,0.31510854499105057
0,0.4893292682926829,0.15334837928911915,0.06807666774928514,0.015694819041205663,0.5599610737268303,0.3261487246429288,0.39473684210526316,0.29012345679012347,0.0078125,0.0,0.08245219707138002,0.12823340248734094,0.47125902040383116
0,0.38871951219512196,0.07296731560410585,0.07418103550281373,0.03904772651395437,0.5831478752511781,0.0973434723981449,0.3684210526315789,0.19135802469135801,1.0,0.0,0.5978803331606495,0.6401038070139002,0.38906882465818654
0,0.20884146341463414,0.42734584784969604,0.24851942062502447,0.023407592458236696,0.4580035102695493,0.7518076535350745,0.46710526315789475,0.5084876543209876,0.125,0.42857142857142855,0.1404885110393861,0.022999769987272926,0.5338816602230881
0,0.11875,0.2069154157922011,0.40864951641227854,0.1852315400172521,0.9384056284195765,0.3319715054357358,0.3026315789473684,0.3618827160493827,0.0078125,0.0,0.7429566194035985,0.47315303877361997,0.3455316520773984
0,0.4024390243902439,0.12873947482459475,0.18935388893966498,0.025457557287641146,0.7879062447430039,0.5430313894398601,0.6644736842105263,0.38580246913580246,0.0625,0.0,0.4654178867216374,0.1127403383576091,0.4271101552539081
0,0.6051829268292683,0.14258847012642534,0.3301421079561033,0.028823942347386937,0.42454285153290355,0.7581622869200948,0.4407894736842105,0.1875,0.125,0.2857142857142857,0.1488249591772346,0.28389955224634744,0.3392423750386978
0,0.31097560975609756,0.19578895020764106,0.06116352380890206,0.017785665937143973,0.6131723143313175,0.13235646424472156,0.3618421052631579,0.0763888888888889,1.0,0.0,0.6319749544204484,0.5204281677878353,0.3485098957367177
0,0.3094512195121951,0.12894859780282042,0.05955476941042447,0.007202847159994151,0.25373479627079015,0.7204316407932941,0.46710526315789475,0.14660493827160495,0.03125,0.42857142857142855,0.3914359397329788,0.14608944818904526,0.3197357299969165
0,0.17378048780487806,0.0927994618897317,0.3674161249494053,0.07871739139361156,0.7026164613419404,0.009128801962045976,0.40131578947368424,0.15200617283950618,0.5,0.2857142857142857,0.13527911834436773,0.14338573040255545,0.46332590757914266
0,0.3125,0.3241428001388954,0.055219285324916115,0.005643913275975941,0.49910417015209907,0.3772909257592994,0.40131578947368424,0.3966049382716049,1.0,0.42857142857142855,0.17086378024705043,0.04877492537954885,0.30585912582592106
0,0.4100609756097561,0.4046760621734501,0.14364399587408114,0.0023191385683561925,0.7856071748115036,0.5614161659285543,0.4473684210526316,0.5455246913580247,0.125,0.0,0.07510122452212233,0.14155375862358957,0.29554383580145926
0,0.07042682926829268,0.04361514133974108,0.5992067847536853,0.18361348731537017,0.8743723798484718,0.6467349603930528,0.4342105263157895,0.42052469135802467,0.25,0.0,0.663520784974368,0.25933203422726037,0.3528462185046865
0,0.4253048780487805,0.0987358152504718,0.09057094422012299,0.06489391256529935,0.6267490306202845,0.23735946398500113,0.5592105263157895,0.24228395061728394,0.0078125,0.2857142857142857,0.4693462933357924,0.46752338382266595,0.3724378788654702
0,0.27439024390243905,0.04793624042247647,0.2785093873630678,0.17203939233044124,0.4709819348109239,0.7566228844590372,0.4605263157894737,0.3541666666666667,0.0625,0.0,0.49108155268749915,0.37100510709455453,0.23795439682366065
0,0.0,0.10959693831230925,0.7309432898327436,0.05179661414713912,0.7713926878584855,0.19523824729056566,0.40789473684210525,0.43209876543209874,0.0078125,0.0,0.2834122174754602,0.5432000961938922,0.28180501987996986
0,0.48628048780487804,0.33018861625980295,0.07443690204370079,0.005093181547550424,0.41332959304191325,0.17875530281009053,0.45394736842105265,0.47762345679012347,1.0,0.42857142857142855,0.07380178810053592,0.02571396225280966,0.368259751117847
0,0.23780487804878048,0.08766938165676691,0.25585243352504927,0.03532663170558911,0.2851926308032969,0.7006654524187039,0.5197368421052632,0.12885802469135801,0.125,0.42857142857142855,0.13881969805703123,0.018183512427284873,0.5179877407755283
0,0.5503048780487805,0.7883537563360082,0.018664362294193684,0.004801897790806499,0.5390216010599181,0.3772909257592994,0.4605263157894737,0.0038580246913580245,0.125,0.0,0.8668189516131863,0.00813227066182591,0.48246742768398937
0,0.08216463414634147,0.136476582001447,0.5362948865045895,0.057802261025515826,0.873200520678598,0.6814923320890316,0.40789473684210525,0.21682098765432098,0.125,0.0,0.11057988015856646,0.12060473368717481,0.20235224004922375
0,0.6371951219512195,0.15420425789733289,0.06880591942054341,0.03566028331675614,0.4230923013682014,0.9371280181956317,0.5131578947368421,0.15895061728395063,0.015625,0.42857142857142855,0.1752779780467567,0.04378018824205935,0.4444059378597583
0,0.20579268292682926,0.10798707512048049,0.27524664932300985,0.020628938530263926,0.4487179029562693,0.6874501441944886,0.4276315789473684,0.13734567901234568,0.015625,0.2857142857142857,0.15688629757530353,0.04378018824205935,0.35665666853509553
0,0.5411585365853658,0.15336369771106587,0.16360529090339343,0.015283472315355954,0.6095009597253819,0.37190487585824666,0.6447368421052632,0.2013888888888889,0.0078125,0.2857142857142857,0.10614581773851253,0.4629181779793475,0.3168495411416126
0,0.05365853658536585,0.03956815153444726,0.05388359457624463,0.08912333934618384,0.46802181611693067,0.806733721991073,0.48026315789473684,0.24074074074074073,0.25,0.0,0.45178060762703065,0.15220627163084519,0.3822185083996527
0,0.33384146341463417,0.10305302701065208,0.10365870302850279,0.00679090899328079,0.38873196643559754,0.0027741979835242602,0.32894736842105265,0.4853395061728395,0.015625,0.2857142857142857,0.09063193748063221,0.022999769987272926,1.0
0,0.16615853658536586,0.3944147972836164,0.4064948132238311,0.018888825542159392,0.31980730165483123,0.4758794582124499,0.46710526315789475,0.26080246913580246,0.03125,0.42857142857142855,0.19359693866326574,0.13946325957024136,0.34794627279381374
0,0.4115853658536585,0.0041213780589656294,0.2851886061477497,0.32995004417249924,0.6412656866766719,0.6241804533672023,0.34210526315789475,0.30246913580246915,0.0625,0.0,0.5574620147601986,0.44809014300523275,0.2994834719854024
0,0.21493902439024393,0.18451135949902836,0.4076453741725313,0.023768181871303102,0.48842953885763896,0.11177078888259022,0.4342105263157895,0.3487654320987654,1.0,0.2857142857142857,0.5540131136443746,0.16274055250141378,0.39327781784009724
0,0.0,0.3934945064270296,0.7905964588583217,0.0024009488954032493,0.8659486160516597,0.10136275263025872,0.3618421052631579,0.6087962962962963,0.03125,0.0,0.11865160842786421,0.09877446119500116,0.18029640409181283
0,0.40091463414634143,0.13038957149288474,0.1574229205564768,0.016129460166892137,0.34653963604746935,0.4466927315513476,0.5131578947368421,0.16820987654320987,0.03125,0.2857142857142857,0.12346601963034909,0.13421253765186542,0.4134263246724975
0,0.19359756097560976,0.05513013950995401,0.4719955093094309,0.08188863571254175,0.42045441432904346,0.5630914486068449,0.08552631578947369,0.2808641975308642,0.0625,0.0,0.3029255603440579,0.6558052516329579,0.24533309218584667
0,0.5152439024390243,0.13143430658869976,0.08395351323297079,0.020296810925594686,0.46896871008163826,0.3640756452770638,0.4473684210526316,0.30787037037037035,0.015625,0.2857142857142857,0.45024100249168336,0.09777143884608723,0.5169254747513785
0,0.21189024390243902,0.10455629145684434,0.10300798947955973,0.08359119575918739,0.5754813343036799,0.04824202680241446,0.3815789473684211,0.36496913580246915,0.5,0.42857142857142855,0.4352131629981116,0.10172343181563472,0.3384255627062627
0,0.5045731707317074,0.3243675223248061,0.33841343894031783,0.029782061543330587,0.5950071663618463,0.15781172261770882,0.48026315789473684,0.5354938271604939,0.0078125,0.0,0.16793489958115507,0.21368434861551824,0.4338530536125632
0,0.24085365853658536,0.17227922207375246,0.3509341460588335,0.014064081551561799,0.3239154013899594,0.8151527193215732,0.3223684210526316,0.2708333333333333,0.25,0.42857142857142855,0.26527077206097815,0.2349251116834211,0.14202241464856494
0,0.46493902439024387,0.06432900476119018,0.19334841450795806,0.2560234264277572,0.8583262311798574,0.32726023480700767,0.4276315789473684,0.5779320987654321,0.0078125,0.0,0.31209508388637835,0.35983578710362635,0.38612837761839824
0,0.24847560975609756,0.13439575377087448,0.31202616400527494,0.09585489973616526,0.805437191459421,0.5207442596156615,0.34210526315789475,0.25308641975308643,0.03125,0.0,0.6690452107666723,0.7188550550204753,0.3065134885042115
0,0.3871951219512195,0.10625569410078524,0.4459716596051652,0.023459373934972143,0.3204829357691569,0.6418268493206016,0.39473684210526316,0.16203703703703703,0.03125,0.2857142857142857,0.138615154399957,0.25847706818167926,0.3813540596400642
0,0.5442073170731707,0.17471900679220703,0.04416810018409955,0.013329998417560092,0.40520113646353656,0.896412806652216,0.46710526315789475,0.2816358024691358,0.25,0.42857142857142855,0.41154722708572133,0.06551854229118571,0.23133418663237384
0,0.2621951219512195,0.1956093346906724,0.016724211375001633,0.0033954545756044625,0.42382347674847215,0.3772909257592994,0.45394736842105265,0.25308641975308643,0.0625,0.0,0.10154023000660624,0.03252373771696512,0.6411592345434182
0,0.25609756097560976,0.3006560402784022,0.006579354370405671,0.012304591570996434,0.637786757171339,0.9560176709753476,0.3815789473684211,0.466820987654321,0.0625,0.2857142857142857,0.0933110175414673,0.10172343181563472,0.3117769965410601
0,0.0,0.07050411959475755,0.9832688522503232,0.16806641004397668,0.7391556755219549,0.35030469293872846,0.28289473684210525,0.27314814814814814,0.0078125,0.0,0.12718218262058506,0.28489100092720554,0.30189682404737583
0,0.2652439024390244,0.005200282907230577,0.1368206433038687,0.20794689634892263,0.8099798362126531,0.9808692971574957,0.5131578947368421,0.4182098765432099,0.25,0.0,0.5890984331593517,0.13298956609687168,0.4658646088885332
0,0.31402439024390244,0.19531734872122378,0.1390863794898745,0.060023722385081225,0.8163895906251759,0.08472062744368697,0.506578947368421,0.5023148148148148,0.5,0.0,0.47664420728998474,0.3866986048741556,0.34728084806764586
0,0.42073170731707316,0.3114610311513058,0.10251305874538119,0.0016977272878022313,0.4633982134297919,0.8766465627936662,0.4144736842105263,0.12654320987654322,0.015625,0.42857142857142855,0.36171776517493387,0.03252373771696512,0.31986275015506205
0,0.05823170731707317,0.17912342436302978,0.2768503799501234,0.005643913275975941,0.4197987042976539,0.6328530956193361,0.46710526315789475,0.5177469135802469,0.25,0.42857142857142855,0.10731458581517836,0.21799167176176257,0.35244458107405824
0,0.3567073170731707,0.06902615706343043,0.015507687543250336,0.005643913275975941,0.27227632324450596,0.35970195570415886,0.375,0.2777777777777778,0.0078125,0.2857142857142857,0.23488930035901254,0.21916405339018485,0.24417241261407635
0,0.2606707317073171,0.021757452287483416,0.018963526093825483,0.004801897790806499,0.5597474321703444,0.5246843420437417,0.42105263157894735,0.6203703703703703,0.125,0.2857142857142857,0.2928326416181045,0.08123466752020508,0.42212913942991914
0,0.49390243902439024,0.0357116842121355,0.01853013426373239,0.10676493060479843,0.6248330107990991,0.22989749837806514,0.48026315789473684,0.4799382716049383,0.015625,0.2857142857142857,0.19062644305050905,0.12168599155649547,0.4966540786234665
0,0.3384146341463415,0.05499048916307444,0.025368776439828176,0.14098467244283555,0.9369412775580452,0.6644085712286707,0.32894736842105265,0.8202160493827161,0.0625,0.0,0.3486082712027045,0.20758746406623632,0.15049335959963736
0,0.5457317073170731,0.19792506203024937,0.0506764546393738,0.08417810408537975,0.4166638229333364,0.9240928941304462,0.4276315789473684,0.1867283950617284,0.0625,0.2857142857142857,0.12876104557008614,0.11038865565644025,0.3846818640123114
0,0.288109756097561,0.09009001678786732,0.08053888490840722,0.04646418963757704,0.4782461785224294,0.8503962692141646,0.4342105263157895,0.12191358024691358,0.5,0.42857142857142855,0.43247288067979783,0.04944717353325172,0.3390660630140661
0,0.3963414634146341,0.05489859735044338,0.018361734387444675,0.046195072989645924,0.758452772953859,0.566487344358477,0.40131578947368424,0.26157407407407407,0.0625,0.0,0.5509871653292142,0.04378018824205935,0.43811124583258604
0,0.08170731707317073,0.057902605410865976,0.4627848197848255,0.05743000151295154,0.8942523990211322,0.738592373052839,0.45394736842105265,0.3912037037037037,0.125,0.0,0.11409736921435307,0.40416239111437396,0.29020006216406763
0,0.3094512195121951,0.22506482562737673,0.21362132616955437,0.01086914643317729,0.6527863145336046,0.9789309650264072,0.3815789473684211,0.31635802469135804,0.125,0.0,0.10601819055696769,0.08123466752020508,0.23279035438933543
0,0.28963414634146345,0.05450767746204635,0.053596071645406,0.0064489787893039704,0.6043382375091617,0.7892474804872623,0.48026315789473684,0.24459876543209877,0.125,0.0,0.3002193409042833,0.2915123273676005,0.39333950229448533
0,0.6143292682926829,0.19597542937599113,0.13591906760435574,0.0016977272878022313,0.5285928283332706,0.5430313894398601,0.39473684210526316,0.32021604938271603,0.015625,0.0,0.09604780575717925,0.1127403383576091,0.40138153374442886
0,0.3353658536585366,0.11077517766717594,0.2111380836347256,0.07312168173248428,0.45119588961399554,0.09285570780415738,0.4144736842105263,0.15432098765432098,0.125,0.42857142857142855,0.37378785605968534,0.07490694090079084,0.2868754603707163
0,0.38871951219512196,0.003766168063991694,0.3644199375073444,0.44174165357705647,0.8508376992204437,0.39487989581443994,0.5921052631578947,0.5316358024691358,1.0,0.0,0.5270614086868419,0.36025677154274915,0.44089656118836396
0,0.16158536585365854,0.038732609925276676,0.38665400710284764,0.1733613692621945,0.8981071628878247,0.685921838525365,0.3157894736842105,0.29398148148148145,0.015625,0.0,0.8221510094943086,0.15642473623858066,0.28909300644956076
0,0.350609756097561,0.19315949784278558,0.2579818291464832,0.06657351538867536,0.6490848968712544,0.8422259787328873,0.5723684210526315,0.5108024691358025,0.125,0.0,0.08519539114186202,0.40496776987200667,0.4530097356851297
0,0.24847560975609756,0.0833494119566679,0.16884006066471688,0.04284629770653605,0.6943475976740856,0.26740302943529476,0.13157894736842105,0.6712962962962963,0.015625,0.0,0.27788125641717826,0.301502569094365,0.1637689000502976
0,0.37652439024390244,0.12831178198796928,0.07954172392575957,0.04129685293447846,0.3543172902976424,0.2919490499675779,0.375,0.5092592592592593,0.015625,0.2857142857142857,0.10487791143326204,0.3875482235137473,0.35264044894276986
0,0.36128048780487804,0.05022747700598792,0.09515993035879826,0.11125284547016312,0.6102389354490176,0.7671421161149444,0.4605263157894737,0.20833333333333334,0.125,0.0,0.5831713074203536,0.3508580618470579,0.37535013702241543
0,0.39329268292682923,0.04679127105776044,0.030686855121166222,0.049579263656914396,0.7270415715451972,0.58583715335772,0.3157894736842105,0.42592592592592593,0.125,0.2857142857142857,0.28669725627164616,0.28223853901738494,0.3668976494463329
0,0.3628048780487805,0.01700082769395977,0.2558332054864275,0.24999206411124206,0.7357335796555143,0.7234997927951526,0.3684210526315789,0.5486111111111112,0.125,0.0,0.49281982251363815,0.5542431332313382,0.2854042389458038
0,0.5609756097560975,0.2369394229728284,0.15424789705440728,0.004801897790806499,0.34584947812288,0.4284331268756699,0.45394736842105265,0.4398148148148148,0.015625,0.2857142857142857,0.09392031323723944,0.02571396225280966,0.5333492894993628
0,0.21646341463414634,0.8038267976292949,0.26753702187977385,0.0,0.4642198395309745,0.10136275263025872,0.28289473684210525,0.5578703703703703,0.0625,0.0,0.06776051243288599,0.09877446119500116,0.0336588721259756
0,0.4435975609756098,0.36365184939526557,0.209267741206309,0.0064489787893039704,0.6409479783271519,0.5475976638367813,0.5,0.4375,0.0625,0.0,0.1521239836274856,0.10172343181563472,0.4640877191001032
0,0.17073170731707316,0.000288473527052614,0.2900044800819961,0.4961286523644843,0.7389804666752559,0.472056696617093,0.3815789473684211,0.6280864197530864,0.03125,0.0,0.6043950227562214,0.2718051310192451,0.3154219954665716
0,0.44664634146341464,0.18812690017848616,0.012397168245439946,0.01697727287802231,0.3988241375510683,0.03415018853172076,0.48026315789473684,0.020833333333333332,0.5,0.7142857142857143,0.6784663004526693,0.029317465269155123,0.40135120980898853
0,0.0,0.06501086484815263,0.9319854801276947,0.15606168451833657,0.7260806922589538,0.9932712382749216,0.3026315789473684,0.31867283950617287,0.25,0.0,0.12395965868126797,0.6242526102706291,0.3306935006678228
0,0.448170731707317,0.00574562621615323,0.14202492361827418,0.25417544615487636,0.807231743608962,0.23804163926914976,0.47368421052631576,0.44367283950617287,1.0,0.0,0.611037367264311,0.6491941496308669,0.32854214121949554
0,0.21493902439024393,0.0955058308278406,0.286337555409393,0.0710628121252168,0.862024294826702,0.01497707513754335,0.506578947368421,0.2021604938271605,0.5,0.0,0.11701681210576031,0.07490694090079084,0.44567861486451477
0,0.7698170731707318,0.7929339332996599,0.1271630472391597,0.0,0.2281558555002731,0.05391639355149885,0.3881578947368421,0.009259259259259259,0.5,0.5714285714285714,0.8265568140528443,0.018183512427284873,1.0
0,0.35823170731707316,0.11776556325151133,0.11252343066563084,0.033613285956998695,0.3206578984495802,0.02532870778357283,0.40789473684210525,0.16820987654320987,0.03125,0.2857142857142857,0.11951086187087709,0.08123466752020508,0.27038821290063764
0,0.46646341463414637,0.05153129622240228,0.004386236518951808,0.009598543523572513,0.32715407261025087,0.4162302344635619,0.47368421052631576,0.12885802469135801,0.03125,0.42857142857142855,0.5685797315945003,0.033524336403627356,0.5692232786950681
0,0.4984756097560975,0.37595679768233214,0.014212465440533235,0.0016977272878022313,0.5474622734027894,0.9277887361680569,0.34210526315789475,0.13503086419753085,1.0,0.42857142857142855,0.30567998545861724,0.05141103313938506,0.3241961333578606
0,0.1198170731707317,0.002262748811262378,0.28111557713901475,0.344836121133406,0.9396863700102519,0.24512105961934563,0.19078947368421054,0.7839506172839507,1.0,0.0,0.472657001769347,0.6886170090537278,0.3288981999185895
0,0.6814024390243902,0.1937683411584159,0.008871534464805651,0.01117425174439521,0.7596299400840517,0.8904335777383263,0.32894736842105265,0.2962962962962963,0.125,0.2857142857142857,0.09879839475380273,0.18666502019376077,0.2297108349742038
0,0.22865853658536583,0.2694844867439493,0.304860072921699,0.02641044037628589,0.4774041052349751,0.11992797405259335,0.2565789473684211,0.24691358024691357,0.5,0.0,0.2795596735598594,0.4849712268709528,0.3387391678957401
0,0.38109756097560976,0.3513822925905947,0.3457670773544504,0.07544083585676171,0.7548528527240407,0.28155745916089275,0.5328947368421053,0.2368827160493827,0.0078125,0.0,0.6677433802377476,0.3107356082304203,0.23253606653071437
0,0.2942073170731707,0.2947609624211967,0.02323672459491572,0.0,0.7040111317620683,0.4284331268756699,0.6118421052631579,0.30092592592592593,0.0078125,0.0,0.15920995899846227,0.15369632383415346,0.49402223951236623
0,0.39024390243902435,0.00261909823476246,0.2672008219195968,0.28768944664192675,0.8539445176293363,0.07983188582155681,0.32894736842105265,0.7384259259259259,1.0,0.0,0.5864951880660977,0.7668115821941976,0.34189799368488566
0,0.4176829268292683,0.1963493985413493,0.03721771607215136,0.038415181694739446,0.42784860306331157,0.2947727396431283,0.5460526315789473,0.1558641975308642,0.0078125,0.42857142857142855,0.26035893270657884,0.13075870011195143,0.2972755955288286
0,0.5884146341463414,0.19591492940890548,0.08167304235105564,0.010186363095100848,0.8763166010936122,0.35970195570415886,0.40789473684210525,0.33101851851851855,0.03125,0.0,0.0943911851593002,0.07357559277542675,0.37780009440645607
0,0.018902439024390243,0.4720058428392305,0.5207372815449999,0.0016977272878022313,0.7664022820352253,0.47671166212354754,0.5592105263157895,0.5625,0.0625,0.0,0.1346193707649951,0.17960167865966872,0.3920734006328728
0,0.11615853658536585,0.28977175551299406,0.39176895099165676,0.018892315753931542,0.3864868530746429,0.6853309343548744,0.35526315789473684,0.27391975308641975,0.0625,0.42857142857142855,0.2579609892503286,0.11303080648017473,0.07239217636277082
0,0.2713414634146341,0.059973100726267915,0.2992683756805808,0.038415181694739446,0.30076591713446205,0.6269687442764827,0.4276315789473684,0.14891975308641975,0.0625,0.42857142857142855,0.5974016780788248,0.04065066592410343,0.30368390948552815
0,0.21951219512195122,0.07782040382604888,0.18995630287965637,0.06281094865219393,0.40901079036021487,0.39705714187586943,0.4407894736842105,0.16512345679012347,0.015625,0.42857142857142855,0.47714313371309486,0.06551854229118571,0.3311782194929993
0,0.28048780487804875,0.16230555665616633,0.34584101094804737,0.0526295460797973,0.5669612117953402,0.2082163199742199,0.4144736842105263,0.31558641975308643,0.5,0.0,0.07529050690037198,0.08363072378848266,0.41163396348843445
0,0.3628048780487805,0.14638723285966862,0.14882980299063836,0.0071315276041006995,0.9114787918983848,0.26883681817911964,0.5197368421052632,0.2199074074074074,0.0078125,0.0,0.11686723123723286,0.16687866243155414,0.3743445581918641
0,0.5457317073170731,0.18204086306048345,0.1497496988797347,0.07787811864635374,0.45688468454668746,0.6820510278209335,0.4934210526315789,0.1875,0.125,0.0,0.578569907065375,0.30641178487078724,0.3712702681084563
0,0.3643292682926829,0.00293299048354736,0.29429018037838334,0.3874495932876753,0.9347125188690297,0.5288662790520254,0.4407894736842105,0.5810185185185185,0.0625,0.0,0.5098533878245721,0.5830528523991917,0.30474402498568504
0,0.08856707317073172,0.005265453901065457,0.3635368044040267,0.20382789370931179,0.7100533291542506,0.7795717437282458,0.39473684210526316,0.5640432098765432,0.125,0.0,0.7993540236218344,0.3871622942916664,0.37175746235693397
0,0.26981707317073167,0.30760146270650623,0.06889277711224849,0.02272235254802832,0.44766144961350207,0.8568803189351164,0.42105263157894735,0.1427469135802469,0.25,0.42857142857142855,0.2900765526451633,0.06551854229118571,0.37333096517837516
0,0.3414634146341463,0.16890110757494406,0.08087573872390291,0.026573374832635662,0.7547113378863223,0.6038211414637346,0.3223684210526316,0.09953703703703703,0.0625,0.0,0.6277232878536748,0.5815217365740561,0.3535619252666611
0,0.4405487804878048,0.619281244667021,0.06611075023828487,0.03336951993321535,0.5351059110400005,0.7766995055879837,0.28289473684210525,0.1257716049382716,0.0625,0.0,0.9068453759027679,0.3259737100230961,0.3631777689659584
0,0.5,0.034288400023586005,0.10053313485781248,0.11877973984182551,0.4945231542306491,0.6589104159871038,0.34868421052631576,0.5100308641975309,0.0625,0.2857142857142857,0.045705135972170796,0.43408697016149933,0.3698012281503281
0,0.16615853658536586,0.14269808263898662,0.3797889036774211,0.0190303788980217,0.8287051663131668,0.39984543278514995,0.3881578947368421,0.24691358024691357,0.03125,0.42857142857142855,0.1060899860461441,0.1147578824539652,0.14215344189817933
0,0.6265243902439025,0.38259162740606084,0.07325194687716252,0.017785665937143973,0.452455830154378,0.8766465627936662,0.46710526315789475,0.11959876543209877,0.5,0.42857142857142855,0.3381837824758812,0.04877492537954885,0.4478237238690061
0,0.4451219512195122,0.3637381442121792,0.13910571973455718,0.0016977272878022313,0.49971412402700094,0.6269687442764827,0.45394736842105265,0.47608024691358025,0.03125,0.2857142857142857,0.06868801180052733,0.016264006583052878,0.2920418853999688
0,0.3628048780487805,0.11258253306798043,0.22815949826345822,0.012577016023704382,0.7576783338506415,0.08383417131682355,0.5986842105263158,0.5354938271604939,1.0,0.0,0.10985696142262996,0.3794240779382443,0.4136953722425525
0,0.25,0.31911679781960517,0.0828716570754286,0.005093181547550424,0.3950574242841,0.8161651073917007,0.40131578947368424,0.345679012345679,0.125,0.42857142857142855,0.47789889516475725,0.04378018824205935,0.19553097907168834
0,0.005076219512195122,0.4438391522017814,0.6457616914635261,0.015601201612004055,0.6104780552150342,0.46319052631362856,0.3684210526315789,0.5972222222222222,0.015625,0.42857142857142855,0.09650934158498632,0.18855899217439318,0.26436137714605656
0,0.5503048780487805,0.6109621248117566,0.2968554863459505,0.04226485685235962,0.6588157420502371,0.20306610464374666,0.6907894736842105,0.040123456790123455,0.0078125,0.0,0.8469733732003661,0.6163546649197814,0.39436066082043875
0,0.0,0.08038739696333344,0.8132585129718367,0.10706736298234015,0.3773402527801481,0.39984543278514995,0.40131578947368424,0.18441358024691357,0.0625,0.0,0.08628105873601262,0.05747299368112383,0.431249527155471
0,0.48628048780487804,0.11065998687794651,0.05075582206648475,0.010186363095100848,0.6642563706062821,0.3772909257592994,0.42105263157894735,0.046296296296296294,0.0078125,0.0,0.8109244023725733,0.024394673023081955,0.26822000510246624
0,0.1646341463414634,0.5940910825257364,0.20851094192703912,0.0,0.7205139342574189,0.9892826073821297,0.4473684210526316,0.017746913580246913,0.5,0.0,0.7199535924015064,0.07490694090079084,0.36832375628158
0,0.13323170731707315,0.2560115758600389,0.36812351275966526,0.0023191385683561925,0.821150661791877,0.4162302344635619,0.5263157894736842,0.34953703703703703,0.015625,0.2857142857142857,0.5356052937466176,0.16687866243155414,0.4058589556405691
0,0.3978658536585366,0.13486402326653024,0.07009916567653318,0.012304591570996434,0.40145008552585687,0.6703634149422852,0.3355263157894737,0.6751543209876543,0.125,0.2857142857142857,0.045824434618148766,0.20958957247909976,0.2021418290686173
0,0.48323170731707316,0.23079526944667428,0.0702027828735197,0.00886172302121575,0.8430017651045089,0.25245201650070764,0.375,0.5733024691358025,1.0,0.0,0.22904211377160424,0.0689510001097456,0.07008279207945002
0,0.4542682926829268,0.3320301339254377,0.13191940095836216,0.0,0.5804982953139265,0.6065718142483585,0.5592105263157895,0.39197530864197533,0.03125,0.0,0.06802018526434513,0.2515232865790978,0.2817923952211334
0,0.19969512195121952,0.2460605667316946,0.018563632873193278,0.0,0.5405830491318039,0.11967223183728419,0.34210526315789475,0.3402777777777778,1.0,0.2857142857142857,0.5242542669925512,0.1621404670964083,0.19188672277316723
0,0.42073170731707316,0.1603933371416199,0.14909458889331367,0.024469543085479866,0.5105591331550002,0.6383030630419292,0.48026315789473684,0.12731481481481483,0.125,0.2857142857142857,0.4462630313850649,0.113897682882337,0.3116170532530079
0,0.3414634146341463,0.038789274983145064,0.005188973367585423,0.01492183189055454,0.5400444834768426,0.0764709061257454,0.39473684210526316,0.1736111111111111,0.125,0.42857142857142855,0.3108981688720864,0.10268735125825082,0.24176917884484678
0,0.29573170731707316,0.021591411201042278,0.030030302776834793,0.0,0.4226472788979899,0.3261487246429288,0.47368421052631576,0.9313271604938271,1.0,0.2857142857142857,0.2948064398418507,0.254404325338458,0.27883616735779965
0,0.1003048780487805,0.44515055263313075,0.4886737774027602,0.0,0.420058932821808,0.37093634785823865,0.6052631578947368,0.5570987654320988,0.0078125,0.2857142857142857,0.12224811226947288,0.20209293014255267,0.5133746347396883
0,0.5564024390243902,0.2502842581219615,0.1672589854613587,0.007202847159994151,0.48711625716240015,0.3772909257592994,0.48026315789473684,0.4305555555555556,0.125,0.42857142857142855,0.09641337393098483,0.03252373771696512,0.5678695315771958
0,0.19817073170731705,0.18450454576511152,0.052634837003355577,0.04827614097549682,0.7520511420284328,0.5848760879502877,0.42105263157894735,0.05555555555555555,0.03125,0.0,0.7303481778957449,0.4781635829422404,0.34259997731893393
0,0.3125,0.04762740730872798,0.03150971316866652,0.04103397365821888,0.25455871479541475,0.05391639355149885,0.4276315789473684,0.19290123456790123,1.0,0.2857142857142857,0.30658048410218447,0.14496919139076547,0.3845014675392327
0,0.3414634146341463,0.17720278127633343,0.1223018522568515,0.019638368261245986,0.542579349929638,0.6732957699528503,0.40131578947368424,0.06018518518518518,0.0625,0.0,0.6205452641395518,0.08480314255166875,0.20746878529895613
0,0.4496951219512195,0.16889692698728448,0.07211104687030775,0.036593278515425,0.5465591201081876,0.8205388247065856,0.4605263157894737,0.29398148148148145,0.25,0.0,0.08677821962050643,0.1639339152713919,0.4057173923705286
0,0.2027439024390244,0.0,0.18708989704787896,0.5739253385268527,0.6945535619198495,0.25066614041980384,0.24342105263157895,0.7770061728395061,0.0078125,0.0,0.597183333640839,0.4911975136938774,0.26497890243134525
0,0.5350609756097561,0.3950190357131381,0.3112826356428469,0.0024009488954032493,0.487618851770331,0.8503962692141646,0.42105263157894735,0.49382716049382713,0.25,0.0,0.08401887688006292,0.04944717353325172,0.3026157024454552
0,0.17073170731707316,0.4966380712390857,0.1463803242795963,0.0016977272878022313,0.6946711217018681,0.28775191035434444,0.35526315789473684,0.5540123456790124,0.0078125,0.2857142857142857,0.15312668015032851,0.18175079369987443,0.10023174603518416
0,0.2972560975609756,0.1036471009964462,0.1390568692958519,0.0016977272878022313,0.5974432124403575,0.12761310724211597,0.47368421052631576,0.16512345679012347,0.25,0.2857142857142857,0.10127050007559464,0.04065066592410343,0.44768571901996124
0,0.20121951219512196,0.19435040375429252,0.1321683760069984,0.09068663836383926,0.9053724528060016,0.6947811010758507,0.5197368421052632,0.16743827160493827,0.125,0.0,0.7291117462448843,0.3834338402220342,0.3095425556981847
0,0.5167682926829268,0.5285354122293421,0.09831404885166277,0.0016977272878022313,0.4307458108884821,0.4660802141592069,0.47368421052631576,0.4390432098765432,0.0078125,0.2857142857142857,0.1950874692200065,0.07664584553468205,0.353560161527559
0,0.36128048780487804,0.018502075474582495,0.07442306193611353,0.06991377044892969,0.6809830459439505,0.0027741979835242602,0.5657894736842105,0.4035493827160494,0.0078125,0.0,0.5470986081233042,0.01150064130499284,0.5804389575311738
0,0.19664634146341461,0.010886590328304045,0.24191291136782048,0.17097642543565264,0.9231222259560861,0.15049003155761173,0.6644736842105263,0.6882716049382716,1.0,0.0,0.5026350155446894,0.5393972983271011,0.4213001820519124
0,0.10564024390243903,0.02666417495322578,0.3686715985650681,0.10914291769701615,0.6644890131221702,0.2158295792423854,0.4473684210526316,0.4868827160493827,0.0078125,0.0,0.37285498612693374,0.46143189619239194,0.34845039274911377
0,0.0,0.4680130634004838,0.7576352144237424,0.004801799638470915,0.2839269053554365,0.2947727396431283,0.48026315789473684,0.5871913580246914,0.015625,0.42857142857142855,0.10998581801064582,0.06551854229118571,0.3729260787546641
0,0.4054878048780488,0.09893125460371618,0.3282309735242659,0.11993344434628335,0.46288311049797937,0.0027741979835242602,0.40789473684210525,0.2052469135802469,0.5,0.2857142857142857,0.4006224716054248,0.1147578824539652,0.45631287865273834
0,0.18902439024390244,0.012354032130000053,0.44787620448106125,0.3982068444790062,0.4318354351368941,0.5811823820451244,0.13815789473684212,0.38580246913580246,0.125,0.0,0.10386937291876736,0.4430273378456693,0.21424329171888912
0,0.2759146341463415,0.12795343698902847,0.18299071382639803,0.0033954545756044625,0.46423359407162684,0.1940897986803362,0.506578947368421,0.11805555555555555,1.0,0.42857142857142855,0.3698585620543933,0.08000948768458979,0.5180787125818493
0,0.30640243902439024,0.029361574346915775,0.1799050471510269,0.12105306006291226,0.4426224413361917,0.9853220236309513,0.47368421052631576,0.16512345679012347,0.5,0.2857142857142857,0.3371679969337678,0.27955822603470265,0.37756785328661174
0,0.4435975609756098,0.0936200738092111,0.12420948789969838,0.023405845773069277,0.7140429152130421,0.7172689441241572,0.42105263157894735,0.04243827160493827,0.125,0.0,0.8429251133207725,0.43888379138610634,0.26510886215466106
0,0.09009146341463414,0.3382749959364064,0.5867065603415634,0.01492183189055454,0.690403029272955,0.045094915577548904,0.4473684210526316,0.2762345679012346,0.5,0.0,0.22014562938974366,0.06551854229118571,0.3868554403847673
0,0.23780487804878048,0.10350912288463045,0.32292202535612163,0.07268779234471795,0.34317871250052967,0.7128683448308119,0.4144736842105263,0.19290123456790123,0.0625,0.2857142857142857,0.279080667219043,0.09469785138504128,0.30348855217287246
0,0.18597560975609756,0.04212800647429516,0.11801365282547102,0.03200274036898961,0.37425989724588865,0.5983810779279426,0.4144736842105263,0.14737654320987653,0.125,0.42857142857142855,0.4751897639728146,0.09079832240981246,0.2318761496213917
0,0.3018292682926829,0.12327642014406805,0.1967891827644962,0.07090380218300901,0.43714628790949106,0.6678702986984517,0.3092105263157895,0.24614197530864199,0.0625,0.2857142857142857,0.22512851549704752,0.15910486849874572,0.16530698884713496
0,0.47103658536585363,0.5569260014145363,0.03984765681103031,0.004801897790806499,0.7006927795954252,0.20130981538433712,0.4868421052631579,0.013117283950617283,0.0625,0.0,0.7768457171786095,0.018183512427284873,0.5383128226462862
0,0.18292682926829268,0.04329886428408529,0.04514778864295134,0.279041373065104,0.825003440942972,0.8088341505103388,0.40789473684210525,0.19907407407407407,0.125,0.0,0.1797398916073911,0.1952840904744454,0.4308676931112528
0,0.2865853658536585,0.091596182686689,0.08959893677616891,0.12128571979063783,0.7221752796810449,0.6593973987011316,0.40789473684210525,0.27391975308641975,0.25,0.0,0.11930846274238395,0.238558228436084,0.45884384426431274
0,0.2621951219512195,0.0031401553244307617,0.1387884111948191,0.21136039452974847,0.8892220681050388,0.7006654524187039,0.42105263157894735,0.4035493827160494,0.125,0.0,0.5682123886384207,0.018183512427284873,0.6250556776850335
0,0.23780487804878048,0.05472106339174821,0.4422257622667746,0.10136182220008422,0.611411917752524,0.5490901268679577,0.40789473684210525,0.2222222222222222,0.125,0.0,0.30045075587422426,0.4035020359876957,0.38233606006367093
0,0.20426829268292684,0.0007656419963117234,0.11233468987060805,0.4362341783646668,0.8661875511929695,0.7595176213449457,0.4276315789473684,0.5632716049382716,0.25,0.0,0.4879462888766519,0.5616712000373725,0.3586040531033995
0,0.30640243902439024,0.2793882614714233,0.14637984485369962,0.010931524887736787,0.7601318885055088,0.6269687442764827,0.39473684210526316,0.05169753086419753,0.03125,0.0,0.7316478084341426,0.04065066592410343,0.2524363502915816
0,0.2972560975609756,0.21567380309619316,0.26860631503871313,0.07291477218708672,0.8717229999213192,0.9101998215968761,0.5328947368421053,0.23842592592592593,0.5,0.0,0.6027235845750862,0.2308162490932619,0.40133689876802814
0,0.6524390243902439,0.13877624839679145,0.2475798988758177,0.02400948895403249,0.37336019027914613,0.06113641580389572,0.4342105263157895,0.16049382716049382,0.25,0.42857142857142855,0.2054134945052556,0.08000948768458979,0.2959906961215223
0,0.48628048780487804,0.0006405398449001978,0.08383764517424173,0.45732074288131036,0.8794974540099086,0.578107960355823,0.5592105263157895,0.4212962962962963,0.03125,0.0,0.5588307231524156,0.5138163726034863,0.3465128479884323
0,0.3719512195121951,0.1348028057358911,0.38765602762798834,0.02037272697984237,0.48215465279339176,0.3640756452770638,0.47368421052631576,0.2986111111111111,0.0078125,0.2857142857142857,0.0761111126106378,0.2896839353798665,0.2968500547919476
0,0.05472560975609756,0.029386725261450523,0.27338496716238625,0.10396353818402229,0.4165264929223042,0.7518076535350745,0.2236842105263158,0.4382716049382716,0.015625,0.0,0.3945754556263575,0.2836787241841907,0.27947473374114906
0,0.0,0.07935262040170456,0.8772574839402526,0.0024009488954032493,0.4027160571399928,0.5758265431601123,0.4605263157894737,0.1875,0.03125,0.2857142857142857,0.1077870938646479,0.10268735125825082,0.48020365307499396
0,0.25914634146341464,0.25908196166900294,0.10791437290276672,0.023405845773069277,0.7866307341856861,0.7094869581346337,0.17105263157894737,0.11959876543209877,0.125,0.0,0.7504452762339534,0.7674962234564112,0.3504229338067168
0,0.1753048780487805,0.21119351721887344,0.17459134552611993,0.04285732109032321,0.8444669467772205,0.3006869136143045,0.32894736842105265,0.08101851851851852,0.0078125,0.0,0.6775827916519123,0.5646973366972148,0.335949350363833
0,0.02423780487804878,0.7370169510350231,0.5774979211277077,0.0024009488954032493,0.3754398491320746,0.21013129335828704,0.32894736842105265,0.6157407407407407,0.0625,0.5714285714285714,0.08856879006178126,0.13075870011195143,0.12542046225126446
0,0.43597560975609756,0.35907735054321127,0.24600322010993747,0.024950281064700947,0.6788946789590208,0.17875530281009053,0.21710526315789475,0.42901234567901236,0.0625,0.0,0.1509643482846045,0.02571396225280966,0.12241788208661476
0,0.10518292682926829,0.16585451991722436,0.22576347043961928,0.03674635825618281,0.770578877536555,0.3094785578631396,0.4144736842105263,0.2345679012345679,0.0078125,0.0,0.1047675329169423,0.09810693163195379,0.4669728249577127
0,0.0,0.5257891405179749,0.6752889816096306,0.004467471700067941,0.5469736025748254,0.8715208713733673,0.5197368421052632,0.5933641975308642,0.5,0.0,0.09368145712286864,0.24962490793982592,0.39765648581791313
0,0.46493902439024387,0.17319536354109502,0.11849159964224627,0.007909465406947638,0.4365271951116054,0.1538634618539732,0.506578947368421,0.3449074074074074,0.5,0.0,0.05857166964602076,0.09877446119500116,0.3694130972480874
0,0.6021341463414634,0.0979221231395215,0.12444770136703705,0.012004744477016245,0.4460219360614486,0.3689328498165173,0.3026315789473684,0.26774691358024694,0.03125,0.42857142857142855,0.396729847190137,0.15411932097747513,0.21032098349805475
0,0.35365853658536583,0.41218251322578825,0.1464803406820823,0.009603795423684862,0.49784672204525776,0.3383516170550368,0.3618421052631579,0.49691358024691357,0.015625,0.42857142857142855,0.18436375405052458,0.0670112558192341,0.1958734384140211
0,0.13856707317073172,0.031036753917195042,0.36607222275718443,0.18301538188444272,0.09517371784833813,0.0,0.4342105263157895,0.036265432098765434,0.5,1.0,0.8164014544192836,0.0,1.0
0,0.27439024390243905,0.097943999468379,0.4555258730855606,0.04846582056142189,0.5937388715534837,0.30840940415387325,0.4342105263157895,0.2368827160493827,0.015625,0.2857142857142857,0.4704818766813983,0.5679337799027995,0.3301366851389973
0,0.056707317073170734,0.5129924240887958,0.3748076890121297,0.0064489787893039704,0.4869526642868337,0.43431747821852323,0.5,0.5694444444444444,0.0625,0.42857142857142855,0.12776905320283308,0.06942741437299053,0.4802058190703826
0,0.2972560975609756,0.023174035680379724,0.32893069052017915,0.2960815345055602,0.8237826716112034,0.6941813194718126,0.5197368421052632,0.3433641975308642,0.03125,0.0,0.5302516445298936,0.5116585457476895,0.4071511266038229
0,0.013917682926829269,0.02235104394577591,0.5651848870268577,0.05157500623026491,0.7792199292278112,0.301071406358029,0.3881578947368421,0.42592592592592593,0.015625,0.0,0.6344919099692885,0.8137715608461646,0.3604826827895111
0,0.12240853658536585,0.048198987237040254,0.49903825125017953,0.05908384151974876,0.6237806499706647,0.3944593551421175,0.46710526315789475,0.5995370370370371,0.03125,0.0,0.18102516674541647,0.6332283054934421,0.27366670993500314
0,0.15396341463414634,0.142714299575296,0.3761082898653854,0.02032349999068224,0.816899277898924,0.3988330447150225,0.46710526315789475,0.24768518518518517,0.015625,0.42857142857142855,0.10571242884833155,0.17960167865966872,0.3493524679428815
0,0.1753048780487805,0.18818256439118947,0.23269658093851597,0.014906486803367154,0.7051620667985112,0.6269687442764827,0.4276315789473684,0.35030864197530864,0.25,0.42857142857142855,0.5340101804469205,0.07312638344015314,0.26779508322141066
0,0.3094512195121951,0.21717905800128603,0.09751692475420752,0.017646288041334213,0.5827621942387922,0.672436573095373,0.5526315789473685,0.5007716049382716,0.125,0.0,0.2542366918413369,0.14361302981621982,0.3275634826173455
0,0.30640243902439024,0.23879718877318787,0.04285097137806996,0.07513024728071442,0.5472175995101783,0.3886252445247458,0.3026315789473684,0.46219135802469136,0.03125,0.2857142857142857,0.25085289380653114,0.113897682882337,0.2849985170667286
0,0.38109756097560976,0.06587373190140927,0.026317418501677788,0.037426772672241954,0.3279997368482513,0.6764019007251033,0.375,0.17901234567901234,0.0625,0.2857142857142857,0.4612945683417074,0.23695091207559885,0.33769415247772083
0,0.03978658536585366,0.12841775676529837,0.5213509058905326,0.055221826647340475,0.4646498304729787,0.25505751550485384,0.5197368421052632,0.5702160493827161,1.0,0.2857142857142857,0.08604853452715046,0.3439223772527093,0.38516549983979376
0,0.3628048780487805,0.12097744635354483,0.018361734387444675,0.022403201108529162,0.33362019909989915,0.5246843420437417,0.46710526315789475,0.1111111111111111,0.03125,0.42857142857142855,0.4624117013465902,0.08123466752020508,0.3061137076410593
0,0.3323170731707317,0.06002442211955171,0.19951769754795076,0.07923447495370337,0.5434718103766408,0.2465676928998342,0.5328947368421053,0.2916666666666667,0.015625,0.0,0.2929427613120093,0.15475159232010502,0.3616687818643063
0,0.0,0.15005461906578843,0.9017415604721305,0.019531681489274946,0.5003026614359206,0.2838280015005082,0.18421052631578946,0.6404320987654321,0.03125,0.2857142857142857,0.16778952457687063,0.28914374834889556,0.025419270953800727
0,0.14009146341463413,0.0702285627108428,0.4812823663483007,0.13182056079017132,0.357563100339928,0.3035942176170782,0.40131578947368424,0.27469135802469136,0.0078125,0.0,0.2823106415464477,0.21651666656475238,0.37303707054693386
0,0.47103658536585363,0.05378200232053814,0.1889215895885832,0.05374070948266849,0.23291929294029892,0.6712044408029706,0.3881578947368421,0.17824074074074073,0.0625,0.2857142857142857,0.5062989518690509,0.23465358229040142,0.329453623021808
0,0.057469512195121954,0.02956572741757301,0.2510760561242476,0.10932928079211698,0.5086445287898999,0.32038973930695097,0.45394736842105265,0.42978395061728397,0.0078125,0.0,0.4009888439774483,1.0,0.3146985530067806
0,0.5442073170731707,0.16402181892377324,0.002193118259475904,0.03147164621444683,0.5118107040420102,0.5179721422806248,0.5723684210526315,0.17901234567901234,0.5,0.0,0.10705587432411759,0.1153277426368757,0.39002486407992143
0,0.33079268292682923,0.18324878458773325,0.141826604505869,0.045087696703439706,0.531862254952627,0.9680542224763635,0.40131578947368424,0.628858024691358,0.25,0.2857142857142857,0.20622151035376549,0.5013464198881714,0.31022422538976696
0,0.4405487804878048,0.3337149731490838,0.2442922408896839,0.0016977272878022313,0.4477066672812618,0.46319052631362856,0.35526315789473684,0.43364197530864196,0.125,0.0,0.06820069541145939,0.04740174370492103,1.0
0,0.41310975609756095,0.1868342000773097,0.1958582396786745,0.04372012512961952,0.775166955353038,0.38503845620986743,0.45394736842105265,0.7731481481481481,0.015625,0.0,0.05196245440704505,0.3278570862177864,0.38178526290774667
0,0.42835365853658536,0.3437774230171301,0.0029958552101150295,0.016359620681889467,0.6625136210723748,0.9701094593104775,0.3355263157894737,0.44598765432098764,0.03125,0.2857142857142857,0.07477765952880047,0.05860989675619668,0.10447787056661362
0,0.4329268292682927,0.3930451494107711,0.2755035297986656,0.01358181798656158,0.6859284187241578,0.5567777069001018,0.26973684210526316,0.5354938271604939,0.03125,0.0,0.08409367655798429,0.4760246948159894,0.29873485756491674
0,0.2713414634146341,0.043989437464492305,0.31495065177440623,0.19001638346467165,0.6962382931396629,0.954819578092203,0.5263157894736842,0.30092592592592593,0.5,0.0,0.8315079944143163,0.2555220817293075,0.4035843510546309
0,0.21951219512195122,0.013345938325100594,0.36387895128543263,0.1601468668479471,0.6753060669924903,0.41924792380410014,0.17763157894736842,0.5231481481481481,0.125,0.0,0.6047994789978736,0.5873440714361947,0.2640392781603768
0,0.3323170731707317,0.11326942233950053,0.10352196464244212,0.06525258078260972,0.7040305942832376,0.9288700075741153,0.4868421052631579,0.3966049382716049,0.5,0.0,0.45703420349305995,0.36945725586919276,0.3189364003415466
0,0.6097560975609756,0.7078919823504325,0.010246005668242176,0.0,0.30968115959331977,0.04171351362328178,0.42105263157894735,0.005401234567901234,0.0078125,0.5714285714285714,0.8499737720457077,0.04740174370492103,0.38664464261927006
0,0.13719512195121952,0.22474796828119506,0.4032231497016543,0.011884090540831213,0.4429593968113898,0.39984543278514995,0.39473684210526316,0.2569444444444444,0.25,0.42857142857142855,0.2667378329708772,0.05747299368112383,0.3756203140043515
0,0.551829268292683,0.3021546561607043,0.06605361695217328,0.008762971822146389,0.4166455297019767,0.3510405766958381,0.40789473684210525,0.05246913580246913,0.125,0.42857142857142855,0.7384776975128386,0.04944717353325172,0.21195997673720948
0,0.2972560975609756,0.0644575235134657,0.06094295015439554,0.010245264761779624,0.7905198844040094,0.4707538222761107,0.3092105263157895,0.19212962962962962,0.125,0.0,0.12937981601497708,0.08785240921806639,0.028350203085274785
0,0.0027896341463414633,0.5131296347195934,0.6327380359777515,0.0,0.5610603292307774,0.76502293401731,0.5131578947368421,0.5987654320987654,0.03125,0.42857142857142855,0.10131195788027549,0.13805154438902756,0.4053969797669729
0,0.27286585365853655,0.3132377060304353,0.01434396788376921,0.004801897790806499,0.6520016287591629,0.9503432986778673,0.4868421052631579,0.35725308641975306,0.125,0.0,0.1693480237485095,0.018183512427284873,0.3240556530855146
0,0.6509146341463415,0.1922720713969496,0.018687596089190354,0.014131825614490477,0.6183414984122737,0.6383030630419292,0.4144736842105263,0.30324074074074076,0.03125,0.0,0.07941023874112328,0.22634526066462762,0.25293078515321554
0,0.538109756097561,0.25965055902880585,0.17774202031296923,0.004801897790806499,0.6617052264085087,0.34055910187448674,0.4934210526315789,0.4236111111111111,0.015625,0.0,0.0988421449855875,0.14155375862358957,0.2780486269059018
0,0.0,0.07438812263847494,0.6975240406585802,0.012004744477016245,0.6188086450765099,0.3981634920316989,0.618421052631579,0.4097222222222222,0.03125,0.0,0.5681712543617585,0.42186312190424496,0.3752214923677284
0,0.11051829268292683,0.09443901349362664,0.43986360027223237,0.00983693525293928,0.8930661391241325,0.4162302344635619,0.34868421052631576,0.30246913580246915,0.0078125,0.0,0.08785628892804663,0.033524336403627356,0.07320021641388218
0,0.7439024390243902,0.12700845570651775,0.037635075696248806,0.015663197880478093,0.6121788026281574,0.9701094593104775,0.5723684210526315,0.2638888888888889,0.5,0.0,0.08614140555583019,0.14608944818904526,0.441210939947623
0,0.4512195121951219,0.10183039855039683,0.016613794490723213,0.0024009488954032493,0.8859895971978154,0.9789309650264072,0.39473684210526316,0.1597222222222222,0.0625,0.0,0.2982811307625933,0.04065066592410343,0.4613537687778263
0,0.08582317073170731,0.0,0.1590136760827273,0.71565296018916,0.8531113832547669,0.3306889215788049,0.2631578947368421,0.35648148148148145,0.03125,0.0,0.43783318533004906,0.43596034472646866,0.32093499522939517
0,0.12972560975609757,0.34276426071766963,0.3092239706419982,0.07258837895298069,0.8448038253254573,0.5638140994395732,0.3684210526315789,0.18209876543209877,0.03125,0.0,1.0,0.8628257421252576,0.31650344602130626
0,0.01239329268292683,0.07326509199944717,0.35578289636893023,0.029741935952560916,0.35149584783650156,0.5127108203209114,0.40789473684210525,0.5432098765432098,0.03125,0.2857142857142857,0.19015802069773274,0.25651120329829985,0.42503838066471616
0,0.11097560975609755,0.01898061361667318,0.2857646720645262,0.19353323771311218,0.7207663008461443,0.7468933005171604,0.631578947368421,0.20601851851851852,0.25,0.0,0.8200871780447896,0.5316764610431447,0.36634943601347936
0,0.2271341463414634,0.18001375226149513,0.1644838745609683,0.05661424347527809,0.588030829495114,0.9870750948207,0.4473684210526316,0.19907407407407407,0.125,0.42857142857142855,0.2651510574504047,0.06347335507664528,0.24516468604438338
0,0.17682926829268292,0.12938447710363896,0.2507084282664613,0.15638386580909586,0.8099865288582726,0.4479312999830718,0.21052631578947367,0.38348765432098764,0.015625,0.0,0.7152054027626187,0.18804442813045502,0.04976111391573137
0,0.2820121951219512,0.36948579083771177,0.42196452003551427,0.0033954545756044625,0.43359830876383637,0.5783493433223695,0.375,0.5640432098765432,0.0078125,0.2857142857142857,0.0037827173255096007,0.1613367470248927,0.28487743792450604
0,0.2423780487804878,0.09510987925901268,0.050065617084372425,0.01566318366694599,0.8121049742850094,0.5335058477596715,0.45394736842105265,0.18981481481481483,0.125,0.2857142857142857,0.7859486863856562,0.05860989675619668,0.32411367081913767
0,0.13643292682926828,0.0033179662626575874,0.41408545123973417,0.4094271488570583,0.5474751971322613,0.02532870778357283,0.4407894736842105,0.3441358024691358,0.5,0.42857142857142855,0.4951370226200807,0.12168599155649547,0.37328450457728973
0,0.0,0.05650767122236328,0.7554090767766911,0.02539250668904614,0.6096896769464575,0.6732957699528503,0.5328947368421053,0.18209876543209877,0.0078125,0.0,0.09000777798331563,0.08480314255166875,0.5685702310854065
0,0.07317073170731707,0.017212998757367117,0.24671965580892818,0.3447786352924529,0.786333888428028,0.09797104036918583,0.2631578947368421,0.4645061728395062,0.5,0.0,0.45181015035696603,0.42539067690163473,0.3138999659784009
0,0.2774390243902439,0.05865822728731963,0.3855329869498231,0.004467471700067941,0.35921612842051504,0.7094869581346337,0.375,0.23842592592592593,0.125,0.2857142857142857,0.47011388666928133,0.13075870011195143,0.15517639634373792
0,0.29573170731707316,0.1321499857579234,0.35859217911514707,0.08816655543261727,0.8581068816428548,0.4351453266387867,0.40789473684210525,0.5709876543209876,0.0078125,0.0,0.4940561247532914,0.35772217537327927,0.2861541839063139
0,0.27286585365853655,0.17025218615096105,0.08959345908028568,0.009876444134343779,0.4690049734511211,0.7518076535350745,0.3881578947368421,0.11805555555555555,0.0625,0.42857142857142855,0.5527600156787225,0.0689510001097456,0.19646568343884566
0,0.6128048780487805,0.14773396237658298,0.011574897749676846,0.0023996003470628685,0.3999070537684687,0.9028968563731679,0.506578947368421,0.1597222222222222,0.0625,0.42857142857142855,0.3495718762972318,0.04944717353325172,0.413116432617972
0,0.5015243902439024,0.32040579154903565,0.035089892355625485,0.0024009488954032493,0.5285652884811816,0.8088341505103388,0.3618421052631579,0.4714506172839506,0.5,0.0,0.07349879024554518,0.09810693163195379,0.28164337473839796
0,0.1753048780487805,0.05751986574697898,0.011440382063677552,0.011000924827155555,0.8508963637210112,0.9044106529868375,0.3157894736842105,0.30246913580246915,0.125,0.0,0.5139900817771604,0.2771893994509056,0.29909580522503065
0,0.2972560975609756,0.004107035273864371,0.154671536137696,0.1926657858488179,0.7937401393098034,0.033446876633135676,0.5657894736842105,0.36419753086419754,0.5,0.0,0.5626515890531577,0.4893636505176079,0.3517744839864093
0,0.4054878048780488,0.06687207495356896,0.11517123868962906,0.1712766941977519,0.4979628356004068,0.5955927315347024,0.48026315789473684,0.35262345679012347,0.125,0.0,0.2836446584914033,0.0414552524734414,0.40985490770461586
0,0.4100609756097561,0.11671640422039685,0.31953559543472304,0.050436323849959434,0.5408324309544369,0.40866693850107977,0.375,0.16820987654320987,0.03125,0.42857142857142855,0.3947754883784853,0.08283981025918159,0.15733419189264833
0,0.4253048780487805,0.09548604479281289,0.09186741079006124,0.012004744477016245,0.5421717755041109,0.6972840657225258,0.34868421052631576,0.1712962962962963,0.125,0.2857142857142857,0.2620490061015905,0.17015220079053972,0.1260227172690635
0,0.15701219512195122,0.047051596875291514,0.16158210341889828,0.12813407593247877,0.8730330506841899,0.3117383474113709,0.3815789473684211,0.2037037037037037,0.0625,0.0,0.7937487620431455,0.2803429083506354,0.2492632908184539
0,0.25914634146341464,0.12267203820183567,0.056607039685855676,0.04319392911616783,0.4498895775014363,0.45516959865178414,0.4276315789473684,0.14351851851851852,0.03125,0.0,0.10490000377510979,0.13781482264795772,0.28722529956876575
0,0.19969512195121952,0.27936984816667193,0.28628869477013674,0.026444034059413198,0.3557972573322856,0.3772909257592994,0.4868421052631579,0.20601851851851852,0.03125,0.42857142857142855,0.25486934626005864,0.08933764132903141,0.42647644688878744
0,0.3871951219512195,0.04455398277410694,0.0723729031747379,0.07227303910900737,0.5864759817564942,0.8205388247065856,0.5,0.2839506172839506,0.5,0.2857142857142857,0.487253994378599,0.1639339152713919,0.46627011416806985
0,0.20884146341463414,0.28039962674215857,0.028427487139145304,0.014405693530347628,0.6732403319195287,0.22832897793497248,0.6907894736842105,0.04089506172839506,0.0078125,0.2857142857142857,0.9668478990515673,0.4757862401192749,0.420680243228905
0,0.2652439024390244,0.13320154082733832,0.17726979600530102,0.020195332623499013,0.4691588119880145,0.7518076535350745,0.4934210526315789,0.22839506172839505,0.5,0.2857142857142857,0.2620016693306272,0.05747299368112383,0.519646119673411
0,0.823170731707317,0.6189147880800839,0.06703891877423651,0.0,0.4757383903599564,0.8452705500518859,0.3618421052631579,0.006172839506172839,0.125,0.5714285714285714,0.8105799836875324,0.0414552524734414,1.0
0,0.24085365853658536,0.23027250879873312,0.4058734772617478,0.0016977272878022313,0.7466850864685198,0.7855736655816409,0.4276315789473684,0.06481481481481481,0.5,0.0,0.8138309780924943,0.2956592654689253,0.35916349876948256
0,0.1875,0.11513508133894863,0.3386119518631919,0.016663310167381713,0.8665099982432959,0.49901357842299826,0.4342105263157895,0.6959876543209876,0.125,0.0,0.05401982453984793,0.28925188478112657,0.2936053163428529
0,0.1600609756097561,0.041254351009003556,0.41439449733316797,0.3025627551131603,0.8018058850294565,0.46576231881227487,0.32894736842105265,0.13348765432098766,0.03125,0.0,0.7999119707992114,0.4184390243588454,0.26176735012588304
0,0.1875,0.5520394248135349,0.048248603136547025,0.0033954545756044625,0.6478640352271325,0.7311914786403123,0.4605263157894737,0.5771604938271605,0.125,0.42857142857142855,0.018201344316228336,0.13298956609687168,0.21182088889047043
0,0.4039634146341463,0.005465757087266023,0.1929072916802674,0.37356639156638494,0.7020031380661406,0.9001471545578381,0.27631578947368424,0.4444444444444444,0.25,0.0,0.4356626820709387,0.3772805851012802,0.25361680230697076
0,0.43597560975609756,0.17409041487964744,0.03276587328141117,0.03705864534931651,0.6158584807312886,0.3931332330220332,0.4868421052631579,0.16743827160493827,0.015625,0.0,0.1093071856386393,0.08163893636430906,0.37548619247561044
0,0.11265243902439023,0.5417584238061381,0.3394911271527243,0.0024009488954032493,0.48777087483094156,0.5335058477596715,0.4868421052631579,0.018518518518518517,0.0625,0.2857142857142857,0.7145136351530533,0.029317465269155123,0.5688663535978187
0,0.38262195121951215,0.11236783805276963,0.16831169252438338,0.009603795423684862,0.6511452009007593,0.7914794059909471,0.4473684210526316,0.33641975308641975,0.25,0.0,0.46290905634789525,0.29817923054145185,0.3743456566609541
0,0.1798780487804878,0.42808312880172195,0.03289677389213856,0.004801897790806499,0.4846279007503117,0.3330552292328116,0.5,0.5185185185185185,0.0078125,0.0,0.1463193363527063,0.11813504165790184,0.37307367586900114
0,0.19207317073170732,0.05502561233909808,0.14535992236156628,0.12698581994866073,0.37377319574812995,0.30737801282755856,0.42105263157894735,0.1381172839506173,0.015625,0.42857142857142855,0.41323239209850665,0.15220627163084519,0.23774321227327244
0,0.07652439024390244,0.05985028317241711,0.23316698954810744,0.19504472050984256,0.6686176677413158,0.7342187389638937,0.27631578947368424,0.41203703703703703,0.125,0.0,0.6125829622898329,0.6734040846309189,0.22433044054334922
0,0.37347560975609756,0.11795310940566708,0.23109477821554011,0.012919015716060375,0.4760954699281893,0.46319052631362856,0.5,0.21141975308641975,0.0625,0.0,0.08707027298480774,0.14178409318528315,0.3683076041445394
0,0.5838414634146342,0.12221132496238252,0.15532765597866535,0.0,0.5398705977738754,0.3261487246429288,0.39473684210526316,0.28703703703703703,0.015625,0.2857142857142857,0.38353258468826557,0.02571396225280966,0.3822132945393245
0,0.29878048780487804,0.003530548895560497,0.18232964671819715,0.3821603668607393,0.8880599940446224,0.40720870907302004,0.375,0.5570987654320988,0.0625,0.0,0.5748107887979145,0.17298723452883424,0.3371955093964748
0,0.5213414634146342,0.36377200073253885,0.24981525782096647,0.009603795423684862,0.3790723863934176,0.8766465627936662,0.4342105263157895,0.13425925925925927,1.0,0.42857142857142855,0.3054654216766213,0.016264006583052878,0.4271800859621684
0,0.4344512195121951,0.0803110419615567,0.2631741952173289,0.008309040564473055,0.7088859163627308,0.09623711391972148,0.4473684210526316,0.14506172839506173,0.03125,0.0,0.14775051338350373,0.0414552524734414,0.32262898928002465
0,0.0041158536585365856,0.4361206891979543,0.6284609755480551,0.0024009488954032493,0.6268834220214011,0.46810493481550225,0.3092105263157895,0.5524691358024691,0.5,0.0,0.14890681176596346,0.13494087415283534,0.1415516664936449
0,0.16310975609756098,0.13859937834037536,0.44433763334160253,0.11097630541027044,0.7618778228156073,0.9187391913778815,0.375,0.9004629629629629,0.25,0.0,0.02934032156318681,0.4781635829422404,0.24492232663179514
0,0.4405487804878048,0.15178715442685237,0.06140731085730327,0.0016977272878022313,0.3920234864781942,0.25245201650070764,0.4144736842105263,0.10648148148148148,0.03125,0.42857142857142855,0.5604373170749474,0.01150064130499284,0.30626911781019095
0,0.36128048780487804,0.152465826035764,0.016649184282338195,0.0024009488954032493,0.3201237637875808,0.8766465627936662,0.39473684210526316,0.13348765432098766,0.03125,0.5714285714285714,0.37201942417854666,0.03252373771696512,1.0
0,0.6737804878048781,0.2220758864015779,0.03375395577367507,0.0024009488954032493,0.7250320546954385,0.3772909257592994,0.4144736842105263,0.35030864197530864,1.0,0.0,0.0652243762943663,0.016264006583052878,0.2747025662868078
0,0.47103658536585363,0.35878102799402617,0.07753843771625167,0.016806643373319687,0.727020370474706,0.2838280015005082,0.4407894736842105,0.04398148148148148,0.0078125,0.0,0.7809635818005101,0.3723835742838988,0.40161162434028036
0,0.4451219512195122,0.36357135748361075,0.01587565201921947,0.02037272697984237,0.37256639635250505,0.9155858992399086,0.42105263157894735,0.44290123456790126,0.125,0.42857142857142855,0.07835201556661532,0.033524336403627356,1.0
0,0.7027439024390244,0.19355593610689326,0.07581193325738683,0.008309040564473055,0.7460635166224855,0.572445156463934,0.45394736842105265,0.32021604938271603,0.0625,0.0,0.07228460807871274,0.12060473368717481,0.31522391518828446
0,0.3079268292682927,0.1823961755734503,0.04896745942628837,0.015212664446618238,0.47322009397459114,0.3593728803393532,0.39473684210526316,0.31790123456790126,0.0078125,0.0,0.21275078644115145,0.42095807344053116,0.33723951004565456
0,0.3948170731707317,0.12062594004725313,0.3842791148206662,0.08921860949331285,0.7569093565616651,0.8029498269094651,0.7960526315789473,0.42824074074074076,0.5,0.0,0.4774998002445576,0.3899305547733186,0.38321254556906187
0,0.17073170731707316,0.250496401106795,0.03679647819856637,0.027987576267444348,0.6300261653211474,0.03415018853172076,0.3223684210526316,0.5200617283950617,0.5,0.2857142857142857,0.10544176530789459,0.20383665486878716,0.3399783493289514
0,0.01135670731707317,0.4332820951358239,0.5654897100921804,0.0,0.4880069790600811,0.7006654524187039,0.23684210526315788,0.5864197530864198,0.125,0.42857142857142855,0.143737989484489,0.0545266497261175,1.0
0,0.3003048780487805,0.23121078242193926,0.19607043154043008,0.0033954545756044625,0.7810653608694519,0.5021298350178911,0.3881578947368421,0.4444444444444444,0.015625,0.0,0.09541332109423759,0.14896157460508974,0.2354228123562611
0,0.28048780487804875,0.08737782622545036,0.008772472833892596,0.016971363207229823,0.5967613780129637,0.6125583670449248,0.3684210526315789,0.2152777777777778,0.0625,0.0,0.09929304136340843,0.17869825174730822,0.18897752795255726
0,0.46493902439024387,0.14234346897052405,0.09924919864471399,0.005643913275975941,0.7532573875499374,0.25245201650070764,0.47368421052631576,0.3148148148148148,0.5,0.42857142857142855,0.46244913816018157,0.045987453846749335,0.4610444955791259
0,0.17682926829268292,0.4592606786716089,0.15080803664690753,0.019638368261245986,0.4828440260629775,0.8525853888429635,0.5921052631578947,0.029320987654320986,0.125,0.0,0.6877603360638975,0.4676453343870364,0.3740690126356435
0,0.19817073170731705,0.08700785669694265,0.3761781126369322,0.15945962677791548,0.8384889218560236,0.9009101144872669,0.35526315789473684,0.20679012345679013,0.25,0.0,0.661759683313767,0.5114420500746446,0.33033116058210193
0,0.40091463414634143,0.21587382861649693,0.023198262397341657,0.010245264761779624,0.47825070182774454,0.12761310724211597,0.40131578947368424,0.2037037037037037,0.25,0.42857142857142855,0.13781154777615898,0.07312638344015314,0.25274071905786627
0,0.21189024390243902,0.0,0.07779946981616159,0.5937307821201346,0.8622761998536603,0.506311744284195,0.5,0.5540123456790124,0.015625,0.0,0.5126412749799218,0.4240807852428033,0.35948205480556245
0,0.15853658536585366,0.0391955550993654,0.2191658356617791,0.19283697994660134,0.7738265799820846,0.6655222452671766,0.45394736842105265,0.23996913580246915,0.0625,0.0,0.7953244359307481,0.7379514340170825,0.3154888318957054
0,0.19817073170731705,0.0,0.09842835622608992,0.5136159557321123,0.9490732747459649,0.3906646961723336,0.17105263157894737,0.7268518518518519,0.015625,0.0,0.04323153317783528,0.6319582470579302,0.27634944993773536
0,0.47103658536585363,0.13827908916850296,0.00858820090025983,0.02847792259436759,0.3906242312111821,0.4162302344635619,0.47368421052631576,0.14351851851851852,0.0078125,0.2857142857142857,0.3788250024375525,0.10042361110475005,0.29380830105355565
0,0.3353658536585366,0.5475745571930911,0.43721339511875074,0.007931593902331557,0.43312442329780404,0.8540920557678156,0.5197368421052632,0.5300925925925926,0.25,0.42857142857142855,0.06249108218125621,0.17167027488662323,0.48792465306555655
0,0.13963414634146343,0.0,0.255835429206544,0.9381270733989957,0.940773978772282,0.0764709061257454,0.40789473684210525,0.5030864197530864,0.25,0.0,0.4456766599603314,0.22942906761267562,0.32961525269198405
0,0.2606707317073171,0.16167026956366834,0.01728842527157947,0.00679090899328079,0.6018511273138438,0.8883991751310684,0.40131578947368424,0.2962962962962963,0.25,0.0,0.22296907689617645,0.42696964705907403,0.39204532004979925
0,0.03978658536585366,0.503925790201264,0.5350790216284322,0.01358181798656158,0.9469888618068377,0.46319052631362856,0.4342105263157895,0.5655864197530864,0.03125,0.0,0.10968030588076695,0.09469785138504128,0.31884839904318707
0,0.3323170731707317,0.014471328188298662,0.11083430102560421,0.0787782963786763,0.750953178897433,0.6269687442764827,0.39473684210526316,0.4220679012345679,0.0625,0.0,0.5367952945049671,0.024394673023081955,0.2682005111439689
0,0.21341463414634143,0.015557961508019085,0.16957704027340742,0.0023191385683561925,0.4997579416240679,0.37375928850033346,0.40789473684210525,0.27469135802469136,0.0078125,0.0,0.46462570525872793,0.6758367334954604,0.3527091419393796
0,0.3567073170731707,0.16131226150761352,0.5251941980898039,0.23174700576153423,0.4761848436716451,0.5204529688273914,0.3026315789473684,0.8356481481481481,0.015625,0.2857142857142857,0.07926396710204416,0.5246331846597677,0.19795403169872364
0,0.016158536585365854,0.12279916550478569,0.6214716600131873,0.02641044037628589,0.7150973376840352,0.2731796031864882,0.8355263157894737,0.43287037037037035,0.0078125,0.0,0.41480553322390573,0.6563295449850158,0.4162384055427203
0,0.19664634146341461,0.30837262513762403,0.11004009632584315,0.008856179427839004,0.6921019919805798,0.5532720361342616,0.4605263157894737,0.5046296296296297,0.5,0.0,0.07246994341513441,0.03636105110889728,0.5558965279248633
0,0.14923780487804877,0.14069984909326488,0.37133093321168836,0.0023191385683561925,0.4035286827867216,0.18809453490210162,0.3684210526315789,0.2932098765432099,0.0625,0.42857142857142855,0.10433965324673676,0.08747712529494596,1.0
0,0.38871951219512196,0.26864400143387923,0.34488209795140295,0.010245264761779624,0.4435571346848621,0.30855978232976816,0.6052631578947368,0.4020061728395062,0.03125,0.42857142857142855,0.1998372580116722,0.11617718302960109,0.523969291755092
0,0.3353658536585366,0.058353647141554395,0.14020183014205698,0.2494430664337332,0.6479672404382019,0.3448622990766304,0.13157894736842105,0.408179012345679,0.0078125,0.2857142857142857,0.09191538237443757,0.238558228436084,1.0
0,0.2454268292682927,0.05638516690060279,0.44755874293305825,0.20404983801311247,0.486808641630182,0.21842711629831885,0.375,0.31635802469135804,0.0078125,0.0,0.2616170407346918,0.13494087415283534,0.21157164470682552
0,0.14115853658536584,0.07269041718833018,0.43288547474180367,0.1425068232850505,0.37386978524054093,1.0,0.35526315789473684,0.2708333333333333,0.5,0.2857142857142857,0.369400409405296,0.580573116654132,0.32189796583637365
0,0.21798780487804878,0.06957969806797573,0.2343898112000418,0.08914870260458238,0.44829131218594764,0.4053033898979356,0.45394736842105265,0.33101851851851855,0.015625,0.0,0.23753673013596202,0.5701695402495908,0.4046562093440732
0,0.1524390243902439,0.35849231785819136,0.38257109376020054,0.0023191385683561925,0.38105459417197035,0.7518076535350745,0.3881578947368421,0.2824074074074074,0.0625,0.42857142857142855,0.22468291573507543,0.022999769987272926,0.1960394929033482
0,0.3551829268292683,0.08853332193551226,0.12656406068430193,0.09637062985214453,0.4578316092821794,0.5307175013664313,0.5131578947368421,0.18364197530864199,0.015625,0.0,0.6103337030673156,0.12823340248734094,0.5464506220351971
0,0.09298780487804878,0.05415199743174645,0.22353180409392995,0.05369088552516001,0.41674098067536275,0.794128404419475,0.4144736842105263,0.2353395061728395,0.5,0.2857142857142857,0.4538176879312328,0.19544910993788914,0.3965349179343025
0,0.3628048780487805,0.14563660522554742,0.04830855279478776,0.026497852019442852,0.5430506352643837,0.6583447570182632,0.23026315789473684,0.38117283950617287,0.125,0.2857142857142857,0.4381965535133276,0.4785780316629316,0.30839182423380623
0,0.3079268292682927,0.1741835608685764,0.04300692760220136,0.04093275356862309,0.39737038722478263,0.1928027816550277,0.506578947368421,0.33796296296296297,0.015625,0.2857142857142857,0.21697983377758967,0.2025700623445647,0.31372845008641553
0,0.5182926829268293,0.14111349016360764,0.0975289848656465,0.033613285956998695,0.2753993055464739,0.3772909257592994,0.4342105263157895,0.09953703703703703,0.25,0.42857142857142855,0.5800314495116409,0.04065066592410343,0.3243748279774198
0,0.20426829268292684,0.009541946113473006,0.34003842751570074,0.2703912227333128,0.7006791173671262,0.5021298350178911,0.39473684210526316,0.7222222222222222,0.125,0.0,0.5427179185826766,0.29470804611553414,0.26557753714256627
0,0.2545731707317073,0.10205266854085948,0.3212643848170103,0.0064489787893039704,0.4546652801761468,0.6659080529807453,0.40789473684210525,0.1419753086419753,0.03125,0.0,0.14466174517077118,0.033524336403627356,0.2684208238177804
0,0.12240853658536585,0.978219824658666,0.46334050500071816,0.0024009488954032493,0.501575602632736,0.12761310724211597,0.5394736842105263,0.5771604938271605,0.0625,0.0,0.07072030389005281,0.024394673023081955,0.5895383041586648
0,0.011204268292682926,0.10814512629274535,0.38393194926817165,0.05901993353120676,0.8433068574324014,0.3772909257592994,0.40789473684210525,0.20987654320987653,0.0625,0.0,0.08699912455166871,0.04877492537954885,0.3188248670504295
0,0.3719512195121951,0.06680126703004502,0.05667926468716134,0.0406417630844249,0.4931113752543629,0.6146308039065368,0.4144736842105263,0.22993827160493827,0.0625,0.0,0.567197869477409,0.6774386281804285,0.4107279585601762
0,0.2225609756097561,0.28880563418422855,0.06941525341432843,0.020296810925594686,0.7282311546869182,0.6659080529807453,0.42105263157894735,0.013888888888888888,0.03125,0.0,0.6812265490715652,0.1337247230161291,0.47256465148128557
0,0.6692073170731707,0.12978722992701755,0.006203075017300135,0.01903011357875576,0.3097864802958205,0.2872094159386662,0.3618421052631579,0.14583333333333334,0.125,0.2857142857142857,0.16897238923149377,0.1058361564212307,0.18307375167883977
0,0.3719512195121951,0.26415989687051816,0.07921480646698613,0.011981705920757348,0.4487982300890947,0.29877901443509536,0.45394736842105265,0.33564814814814814,0.0078125,0.2857142857142857,0.4424853333656738,0.11978727375304744,0.39354975856113544
0,0.5152439024390243,0.40088513024246475,0.05030928682643722,0.004801897790806499,0.6441948038053245,0.8444876158969756,0.618421052631579,0.009259259259259259,0.0625,0.0,0.7898369385508628,0.3183127216001558,0.38670764214228703
0,0.42987804878048785,0.33275094211414813,0.10515694975779812,0.020984428443867765,0.6054631250765615,0.5021298350178911,0.47368421052631576,0.1257716049382716,0.125,0.42857142857142855,0.35761011479476623,0.01150064130499284,0.48284415616764875
0,0.013841463414634145,0.0,0.6062870280001045,0.6049370072049973,0.7017894657388701,0.8223468527583878,0.5197368421052632,0.46064814814814814,0.0625,0.0,0.42758924372497076,0.37910741742893406,0.41556864882577516
0,0.15701219512195122,0.09063807311099055,0.3903027951957853,0.018782637823093327,0.7512229155939842,0.9654357957096141,0.4473684210526316,0.17824074074074073,0.5,0.0,0.12289343049921188,0.15284670519456178,0.38434246800631416
0,0.39024390243902435,0.0065658924571903145,0.3522093577406677,0.42480007087814675,0.7995879730419619,0.21749667803662462,0.5855263157894737,0.566358024691358,0.0078125,0.0,0.531730999504503,0.4814659032188339,0.38000156570523796
0,0.13765243902439026,0.10847599796711127,0.4575223045248012,0.09886839753796356,0.7688513287701697,0.9650021608228094,0.32894736842105265,0.31712962962962965,0.25,0.0,0.6625777470181716,0.5944378015853425,0.2780201440665419
0,0.01239329268292683,0.15319300494089305,0.5139648195236914,0.01492183189055454,0.4906187570886272,0.6692894951608832,0.40789473684210525,0.5941358024691358,0.125,0.0,0.1711088573430378,0.1844004432702487,0.28859872630188316
0,0.018292682926829267,0.3008543436461776,0.5909631482654167,0.004801897790806499,0.9594894929925538,0.25245201650070764,0.5460526315789473,0.5964506172839507,0.015625,0.0,0.16980329237641165,0.03449587837542934,0.3922673345771303
0,0.4817073170731707,0.06676783480813443,0.12996668908067738,0.15719471622999012,0.4137803696488183,0.5021298350178911,0.4342105263157895,0.30169753086419754,0.03125,0.0,0.3416889774669575,0.13757767509492946,0.32080666000262087
0,0.19207317073170732,0.04128764907772805,0.14862789328428364,0.23776609706199975,0.5129584081460852,0.36914679596500677,0.40131578947368424,0.21296296296296297,0.015625,0.0,0.322526228046729,0.31242637878345375,0.43710405797688917
0,0.06509146341463415,0.033165803666500175,0.4407248633942211,0.2760381011100137,0.8485121510289182,0.9755184240868741,0.34868421052631576,0.5401234567901234,0.5,0.0,0.6527164835972589,0.5075240354139884,0.3838328402341688
0,0.2972560975609756,0.02102727022289084,0.28531708208750606,0.6220990575796503,0.8734472254429833,0.42569288507546404,0.5789473684210527,0.9699074074074074,0.25,0.0,0.3075645361674931,0.29407200188090055,0.34978210859960507
0,0.009451219512195122,0.014662397891486297,0.5772811594191072,0.28101953349924214,0.9404836102647521,0.10899868264434555,0.5,0.7600308641975309,1.0,0.0,0.5830661145959907,0.13875924386391972,0.40363958393703997
0,0.49390243902439024,0.0500924097063262,0.07416029064225933,0.009603795423684862,0.3127635398451965,0.5021298350178911,0.4407894736842105,0.14660493827160495,0.015625,0.42857142857142855,0.4218244643457518,0.045987453846749335,0.35995247806117425
0,0.43749999999999994,0.03142767380559207,0.1615985773087519,0.04957062498795798,0.5694099508224401,0.9227558416703069,0.5263157894736842,0.4074074074074074,0.25,0.0,0.5709963934575462,0.5408027253549755,0.26544480803943227
0,0.4222560975609756,0.17281077443514492,0.2653285311859405,0.08291394464366202,0.7913225095457898,0.682716890820939,0.4934210526315789,0.15123456790123457,0.125,0.0,0.6977746836995973,0.34789282619987316,0.3744647090503486
0,0.021189024390243904,0.005969233370698637,0.29140553596143054,0.3796990331955463,0.8530728890034109,0.028555674297394133,0.3026315789473684,0.6412037037037037,0.0625,0.0,0.4491334644034692,0.31518885862020535,0.3021993671889758
0,0.375,0.7136537057009801,0.1568618086474559,0.019561867083260027,0.5400624228441812,0.3772909257592994,0.39473684210526316,0.023919753086419752,0.125,0.2857142857142857,0.7551109200097864,0.024394673023081955,0.19560284370440292
0,0.3003048780487805,0.0,0.33083300147540773,0.6560792698161116,0.6575635711329302,0.6729853094565141,0.26973684210526316,0.5339506172839507,0.0625,0.0,0.5584574642554229,0.38878000838601995,0.20921572246544123
0,0.1722560975609756,0.24919358647935555,0.4751338414295787,0.012004744477016245,0.4919810874142907,0.5532720361342616,0.48026315789473684,0.566358024691358,0.0078125,0.42857142857142855,0.0,0.03636105110889728,0.5167308445943176
0,0.39939024390243905,0.3362776109875828,0.16423430788037446,0.03931019596670496,0.6346806311050966,0.48528365647283916,0.45394736842105265,0.44521604938271603,0.125,0.0,0.07555889650102045,0.2685410100363631,0.3455288672261845
0,0.2850609756097561,0.497931014687902,0.12476589735471151,0.004801897790806499,0.6976166088878518,0.3772909257592994,0.3355263157894737,0.013117283950617283,0.015625,0.0,0.6769612758406912,0.03252373771696512,1.0
0,0.1646341463414634,0.0,0.22718073499458147,0.6938196719706304,0.7688588983831461,0.584648048876042,0.40131578947368424,0.46219135802469136,0.0078125,0.0,0.5237053416250669,0.1844004432702487,0.3405509456813224
0,0.44664634146341464,0.3648294273437264,0.009947430440402668,0.0024009488954032493,0.4874345655422171,0.6269687442764827,0.4934210526315789,0.37885802469135804,0.125,0.2857142857142857,0.13228426569363244,0.03252373771696512,0.6250555229710772
0,0.38262195121951215,0.1374198598504785,0.21752462821031743,0.0016977272878022313,0.5098346350349567,0.8766465627936662,0.4144736842105263,0.16898148148148148,0.25,0.0,0.11929175020930413,0.04065066592410343,0.30334168221413
0,0.22865853658536583,0.7963999524536151,0.28118511429513376,0.0024009488954032493,0.33448299651068536,0.5021298350178911,0.45394736842105265,0.6103395061728395,0.03125,0.42857142857142855,0.05224367420454907,0.05747299368112383,0.1744888753703272
0,0.17835365853658536,0.0,0.18594663969368969,0.768302686325982,0.8885351103420329,0.14801006501222005,0.34868421052631576,0.3742283950617284,1.0,0.0,0.5184613591630215,0.2515232865790978,0.3364846606527289
0,0.43140243902439024,0.529780260201024,0.2321275330008226,0.0016977272878022313,0.6866962113379325,0.11541022870099789,0.47368421052631576,0.35802469135802467,1.0,0.2857142857142857,0.20792647528129465,0.1058361564212307,0.4641661590759615
0,0.25609756097560976,0.05788922753035528,0.11923434256224785,0.14098467244283555,0.4730872718834818,0.8307139725865962,0.48026315789473684,0.341820987654321,0.25,0.0,0.720459451567874,0.3089339285161243,0.36125863516608003
0,0.021189024390243904,0.017357288308612228,0.33748873859170375,0.22869383641235289,0.8202959570974031,0.19592375438649248,0.17763157894736842,0.4729938271604938,1.0,0.0,0.44847217313326465,0.7722288758091448,0.2634659546524111
0,0.2423780487804878,0.20253669323627715,0.2514043608579561,0.02160854069034178,0.523788908849213,0.06713167958213033,0.46710526315789475,0.4652777777777778,1.0,0.42857142857142855,0.12990761038101212,0.17429384595019531,0.3987733658686468
0,0.28048780487804875,0.11269325000444579,0.075375410878194,0.07419530561778802,0.5899981134432049,0.7075719847505666,0.34210526315789475,0.2353395061728395,0.015625,0.0,0.10623317954721682,0.08363072378848266,0.41299142374125886
0,0.0875,0.13375293538090616,0.44888922120017233,0.007201721922035935,0.3985337844289307,0.8377072263474238,0.40789473684210525,0.1558641975308642,0.0078125,0.42857142857142855,0.2917661453699757,0.033524336403627356,0.3119384560258843
0,0.20426829268292684,0.42496260089957516,0.177097345490214,0.004801897790806499,0.4986952264266636,0.24111769773526126,0.2894736842105263,0.5270061728395061,0.03125,0.0,0.13810464567377775,0.16073123004176645,0.26421709091038487
0,0.18902439024390244,0.00995063786720145,0.1689420457735445,0.13719874023885684,0.9220922201025596,0.7547508001757954,0.19736842105263158,0.44830246913580246,0.125,0.2857142857142857,0.5614307329654826,0.5854724545833793,0.28777445675675295
0,0.34756097560975613,0.11918311317131582,0.05892705912402565,0.03956657650023042,0.6662774265002119,0.3330552292328116,0.4144736842105263,0.2199074074074074,0.5,0.2857142857142857,0.12065016116686905,0.05917012665702434,0.24178024089272424
0,0.3597560975609756,0.2339895878408544,0.10825836608390238,0.027188455169098395,0.3612456862821904,0.1125205436296175,0.42105263157894735,0.5061728395061729,0.5,0.42857142857142855,0.23732161173450547,0.17072311560074258,0.29989726993299803
0,0.2820121951219512,0.13769082432765076,0.15041983427776837,0.07649487665338912,0.6693337654372026,0.7780579471145762,0.5394736842105263,0.24151234567901234,0.125,0.0,0.11333088511978541,0.47152767491792047,0.4179855902515355
0,0.42073170731707316,0.1895115295303921,0.14980630173719464,0.058485379171237376,0.8137879361847162,0.38503845620986743,0.07894736842105263,0.5949074074074074,0.015625,0.0,0.07093124415823944,0.872008426521579,0.261997162236613
0,0.4253048780487805,0.3497099888902443,0.20069461672041677,0.014370399750852575,0.8359735948513586,0.014526793675738534,0.4407894736842105,0.4722222222222222,0.125,0.0,0.15738427190167292,0.3065131132629854,0.3335950990331769
0,0.17835365853658536,0.045537797348197094,0.22883320385433942,0.01599087191175481,0.5321395304913704,0.5363608858724356,0.375,0.6728395061728395,0.03125,0.2857142857142857,0.24061945299657386,0.36822980338603195,0.29635230905164833
0,0.4435975609756098,0.27859108580157,0.0853114819850109,0.019708041416337415,0.6854925505623223,0.5051285211022422,0.6973684210526315,0.4390432098765432,0.03125,0.0,0.06459750840535033,0.3002611539400096,0.3562390182099873
0,0.03414634146341463,0.030259401096499508,0.5438998052918826,0.20941419085362367,0.7955073670027462,0.419093872590075,0.5789473684210527,0.1705246913580247,0.0078125,0.0,0.6739688912465557,0.2172554998256275,0.38977093206339997
0,0.461890243902439,0.0973748280577333,0.205216571978352,0.09603795423684862,0.4548457046708112,0.3772909257592994,0.5263157894736842,0.30864197530864196,0.0078125,0.42857142857142855,0.4397563283097258,0.04877492537954885,0.5682855574057626
0,0.4344512195121951,0.14852328228544617,0.13162964410685607,0.0023191385683561925,0.34374225633977395,0.7865650252310532,0.48026315789473684,0.2662037037037037,0.125,0.42857142857142855,0.42096221595765165,0.1058361564212307,0.35398274722787404
0,0.10213414634146342,0.20976792434758657,0.3562320776319054,0.004467471700067941,0.4045929980649177,0.564881832759472,0.34868421052631576,0.43441358024691357,0.25,0.2857142857142857,0.0873348264675203,0.14896157460508974,0.37248932125594936
0,0.23170731707317074,0.047368027427150926,0.2105393520936427,0.07161105411660214,0.34692632480304625,0.7229346331819491,0.6842105263157895,0.6574074074074074,0.03125,0.0,0.23097863232393948,0.28268254701007345,0.5206164856075021
0,0.26981707317073167,0.0006753171552910485,0.16031972403021322,0.4876488038365166,0.7621737608351241,0.09708710876248743,0.17105263157894737,0.45987654320987653,0.5,0.0,0.6076920505764142,0.5646502498166966,0.3307863290416197
0,0.15396341463414634,0.10764917132329016,0.45406453194975777,0.04074545395968474,0.4850153510828039,0.5983810779279426,0.48026315789473684,0.15123456790123457,0.015625,0.42857142857142855,0.5106282836476257,0.09079832240981246,0.37357391250399746
0,0.2774390243902439,0.126737534907127,0.2565362580625155,0.02160854069034178,0.67006512544218,0.3035942176170782,0.5263157894736842,0.1882716049382716,0.125,0.0,0.32085580666793834,0.018183512427284873,0.4895827225355266
0,0.24085365853658536,0.06418520502506637,0.08842249702959956,0.030610258790516858,0.37147295652682033,0.26465489504182577,0.4342105263157895,0.25848765432098764,1.0,0.2857142857142857,0.523458619158013,0.1493983883562017,0.36316347339639365
0,0.060518292682926834,0.5090886287703675,0.37209199632127327,0.008953148881695088,0.42817891204906694,0.891504695579765,0.29605263157894735,0.5555555555555556,0.125,0.0,0.0908740011442169,0.25847706818167926,0.42330032407932433
0,0.2682926829268293,0.1669822303185577,0.20780301348757657,0.0016977272878022313,0.38713379343246224,0.5806417186001153,0.3684210526315789,0.3464506172839506,0.03125,0.5714285714285714,0.08402777852240577,0.08480314255166875,0.359850011007898
0,0.1410060975609756,0.16030007883839567,0.17201465574364466,0.035957011330080224,0.6028870257725937,0.7812686928927878,0.40131578947368424,0.3680555555555556,0.125,0.2857142857142857,0.5810411065087144,0.18614498496128715,0.4425348272719243
0,0.2454268292682927,0.007317135948030929,0.05618565492433639,0.04307182697898956,0.6624854658045964,0.3640756452770638,0.3684210526315789,0.44135802469135804,0.015625,0.0,0.5722317158694856,0.8570813655106226,0.2709223318920697
0,0.22865853658536583,0.035869329805000544,0.33183308389585975,0.029465419581888423,0.8325106199977667,0.6379134824191028,0.3815789473684211,0.8665123456790124,0.125,0.2857142857142857,0.3289420659671042,0.2342456692881417,0.30183691880348557
0,0.22103658536585366,0.7283293154974073,0.13240285607267363,0.0,0.5621501073331118,0.22989749837806514,0.4473684210526316,0.558641975308642,0.25,0.42857142857142855,0.0689514837752917,0.04065066592410343,0.489109761971031
0,0.5335365853658537,0.1759854815054234,0.07390769847824101,0.004467471700067941,0.44278241864458445,0.5211130337536114,0.4276315789473684,0.23148148148148148,0.015625,0.2857142857142857,0.12576957609806055,0.14429275443570422,0.25133297676923533
0,0.07621951219512195,0.01515359510259755,0.462071015827991,0.1711837534906066,0.5240811236038103,0.20130981538433712,0.4342105263157895,0.036265432098765434,0.5,0.2857142857142857,0.8172731313382142,0.018183512427284873,1.0
0,0.6463414634146342,0.17627851574162848,0.05300754575559153,0.005637930168600918,0.4889867516079812,0.8766465627936662,0.5460526315789473,0.3148148148148148,0.25,0.0,0.08763767642398823,0.03252373771696512,0.5355697442005859
0,0.1722560975609756,0.15095298367605314,0.47464928465575995,0.031515617355291244,0.8634668445874452,0.007589383965479656,0.07894736842105263,0.3549382716049383,0.25,0.0,0.0823883881024364,0.1887301834355831,1.0
0,0.07713414634146341,0.015165507281554157,0.27124980822964134,0.33335675933994885,0.8443270627910783,0.6659080529807453,0.5,0.18518518518518517,0.0625,0.0,0.6640286777454245,0.26511376841429385,0.46392310345056975
0,0.28048780487804875,0.08134417124685403,0.04606583109193226,0.05711682923262403,0.613559718507633,0.01932086468200173,0.47368421052631576,0.6342592592592593,0.25,0.0,0.21169804475564594,0.37815560391932185,0.2996794945680703
0,0.2652439024390244,0.19776586899598197,0.06218093696549113,0.0033954545756044625,0.44513886070370506,0.08403422983020743,0.45394736842105265,0.3410493827160494,1.0,0.2857142857142857,0.09129363547177466,0.26712867594241907,0.26064753050997896
0,0.3079268292682927,0.16729533761521187,0.1958635541657418,0.02729064967528396,0.6827389038320366,0.09231321893687518,0.32894736842105265,0.05864197530864197,1.0,0.0,0.6454474006113607,0.25564593854488715,0.289383017760698
0,0.3521341463414634,0.3087825972743193,0.179745500332946,0.004801897790806499,0.539912646050836,0.506424737368064,0.4144736842105263,0.36882716049382713,0.03125,0.0,0.1716122854274365,0.211267964777528,0.2163991842861367
0,0.23628048780487804,0.05493059194937371,0.4391368110139838,0.09897255903906417,0.5275245590092719,0.5065439723973959,0.48026315789473684,0.2222222222222222,0.125,0.0,0.30036635203597656,0.4029874967002668,0.3836978832500636
0,0.0,0.9503709959563734,0.7611661351499563,0.0024009488954032493,0.3150247986367558,0.6605220030796927,0.29605263157894735,0.5987654320987654,0.0078125,0.5714285714285714,0.08717222128532616,0.11617718302960109,0.09787993918503804
0,0.47560975609756095,0.05276650575563967,0.20274142868101164,0.07852088141586995,0.5629065455274218,0.46319052631362856,0.4868421052631579,0.22608024691358025,0.03125,0.2857142857142857,0.3040962511015205,0.4998417192583633,0.38088529182378505
0,0.15701219512195122,0.050366443483602585,0.2670914618124013,0.09962963483540888,0.7572668669208805,0.6495232513023333,0.5328947368421053,0.6975308641975309,0.0625,0.0,0.23493244050939058,0.1147578824539652,0.5421119785578834
0,0.34298780487804875,0.07518287731129561,0.07695375233388606,0.08895971000604234,0.2795094053825918,0.9960065697446967,0.5723684210526315,0.2862654320987654,1.0,0.42857142857142855,0.23253596679471103,0.16609868385237128,0.3406214178884299
0,0.6189024390243902,0.34727656864852524,0.15126976458760397,0.012577016023704382,0.7586032728606389,0.8766465627936662,0.4276315789473684,0.4521604938271605,0.125,0.2857142857142857,0.0948995401132407,0.12168599155649547,0.2676368417868781
0,0.12164634146341463,0.008760488829251385,0.38379571070910967,0.27393126872830265,0.5013485450142268,0.05091769914455386,0.4473684210526316,0.33487654320987653,0.5,0.2857142857142857,0.5096633751973659,0.19161592593169327,0.4478068600477663
0,0.035975609756097565,0.15738462436015951,0.5803872781992192,0.0016977272878022313,0.3398140656886707,0.4598091396174503,0.4407894736842105,0.1597222222222222,0.03125,0.42857142857142855,0.2988500409179751,0.06551854229118571,0.3191141976201589
0,0.10213414634146342,0.08659029710562942,0.15171089761584564,0.14176616402352876,0.9053678064175487,0.169767733602867,0.29605263157894735,0.408179012345679,1.0,0.0,0.6314818052833863,0.6361893077775519,0.38552454451824464
0,0.38262195121951215,0.10733741179817996,0.19855193998159007,0.04125522702643117,0.7667514996680295,0.5005561434697571,0.3092105263157895,0.4861111111111111,0.015625,0.0,0.1167293620829821,0.5512802989655468,0.3539278237733775
0,0.0801829268292683,0.04746170940485592,0.5591422846296465,0.1533200047252098,0.8241935538960599,0.17145240694133188,0.3355263157894737,0.1396604938271605,0.0078125,0.0,0.681213053331357,0.4338856749851096,0.40316670072952265
0,0.5182926829268293,0.5723559576961967,0.16906584986094608,0.017365649746351627,0.7357677352262617,0.3606207700763021,0.5460526315789473,0.021604938271604937,0.0078125,0.0,0.7968697906211705,0.15475159232010502,0.4563883790634266
0,0.4984756097560975,0.10727668720250362,0.18617524424199297,0.022070454425572737,0.47489479391867145,0.6445577143316233,0.4276315789473684,0.11188271604938271,0.015625,0.0,0.6041351835389239,0.07357559277542675,0.37370729140574804
0,0.27896341463414637,0.11949263888988552,0.16608792140516263,0.17135682693319043,0.447306924020379,0.7028427262221133,0.3881578947368421,0.23842592592592593,0.25,0.2857142857142857,0.38961627950099487,0.5081252719966721,0.3302547318876758
0,0.3445121951219512,0.46887072655805667,0.2289089837476661,0.0023996003470628685,0.5920492939351184,0.9737212986331472,0.42105263157894735,0.39274691358024694,0.0078125,0.0,0.17113508159986712,0.09910651035043656,0.28629486530680326
0,0.37957317073170727,0.38579692140276817,0.21636507037564143,0.0,0.5424712983200167,0.7878573298777183,0.5,0.4567901234567901,0.125,0.0,0.17292269407068536,0.07664584553468205,0.4267044952604153
0,0.25152439024390244,0.11609130029067564,0.08205705127368161,0.05624432840587026,0.40440848105592037,0.8879808260751529,0.42105263157894735,0.3626543209876543,0.5,0.2857142857142857,0.2413762497378961,0.33600044284443675,0.3920270638029526
0,0.3155487804878049,0.0829195477103327,0.12389631058311246,0.20371842582289246,0.4900530823725591,0.5745749637398453,0.46710526315789475,0.3912037037037037,0.03125,0.0,0.43085561033264935,0.3210177787137939,0.3285133644236186
0,0.27286585365853655,0.115717880217428,0.40227851747640003,0.07202846844137882,0.34065015405854804,0.7424684269914593,0.5592105263157895,0.16743827160493827,0.0625,0.42857142857142855,0.2366810817194431,0.09777143884608723,0.380649291154802
0,0.2820121951219512,0.16675475019272823,0.06674620376294246,0.05943928563419359,0.45446214684255287,0.373216183761099,0.5328947368421053,0.18441358024691357,0.03125,0.0,0.28864816719898434,0.5966586090005706,0.4364243222097608
0,0.6996951219512195,0.089793675519633,0.1329832878252752,0.05301742626414365,0.6226747941334515,0.16313467061142825,0.5460526315789473,0.43364197530864196,0.5,0.2857142857142857,0.06151255782323842,0.5250511240482576,0.47177762158544373
0,0.1875,0.0,0.08370730661387406,0.792104904079189,0.8938266390619908,0.1928027816550277,0.35526315789473684,0.42824074074074076,0.0078125,0.0,0.5193089563537039,0.5776677670027272,0.3549398077617206
0,0.35823170731707316,0.05371488329764755,0.09070419707790936,0.004801799638470915,0.3320157027005579,0.6641221907708315,0.47368421052631576,0.23148148148148148,0.25,0.2857142857142857,0.5137216367145659,0.1746653025169918,0.3097608570905639
0,0.16310975609756098,0.4241248610500576,0.45751858132368883,0.0024009488954032493,0.7393060677309892,0.9155858992399086,0.4934210526315789,0.49614197530864196,0.5,0.0,0.07320718982047006,0.1337247230161291,0.33806458410335755
0,0.350609756097561,0.2565615415261828,0.18652926456475474,0.013383241519180215,0.6989652615998242,0.17875530281009053,0.4934210526315789,0.39969135802469136,0.5,0.0,0.10531635660419222,0.05141103313938506,0.5521046435692136
0,0.37652439024390244,0.025768185166339032,0.018563632873193278,0.32297969644317415,0.8164019604805277,0.4691483384190856,0.18421052631578946,0.22299382716049382,0.03125,0.0,0.6794777414756745,0.43267525498028553,0.2501261460242923
0,0.3079268292682927,0.08036387959782747,0.09649720627309405,0.07565142986553683,0.4203208229683228,0.29163252507444976,1.0,0.2191358024691358,0.0078125,0.0,0.24541813149369257,0.8155237275420398,0.3572046653684102
0,0.21798780487804878,0.004889118647885637,0.36164095039757665,0.1873975006925149,0.8592358924953719,0.6521869529801738,0.27631578947368424,0.5123456790123457,0.0625,0.0,0.5558278285195014,0.20446683181073788,0.0640482515698438
0,0.34908536585365857,0.06518142034529784,0.199914478580475,0.045331699619424785,0.5272629611852094,0.09285570780415738,0.3618421052631579,0.3533950617283951,1.0,0.0,0.2868555076910745,0.1493983883562017,0.42674920759379426
0,0.0,0.47306275779640605,0.7022125607136794,0.0,0.4313701962612943,0.2750065346233502,0.3881578947368421,0.5432098765432098,0.0078125,0.0,0.15552979081122006,0.201933646762293,0.42641077081432616
0,0.09496951219512194,0.06905543365641373,0.4877748130443014,0.24913527239602565,0.5944473227094328,0.6538045600823871,0.45394736842105265,0.3263888888888889,0.0625,0.0,0.9066812085424263,0.6709929244163721,0.34575799859550665
0,0.2027439024390244,0.0,0.15373712486453667,0.7185511388671563,0.7142793425354186,0.15620079578423998,0.4605263157894737,0.3533950617283951,0.5,0.0,0.43879424841871517,0.09079832240981246,0.3120498036602537
0,0.09939024390243902,0.05157946407986046,0.5573019012194962,0.1566629327191403,0.8415316293354997,0.10411247109077637,0.3026315789473684,0.16126543209876543,1.0,0.0,0.6890687758080611,0.3772805851012802,0.30257849373895823
0,0.27896341463414637,0.01338296210858858,0.26439250822572435,0.34688993704036997,0.8382106001106087,0.8002095573672795,0.34868421052631576,0.6535493827160493,0.125,0.0,0.0961529985815422,0.4101193518735986,0.2776967918978158
0,0.09542682926829268,0.03705653808031783,0.17694118525506275,0.11771870756668437,0.8449185849660902,0.8794106072125707,0.39473684210526316,0.49691358024691357,0.25,0.14285714285714285,0.6554540297929002,0.8269173167499052,0.3434205801432992
0,0.23628048780487804,0.17863465126879277,0.1002277099599812,0.013421707285256431,0.8830112775848159,0.2676098015077988,0.7894736842105263,0.32021604938271603,0.0078125,0.0,0.5994102416990937,0.6212836116340442,0.33897708701778173
0,0.34756097560975613,0.07845363182313245,0.09924919864471399,0.125082896477792,0.30342172046287014,0.8540920557678156,0.3223684210526316,0.36728395061728397,0.125,0.2857142857142857,0.25854904302075926,0.2280328500062275,0.2065525692495801
0,0.09298780487804878,0.0,0.376607433427124,1.0,0.86491865635431,0.9277887361680569,0.4144736842105263,0.44830246913580246,0.25,0.0,0.5174274560518616,0.6036316264108085,0.3404021727409171
0,0.2423780487804878,0.29830601964065045,0.06728838344932041,0.004801897790806499,0.30614948896342736,0.25245201650070764,0.5197368421052632,0.37808641975308643,0.015625,0.0,0.17099822000430306,0.13757767509492946,0.2751313250739803
0,0.17378048780487806,0.16870090110383115,0.05667314435656557,0.004467471700067941,0.39842685595294214,0.4162302344635619,0.4868421052631579,0.010030864197530864,0.125,0.7142857142857143,0.6694670450847571,0.033524336403627356,0.37287049003015527
0,0.08170731707317073,0.44212564163441015,0.41901354143545416,0.05288360585938648,0.658856190246406,0.6269687442764827,0.5394736842105263,0.5208333333333334,0.125,0.0,0.09877554443202546,0.08123466752020508,0.499265804920244
0,0.1013719512195122,0.1652135110353475,0.533631369632062,0.009603795423684862,0.3653414223161237,0.12761310724211597,0.26973684210526316,0.27469135802469136,0.015625,0.42857142857142855,0.2867853853039376,0.07312638344015314,0.16098830347018758
0,0.31402439024390244,0.14535128947730488,0.1240614983058925,0.07288628195162535,0.8489255103619232,0.6878057963759764,0.618421052631579,0.1712962962962963,0.0625,0.0,0.7259251339156418,0.6300456581823717,0.37071003340119596
0,0.08765243902439025,0.0,0.20912389303620627,0.5193714649761197,0.7739465091145064,0.33118164688265866,0.5657894736842105,0.8402777777777778,0.0078125,0.0,0.4596447972941669,0.5408027253549755,0.2998036215752325
0,0.20579268292682926,0.026027327939959276,0.06331418757915627,0.3329936825587643,0.8082697806372315,0.021174104948020682,0.5328947368421053,0.15432098765432098,1.0,0.0,0.8483470731677286,0.24642574803711206,0.3749266849239448
0,0.30640243902439024,0.33084373930479327,0.07774109818315945,0.025578285450049382,0.8328722074859227,0.2838280015005082,0.3618421052631579,0.13040123456790123,0.0625,0.42857142857142855,0.32018259107933056,0.029317465269155123,0.268340063132577
0,0.3246951219512195,0.14840505901024278,0.11254631050150807,0.013421707285256431,0.6783476051821571,0.04367575795388917,0.5789473684210527,0.3387345679012346,0.5,0.0,0.06395407588177744,0.22407398710537413,0.34387239130996455
0,0.0,0.04081288095215069,0.6967645484338482,0.05179661414713912,0.7324863080009671,0.8088341505103388,0.5657894736842105,0.33641975308641975,0.5,0.0,0.5796232218576565,0.4729728113865682,0.33201537671069153
0,0.1073170731707317,0.2078158519772464,0.40017297074318764,0.0016977272878022313,0.5068528383233135,0.08454615258410716,0.4934210526315789,0.3966049382716049,0.5,0.42857142857142855,0.4013410735532261,0.1513480278234446,0.4055201320762101
0,0.4634146341463415,0.12616157472129677,0.13335191533705884,0.05255425857952488,0.5478090139874447,0.3931332330220332,0.2236842105263158,0.29398148148148145,0.015625,0.0,0.45978382190562733,0.2427884474343926,0.30790993667403055
0,0.2682926829268293,0.2003930376368324,0.07836572280288293,0.07832543350483276,0.533855386359662,0.08529238409969535,0.6447368421052632,0.4853395061728395,0.5,0.0,0.07865165797386937,0.1844004432702487,0.4314361121868029
0,0.38871951219512196,0.12694647693454353,0.4194150759247412,0.07470000287429206,0.29980131612183863,0.8865679825261037,0.34868421052631576,0.16049382716049382,0.25,0.42857142857142855,0.14391509796557816,0.13000638198050934,0.21881406801627776
0,0.14984756097560975,0.03191235990741558,0.1892333694296831,0.08676784122031701,0.933673604873403,0.4598091396174503,0.16447368421052633,0.08950617283950617,0.03125,0.0,0.8125550760233532,0.06551854229118571,1.0
0,0.4115853658536585,0.3268968964128374,0.0709653403638251,0.08075040816526359,0.8254416938406028,0.5335058477596715,0.35526315789473684,0.5864197530864198,0.03125,0.0,0.03929248711369414,0.23246914218720344,0.34959676127992373
0,0.2652439024390244,0.18457011859453637,0.17815962067007013,0.0,0.42945679195678776,0.6659080529807453,0.4144736842105263,0.12268518518518519,0.03125,0.42857142857142855,0.5240769181763624,0.033524336403627356,0.36644136704632946
0,0.2240853658536585,0.0,0.235202642105916,0.6915027083095784,0.7224563554116685,0.7542528316377527,0.35526315789473684,0.6813271604938271,0.25,0.0,0.5863620331772621,0.365512231856988,0.4040455533584455
0,0.1510670731707317,0.06911471688529996,0.02921835931889697,0.007931593902331557,0.6135777963435016,0.3575247235137192,0.40789473684210525,0.38425925925925924,0.03125,0.2857142857142857,0.4034154427724968,0.06551854229118571,0.572811714198146
0,0.6265243902439025,0.48364682021070793,0.02851053696516471,0.0023996003470628685,0.618054714701133,0.7831836662768548,0.4868421052631579,0.004629629629629629,0.03125,0.5714285714285714,0.8038041053006424,0.05860989675619668,0.37511814344490113
0,0.21798780487804878,0.055419313254241195,0.2478223659729204,0.04269634494284107,0.6793523636070363,0.5021298350178911,0.45394736842105265,0.02546296296296296,0.0078125,0.0,0.9053388445745886,0.022999769987272926,0.5730340381533899
0,0.5548780487804879,0.12623303157186042,0.006203075017300135,0.06256852896575708,0.6787625799813463,0.4668299689062342,0.5328947368421053,0.2191358024691358,0.03125,0.0,0.10928342943840971,0.18175079369987443,0.3873411339078688
0,0.25914634146341464,0.11913838712304126,0.042608466538928566,0.05470398187364044,0.48607620464774853,0.9605839176302889,0.48026315789473684,0.1527777777777778,0.125,0.2857142857142857,0.1048266830824167,0.1127403383576091,0.37539819117725093
0,0.1798780487804878,0.11463369784521905,0.43632383566830746,0.03026632684743542,0.6670683741292905,0.17875530281009053,0.375,0.14891975308641975,0.015625,0.42857142857142855,0.5106647036588726,0.0770743955630196,0.30618356099234145
0,0.11661585365853659,0.022378426170977926,0.5258191756485918,0.2721073330138974,0.5206103022001819,0.6598209909912359,0.19736842105263158,0.25,0.03125,0.0,0.36824077406241496,0.4941581693868583,0.25846652786761926
0,0.3170731707317073,0.1938478284810958,0.09323895239525258,0.0024009488954032493,0.7813026805445777,0.48771945778633313,0.4473684210526316,0.03780864197530864,0.03125,0.0,0.63673223981849,0.06347335507664528,0.3596619871367722
0,0.2972560975609756,0.42173579247562865,0.10624616459282664,0.0016977272878022313,0.5501255924953011,0.31081423432107913,0.506578947368421,0.3109567901234568,0.015625,0.5714285714285714,0.22961366761308163,0.08000948768458979,0.33704528214488005
0,0.6829268292682926,0.19483893350088963,0.02730561217994751,0.0033954545756044625,0.5202000199456226,0.5392832815122398,0.29605263157894735,0.2993827160493827,0.015625,0.0,0.09735116148962059,0.12381961397323726,0.23577331682432282
0,0.1600609756097561,0.03802765489935235,0.232337144123177,0.20167969994917875,0.7101136706625711,0.604676121540277,0.6907894736842105,0.24768518518518517,0.0625,0.0,0.7955250233023367,0.6487368226362231,0.3642950512729787
0,0.05243902439024391,0.3172416233034692,0.3492667435924219,0.07360996709725247,0.3797407586026113,0.31680949809931375,0.46710526315789475,0.24459876543209877,0.0078125,0.42857142857142855,0.20740682457767298,0.08747712529494596,0.3212927712534042
0,0.24847560975609756,0.0404997156264439,0.17999330231821803,0.11950503269586168,0.7561611803229819,0.3992269808286829,0.35526315789473684,0.4591049382716049,0.015625,0.0,0.6842460822882979,0.7924842555409463,0.3723087081833317
0,0.4253048780487805,0.21249112171094608,0.17368610782880048,0.004467471700067941,0.644347426896232,0.7240435633419032,0.5394736842105263,0.3109567901234568,0.0625,0.42857142857142855,0.25869202391770535,0.19725472841280053,0.526346007552207
0,0.17835365853658536,0.0530240967200794,0.004386236518951808,0.2037633642735606,0.8752532397097342,0.4821388256387161,0.3618421052631579,0.19444444444444445,0.015625,0.0,0.6888163315169052,0.48450580449779723,0.2984026248150974
0,0.09695121951219512,0.028205250630909957,0.12375447192155532,0.21545971932380226,0.7348546583536726,0.04910120701470386,0.6052631578947368,0.32330246913580246,0.125,0.0,0.6350759519922874,0.11978727375304744,0.5043175250222749
0,0.4054878048780488,0.20308895510579228,0.026317418501677788,0.024378574900734272,0.7327363821662503,0.15707413550303728,0.3815789473684211,0.39814814814814814,0.0078125,0.0,0.07323001241127426,0.1320028360066691,0.3751702975195794
0,0.0788109756097561,0.5233837426929412,0.3139133883455849,0.004467471700067941,0.45856776952953227,0.7255573599555728,0.4934210526315789,0.5810185185185185,0.03125,0.42857142857142855,0.12121267471113846,0.0699005632526706,0.4013429480837207
0,0.057926829268292686,0.759185484250884,0.4774931982725979,0.028793631200534936,0.5781459919253155,0.8385394302585214,0.17105263157894737,0.5987654320987654,0.0625,0.2857142857142857,0.08854300025686275,0.6926070899126954,0.18616861871843934
0,0.2820121951219512,0.22482615774979559,0.10451603893835928,0.0525481049097646,0.7864966658778063,0.3636998524182157,0.4276315789473684,0.09104938271604938,0.015625,0.0,0.7312028464845501,0.28190504408181166,0.25443437273779185
0,0.48780487804878053,0.13261670781217683,0.017271420953074202,0.004780107577486649,0.45448584034658485,0.09623711391972148,0.47368421052631576,0.30478395061728397,0.0078125,0.42857142857142855,0.3749622257929034,0.0414552524734414,0.43119646026845027
0,0.2926829268292683,0.0014529755956635452,0.2212434532863727,0.4247672692046139,0.43585340724434735,0.8766465627936662,0.3815789473684211,0.18518518518518517,1.0,0.42857142857142855,0.5323607144400834,0.03252373771696512,0.36633144278035834
0,0.08887195121951219,0.08942478545629712,0.4696143436883887,0.07357501049432454,0.5719880194566133,0.7006654524187039,0.5394736842105263,0.43364197530864196,0.0625,0.2857142857142857,0.07598144258074638,0.3043770968918029,0.3877920322621919
0,0.16615853658536586,0.10912520579254739,0.11241039836007784,0.0016977272878022313,0.7338731472564507,0.32026438439686744,0.35526315789473684,0.48996913580246915,0.0625,0.0,0.08509914617813022,0.06942741437299053,0.24141403295809527
0,0.1798780487804878,0.4380807046848477,0.21837472172896893,0.0,0.47767436503486227,0.013355194383336568,0.34210526315789475,0.5570987654320988,0.25,0.0,0.13384437326170706,0.08634137092190047,0.17005098289002887
0,0.2225609756097561,0.2651928077669079,0.19204151991473972,0.02290169731683258,0.48780167638618305,0.9410040166502924,0.42105263157894735,0.31790123456790126,0.25,0.0,0.4995849412829923,0.061894892427644836,0.3597578633755088
0,0.24847560975609756,0.2518790587188496,0.11695993590789801,0.0386584320831637,0.8868649952448369,0.7735448818349789,0.4276315789473684,0.17515432098765432,0.125,0.0,0.7471525929328687,0.5951358856320573,0.27568154978826614
0,0.0625,0.8769897023390388,0.5400529735014167,0.012069292074502915,0.28650001989331214,0.0,0.39473684210526316,0.5725308641975309,0.125,0.2857142857142857,0.08292735805060279,0.0,1.0
0,0.3643292682926829,0.04815988938289847,0.043287289746242935,0.2090250164482152,0.5478493544858681,0.9503432986778673,0.375,0.16203703703703703,0.125,0.0,0.3396799609074625,0.07267437661933875,0.31543660046404903
0,0.33993902439024387,0.16741666825258614,0.051931672221206704,0.0016977272878022313,0.461760823061866,0.7373972763035166,0.4407894736842105,0.09567901234567901,0.0625,0.5714285714285714,0.4531499261006543,0.06347335507664528,0.32014773326261875
0,0.29573170731707316,0.041992798781764276,0.22547481524762042,0.1286288884670453,0.5263180211653148,0.2672444840205364,0.46710526315789475,0.3734567901234568,0.0078125,0.0,0.11776654669261745,0.42039988842736425,0.22939752374124342
0,0.2850609756097561,0.1551719017087684,0.2489460178681012,0.0024009488954032493,0.3765005949992737,0.07058656587968404,0.48026315789473684,0.21373456790123457,0.5,0.2857142857142857,0.26574435237473815,0.1385237599483104,0.44671643608356476
0,0.31097560975609756,0.0007596913977545253,0.04784849774445417,0.4380418237919998,0.7450145559657336,0.7142917303321985,0.39473684210526316,0.19290123456790123,0.25,0.0,0.712183928377774,0.4513613938627673,0.2847296860962125
0,0.22560975609756095,0.12187121855706706,0.2522853008428103,0.013953769539263621,0.44919015757072533,0.6269687442764827,0.46710526315789475,0.22299382716049382,0.015625,0.0,0.09733734222139363,0.016264006583052878,0.43805957137117263
0,0.015152439024390243,0.49727226014736264,0.6167935037178968,0.029628063450470737,0.9943154052793866,0.3145389418887084,0.3355263157894737,0.5771604938271605,0.015625,0.0,0.10893367716288925,0.10552556125667706,0.30829277635896485
0,0.3856707317073171,0.30828622424609814,0.022501558644191726,0.00679090899328079,0.37936473961654493,0.8865679825261037,0.4407894736842105,0.44675925925925924,0.25,0.42857142857142855,0.07109151069504134,0.13000638198050934,0.4812562494768734
0,0.3201219512195122,0.08206792456597545,0.32121939018658036,0.012577016023704382,0.3660704068165411,0.05585470903739935,0.4934210526315789,0.23842592592592593,0.015625,0.0,0.23149524186418544,0.29396587072591557,0.31186032547793846
0,0.25152439024390244,0.12892131166873774,0.32275749046860513,0.0,0.503102941290051,0.7311914786403123,0.4144736842105263,0.5354938271604939,0.125,0.0,0.24943322512954158,0.13298956609687168,0.31927669368849054
0,0.15198170731707317,0.011501511095248452,0.4624173245342021,0.2887996261525201,0.9221144981505067,0.3303306616512126,0.3815789473684211,0.5941358024691358,0.015625,0.0,0.6234139408629975,0.3815531624868478,0.416684600592771
0,0.20579268292682926,0.12324817309879198,0.3594356626767552,0.005093181547550424,0.4072121149255567,0.9572497755257702,0.4868421052631579,0.283179012345679,1.0,0.42857142857142855,0.3273420812598115,0.08363072378848266,0.25910029811832247
0,0.28353658536585363,0.05625091762339208,0.021350421364360415,0.035255068150727875,0.4120690370858418,0.8029498269094651,0.40131578947368424,0.15046296296296297,0.125,0.2857142857142857,0.41274636057785585,0.19871921209339632,0.3005795120662188
0,0.31859756097560976,0.31115106865492087,0.20848545075010774,0.0016977272878022313,0.33946049398986583,0.8377072263474238,0.46710526315789475,0.4722222222222222,0.125,0.2857142857142857,0.09954828648284039,0.033524336403627356,0.36529295629129604
0,0.0625,0.0,0.5395537075330661,0.5728811098052209,0.7310245418853303,0.5560603270435422,0.3223684210526316,0.4837962962962963,0.03125,0.0,0.43756419489165155,0.5861865065785349,0.28180837717282214
0,0.16310975609756098,0.013190436063371471,0.4190654316383554,0.3025511552916822,0.40740275532066095,0.8149233763742754,0.5789473684210527,0.2037037037037037,0.125,0.0,0.440937991288851,0.37743984372503075,0.36953676011338055
0,0.2682926829268293,0.3994173196754991,0.020213845371071563,0.017785665937143973,0.5878730061416332,0.25245201650070764,0.34868421052631576,0.5300925925925926,0.0078125,0.0,0.02565793489810217,0.03449587837542934,0.3710741062832277
0,0.288109756097561,0.0,0.09575108289049342,0.635044268835378,0.882642689743196,0.5326558334975195,0.45394736842105265,0.4390432098765432,0.125,0.0,0.5478554510829148,0.40997534325952173,0.38250658578633595
0,0.538109756097561,0.2686197415460874,0.022317568245766365,0.013370075840248742,0.7227650325359505,0.7182543947318646,0.625,0.43209876543209874,0.5,0.0,0.08281184006061469,0.32360186314517536,0.33924119921262974
0,0.08003048780487805,0.5282117598682928,0.2715539682591495,0.02229405697478551,0.6373401192349436,0.6593973987011316,0.4473684210526316,0.5524691358024691,0.0625,0.0,0.12263268540346219,0.238558228436084,0.32882486550328993
0,0.5884146341463414,0.10035720313693827,0.14764139799775425,0.059787124719322224,0.6345296542511578,0.35786801664319046,0.5460526315789473,0.45524691358024694,0.0078125,0.0,0.10651713546739318,0.45116977848147877,0.4138204584762439
0,0.21189024390243902,0.19996712310988302,0.17863383408518194,0.01358181798656158,0.7515295772318842,0.4509876339015206,0.39473684210526316,0.3325617283950617,0.015625,0.0,0.09608545517489721,0.12695149311087,0.24299373980918515
0,0.23932926829268292,0.05729260775386697,0.30682495405671834,0.11636840622401097,0.6508436010569028,0.6192212415678946,0.3355263157894737,0.41358024691358025,0.03125,0.0,0.5845901534118101,0.624009402324146,0.3607287398656557
0,0.13445121951219513,0.001785652160755451,0.39802351063795066,0.41431540364693964,0.5608185631772976,0.1442832823444991,0.23026315789473684,0.38348765432098764,1.0,0.0,0.3876613845571979,0.15475159232010502,0.32523751299790626
0,0.5579268292682927,0.42026468111631676,0.17380826962749218,0.02113499002052118,0.6567637769033199,0.8227160707680151,0.42105263157894735,0.04398148148148148,0.125,0.0,0.8204743024282979,0.14608944818904526,0.4802811647671144
0,0.5289634146341463,0.11379968308649668,0.1063592989038896,0.06781051908766812,0.7115136336576257,0.8766465627936662,0.506578947368421,0.07407407407407407,0.125,0.0,0.8017611645174731,0.33517803160846726,0.41670471340709375
0,0.21189024390243902,0.18182367841172611,0.09487054684745852,0.06047894707417601,0.5119561267693546,0.6365324866629045,0.07894736842105263,0.404320987654321,0.0625,0.0,0.21716855229272103,0.6310030666630654,0.25360711721330464
0,0.3079268292682927,0.6218274721390352,0.0974919028026218,0.0023191385683561925,0.7347187130279409,0.746682045340715,0.23684210526315788,0.08101851851851852,0.125,0.0,0.9419488129867919,0.5116585457476895,0.26478968726275587
0,0.4984756097560975,0.0006868631272480409,0.10332303349697737,0.44295359408110624,0.6732332700244958,0.7887005473548105,0.5460526315789473,0.38117283950617287,0.5,0.0,0.5506908506387238,0.3194752130031485,0.3582982609687167
0,0.34908536585365857,0.15041727568573338,0.09942898641613025,0.019064259220713097,0.5176911394203012,0.17875530281009053,0.45394736842105265,0.5617283950617284,0.015625,0.42857142857142855,0.18613254643431268,0.05141103313938506,0.3026794445954625
0,0.3094512195121951,0.11874247923199487,0.29786712599067755,0.016214513153360536,0.4971354861333152,0.8766465627936662,0.5526315789473685,0.4382716049382716,0.5,0.2857142857142857,0.2497925076161268,0.22577971058997062,0.3845884941396674
0,0.4634146341463415,0.15231170586383577,0.10672413181070388,0.0,0.6431657518461164,0.3094785578631396,0.45394736842105265,0.21296296296296297,0.0078125,0.0,0.11558555188204381,0.09810693163195379,0.23154521646880555
0,0.10625,0.4217084813828137,0.3289197555295147,0.0024009488954032493,0.37270312633324043,0.12761310724211597,0.4342105263157895,0.5648148148148148,0.0078125,0.0,0.13571569629644722,0.11360946760210952,0.34699100694186047
0,0.2240853658536585,0.12031220254260847,0.3205990844801473,0.0,0.7514376033571418,0.8430933039904563,0.4276315789473684,0.22299382716049382,0.125,0.0,0.08979989736582006,0.11617718302960109,0.3026268882644977
0,0.22865853658536583,0.16348156844417558,0.2761056275215762,0.0,0.5169877654437874,0.7907469899813169,0.4342105263157895,0.36651234567901236,0.25,0.5714285714285714,0.07555790742964899,0.04740174370492103,0.3820162972587317
0,0.17835365853658536,0.12819858165764048,0.18299071382639803,0.13839553543480934,0.23858325123431617,0.2418710311976873,0.40789473684210525,0.27469135802469136,0.03125,0.42857142857142855,0.30621426887234143,0.08634137092190047,0.2751711020321523
0,0.2774390243902439,0.0,0.2157048703142749,0.67267601643337,0.7386687740140971,0.9743471576982302,0.2631578947368421,0.49151234567901236,1.0,0.0,0.5898306232839381,0.33223490352400736,0.22634032955000974
0,0.350609756097561,2.146450977461953e-05,0.11243022823120813,0.4975502740526918,0.9103433961080928,0.7786862474738847,0.23684210526315788,0.4112654320987654,0.125,0.0,0.5597604502415571,0.23695091207559885,0.01693039465518986
0,0.42835365853658536,0.3373639398107692,0.07895225856519866,0.017987913444011478,0.6649988850206252,0.15016761426796654,0.35526315789473684,0.12731481481481483,0.5,0.42857142857142855,0.35740402744685995,0.05747299368112383,0.08895562045634119
0,0.0361280487804878,0.035300002402277986,0.38400910623588247,0.17375885068747698,0.7910059858714713,0.35989373601075986,0.46710526315789475,0.5740740740740741,0.015625,0.0,0.391290259687991,0.6855986459377774,0.38106486831289527
0,0.38414634146341464,0.02427844211336818,0.08121016990853779,0.08364354893576968,0.7489275689274034,0.7174609463665969,0.3092105263157895,0.35030864197530864,0.125,0.0,0.5632398554277149,0.6695465501222638,0.32331024124392493
0,0.4725609756097561,0.1282982543550648,0.015351827204298268,0.055662833066487435,0.3475549488514174,0.6269687442764827,0.4407894736842105,0.279320987654321,0.5,0.42857142857142855,0.42619389511132894,0.06501331145121989,0.25847279378285065
0,0.15396341463414634,0.4753574449246574,0.19289619348078707,0.012202076470697857,0.5990710330943171,0.7662180307666324,0.45394736842105265,0.021604938271604937,0.5,0.0,0.6887570426965658,0.06347335507664528,0.4263011559762676
0,0.19969512195121952,0.10091419468622351,0.37286711579012655,0.0024009485795469803,0.6083610714005592,0.497314659577888,0.2631578947368421,0.14737654320987653,0.03125,0.2857142857142857,0.1307793612492042,0.1887301834355831,0.24618688115384424
0,0.19054878048780488,0.07336179460772829,0.30542462241640445,0.14855473647005984,0.6550876615031548,0.855104443837943,0.5460526315789473,0.4714506172839506,0.25,0.2857142857142857,0.43944993803236765,0.6680586591622095,0.3627909221895552
0,0.10899390243902439,0.025554749319172582,0.3847206762720495,0.19934376122276806,0.771877096932802,0.4062465339863943,0.4605263157894737,0.12422839506172839,0.0078125,0.0,0.6684586544687853,0.3092350419376504,0.3118436782562376
0,0.16310975609756098,0.13194897436769393,0.4088930443666845,0.0024009488954032493,0.7090641253609145,0.6609936444788717,0.32894736842105265,0.5146604938271605,0.125,0.42857142857142855,0.2345610303439332,0.19026364122648995,0.25060374800747764
0,0.13551829268292684,0.033371412455218574,0.17215639239969185,0.26779741894891246,0.8729788941035455,0.2235789545346125,0.5657894736842105,0.4020061728395062,0.0078125,0.0,0.6768403410673045,0.5445420970451695,0.38487742245311046
0,0.0,0.6896981896495513,0.8392908291334266,0.004467471700067941,0.5804724324695902,0.2885016373593918,0.5855263157894737,0.5949074074074074,0.0078125,0.2857142857142857,0.08413691838859678,0.07664584553468205,0.6762115379170641
0,0.2926829268292683,0.154340245550248,0.24703628091174976,0.029638066618509117,0.6266586106701572,0.8766465627936662,0.42105263157894735,0.3626543209876543,0.125,0.0,0.072614283129759,0.31202948242779266,0.3407188722095211
0,0.3978658536585366,0.37357866103264886,0.4447894463467339,0.0033954545756044625,0.579057207165445,0.49154884971487073,0.5197368421052632,0.4583333333333333,0.015625,0.0,0.11514486050229814,0.08634137092190047,0.3489328836933192
0,0.25609756097560976,0.00010576200413628591,0.06378792156837143,0.48781355446641295,0.7297072138319354,0.9028968563731679,0.4473684210526316,0.2044753086419753,0.0625,0.0,0.5310671200101488,0.04944717353325172,0.34323848181670075
0,0.09253048780487805,0.0,0.4635282767433966,0.6552323012308603,0.7280781469612051,0.5634658266247216,0.34868421052631576,0.6898148148148148,0.125,0.0,0.4474899050938877,0.3873167253961209,0.36287685032089984
0,0.13170731707317074,0.10516465431687794,0.5275361833944823,0.014772895394404986,0.3915461854550872,0.05391639355149885,0.375,0.15046296296296297,1.0,0.0,0.153431258670782,0.03636105110889728,0.34053918742064143
0,0.6676829268292683,0.15782055357844268,0.14191995994855658,0.008856179427839004,0.3330504934110673,0.5922113448385242,0.40789473684210525,0.16049382716049382,0.03125,0.42857142857142855,0.2374018466831408,0.07490694090079084,0.18081983234886265
0,0.39939024390243905,0.28104158405586266,0.11399723687474703,0.01117425174439521,0.4523851035063032,0.7640105182052027,0.34868421052631576,0.4444444444444444,0.25,0.2857142857142857,0.07519090648890349,0.07490694090079084,0.160680732125007
0,0.34603658536585363,0.10179295421226965,0.25936668655094075,0.009603795423684862,0.7802414423448273,0.9572497755257702,0.46710526315789475,0.5,0.5,0.42857142857142855,0.08637559362307419,0.08363072378848266,0.32058671864230454
0,0.16310975609756098,0.28977256667179363,0.34417129295656035,0.004467471700067941,0.7573664104085994,0.4795753279920405,0.3355263157894737,0.5470679012345679,0.015625,0.2857142857142857,0.09785568956928288,0.08123466752020508,0.10923849635981274
0,0.2652439024390244,0.48131692255086983,0.20155542081761088,0.005643913275975941,0.5917105537544219,0.27004097268485827,0.42105263157894735,0.5424382716049383,0.0078125,0.0,0.17246875652948868,0.1555904765373031,0.3176787151191583
0,0.42835365853658536,0.25021522226843057,0.23070672885466584,0.008309040564473055,0.3790292457536087,0.9155858992399086,0.42105263157894735,0.1427469135802469,0.015625,0.42857142857142855,0.30268753615887795,0.033524336403627356,1.0
0,0.4512195121951219,0.18677177828783723,0.16838957373121466,0.03029648322471563,0.46839788125917375,0.9503432986778673,0.4868421052631579,0.3271604938271605,0.5,0.42857142857142855,0.05649396346632873,0.018183512427284873,0.4446853512648872
0,0.16158536585365854,0.1395150455918043,0.5051392007990704,0.0016977272878022313,0.4221352992007997,0.6125583670449248,0.4407894736842105,0.26697530864197533,0.03125,0.2857142857142857,0.20839666317268732,0.08970506506047755,0.3473064686988138
0,0.25762195121951215,0.09700470253714874,0.4497229632355821,0.019638368261245986,0.8703281910326611,0.43431747821852323,0.3223684210526316,0.15817901234567902,1.0,0.0,0.12732374923790665,0.1385237599483104,0.21026189823813288
0,0.24390243902439027,0.5207404257522952,0.21538438940317803,0.0016977272878022313,0.3254287854965231,0.18809453490210162,0.42105263157894735,0.011574074074074073,1.0,0.5714285714285714,0.9525757840350274,0.04378018824205935,0.1958436250346366
0,0.25152439024390244,0.13720666859888853,0.3298733132368878,0.018582804247761448,0.6306625359145057,0.4162302344635619,0.42105263157894735,0.5578703703703703,0.0625,0.2857142857142857,0.2614100937266216,0.0670112558192341,0.4224249525144189
0,0.16920731707317074,0.30015868138025537,0.15944401692801838,0.007931593902331557,0.49957327076114827,0.7359653185303608,0.4934210526315789,0.3441358024691358,0.125,0.0,0.14779093589852474,0.1153277426368757,0.3640772913794466
0,0.28048780487804875,0.07285557535961633,0.2999274128791341,0.016316274146816943,0.4127343168311975,0.5795224129397027,0.40789473684210525,0.37037037037037035,0.015625,0.2857142857142857,0.36838644486374494,0.11038865565644025,0.42949692745818424
0,0.08277439024390243,0.0,0.3146815408381099,0.6176802599623437,0.3805797548116199,0.7334077854093498,0.3881578947368421,0.8564814814814815,0.125,0.0,0.45158630594266247,0.24642574803711206,0.3678809804099641
0,0.04253048780487805,0.09510825070173037,0.6149145622249931,0.11104568323975038,0.388992887302402,0.884587427101706,0.5263157894736842,0.31712962962962965,0.5,0.0,0.28681229359143495,0.32015112759586545,0.24617594287713193
0,0.23780487804878048,0.05945513215492759,0.40410097851845567,0.03958138463176055,0.3409759243535958,0.19197058884072202,0.4473684210526316,0.2492283950617284,1.0,0.2857142857142857,0.46464672533628515,0.061894892427644836,0.4476204297303906
0,0.48323170731707316,0.47205520497202913,0.2357970894155819,0.007202847159994151,0.56953649567352,0.24554549803983494,0.48026315789473684,0.019290123456790122,0.015625,0.0,0.7866118263873964,0.1320028360066691,0.34103999649727595
0,0.6280487804878049,0.2282596119977874,0.09027963994503127,0.009603795423684862,0.4925140989426574,0.058211293127473786,0.39473684210526316,0.3248456790123457,0.5,0.0,0.10990432592456635,0.13421253765186542,0.25903726765251434
0,0.35365853658536583,0.016014177807880784,0.11485514401545914,0.09642860527031454,0.6494434072809646,0.666640552216315,0.5592105263157895,0.3279320987654321,0.125,0.2857142857142857,0.5574005444366473,0.4156886256985885,0.4617377688174329
0,0.36585365853658536,0.11951956936203298,0.05135920505882046,0.12012869089894905,0.8206442362212811,0.09623711391972148,0.39473684210526316,0.6643518518518519,0.25,0.0,0.03639005255241238,0.12408368423003185,0.4752614704540437
0,0.16920731707317074,0.12351096983082037,0.1479916339160976,0.11639779664983892,0.9052864176926595,0.5872969363366505,0.34210526315789475,0.23070987654320987,0.0625,0.0,0.6786649004378573,0.4156886256985885,0.3044556536424848
0,0.3155487804878049,0.27841022858766956,0.11582184003251118,0.0,0.5198100002526281,0.22107603150090716,0.45394736842105265,0.3881172839506173,0.0625,0.42857142857142855,0.44279342447604453,0.029317465269155123,0.4376936728644561
0,0.3155487804878049,0.09548366123387862,0.08900157210891904,0.012304591570996434,0.322530931484879,0.7006654524187039,0.4407894736842105,0.1381172839506173,0.0625,0.42857142857142855,0.10255925082890649,0.03636105110889728,0.09141134867095298
0,0.3414634146341463,0.10333801205569168,0.3059428410084999,0.012577016023704382,0.27766806625528384,0.5315908743756044,0.29605263157894735,0.39197530864197533,0.125,0.42857142857142855,0.24891289963890947,0.18614498496128715,0.21175617204253822
0,0.34756097560975613,0.4090890967465981,0.03995431071204742,0.010186363095100848,0.7459749275340334,0.8792520340558325,0.4144736842105263,0.03009259259259259,0.125,0.0,0.6739193452414075,0.477273883514237,0.24116652157076127
0,0.3384146341463415,0.1423740558969529,0.3425016565694812,0.02748846571869778,0.6524772527745171,0.7309350595206953,0.28289473684210525,0.26697530864197533,0.125,0.2857142857142857,0.07980815971679799,0.3027382654950929,0.3078674676930185
0,0.27896341463414637,0.11162715647346841,0.03411691585932706,0.004467471700067941,0.403935734108913,0.9378672864742812,0.39473684210526316,0.19135802469135801,0.125,0.2857142857142857,0.23132752493929595,0.31918505433694805,0.3910642788527217
0,0.08948170731707317,0.01678989083986446,0.19964031837143714,0.055100609697356,0.552569485123849,0.8350471866109216,0.6381578947368421,0.6597222222222222,0.0625,0.0,0.2004261067366631,0.4551714453867569,0.42292746344457305
0,0.13003048780487805,0.07162567766857986,0.23627718854861665,0.06878916815145435,0.8592283690385721,0.4162302344635619,0.3815789473684211,0.3888888888888889,0.03125,0.0,0.6309291269908851,0.1998504607817655,0.457430068131385
0,0.5670731707317073,0.15224527195814672,0.009304613137983262,0.03084669694886003,0.5965690144539298,0.9371280181956317,0.3223684210526316,0.23919753086419754,0.25,0.2857142857142857,0.08395053851885766,0.2172554998256275,0.3153952763663137
0,0.04984756097560976,0.2676206060541773,0.5112717108527335,0.04827608333172773,0.2714797230223225,0.5444505859022916,0.4342105263157895,0.28703703703703703,0.03125,0.42857142857142855,0.2492360671549512,0.06551854229118571,0.43820144406912553
0,0.16615853658536586,0.01749139344914393,0.05963363497042656,0.09123606244731122,0.7458972928448478,0.6953690923384586,0.32894736842105265,0.2808641975308642,0.0625,0.0,0.7460232028379064,0.5210619344236216,0.35318349492948214
0,0.1524390243902439,0.05961335179863545,0.302891611393281,0.0023191385683561925,0.3182376316293386,0.4284331268756699,0.42105263157894735,0.25617283950617287,0.03125,0.42857142857142855,0.45761331864651705,0.02571396225280966,0.4312759832420031
0,0.448170731707317,0.44821411222881175,0.004386236518951808,0.0055423552201723505,0.43442158110198736,0.27221821874628777,0.375,0.5092592592592593,0.015625,0.42857142857142855,0.07382589555975728,0.09259142894496893,0.14707825014183395
0,0.05960365853658537,0.11527463185089903,0.5683486491206309,0.019207065736322554,0.30441113965169747,0.15620079578423998,0.40789473684210525,0.26003086419753085,0.0078125,0.2857142857142857,0.2742101839890901,0.09079832240981246,0.3225663765418986
0,0.3871951219512195,0.026666887343458054,0.0031015375086500675,0.0,0.46679953901672394,0.6072025281599127,0.3684210526315789,0.3287037037037037,0.015625,0.2857142857142857,0.06023283812347685,0.13075870011195143,0.19438807613350026
0,0.5746951219512195,0.11196579655326147,0.23953162334016637,0.027967588093103058,0.3016569944347036,0.14082838772435147,0.35526315789473684,0.10570987654320987,0.5,0.42857142857142855,0.604002842091964,0.09777143884608723,0.23034912287243173
0,0.4557926829268293,0.3954586962618995,0.058439221853007615,0.010916530401007962,0.3975456114568739,0.10136275263025872,0.3355263157894737,0.5902777777777778,0.0078125,0.42857142857142855,0.05897376875496543,0.09877446119500116,0.35962547464307876
0,0.1722560975609756,0.06918790836775819,0.09943088575872515,0.018888825542159392,0.9170589351911586,0.5696138100019491,0.40789473684210525,0.08256172839506173,0.125,0.0,0.7483097509754925,0.4454380524430503,0.3834380721032017
0,0.5,0.05209250579744554,0.05327208174476753,0.009595949553963569,0.412529721885342,0.8766465627936662,0.4407894736842105,0.15046296296296297,0.0078125,0.42857142857142855,0.4414714242860689,0.04877492537954885,0.3659368293633474
0,0.20579268292682926,0.3172493854692133,0.024100660261264676,0.0430346427997247,0.5365923091685952,0.6744151310972225,0.35526315789473684,0.5933641975308642,0.125,0.2857142857142857,0.0016638306508670142,0.11038865565644025,0.2324352239739796
0,0.350609756097561,0.10512272364662055,0.10791493393307132,0.02112189777817225,0.6025972880661451,0.2418710311976873,0.24342105263157895,0.19367283950617284,0.015625,0.0,0.10412960036968713,0.08634137092190047,0.14958518867599044
0,0.2423780487804878,0.3007395584363479,0.10522702754311976,0.01358181798656158,0.3965086667914524,0.4578941662333832,0.32894736842105265,0.36342592592592593,0.03125,0.0,0.17173103869761153,0.16668402428049103,0.3373284705705432
0,0.09954268292682927,0.004070633212397877,0.21691478826920316,0.37428541467348203,0.3487438704212727,0.6680501222117438,0.8355263157894737,0.2029320987654321,0.25,0.0,0.8218093639065709,0.6756226887168273,0.45862492401610827
0,0.1798780487804878,0.034353719521878046,0.5139280669384637,0.19380109172560808,0.8066848236860207,0.6420613245341691,0.7302631578947368,0.8171296296296297,0.0625,0.0,0.06288602669915896,0.6391287223856303,0.3674455689226695
0,0.7972560975609756,0.1621675785443506,0.0031015375086500675,0.010245264761779624,0.14240555038486713,0.6125583670449248,0.45394736842105265,0.15817901234567902,0.25,1.0,0.22316858275981674,0.08970506506047755,0.2752062066288432
0,0.24695121951219512,0.0,0.015507687543250336,0.6144017508544701,0.5569671687115032,0.8405968864510224,0.24342105263157895,0.32407407407407407,0.25,0.0,0.4797166604469175,0.21532892352236502,0.4228199372449251
0,0.16615853658536586,0.018986517604797817,0.007290787719189441,0.11738236801866837,0.5328909222770294,0.7198083894743156,0.5263157894736842,0.6141975308641975,0.125,0.2857142857142857,0.2594611609420263,0.5464229480759204,0.3769219689331281
0,0.29573170731707316,0.4001488601190969,0.01728842527157947,0.0016977272878022313,0.7473733212190806,0.3383516170550368,0.40131578947368424,0.009259259259259259,0.0625,0.42857142857142855,0.6728347868861781,0.033524336403627356,0.26773090787232573
0,0.21951219512195122,0.46983459536123245,0.24306231965425845,0.004801897790806499,0.9005461014200749,0.8766465627936662,0.47368421052631576,0.016975308641975308,0.03125,0.42857142857142855,0.6946619281951932,0.024394673023081955,0.3749873327948256
0,0.3018292682926829,0.16316744407918035,0.27680659918526157,0.015279545432291946,0.7845508137810897,0.6031219603459469,0.07894736842105263,0.1527777777777778,0.015625,0.0,0.6210831525797699,0.6561423610188759,0.30391762038795755
0,0.2850609756097561,0.027324637918990823,0.33557354434057113,0.2952762589478133,0.9017854409202631,0.30188513411055634,0.35526315789473684,0.6041666666666666,0.015625,0.0,0.10644799290797001,0.33204997240020573,0.24390175601887573
0,0.09878048780487805,0.14352953288796558,0.5258545919616394,0.014405693530347628,0.542983354944168,0.43122141778495054,0.4605263157894737,0.21682098765432098,0.03125,0.0,0.09086417513610637,0.14608944818904526,0.3899233407817788
0,0.4725609756097561,0.05442201035724994,0.2555450195197744,0.008959805236707426,0.31038037951393177,0.7518076535350745,0.506578947368421,0.15046296296296297,0.015625,0.42857142857142855,0.5089150641337912,0.05747299368112383,0.5344500792986382
0,0.0,0.08370778191434101,0.6854105191346016,0.030559091654224563,0.638151237113234,0.7370152137572256,0.24342105263157895,0.5725308641975309,0.125,0.0,0.19773469563648702,0.42039988842736425,0.33077570019281993
0,0.17378048780487806,0.16693866485133488,0.10284146548459962,0.011884090540831213,0.3424557683051012,0.5021298350178911,0.48026315789473684,0.009259259259259259,0.125,0.7142857142857143,0.6676603721918092,0.01150064130499284,0.49374808638175266
0,0.29573170731707316,0.06995198251890392,0.035238296091801694,0.005643913275975941,0.49129299113225994,0.27734385745682505,0.3881578947368421,0.1257716049382716,0.03125,0.2857142857142857,0.3443328484357014,0.11038865565644025,0.2334172553403777
0,0.36890243902439024,0.02282560928165337,0.2741397875347635,0.3105136233546652,0.7849148629320023,0.4943823323093029,0.48026315789473684,0.37885802469135804,0.015625,0.0,0.5509474545758343,0.45573943397757116,0.35426920011801577
0,0.30640243902439024,0.17109129873075488,0.2803900323479873,0.01158529998607074,0.9220078466115781,0.8255043894192755,0.4342105263157895,0.4035493827160494,0.25,0.0,0.0789682532493028,0.15369632383415346,0.3475166321370901
0,0.36128048780487804,0.172552570109859,0.33641437575892097,0.0023996003470628685,0.49320958021295785,0.9701094593104775,0.4276315789473684,0.4182098765432099,0.125,0.42857142857142855,0.40633582851698713,0.1170203550741944,0.15160219452464221
0,0.43902439024390244,0.26481553780920364,0.29652782424695456,0.004801897790806499,0.300081905674068,0.25833634010158113,0.45394736842105265,0.3541666666666667,0.0078125,0.2857142857142857,0.23015985685789367,0.15475159232010502,0.4246234378338437
0,0.3551829268292683,0.1967853402389986,0.23282785182924443,0.06853893891876714,0.45055491878836096,0.8377072263474238,0.4407894736842105,0.5385802469135802,0.25,0.2857142857142857,0.08626825627013013,0.0670112558192341,0.3029643194032497
0,0.13399390243902437,0.21634040715803965,0.07776545097860006,0.031434833955938685,0.7706636510477345,0.5283802118233322,0.18421052631578946,0.5162037037037037,0.03125,0.0,0.10802467435425932,0.276281083127976,1.0
0,0.3567073170731707,0.12664497544840703,0.21718342998015383,0.010186363095100848,0.3357504974328088,0.02532870778357283,0.4934210526315789,0.1550925925925926,0.0078125,0.42857142857142855,0.12186291056676156,0.04065066592410343,0.4313610759179837
0,0.15548780487804878,0.1805242269734636,0.1516340772663176,0.03225681909995493,0.39153281554924046,0.9503432986778673,0.3815789473684211,0.2492283950617284,0.25,0.2857142857142857,0.24775612982990816,0.162940077587395,0.42697199569090677
0,0.4344512195121951,0.053810673040294944,0.2702450947590385,0.22734909414001342,0.4191329783759236,0.4284331268756699,0.4473684210526316,0.22453703703703703,0.03125,0.0,0.28082202442684606,0.12823340248734094,0.4254364596743488
0,0.3094512195121951,0.3078390386395494,0.030636057397276373,0.0,0.6927102073061597,0.8766465627936662,0.47368421052631576,0.3533950617283951,0.0625,0.0,0.1768118706016597,0.04877492537954885,0.59686478356059
0,0.6265243902439025,0.22885992566665558,0.06289201227493504,0.053263742827298954,0.563559732354486,0.17875530281009053,0.5131578947368421,0.3726851851851852,0.0625,0.2857142857142857,0.0632621881046623,0.10268735125825082,0.30282821753586775
0,0.4908536585365854,0.2500533648894906,0.09183692746347387,0.051357242284184104,0.5803550573122785,0.6093797742213423,0.39473684210526316,0.4984567901234568,0.015625,0.2857142857142857,0.07193362639672131,0.5583820254671695,0.29033110488507774
0,0.2820121951219512,0.586658122460644,0.033186254308712734,0.0,0.622401749577571,0.7292531465092238,0.4144736842105263,0.5308641975308642,0.5,0.0,0.05559709758022854,0.16193991461529486,0.4234996730120532
0,0.35823170731707316,0.13424266314665348,0.041211452117797594,0.07697121159622072,0.4233119586130487,0.5844311898196699,0.5526315789473685,0.14969135802469136,0.015625,0.0,0.45856236498020325,0.5009012235830408,0.3237189955165442
0,0.23170731707317074,0.392318045381839,0.11859643070480096,0.0016977272878022313,0.5573535728373239,0.29139135294695007,0.4473684210526316,0.5,0.0625,0.0,0.13785433666754532,0.04740174370492103,0.24896951995817773
0,0.43749999999999994,0.25689068480833727,0.27680659918526157,0.019207590847369723,0.3224977667333911,0.9701094593104775,0.47368421052631576,0.3325617283950617,0.03125,0.42857142857142855,0.22847459940853157,0.08785240921806639,0.4130596525959997
0,0.3551829268292683,0.24158516028653876,0.12800372564924467,0.007202847159994151,0.31801378032656974,0.611126437013749,0.5526315789473685,0.3912037037037037,0.03125,0.0,0.10397097920395171,0.08163893636430906,0.47572499346720315
0,0.3018292682926829,0.02972348033298693,0.17219629695517633,0.12676652883751943,0.578592106758375,0.9420474479958556,0.6842105263157895,0.18904320987654322,0.125,0.0,0.3377506246771422,0.4700161414915703,0.3240401816898818
0,0.48323170731707316,0.6315478376222315,0.09455946880426694,0.0024009488954032493,0.6833767821938332,0.5021298350178911,0.4407894736842105,0.5570987654320988,0.03125,0.0,0.06154116694374836,0.022999769987272926,0.3596494553063097
0,0.42835365853658536,0.14699129657806423,0.21495517061849614,0.030795000753317203,0.3286916333221625,0.9052342291422064,0.3684210526315789,0.3819444444444444,0.125,0.2857142857142857,0.4415285778214851,0.09079832240981246,0.22350391217445675
0,0.05030487804878049,0.006066768664685984,0.5846442741451122,0.07003644507559546,0.9046055217741917,0.4230772879906578,0.47368421052631576,0.09104938271604938,0.015625,0.0,0.8160287501417515,0.4430273378456693,0.333122664496133
0,0.17378048780487806,0.5374193169980511,0.22196089883991174,0.004801897790806499,0.37010851840242154,0.25245201650070764,0.4407894736842105,0.5725308641975309,0.03125,0.2857142857142857,0.1083157109162162,0.0689510001097456,0.3982041732233151
0,0.19207317073170732,0.018263128059199617,0.12799288246353915,0.035913213120543075,0.7830006278163152,0.7272786665784101,0.48026315789473684,0.29552469135802467,0.03125,0.0,0.7107413631607187,0.2589660092385846,0.3802744501814098
0,0.6036585365853658,0.13427047965379743,0.07528504113678204,0.01697727287802231,0.27990914095077846,0.26686239373226556,0.4276315789473684,0.16435185185185186,0.0078125,0.42857142857142855,0.3465850378977024,0.06347335507664528,0.31188175336088997
0,0.1875,0.4238529356616919,0.249634718268942,0.004801897790806499,0.5950138128512888,0.1538634618539732,0.47368421052631576,0.28858024691358025,0.0625,0.0,0.20570103696461056,0.04944717353325172,0.4819409360906042
0,0.2027439024390244,0.007521013224696292,0.2854080506012613,0.20144595051732522,0.6262558364870054,0.8443013562443619,0.19736842105263158,0.38580246913580246,0.03125,0.0,0.5970560207436553,0.5011795362595841,0.2824135717557914
0,0.3597560975609756,0.06644438211694353,0.03721845153187795,0.05023079617573864,0.3569344532134684,0.1515146150020748,0.40789473684210525,0.24074074074074073,0.25,0.0,0.23968690659184083,0.5184674027453533,0.29631667842750586
0,0.4969512195121951,0.15003496406410527,0.07196712117601745,0.12271106068641253,0.8208618164381778,0.8029498269094651,0.5592105263157895,0.043209876543209874,0.125,0.0,0.8740268785598942,0.5207979805224202,0.43867038207075654
0,0.32164634146341464,0.10210496332470283,0.15264209571544216,0.016663310167381713,0.32730621875399923,0.7518076535350745,0.3684210526315789,0.1381172839506173,0.125,0.42857142857142855,0.10377958002809402,0.03449587837542934,0.3058796254251346
0,0.30335365853658536,0.07428194819128747,0.220924165839742,0.12128571979063783,0.32446670614968587,0.13963180400490988,0.4605263157894737,0.3765432098765432,1.0,0.2857142857142857,0.23820500961137034,0.5144613291814356,0.2842247770997353
0,0.2972560975609756,0.002340871016079352,0.24145289711969084,0.41049865176751593,0.3968482377833293,0.24697314193512626,0.46710526315789475,0.19212962962962962,0.0078125,0.0,0.5335087397489223,0.16609868385237128,0.36930871174175267
0,0.35823170731707316,0.15582846612054882,0.24910925728564154,0.012004741318453555,0.3658442107799966,0.9536542484872437,0.5855263157894737,0.16512345679012347,0.015625,0.42857142857142855,0.11655398216587848,0.1737351286720804,0.42275000653666456
0,0.5030487804878049,0.06012455468161862,0.08597283470863962,0.0024009488954032493,0.47668831524693295,0.5197188050730316,0.47368421052631576,0.25308641975308643,0.0625,0.42857142857142855,0.5006030747141557,0.10395848165061154,0.42800084350048984
0,0.19054878048780488,0.41179456093066125,0.1410227500848686,0.0,0.4588359523014685,0.5955927315347024,0.40789473684210525,0.020061728395061727,0.0625,0.2857142857142857,0.6816407111537781,0.0414552524734414,0.1983039946679382
0,0.2621951219512195,0.042709582374892016,0.266362703847811,0.11534207076001651,0.7272026873726147,0.021033813755993863,0.4868421052631579,0.4799382716049383,0.125,0.0,0.5128525849944156,0.5693326216992239,0.2970507187933054
0,0.5594512195121951,0.03964988763890705,0.30166326104270846,0.22434185029234077,0.3865756421731941,0.655556410625023,0.42105263157894735,0.33719135802469136,0.125,0.0,0.32107654521326245,0.09079832240981246,0.39507132390743704
0,0.0,0.039597846186196516,1.0,0.02641044037628589,0.45116581117218874,0.6550566111163112,0.618421052631579,0.16820987654320987,0.125,0.0,0.12097649925749396,0.22928986176138552,0.43210927261078713
0,0.12362804878048782,0.3390262350594689,0.16214791778192691,0.0016977272878022313,0.6507432113726113,0.35473640763665687,0.4473684210526316,0.5424382716049383,0.015625,0.0,0.1523630893206137,0.05747299368112383,0.4474633950647176
0,0.43902439024390244,0.2521774154047168,0.07770723643408323,0.0016977272878022313,0.4687784543213397,0.41334054661798353,0.5328947368421053,0.5501543209876543,0.015625,0.0,0.2128865295541366,0.1082883381715392,0.4128122649798307
0,0.2271341463414634,0.227142933356129,0.07177596285040934,0.006646370795676686,0.5768760201091999,0.3772909257592994,0.3026315789473684,0.2037037037037037,0.015625,0.0,0.2597042968699015,0.016264006583052878,0.26840666749077635
0,0.573170731707317,0.15238565858762904,0.08660591150491585,0.018682118934414658,0.31157804614072976,0.7128683448308119,0.3684210526315789,0.3101851851851852,0.0625,0.42857142857142855,0.4549055740032259,0.09469785138504128,0.17465086088260287
0,0.3079268292682927,0.07063332471217124,0.2167132559832352,0.2387451409461222,0.8040023343947921,0.19036509111270697,0.5723684210526315,0.5501543209876543,1.0,0.0,0.7906566661136494,0.20989578574152318,0.5022734442312659
0,0.2850609756097561,0.20924359753919383,0.39591109893392,0.012004744477016245,0.4575067621106653,0.11627879679926353,0.4868421052631579,0.16820987654320987,1.0,0.2857142857142857,0.2801560743531723,0.113897682882337,0.29720318939726686
0,0.18140243902439024,0.0,0.23141786026714017,0.6965105304900795,0.8067425496776621,0.794128404419475,0.5592105263157895,0.4027777777777778,0.5,0.0,0.5224379437209885,0.32216919157891494,0.42425258848052483
0,0.11448170731707316,0.21994206454265777,0.42893506655655517,0.1779803802719965,1.0,0.41539805829444415,0.4342105263157895,0.3248456790123457,0.015625,0.0,0.7415613817138489,0.6926070899126954,0.4080676520811116
0,0.16310975609756098,0.047793754139639745,0.478225087806343,0.13075618833498578,0.3860566928933242,0.794128404419475,0.4144736842105263,0.19367283950617284,0.125,0.0,0.1045695799877917,0.13075870011195143,0.36605472139806955
0,0.28048780487804875,0.34773813048487645,0.4441173014401546,0.011002069806130582,0.4485923427702919,0.7631419168165612,0.5394736842105263,0.35108024691358025,0.5,0.2857142857142857,0.4204703609326644,0.16073123004176645,0.386624297734013
0,0.6814024390243902,0.14115454727823465,0.28228466228831817,0.033613282008795334,0.46171423609419787,0.6125583670449248,0.4276315789473684,0.16589506172839505,0.25,0.2857142857142857,0.1476010804134991,0.08970506506047755,0.33108673713062237
0,0.42378048780487804,0.2511756342871833,0.04878669036186659,0.010712377491197876,0.6360441922621386,0.4867953446960414,0.4144736842105263,0.5578703703703703,0.03125,0.0,0.20871064249299823,0.17815390562279,0.34445940700306527
0,0.22103658536585366,0.10924754101889658,0.16450129710206426,0.1311614714101119,0.35914208775895423,0.5783493433223695,0.625,0.3757716049382716,0.0625,0.42857142857142855,0.4303839064813976,0.1613367470248927,0.5066241553971732
0,0.26371951219512196,0.09892287470934777,0.041669247746086255,0.06840436282788645,0.6440983373960513,0.5234802291509728,0.5855263157894737,0.22608024691358025,0.125,0.0,0.10008558332896723,0.2130829634937792,0.40288635904065584
0,0.4405487804878048,0.1710741770403998,0.2616494882587578,0.008881367070151995,0.5952566404968325,0.6118761640187964,0.39473684210526316,0.3541666666666667,0.015625,0.2857142857142857,0.4334549268713906,0.17072311560074258,0.3842065053814928
0,0.3948170731707317,0.09702588002150196,0.33178681419655565,0.0755069840558914,0.4714033560894567,0.3035942176170782,0.2894736842105263,0.1697530864197531,0.0078125,0.0,0.13003426697850085,0.0545266497261175,0.48275635599743233
0,0.2682926829268293,0.3113453973445781,0.2492522588100119,0.0508047543949031,0.6565631206178749,0.5001179311562796,0.40131578947368424,0.09953703703703703,0.03125,0.0,0.6872242963552148,0.8081340333252818,0.28634799407940625
0,0.3719512195121951,0.0,0.07504834041115566,0.6508880141074044,0.7519065808830532,0.9741157895864043,0.19078947368421054,0.48148148148148145,0.125,0.0,0.5431341604878669,0.2653516784678058,0.2595498814040168
0,0.16310975609756098,0.2907563400639755,0.2738020676924885,0.02400948895403249,0.5182980162167573,0.5992046263413316,0.39473684210526316,0.25771604938271603,0.0625,0.2857142857142857,0.26006967092689587,0.13993058819460608,0.2661815868422588
0,0.0,0.05845797027477381,0.7765607761068821,0.030559091654224563,0.8931854220700806,0.6325436338342739,0.5328947368421053,0.6890432098765432,0.0625,0.0,0.2138108953218255,0.4482833923161291,0.3968092721930594
0,0.23932926829268292,0.004861919869365996,0.13091324921006933,0.22475563779750898,0.6837967110893199,0.7443457267669104,0.47368421052631576,0.4537037037037037,0.0625,0.0,0.5881436557579058,0.7714674150988514,0.22669323208439454
0,0.4847560975609756,0.3107520034842391,0.01434396788376921,0.0024009488954032493,0.8929914276594704,0.0027741979835242602,0.4473684210526316,0.015432098765432098,0.5,0.42857142857142855,0.8051931497397485,0.022999769987272926,0.16076565461563558
0,0.12378048780487803,0.03946549002883046,0.4017497719156798,0.16937726883506207,0.8609865655062767,0.46359292373113875,0.3092105263157895,1.0,0.0078125,0.0,0.041327681711730166,0.5254686178195819,0.18636874122094996
0,0.27896341463414637,0.2626348122526161,0.1389775498113306,0.006615327651921339,0.34921742510137205,0.7412265850061146,0.4473684210526316,0.21373456790123457,0.125,0.42857142857142855,0.24337929489453186,0.08634137092190047,0.3198006634443875
0,0.448170731707317,0.3362326852694498,0.08372980086892373,0.05894940045742305,0.8164199921602195,0.8927169368726255,0.45394736842105265,0.2175925925925926,0.25,0.0,0.8136922307907644,0.5368240572467539,0.3658723600577455
0,0.2606707317073171,0.19439662732650484,0.4193773236855162,0.039615830337173405,0.9203599172499756,0.31943654152499995,0.3881578947368421,0.16126543209876543,0.015625,0.0,0.7290615069654104,0.8117561334313459,0.3303201758912027
0,0.4557926829268293,0.5185084911167193,0.007290787719189441,0.019101861909534345,0.5815050230690109,0.584648048876042,0.5131578947368421,0.3611111111111111,0.03125,0.0,0.20661022464639403,0.1844004432702487,0.37396985646103265
0,0.32621951219512196,0.49695425469949533,0.0772202621296792,0.008309040564473055,0.7942169633857513,0.25245201650070764,0.4934210526315789,0.33719135802469136,0.0625,0.0,0.21207200617062216,0.12617597317899598,0.43511490064037656
0,0.5045731707317074,0.12713710549213786,0.06848772853314444,0.0,0.3768409044899775,0.23660969814118193,0.40131578947368424,0.32330246913580246,0.0078125,0.2857142857142857,0.36977768004972056,0.1153277426368757,0.3892818812474462
0,0.2820121951219512,0.04372625761592318,0.07518423725175939,0.05681531757610636,0.41369439607704506,0.6383030630419292,0.46710526315789475,0.2862654320987654,0.015625,0.2857142857142857,0.30182293063807014,0.113897682882337,0.3505801541291375
0,0.12042682926829268,0.22508785629760297,0.2548045105204403,0.0024009488954032493,0.4826792946683862,0.9870750948207,0.5131578947368421,0.5123456790123457,0.0625,0.0,0.10166705298993317,0.06347335507664528,0.4654431680714952
0,0.42682926829268286,0.043323670144146044,0.34345000179529694,0.30840976002188253,0.8934852987500076,0.691843974444754,0.4144736842105263,0.6273148148148148,0.0625,0.0,0.10903482126518976,0.32216919157891494,0.3628733847282781
0,0.30640243902439024,0.21994792984474734,0.0636004293207902,0.0339545465456853,0.6689986715944642,0.33359404783616164,0.25,0.4722222222222222,0.0078125,0.0,0.08937997648487435,0.6169741470497532,0.21619983535340767
0,0.3277439024390244,0.3548372550261428,0.29530146300382565,0.0,0.37398185243753385,0.6641221907708315,0.506578947368421,0.49382716049382713,0.0625,0.42857142857142855,0.1791314740590982,0.1746653025169918,0.338625994636686
0,0.3125,0.4306345352106876,0.32507153646411363,0.004801897790806499,0.5820401731668975,0.15707413550303728,0.3684210526315789,0.5362654320987654,0.0078125,0.0,0.19923469169868885,0.1320028360066691,0.23259088168544143
0,0.0,0.374103443337906,0.6861375124038701,0.0024009488954032493,0.6111136565387809,0.20130981538433712,0.3881578947368421,0.5648148148148148,0.015625,0.2857142857142857,0.16113993304116223,0.0545266497261175,0.42649717855893526
0,0.06128048780487805,0.46068965345112195,0.4715172360750239,0.03095512645779513,0.46118099378494776,0.4120483251972579,0.5131578947368421,0.5447530864197531,0.0625,0.2857142857142857,0.10107520007619729,0.1493983883562017,0.462207635102802
0,0.26371951219512196,0.00035056467571899095,0.19251770203619317,0.4748064353819666,0.589397036939619,0.29745003489108807,0.25,0.30632716049382713,0.0078125,0.0,0.5260957515003104,0.6167264829316124,0.19749855381129316
0,0.26981707317073167,0.1644213146325872,0.10837818175586572,0.10324080376576479,0.35356272912118425,0.42688997924733457,0.4276315789473684,0.1558641975308642,0.03125,0.2857142857142857,0.3821510553428508,0.5070313808807014,0.2976811008083649
0,0.1440548780487805,0.00376306213694794,0.17848149905665303,0.26497277161033317,0.696673392031887,0.8812525082217518,0.8289473684210527,0.6442901234567902,0.25,0.0,0.5702694722178356,0.5345391304726708,0.3544973722608087
0,0.3125,0.2517889639349439,0.3204923357140059,0.004780107577486649,0.35553392095890135,0.6480378069920553,0.4473684210526316,0.26697530864197533,0.03125,0.0,0.19923919335997747,0.12275752754464916,0.3113190896445152
0,0.23932926829268292,0.3031901315668375,0.2548470672191829,0.007202847159994151,0.6254932749065885,0.6956999154479938,0.4276315789473684,0.36882716049382713,0.125,0.0,0.15401420994217502,0.11617718302960109,0.39922636833277614
0,0.5182926829268293,0.11629673561620459,0.013954448623496846,0.020296810925594686,0.3887383513733724,0.4445035009546292,0.34210526315789475,0.16512345679012347,0.03125,0.2857142857142857,0.27604800800840923,0.17742539582625555,0.19461258155552816
0,0.25152439024390244,0.08265588366235703,0.28593745919779606,0.0,0.39817430473951004,0.8377072263474238,0.5394736842105263,0.13040123456790123,0.03125,0.0,0.13720769659475854,0.033524336403627356,0.46181002023503825
0,0.23628048780487804,0.00816428523962411,0.2399708794670253,0.19942784216156872,0.865836702708589,0.04669637129910199,0.5855263157894737,0.41358024691358025,0.25,0.0,0.535885099264497,0.39031315424491075,0.3208509700797132
0,0.13734756097560974,0.01784504059069832,0.4404451438848921,0.3887279188830564,0.7662421201021258,0.44191467488036407,0.3026315789473684,0.4089506172839506,0.03125,0.0,0.7857995861873279,0.599126090273571,0.33553024572753537
0,0.27286585365853655,0.3381209693597243,0.21186898371502438,0.0023191385683561925,0.4868906765415447,0.047686257849385134,0.5394736842105263,0.36959876543209874,0.5,0.42857142857142855,0.12610264357147422,0.18457566984243992,0.4278566500931918
0,0.42835365853658536,0.29826992307406724,0.09610329771572941,0.007899419203492613,0.38898964098464167,0.8766465627936662,0.39473684210526316,0.33024691358024694,0.125,0.42857142857142855,0.4562121927468272,0.024394673023081955,0.26787726727501227
0,0.25609756097560976,0.04325078128631691,0.08333849549217251,0.023079246442747735,0.8618362545628843,0.4509876339015206,0.34210526315789475,0.30478395061728397,0.015625,0.2857142857142857,0.6770583065153255,0.03636105110889728,0.19872425965890828
0,0.2652439024390244,0.05005727717077795,0.11404214990076904,0.09795435687399578,0.8069476831122457,0.8766465627936662,0.09210526315789473,0.43441358024691357,0.125,0.0,0.7059605434102315,0.3581460563239797,0.3691604957715902
0,0.2073170731707317,0.20728818069872598,0.1781919666172688,0.031515617355291244,0.3177161037577313,0.0027741979835242602,0.47368421052631576,0.4220679012345679,0.5,0.2857142857142857,0.09188418502977808,0.0689510001097456,0.3727269309500783
0,0.6478658536585366,0.1458530286329697,0.006072752165780987,0.02729064967528396,0.7972522704915656,0.31680949809931375,0.45394736842105265,0.18981481481481483,0.0625,0.0,0.10692227573971354,0.04378018824205935,0.41047082396475865
0,0.5106707317073171,0.0,0.01754494566778519,0.667566646462394,0.7813564986465933,0.4466927315513476,0.4605263157894737,0.38425925925925924,0.015625,0.0,0.5584665230399461,0.13421253765186542,0.38669422844227325
0,0.5365853658536586,0.027813439091801652,0.11026964952538876,0.2942573618989532,0.8635222319994681,0.27448878605368504,0.5855263157894737,0.6597222222222222,0.0078125,0.0,0.31135346523096147,0.4801132323120869,0.2712325952600904
0,0.16310975609756098,0.06057077500919574,0.5185624526694435,0.014131809821677027,0.4097375962890926,0.4533249789285792,0.6118421052631579,0.15895061728395063,0.015625,0.0,0.126386072603163,0.24487403479631348,0.33691431678084804
0,0.19054878048780488,0.2794032741488995,0.234089425374401,0.0,0.4408740145925522,0.05391639355149885,0.3618421052631579,0.533179012345679,1.0,0.5714285714285714,0.07908390989415608,0.09079832240981246,0.178769454699831
0,0.31859756097560976,0.4495835167540171,0.15460971059812767,0.0033954545756044625,0.7199776456405076,0.6934454634566829,0.28289473684210525,0.3611111111111111,0.125,0.0,0.1789783806006536,0.15951307115216323,0.21794338428424917
0,0.42378048780487804,0.13065352256628182,0.002193118259475904,0.022367215603805057,0.4873502382074123,0.40587859210783955,0.39473684210526316,0.4359567901234568,0.5,0.0,0.12305317939118388,0.09079832240981246,0.15680623051667802
0,0.27286585365853655,0.16210885688694102,0.3824645082028751,0.00928617272852754,0.5490520921379446,0.7766995055879837,0.4342105263157895,0.13425925925925927,0.25,0.42857142857142855,0.4995646884290223,0.11038865565644025,0.31812825199066574
0,0.35823170731707316,0.001795103221517173,0.17738340974226063,0.41167189987861647,0.764776584565393,0.6202089947599284,0.40789473684210525,0.5285493827160493,0.03125,0.0,0.5541670205446947,0.3736754308257704,0.3172954267637506
0,0.22560975609756095,0.3980422994355271,0.14817898743618535,0.0033954545756044625,0.7262349462014375,0.7640105182052027,0.3618421052631579,0.5408950617283951,0.0625,0.0,0.14097897951572183,0.07490694090079084,0.23132258308564912
0,0.37652439024390244,0.07033481827391024,0.10841062970857433,0.14870483136907586,0.6138620414649244,0.6376512097417405,0.3355263157894737,0.44675925925925924,0.0625,0.0,0.7936967202504247,0.7640613815860144,0.33986540814083177
0,0.21036585365853658,0.12821745669893936,0.3935805382463539,0.007931593902331557,0.45714731319202917,0.9781073888710385,0.8026315789473685,0.19212962962962962,0.25,0.0,0.370164249813768,0.5910610384855532,0.48117982078244725
0,0.4054878048780488,0.19388640220185938,0.29914951886041075,0.014466361623210636,0.34539668602959306,0.08867379021525945,0.47368421052631576,0.2029320987654321,0.0625,0.2857142857142857,0.13676241111714743,0.033524336403627356,0.38683455400066313
0,0.28353658536585363,0.15425561048903205,0.0602187324550523,0.02641044037628589,0.5462765673799098,0.570237671644484,0.21710526315789475,0.19675925925925927,0.03125,0.2857142857142857,0.11442871736743881,0.49142611529992625,0.31088448266979357
0,0.22103658536585366,0.3217270257209096,0.03330248652711225,0.00960015675946629,0.6261044442274762,0.7715738141676849,0.5263157894736842,0.33101851851851855,0.125,0.0,0.15339259245071957,0.1844004432702487,0.3497406452593091
0,0.2225609756097561,0.03025246319288951,0.32283854404679524,0.03261502774639395,0.358260304774158,0.2348630603165571,0.29605263157894735,0.1712962962962963,0.125,0.2857142857142857,0.31505494929280664,0.05204913711558495,1.0
0,0.5182926829268293,0.034782969783398766,0.005771064545822507,0.16259393170618924,0.6762917475310062,0.4707538222761107,0.6447368421052632,0.5177469135802469,0.0625,0.0,0.2191470740255401,0.31714536554310324,0.437685550381749
0,0.538109756097561,0.14981855313604914,0.19668113852837876,0.00886172302121575,0.4646458918125681,0.5021298350178911,0.4407894736842105,0.30092592592592593,0.03125,0.2857142857142857,0.43245873788355216,0.0689510001097456,0.5177285948986786
0,0.26981707317073167,0.12080093819874702,0.03721845153187795,0.034342655725826655,0.441351977187525,0.5021298350178911,0.5394736842105263,0.2006172839506173,0.0625,0.2857142857142857,0.22933134782031406,0.09187843652840759,0.34529942642894973
0,0.34298780487804875,0.38242902750483504,0.07475461554531329,0.05471506684940004,0.8123920195478178,0.7282309377782348,0.40131578947368424,0.14660493827160495,0.125,0.0,0.7861460384770578,0.48590036341812826,0.3255996210126926
0,0.20884146341463414,0.09355802640072305,0.17388572241118178,0.11198855368466869,0.8605382659475207,0.9336730597689304,0.5131578947368421,0.17592592592592593,0.25,0.0,0.11934981886683034,0.06942741437299053,0.3683573292101033
0,0.4405487804878048,0.12561254500761398,0.04409239577485018,0.023394326494939825,0.5814857913287252,0.6874501441944886,0.5,0.18364197530864199,0.03125,0.0,0.10067564297311381,0.04378018824205935,0.40170694360877424
0,0.3551829268292683,0.07850592036729272,0.024120950177244773,0.008488636439011155,0.3599884228000559,0.2896054463498684,0.4276315789473684,0.2646604938271605,0.015625,0.2857142857142857,0.24177682364332412,0.12381961397323726,0.3199377864238813
0,0.1035060975609756,0.08090605189981191,0.16785706416717808,0.14138646530618948,0.8233129248156807,0.13185076956529482,0.20394736842105263,0.4691358024691358,1.0,0.0,0.628883320673836,0.5762070091767676,0.23340091754658937
0,0.28048780487804875,0.08164307702483177,0.02412430105824596,0.03965403473218705,0.8878186741675173,0.45906288035988224,0.32894736842105265,0.22530864197530864,0.0078125,0.0,0.10151639985711522,0.21323348306977843,0.1674321861654471
0,0.13277439024390245,0.05859563453053093,0.514466880443014,0.0,0.4077681276153051,0.44248061126900307,0.4934210526315789,0.3904320987654321,0.0625,0.2857142857142857,0.3580531170889311,0.2025700623445647,0.3816749982710715
0,0.4451219512195122,0.1863568081649997,0.019089669167569753,0.017276380078692432,0.7292783306381716,0.08529238409969535,0.24342105263157895,0.0470679012345679,0.25,0.0,0.6819843441279165,0.1844004432702487,0.23120430426603616
0,0.19359756097560976,0.17095984732743455,0.36842313354398154,0.03875744986492407,0.47907277410530175,0.4899269426057831,0.4342105263157895,0.3132716049382716,0.015625,0.0,0.5716158571767629,0.1493983883562017,0.3941825850567049
0,0.4420731707317073,0.3747121244217764,0.14949480751152255,0.02400948895403249,0.32460149757100043,0.7373972763035166,0.40789473684210525,0.5763888888888888,0.125,0.0,0.06557876888604051,0.06347335507664528,0.48898475309431766
0,0.2713414634146341,0.010166709356498365,0.03594444045489561,0.20682690160477096,0.7713133761615472,0.6793625248131203,0.3355263157894737,0.24382716049382716,0.25,0.2857142857142857,0.7099572606546188,0.3210177787137939,0.30776851264655086
0,0.15701219512195122,0.1507599590801584,0.406642802817637,0.01238409496281898,0.5701069860173555,0.39590535035706986,0.42105263157894735,0.2816358024691358,0.03125,0.2857142857142857,0.10457838919355776,0.13875924386391972,0.40619019822106794
0,0.6432926829268293,0.177639084875601,0.0341417807224275,0.0023191385683561925,0.5179752614585863,0.7921290954167086,0.6578947368421053,0.30092592592592593,0.015625,0.0,0.0968175528629068,0.15971676028299364,0.5196072864703728
0,0.5625,0.357839378702277,0.13552749905338887,0.03931019596670496,0.7083080410306257,0.1746505079251346,0.506578947368421,0.11342592592592593,1.0,0.0,0.7212929059623108,0.6479734556747204,0.39493630503774946
0,0.46493902439024387,0.3826325909254418,0.20331860645784644,0.0024009488954032493,0.2832758263271078,0.5827330754919748,0.40131578947368424,0.36574074074074076,1.0,0.42857142857142855,0.21976984697420512,0.05917012665702434,0.4252526594942307
0,0.46951219512195125,0.20124152846028648,0.01323479669077805,0.0071315276041006995,0.7222568991868175,0.6617261437144414,0.42105263157894735,0.03780864197530864,0.125,0.2857142857142857,0.6625603227234508,0.1493983883562017,0.3875030730059576
0,0.25152439024390244,0.13762029718986515,0.35720282326770164,0.028762904702689236,0.8069546065387486,0.17139204316740836,0.375,0.6527777777777778,0.0078125,0.2857142857142857,0.24799914559023364,0.3794240779382443,0.4027976305867016
0,0.31097560975609756,0.11657826387682117,0.21653254302184388,0.10028228074758126,0.7504705852993993,0.794128404419475,0.8947368421052632,0.5393518518518519,0.125,0.0,0.15514783363235335,0.44387623854649383,0.47131038543733217
0,0.4634146341463415,0.16692501242476893,0.013158708740811343,0.013370078209170761,0.5536926495273192,0.25245201650070764,0.4342105263157895,0.26774691358024694,1.0,0.42857142857142855,0.4191913160199133,0.03449587837542934,0.2489348485605645
0,0.0007515243902439023,0.5266979503577055,0.653127886755931,0.007131850567135725,0.4857205866917773,0.5021298350178911,0.4144736842105263,0.533179012345679,0.03125,0.0,0.07043490595927888,0.14896157460508974,0.46333178670948316
0,0.4253048780487805,0.36051683294902087,0.28777910747626945,0.03199140191857415,0.7985079338929083,0.09623711391972148,0.48026315789473684,0.13503086419753085,0.125,0.42857142857142855,0.2843186413035983,0.0414552524734414,1.0
0,0.43597560975609756,0.15367145135964255,0.11060583928501483,0.02354895314177493,0.639621572892342,0.9438591379889961,0.4342105263157895,0.16126543209876543,0.125,0.0,0.10670856237422387,0.17742539582625555,0.21187886020990665
0,0.014146341463414633,0.09378304809142135,0.6446606745909986,0.10285961262755462,0.6213358034477988,0.23241032252437366,0.3223684210526316,0.20756172839506173,0.0078125,0.0,0.12189786083643786,0.4005508867942516,0.317803662110289
0,0.25762195121951215,0.00016174157042215512,0.12355489814137802,0.4865015112143189,0.47106272350551603,0.5827330754919748,0.45394736842105265,0.31558641975308643,0.0078125,0.0,0.5419543462402772,0.23465358229040142,0.4830768459579663
0,0.5121951219512195,0.11028311625995893,0.004386236518951808,0.11680114510531754,0.5478367384642406,0.6659080529807453,0.5,0.2708333333333333,0.0078125,0.0,0.4090274522212897,0.10042361110475005,0.39450124939255427
0,0.37347560975609756,0.18770607099324213,0.07075164392079802,0.0,0.5342431751707832,0.0027741979835242602,0.3815789473684211,0.03935185185185185,0.5,0.5714285714285714,0.6546299577110056,0.0689510001097456,0.32381832187650694
0,0.04405487804878049,0.06825291057816592,0.3808277073894423,0.12820249829674507,0.86723588104864,0.9563764580005567,0.29605263157894735,0.5007716049382716,0.015625,0.0,0.9094241715214664,0.2836787241841907,0.22246845807893847
0,0.0,0.063032872834323,0.7427427567927509,0.10795134992231514,0.5866502059380906,0.7045893612725401,0.4407894736842105,0.4783950617283951,0.125,0.0,0.5726246637573301,0.29054595703057257,0.2793661400152022
0,0.39329268292682923,0.18104265104166833,0.21821671519408795,0.060329163293584925,0.3694640089365743,0.6781109453928533,0.506578947368421,0.1712962962962963,0.03125,0.42857142857142855,0.33515583753066264,0.05141103313938506,0.5177473152873944
0,0.43749999999999994,0.3721533551867834,0.19631221520061629,0.021154882648341106,0.796488878099968,0.43431747821852323,0.4407894736842105,0.033179012345679014,0.0078125,0.0,0.8033375778976899,0.405479189839275,0.3543672114093498
0,0.19512195121951217,0.135831348854129,0.39828103374831897,0.0023191385683561925,0.4091414892671965,0.8255043894192755,0.3815789473684211,0.4976851851851852,0.0625,0.42857142857142855,0.23524147447284433,0.10268735125825082,0.31493685891371315
0,0.7317073170731707,0.15917195661797948,0.09649720627309405,0.018333234365035724,0.6199579646467688,0.5955927315347024,0.5131578947368421,0.16512345679012347,0.125,0.0,0.23401140245846536,0.12408368423003185,0.4254449689419468
0,0.1798780487804878,0.15489507816918965,0.3513333752235961,0.09758382588486345,0.8526593758164835,0.39460721989463926,0.35526315789473684,0.2044753086419753,0.03125,0.0,0.6107616844177555,0.5015688076104085,0.35033938827029953
0,0.3155487804878049,0.12969452071590382,0.05722268374048493,0.01358181798656158,0.43015522722239613,0.9052342291422064,0.40131578947368424,0.15123456790123457,0.25,0.2857142857142857,0.10710994972152743,0.09079832240981246,0.28630800052169536
0,0.21036585365853658,0.17008465066042366,0.32253188488229384,0.014405693530347628,0.3645706387820998,0.8029498269094651,0.4342105263157895,0.26851851851851855,0.5,0.42857142857142855,0.2634172892855543,0.12695149311087,0.24685509073122616
0,0.06783536585365853,0.18271660201835033,0.23240068335531214,0.0,0.41273471685139546,0.5699421918172589,0.4605263157894737,0.5316358024691358,0.03125,0.5714285714285714,0.1074220618229876,0.06942741437299053,0.2963695906005701
0,0.1798780487804878,0.4659129732682618,0.1715742367539725,0.0055423552201723505,0.731816151086275,0.5410691437221536,0.40131578947368424,0.016975308641975308,0.125,0.0,0.6895526812874463,0.04740174370492103,0.1954710738277981
0,0.2240853658536585,0.04148218055708515,0.09703293513102404,0.07285918938015419,0.8107166272610874,0.5484568606942586,0.3684210526315789,0.18132716049382716,0.0625,0.0,0.7961930624426454,0.5679337799027995,0.31552735567083123
0,0.34756097560975613,0.06457317603924262,0.10366773051613155,0.03532331995260893,0.4647501124595245,0.5021298350178911,0.4934210526315789,0.3618827160493827,0.03125,0.2857142857142857,0.28075511883258075,0.3275753818994813,0.3346695410456899
0,0.4085365853658537,0.5949715018074803,0.07486758052722976,0.0023191385683561925,0.6524219576748475,0.0,0.45394736842105265,0.011574074074074073,1.0,0.2857142857142857,0.9557651232432844,0.0,0.43122330313987334
0,0.004878048780487805,0.23640755238759914,0.6183085405541265,0.04936731620402673,0.4670540134041845,0.17875530281009053,0.5460526315789473,0.3742283950617284,1.0,0.0,0.2406930509989972,0.44744511215775584,0.44518755276712857
0,0.3384146341463415,0.08835603382033021,0.02683394890258392,0.004801897790806499,0.3681340956323364,0.20130981538433712,0.3092105263157895,0.1419753086419753,0.015625,0.42857142857142855,0.15815726353124507,0.09079832240981246,1.0
0,0.6890243902439024,0.7541972944110223,0.053042056259710924,0.0024009485795469803,0.5995904900921306,0.22107603150090716,0.3881578947368421,0.018518518518518517,0.0078125,0.5714285714285714,0.8067411850908972,0.029317465269155123,0.3028930581549648
0,0.17073170731707316,0.19584813360159814,0.018609225255911424,0.0,0.35668887158271595,0.0027741979835242602,0.4144736842105263,0.006944444444444444,0.25,0.5714285714285714,0.6705590445844164,0.01150064130499284,0.43100059239973876
0,0.4329268292682927,0.1443092873626763,0.034561644581793734,0.023740218326170244,0.619015901695221,0.6903138100629815,0.4276315789473684,0.3387345679012346,0.0625,0.2857142857142857,0.4460871245794737,0.3292615229852924,0.40927720579168586
0,0.47103658536585363,0.4061983139752366,0.21708873826528616,0.019207590847369723,0.9373402207785323,0.18809453490210162,0.4276315789473684,0.5092592592592593,0.03125,0.0,0.08155462866729637,0.04378018824205935,0.19541347382185703
0,0.18445121951219512,0.09420015842555325,0.3644338612594498,0.06149509380457405,0.5922523349563589,0.44807145246519947,0.4342105263157895,0.13580246913580246,0.015625,0.0,0.76636303962671,0.3866212655393823,0.3329888988094916
0,0.3384146341463415,0.025134175960934594,0.05668330512540966,0.2027464808084152,0.5698851132760273,0.20130981538433712,0.46710526315789475,0.1736111111111111,0.125,0.0,0.5341488630430469,0.03636105110889728,0.3913485812188705
0,0.05289634146341464,0.04745347614303975,0.5066941115891316,0.11373388067013329,0.2875189328790417,0.3650880333471914,0.23026315789473684,0.7029320987654321,0.03125,0.0,0.2050838656724977,0.1058361564212307,1.0
0,0.2454268292682927,0.07608486717742634,0.1669047305259241,0.12260989981986717,0.609583025407529,0.9484049665467787,0.375,0.19290123456790123,0.25,0.2857142857142857,0.12116218585290729,0.29396587072591557,0.28669382618598693
0,0.4923780487804878,0.17644723053226682,0.1056115373127995,0.008488636439011155,0.5603352310804369,0.7109060991131055,0.4342105263157895,0.17824074074074073,0.25,0.42857142857142855,0.1181725558687594,0.1127403383576091,0.26822910228309843
0,0.2225609756097561,0.055908138761816016,0.10891565898823591,0.17632068192105047,0.6869975804009059,0.46319052631362856,0.4473684210526316,0.3271604938271605,0.03125,0.0,0.719319385048295,0.326068180862243,0.34792173516034014
0,0.3551829268292683,0.13556596265362492,0.3650896954849913,0.006165198829942037,0.7471238009279175,0.5376513872904114,0.47368421052631576,0.30324074074074076,0.0625,0.0,0.07764562449060515,0.256634540227186,0.3169330093210518
0,0.1798780487804878,0.015394179186850744,0.14406348333311572,0.3102645706865799,0.5317793123031227,0.7927092079570435,0.3881578947368421,0.7731481481481481,0.03125,0.0,0.006811411007000002,0.1127403383576091,0.31583068785360846
0,0.11097560975609755,0.35932444199294233,0.5024703694394757,0.0,0.49317382456141867,0.3878719110623197,0.47368421052631576,0.29475308641975306,0.015625,0.42857142857142855,0.2064508639880445,0.12195478040394553,0.30280491761404466
0,0.4435975609756098,0.44461342199507004,0.04844871652587186,0.009603795423684862,0.7571293984413182,0.7006654524187039,0.40789473684210525,0.5061728395061729,0.25,0.42857142857142855,0.0759417688019972,0.03636105110889728,0.302697035572297
0,0.24695121951219512,0.346033455308738,0.1043586240354359,0.0024009488954032493,0.4046230149651556,0.6413791215080408,0.5657894736842105,0.27237654320987653,0.125,0.2857142857142857,0.2257024911768363,0.17869825174730822,0.3310173169784178
0,0.375,0.08314095038484806,0.07867725783075899,0.01506592394117872,0.7261196173012922,0.24024913795958958,0.5657894736842105,0.08256172839506173,0.0078125,0.0,0.7746949029103509,0.29555375322667055,0.4504171939189371
0,0.3521341463414634,0.15112387611608433,0.15029774388293357,0.040753367738503854,0.775347887565646,0.6433535459548947,0.42105263157894735,0.13348765432098766,0.125,0.0,0.6715569436489249,0.4576261770575141,0.3853118592424803
0,0.47865853658536583,0.28641104349027907,0.09633483390238808,0.019637625999013898,0.94463181971742,0.6467349603930528,0.3881578947368421,0.4058641975308642,0.5,0.2857142857142857,0.06777508968104241,0.06551854229118571,0.2833428920772685
0,0.288109756097561,0.12292098283743974,0.3455401966992649,0.007202847159994151,0.5330012509247005,0.20130981538433712,0.42105263157894735,0.49614197530864196,0.0078125,0.42857142857142855,0.24876392885178875,0.018183512427284873,0.43798360681861537
0,0.2850609756097561,0.013379628869890442,0.19911418415177115,0.47930454450841237,0.8131196870586604,0.9587013746206493,0.47368421052631576,0.9737654320987654,0.5,0.0,0.30447752424971913,0.33935732646733,0.324757590305376
0,0.3125,0.21424522141671382,0.040398707916606824,0.08067289703685758,0.4688477039717605,0.6269687442764827,0.4407894736842105,0.08410493827160494,0.5,0.42857142857142855,0.471676249689829,0.06501331145121989,0.3390879705102822
0,0.29115853658536583,0.03170734638446244,0.004386236518951808,0.26375500355812087,0.5140117844104066,0.4566620061990008,0.4407894736842105,0.22608024691358025,0.125,0.0,0.5467567129568092,0.5772574773755833,0.3245072631240367
0,0.12896341463414634,0.006198182941892017,0.39389527624724174,0.3098192212437346,0.7966699949372827,0.7043613221982944,0.3157894736842105,0.6111111111111112,0.125,0.0,0.562913831621451,0.45320805615429866,0.27873575800014255
0,0.24695121951219512,0.15764481914434603,0.1184915486394913,0.01492183189055454,0.5204027840298029,0.41871361327247336,0.46710526315789475,0.044753086419753084,0.015625,0.42857142857142855,0.6521590355773963,0.1259163739477648,0.2326973713015822
0,0.42682926829268286,0.18392779313953087,0.10900354693559126,0.08536928493615124,0.5197288423086224,0.18809453490210162,0.5723684210526315,0.09027777777777778,0.0078125,0.2857142857142857,0.6395530898571156,0.04378018824205935,0.5800565046311301
0,0.3018292682926829,0.07143478080461338,0.02478086972345898,0.004801897790806499,0.7625529338265973,0.9336730597689304,0.40789473684210525,0.02854938271604938,0.125,0.0,0.799547400940435,0.06942741437299053,0.25261126989060645
0,0.3094512195121951,0.11762012871842215,0.05963363497042656,0.0826809848524809,0.29882328058472124,0.3772909257592994,0.39473684210526316,0.03009259259259259,0.015625,0.0,0.8327818628787685,0.03252373771696512,0.30311842997514826
0,0.0,0.3995336211283157,0.6868365561634178,0.0024009488954032493,0.6772071783686063,0.7518076535350745,0.40131578947368424,0.023919753086419752,1.0,0.0,0.6934336309630882,0.01150064130499284,0.42615804556666387
0,0.19512195121951217,0.06626086055837052,0.22533955594145375,0.0024009488954032493,0.4346086520860946,0.10505858911947344,0.45394736842105265,0.12885802469135801,0.125,0.2857142857142857,0.13378786678232824,0.05747299368112383,0.33893458709397833
0,0.39939024390243905,0.14462786686138637,0.0031015375086500675,0.04667228048542055,0.5844379096187595,0.2838280015005082,0.3684210526315789,0.3140432098765432,0.0078125,0.2857142857142857,0.44218885228934524,0.05860989675619668,0.4656158288467575
0,0.28048780487804875,0.2596291818745942,0.379561431390278,0.1379277996789005,0.8137033934544202,0.1742151114226104,0.40131578947368424,0.44367283950617287,0.0078125,0.0,0.6525006257031881,0.43596034472646866,0.3844943506972416
0,0.23323170731707318,0.11896899844663092,0.13696480769105226,0.02160854069034178,0.48483711131383594,0.8110940399296973,0.45394736842105265,0.14429012345679013,0.125,0.2857142857142857,0.09866249449863711,0.14155375862358957,0.368850758431021
0,0.34298780487804875,0.31267451223617454,0.23013296826241367,0.0024009485795469803,0.7515784566229944,0.7518076535350745,0.45394736842105265,0.1381172839506173,0.0625,0.42857142857142855,0.2798835713248576,0.05747299368112383,0.4759151369195307
0,0.37347560975609756,0.08529380327714395,0.0873762163137004,0.05132928110797326,0.7450690356396149,0.8574734702059736,0.3618421052631579,0.10108024691358025,0.5,0.2857142857142857,0.7891722271273177,0.26712867594241907,0.3642437945392471
0,0.28353658536585363,0.1602399594919775,0.28700166228178986,0.011950320072950164,0.6728135411391081,0.045094915577548904,0.45394736842105265,0.5648148148148148,0.5,0.42857142857142855,0.15891757286248454,0.19544910993788914,0.3794169480784604
0,0.3048780487804878,0.010540576191054106,0.021625816860123517,0.2785021985175602,0.8608428659428619,0.8352238197965326,0.39473684210526316,0.16280864197530864,0.25,0.0,0.7037554688714097,0.37010993647801577,0.3046168501135833
0,0.47103658536585363,0.18234485418016652,0.15797221002689682,0.06931264780099286,0.6013974736385921,0.823865781638327,0.5657894736842105,0.2970679012345679,1.0,0.0,0.0846885521477805,0.24694060915916075,0.4457172933535967
0,0.03384146341463415,0.14992844643434872,0.5767014519056262,0.08579806771768893,0.6332096645249073,0.7878573298777183,0.4934210526315789,0.2515432098765432,0.125,0.0,0.0968136890139979,0.07664584553468205,0.46123015232671993
0,0.2972560975609756,0.1872618741948859,0.14853236512423457,0.0,0.5502434292143797,0.01497707513754335,0.4144736842105263,0.043209876543209874,0.015625,0.0,0.6528478729474781,0.07490694090079084,0.2523963722052664
0,0.15853658536585366,0.006155377218480319,0.15993356177127263,0.38213006045173137,0.8459236664842062,0.08574609308310881,0.4473684210526316,0.6057098765432098,1.0,0.0,0.5503862721182703,0.6896181870427055,0.2655807397214623
0,0.09100609756097561,0.02818662143312417,0.3084901430035645,0.23324023206591793,0.6763540583695319,0.8886955427016483,0.32894736842105265,0.39274691358024694,0.25,0.0,0.8385790227908296,0.6047819623677789,0.3189382414376268
0,0.38414634146341464,0.11699586714591594,0.05500125364771703,0.008488636439011155,0.7984482385710614,0.5410691437221536,0.42105263157894735,0.035493827160493825,0.0078125,0.0,0.8169217799099158,0.04740174370492103,0.3240463702481348
0,0.288109756097561,0.07952734400714319,0.08056609385812584,0.03879855382048688,0.5079152458128732,0.34373766695608954,0.4276315789473684,0.1381172839506173,0.03125,0.0,0.10099113825328367,0.11617718302960109,0.3450011379211488
0,0.23780487804878048,0.29310409569677137,0.10096004015752916,0.004801897790806499,0.4551717672883113,0.9701094593104775,0.39473684210526316,0.3395061728395062,1.0,0.0,0.43154041746798394,0.05860989675619668,0.315172194312684
0,0.15548780487804878,0.028636081404153323,0.3944715971777932,0.29953709684500646,0.8623056321089935,0.261524989392854,0.24342105263157895,0.4729938271604938,0.03125,0.0,0.6569208688550151,0.39282705397268075,0.25698449193715955
0,0.06310975609756098,0.1582519652661802,0.3902646655361736,0.005643913275975941,0.5772304995461464,0.4236179514356669,0.4473684210526316,0.5300925925925926,0.03125,0.2857142857142857,0.09830233386457247,0.08480314255166875,0.5381960136092584
0,0.16158536585365854,0.36470351053929273,0.3721631247633472,0.008488636439011155,0.8338364254022795,0.16434493112692858,0.5328947368421053,0.5640432098765432,0.5,0.0,0.06889075294435455,0.14155375862358957,0.40459819161045013
0,0.5396341463414633,0.0005887242063201127,0.10387163953048088,0.45163848860248446,0.7790934613036923,0.03249451943317365,0.5197368421052632,0.4729938271604938,0.125,0.0,0.5553973051632003,0.2148817466964976,0.4097931768360409
0,0.31859756097560976,0.04643266024832068,0.11857847773505333,0.2179523938272841,0.544824355592847,0.6712044408029706,0.4407894736842105,0.2692901234567901,0.125,0.0,0.5566422502227814,0.17669375928260786,0.4232573135994651
0,0.27286585365853655,0.09385615845799962,0.3494704281946494,0.012004744477016245,0.3242225707458029,0.8766465627936662,0.4342105263157895,0.13503086419753085,0.125,0.42857142857142855,0.1385266556213585,0.016264006583052878,0.324211202497207
0,0.31859756097560976,0.057079747205479946,0.1639506101561582,0.17628801448643194,0.5379569626884853,0.8564642724635273,0.32894736842105265,0.3325617283950617,0.25,0.2857142857142857,0.08676279195584372,0.37624331212187373,0.289324535885206
0,0.4908536585365854,0.11169921857329024,0.09650514434187678,0.12309498398134933,0.749017065753997,0.08867379021525945,0.34210526315789475,0.4783950617283951,0.25,0.0,0.15259169421862082,0.1998504607817655,0.21410903094758743
0,0.15701219512195122,0.0,0.21904515294298135,0.6397278171773378,0.7552859515152749,0.8467287794799456,0.4144736842105263,0.8070987654320988,0.25,0.0,0.46207010197714077,0.49978586857358465,0.40490823837893186
0,0.25,0.11290470038445809,0.17746182137774352,0.023062896142984343,0.39857247869038553,0.7897345464272296,0.4473684210526316,0.43364197530864196,0.0625,0.0,0.24290223896548532,0.2172554998256275,0.30855470708702853
0,0.3231707317073171,0.044605843899976634,0.05159773882346029,0.08424474186172634,0.3461238227444038,0.8217204943376677,0.3881578947368421,0.23996913580246915,0.0625,0.0,0.3086803380856703,0.2144335300972433,0.3539393499631238
0,0.24085365853658536,0.06360789706769215,0.205858615058951,0.025401093241718173,0.665190371612302,0.16342081803663683,0.48026315789473684,0.0933641975308642,1.0,0.0,0.6651706484584852,0.39031315424491075,0.35372422020684946
0,0.3323170731707317,0.21322886439951944,0.2813960412885662,0.005643913275975941,0.4834005464706695,0.15016761426796654,0.5526315789473685,0.2708333333333333,1.0,0.0,0.11006776303595141,0.05747299368112383,0.595368390174983
0,0.30640243902439024,0.11573070900582819,0.4843174688923997,0.09111291008803861,0.5450428897040617,0.06627711563528552,0.46710526315789475,0.18132716049382716,0.5,0.0,0.1358077446395937,0.27730268523705237,0.3828138012894171
0,0.2301829268292683,0.16562665917072744,0.17542914738082493,0.09368055307696123,0.6623725831818155,0.46461391181501516,0.4144736842105263,0.5841049382716049,0.015625,0.2857142857142857,0.07669869495452691,0.4513613938627673,0.3621181640218574
0,0.2530487804878049,0.259982291779436,0.33173798415895234,0.00679090899328079,0.8903059228313652,0.9701094593104775,0.3684210526315789,0.5532407407407407,0.0078125,0.0,0.1735014394778354,0.08785240921806639,0.10446951601297183
0,0.4024390243902439,0.14598279532186,0.10292473666257557,0.007931593902331557,0.4147648808975247,0.6007183674710417,0.47368421052631576,0.1087962962962963,0.125,0.2857142857142857,0.4549917248927745,0.5621930177385093,0.4033159223404013
0,0.0,0.5200336568505013,0.6896257336236274,0.0024009488954032493,0.30901081805392083,0.40866693850107977,0.4276315789473684,0.6226851851851852,0.015625,0.0,0.10291696189368674,0.0414552524734414,0.3597763826360813
0,0.13079268292682927,0.1691414851256875,0.1478952795114181,0.007931593902331557,0.3420119458954835,0.04171351362328178,0.3026315789473684,0.1867283950617284,0.125,0.42857142857142855,0.24228332986572915,0.09469785138504128,0.13028176041584633
