flood,lulc,Density_River,Density_Road,Distan2river_met,Distan2road_met,aspect,curvature,dem,flowDir,slope,twi,NDVI,rainfall,NDBI,NDWI
1,0.6,0.368133633,0.428416462,0.759466956,0.011299563,0.374026862,0.238528853,0.232371064,0.694091251,0.056906487,0.750083374,0.578075321,0.684552208,0.23088345,-0.2267614
1,0.4,0.601027947,0.1376726,0.152882324,0.04533141,0.217046,0.419091828,0.17378486,0.849860019,0.098230496,0.698343571,0.117272448,0.186870854,0.11774019,-0.4518031
1,0.4,0.238676518,0.167240688,0.840779324,0.052151478,0.928219989,0.593524395,0.237810141,0.244469939,0.063164508,0.63182388,0.074757557,0.132131122,0.044402752,-0.51813215
1,0.3,0.699646643,0.484258283,0.242178139,0.089523057,0.680183099,0.207364244,0.205160387,0.054850551,0.029000802,0.575139823,0.165084719,0.435090032,-0.22190201,0.70899105
1,0.3,0.358496627,0.448614758,0.222250061,0.055097954,0.73537879,0.244162493,0.214957202,0.137484793,0.127129883,0.503940975,0.157324107,0.714738685,0.15130338,-0.27885425
1,0.4,0.551557983,0.508186809,0.216527268,0.003957771,0.305104352,0.436483803,0.522175777,0.028308124,0.053250316,0.636642086,0.597588792,0.64660727,0.028530924,-0.5945317
1,0.4,0.159653068,0.195553491,0.335427839,0.112822658,0.07576265,0.518594513,0.683577932,0.443070973,0.10607251,0.507646051,0.160829891,0.64660727,-0.33704737,-0.6216216
1,0.6,0.345647286,0.170816206,0.478352857,0.006280346,0.639473803,0.266642843,0.33077131,0.076423983,0.091356286,0.724733954,0.215847822,0.64660727,0.1678875,-0.36243704
1,0.4,0.492129778,0.595808978,0.224147299,0.055802255,0.408764183,0.621639844,0.52371256,0.018786676,0.018002705,0.956214107,0.482111166,0.714738685,-0.2173913,-0.49828768
1,0.3,0.764535818,0.135898776,0.091131256,0.078504544,0.600769008,0.506048667,0.120884022,0.030047923,0.053101816,0.86468507,0.150642474,0.714738685,0.11735808,-0.34469855
1,0.3,0.573401863,0.238421265,0.165085272,0.0424543,0.859462277,0.29356797,0.144363726,0.20245825,0.173996158,0.368285919,0.081881064,0.269175301,0.08746518,-0.26486486
1,0.6,0.890780597,0.482127984,0.196039487,0.084361211,0.584991357,0.251687303,0.22894053,0.11521282,0.05861051,0.634613501,0.188136607,0.452534315,0.18901831,-0.48326233
1,0.3,0.213620302,0.345695598,0.588689051,0.192746344,0.043173933,0.381107754,0.80224557,0.852724591,0.080264222,0.700938019,0.121804088,0.61588595,-0.10869092,-0.55752754
1,0.3,0.25248956,0.406646521,0.684124262,0.070277746,0.122929238,0.417389545,0.557830809,0.105587085,0.02801304,0.845245009,0.343080013,0.708688758,-0.19799362,-0.6710342
1,0.4,0.502088018,0.137536675,0.134905905,0.123069448,0.297349369,0.418985595,0.131502451,0.014782485,0.030661017,0.554393007,0.264375176,0.619002326,0.047992166,-0.53453493
1,0.4,0.654352714,0.354287537,0.067991256,0.052324662,0.22651547,0.373490811,0.128799112,0.768935911,0.084706033,0.636622535,0.113960565,0.653493255,-0.4088152,-0.72432566
1,0.4,0.827818824,0.375544433,0.074386964,0.02383742,0.411015987,0.437770635,0.147889056,0.011002872,0.1813447,0.42390041,0.45570243,0.638151267,0.03822336,-0.5937721
1,0.6,0.61580469,0.336342897,0.179764061,0.027860594,0.488486098,0.501785726,0.178666565,0.025590037,0.060039227,0.327765441,0.133116019,0.507036317,0.17493866,-0.4158031
1,0.4,0.61130742,0.368796669,0.358301999,0.086144336,0.334508023,0.616740112,0.155367279,0.110529145,0.09300881,0.318625614,0.094595841,0.695076962,0.24058019,-0.39964157
1,0.6,0.618053325,0.360332391,0.316597841,0.069363071,0.784035068,0.38223317,0.167526526,0.198840339,0.129468388,0.494530197,0.16637202,0.642275444,-0.31137726,0.6716642
1,0.4,0.637969804,0.341050447,0.093851402,0.0623272,0.553544368,0.456955812,0.175501824,0.010920938,0.117945902,0.487497958,0.123763783,0.642275444,-0.31470293,-0.7348837
1,0.6,0.405717957,0.291380588,0.613460786,0.158966575,0.822908417,0.331301411,0.196106808,0.162871289,0.107012671,0.422224745,0.084961669,0.310339081,0.004047298,-0.42792127
1,0.6,0.451011886,0.304537448,0.388687517,0.097490806,0.62157033,0.40088159,0.186117659,0.044982272,0.057927243,0.59113116,0.190868682,0.256604507,-0.3621399,0.47750592
1,0.6,0.373915837,0.311731322,0.13450257,0.005735681,0.840910602,0.282941492,0.166521208,0.263146521,0.101899347,0.381848293,0.07675311,0.283835058,0.16402116,-0.4403927
1,0.4,0.332476711,0.293068954,0.34763464,0.101594031,0.079850191,0.363802686,0.181137715,0.268424445,0.068966387,0.63504483,0.022974669,0.57729095,-0.049172018,-0.6146145
1,0.4,0.36331513,0.299490237,0.322920604,0.114036229,0.303014495,0.355912016,0.184836033,0.015167613,0.101235903,0.454098136,0.209126726,0.095635166,0.20925382,-0.37171054
1,0.4,0.626405397,0.149753491,0.014298049,0.087658895,0.215571788,0.416867252,0.181171178,0.576969542,0.109544599,0.479410674,0.227834234,0.10134106,0.07819761,-0.3695587
1,0.4,0.304850626,0.251024007,0.530935696,0.130681176,0.654488539,0.403685465,0.187802343,0.104827644,0.027103185,0.940023032,0.118749286,0.10134106,0.17107332,-0.43422353
1,0.6,0.553806617,0.157141915,0.361021319,0.077027385,0.115182951,0.315885324,0.206381322,0.127251985,0.129403837,0.829257102,0.121145165,0.10134106,-0.03454754,-0.48873535
1,0.6,0.472213299,0.158162282,0.498360184,0.020790956,0.415030208,0.344561718,0.206988671,0.02082386,0.142250352,0.936612197,0.111226023,0.084390694,0.08212128,-0.3122201
1,0.6,0.492129778,0.159446315,0.404457409,0.025933498,0.581354872,0.273480419,0.222760566,0.121765059,0.06203891,0.951069625,0.145952601,0.084390694,-0.09667397,-0.6447855
1,0.6,0.576614199,0.157665947,0.34534438,0.075608294,0.42464465,0.557712146,0.205937559,0.02548208,0.044941217,0.488053117,0.132637337,0.078947414,0.03749531,-0.4894111
1,0.6,0.455509155,0.180301266,0.468927727,0.115665017,0.067023503,0.370277318,0.23425053,0.640540937,0.123757002,0.384839018,0.206120494,0.205375055,-0.25387657,-0.69062585
1,0.3,0.695470607,0.445917704,0.045230477,0.063710176,0.876339882,0.195333155,0.191319494,0.216659088,0.153458765,0.776402802,0.050367711,0.084390694,0.1996598,-0.34188947
1,0.3,0.848056537,0.658153084,0.320233231,0.215206756,0.341266842,0.534674983,0.191346052,0.042897413,0.093156928,0.692486492,0.024959028,0.084390694,0.114849366,-0.44627687
1,0.6,0.258592997,0.380789598,0.627140025,0.125485616,0.846324948,0.247262824,0.236464805,0.196130329,0.186788476,0.335584998,0.138749787,0.078947414,0.06537245,-0.44843304
1,0.3,0.761323482,0.529415915,0.408601248,0.041581855,0.704994607,0.243485105,0.22780576,0.554284619,0.045285559,0.330447945,0.269390242,0.084390694,-0.14199063,-0.6959192
1,0.6,0.664953421,0.21252095,0.107372522,0.00630299,0.424981412,0.428712737,0.239457574,0.014568251,0.049884574,0.629377636,0.178611719,0.078947414,0.04247191,-0.49850535
1,0.6,0.590106007,0.227006424,0.834047985,0.15746693,0.448268762,0.261817013,0.459932906,0.012978642,0.148773893,0.994517275,0.156053312,0.078947414,0.1009013,-0.36015964
1,0.3,0.82653389,0.170386403,0.108833569,0.180126965,0.195988854,0.522585429,0.531090255,0.418036539,0.150366498,0.564361962,0.47800812,0.078947414,0.13051024,-0.43061107
1,0.4,0.875682621,0.372453489,0.11893415,0.037785203,0.128379305,0.314780694,0.529580661,0.205676441,0.061803158,0.762384441,0.184650934,0.104414857,-0.096993305,-0.62239623
1,0.4,0.680051397,0.405860508,0.046999517,0.060867668,0.329693324,0.233168696,0.50310947,0.02082386,0.043930655,0.851223726,0.276671034,0.078947414,-0.012797075,-0.5151864
1,0.4,0.327979441,0.39836725,0.531216598,0.010259792,0.1427681,0.189070381,0.650587449,0.313083812,0.14408133,0.495019327,0.289114121,0.126173155,-0.1729548,-0.5282284
1,0.4,0.300353357,0.341339433,0.239586128,0.003712553,0.41794837,0.259388722,0.623399719,0.014744833,0.145703734,0.641037448,0.412502813,0.113390686,0.23898375,-0.27955183
1,0.4,0.159010601,0.328725554,0.708591107,0.151827291,0.51599657,0.425291518,0.64698881,0.035212948,0.0986841,0.732735967,0.519307426,0.126173155,-0.017607551,-0.5903546
1,0.3,0.314808866,0.456115714,0.418084945,0.057398262,0.722198956,0.461458688,0.54223722,0.113735322,0.090106292,0.312706118,0.234765169,0.153201861,-0.008227067,-0.70741904
1,0.3,0.177320912,0.273004298,0.564949458,0.121320351,0.797388186,0.24098668,0.559985635,0.418137703,0.086477123,0.490336404,0.5459131,0.79946493,0.09171005,-0.4327227
1,0.4,0.298747189,0.503857257,0.195240132,0.029437186,0.421793201,0.198269031,0.561355221,0.01130749,0.173706426,0.569870634,0.43538129,0.153201861,0.05468952,-0.44878563
1,0.4,0.270157404,0.415798752,0.46276688,0.04392396,0.554189788,0.356187688,0.609071656,0.040470544,0.099686196,0.685936626,0.398513447,0.153201861,-0.2328712,-0.63976485
1,0.4,0.460648892,0.486600443,0.041369025,0.042240001,0.232075136,0.300672101,0.567305638,0.02082386,0.045337874,0.758915315,0.383912211,0.153201861,-0.46107784,-0.031349067
1,0.4,0.842595567,0.334298771,0.031757073,0.037228862,0.347911506,0.449255365,0.601595505,0.02082386,0.170723323,0.958778429,0.200534728,0.153201861,-0.13859203,-0.517179
1,0.9,0.706713781,0.263252548,0.391628611,0.112030712,0.532564404,0.36787747,0.21718813,0.086102269,0.203811809,0.807490243,0.496280203,0.098602381,0.040603664,-0.5514236
1,0.9,0.295534854,0.474183434,0.101809376,0.133249136,0.758793303,0.466092473,0.362941391,0.12802481,0.185920831,0.606440516,0.53499656,0.478820096,-0.2749274,-0.6377202
1,0.9,0.785415997,0.195759882,0.037126735,0.029848326,0.781123514,0.316898672,0.277099091,0.061446998,0.239428351,0.968924475,0.173965293,0.137877683,0.045574635,-0.53723407
1,0.9,0.877288789,0.308296933,0.72971358,0.145440316,0.539251641,0.362978467,0.295681404,0.711321758,0.060867769,0.57536378,0.211617658,0.122832219,0.020319864,-0.57750684
1,0.6,0.856729843,0.274801918,0.040852107,0.038224806,0.471866925,0.229664703,0.273709478,0.033266986,0.099728075,0.55145851,0.304939289,0.122832219,-0.042433638,-0.49693933
1,0.4,0.870864118,0.152741954,0.2689054,0.166881222,0.847413354,0.462376986,0.524211864,0.177956108,0.134193314,0.836973283,0.463723159,0.735362206,0.16523868,-0.28474134
1,0.4,0.610664953,0.64286656,0.660816447,0.005021804,0.907589934,0.4713797,0.572448637,0.158956799,0.120844193,0.574598798,0.339731892,0.128578573,-0.2074609,-0.59194034
1,0.4,0.366848699,0.659395213,0.156382153,0.020547291,0.508331673,0.433663519,0.529385721,0.04138682,0.030227825,0.841269524,0.159847861,0.361724826,0.1616674,-0.25923473
1,0.9,0.312238998,0.291962888,0.824398952,0.040866193,0.905866125,0.217975529,0.254656668,0.137102131,0.053743737,0.552116246,0.459902806,0.465150138,-0.15639001,-0.63746226
1,0.3,0.312560231,0.514521849,0.663318224,0.037443797,0.66998494,0.320288167,0.420446571,0.039524022,0.226381548,0.665743138,0.345315003,0.648369221,-0.25736293,-0.63187295
1,0.9,0.898490202,0.285550272,0.321900905,0.107741263,0.853359034,0.261131967,0.280562338,0.216659088,0.087648198,0.343033916,0.061894603,0.435090032,0.051701933,-0.510551
1,0.9,0.883070993,0.277475879,0.228458883,0.010426049,0.922998615,0.461698989,0.272787819,0.35660302,0.221933142,0.378444087,0.114280635,0.656410413,-0.1004313,0.32882375
1,0.9,0.524253132,0.285910221,0.730398629,0.001883599,0.918674484,0.446252151,0.283193443,0.216659088,0.142576836,0.479059766,0.046470329,0.452534315,-0.22531645,0.5754386
1,0.9,0.707035014,0.274743835,0.121149477,0.016668907,0.61034199,0.552458344,0.272944481,0.02082386,0.100293577,0.741183315,0.515869185,0.695106626,0.047434207,-0.43592745
1,0.6,0.864118214,0.248802608,0.403214563,0.059070987,0.485187488,0.3622933,0.295796532,0.016092969,0.175941226,0.412003307,0.398739982,0.466348722,0.18046972,0.00711344
1,0.9,0.832958561,0.326208198,0.470427684,0.009461346,0.333591928,0.340939216,0.309487216,0.021365783,0.118011993,0.545990796,0.239204602,0.466348722,0.0647482,0.252483
1,0.6,0.712174751,0.360663396,0.493733706,0.00588732,0.159757774,0.509786883,0.506140378,0.100753393,0.118891423,0.49106721,0.601113928,0.385464753,0.10877387,-0.40857393
1,0.3,0.800513974,0.512482905,0.716984263,0.1023132,0.373685439,0.297371944,0.568106348,0.017469638,0.102477369,0.886953982,0.072222987,0.388847423,-0.10742937,-0.6261203
1,0.9,0.637969804,0.139846787,0.863829216,0.143942888,0.077433207,0.424271364,0.667016632,0.014472158,0.049879446,0.986993945,0.192769562,0.324738056,0.023036031,-0.452151
1,0.6,0.576935432,0.61794855,0.728332104,0.056522369,0.630684117,0.253516118,0.709779562,0.174436092,0.05463565,0.993358854,0.231858544,0.084390694,-0.24427333,-0.6956978
1,0.6,0.7892708,0.214085971,0.437719175,0.069508653,0.822208111,0.373641896,0.564030306,0.20856361,0.099628696,0.708952826,0.49705486,0.084390694,0.001302932,-0.61879617
1,0.9,0.287182782,0.262876097,0.716098345,0.027613154,0.485752073,0.244748842,0.489929456,0.02082386,0.207517039,0.556133799,0.639178951,0.109940707,-0.09612263,-0.45302415
1,0.6,0.432059107,0.237466565,0.416058941,0.123745991,0.412355869,0.37213409,0.540200698,0.061652662,0.127403632,0.409938019,0.360623353,0.79946493,0.19175836,-0.358253
1,0.6,0.562158689,0.458149384,0.093152762,0.093526431,0.795805036,0.31247942,0.749363485,0.125212642,0.095480907,0.42836451,0.437605654,0.153201861,-0.24898873,-0.624902
1,0.6,0.509155156,0.607826258,0.278268879,0.003008856,0.414221312,0.470815716,0.525573794,0.080103051,0.070793157,0.759928112,0.068945256,0.095810695,-0.32592666,-0.7203725
1,0.9,0.454866688,0.22661962,0.646410853,0.00184103,0.47901148,0.605232166,0.360218992,0.051422344,0.093790236,0.398997562,0.613584335,0.098602381,-0.017584099,-0.54184765
1,0.3,0.760038548,0.253142997,0.457805471,0.002931654,0.621145917,0.266707993,0.620377966,0.15229353,0.160541388,0.516426638,0.310718388,0.11408895,-0.14354451,-0.52187836
1,0.6,0.133954385,0.259368922,0.705688545,0.184133287,0.573253736,0.240816148,0.687967613,0.051737032,0.196694114,0.469865775,0.483145181,0.113830221,-0.16735254,-0.5210009
1,0.6,0.493414712,0.463174726,0.198919463,0.031881761,0.707677224,0.326956912,0.616400458,0.110157783,0.226702702,0.700815401,0.384418783,0.111450765,-0.23413025,-0.44219652
1,0.9,0.511725024,0.122328096,0.416204717,0.229338359,0.356281231,0.442312285,0.227495258,0.059515945,0.063255508,0.327959711,0.391165113,0.127857485,0.04730447,-0.13109244
1,0.9,0.25795053,0.388798429,0.140016283,0.009795888,0.690253955,0.368481929,0.36493052,0.129872815,0.081966684,0.734769221,0.072502266,0.665124046,0.032749742,0.018394649
1,0.9,0.222936075,0.269984686,0.449257852,0.115618333,0.631408631,0.227257683,0.392756892,0.161081585,0.106418502,0.993122594,0.098460969,0.217247176,-0.09766904,-0.59831697
1,0.6,0.406681658,0.146838425,0.615533252,0.230887284,0.702859811,0.421754707,0.275523083,0.094113812,0.179937718,0.447354,0.123549581,0.2722581,0.056818184,-0.476493
1,0.9,0.417924831,0.164450514,0.541091272,0.144879607,0.907164338,0.384804037,0.227628657,0.181543266,0.115952231,0.486971996,0.083574003,0.39894149,0.06771443,-0.47865286
1,0.9,0.818181818,0.212915324,0.880829456,0.086531006,0.806049108,0.198037482,0.247668456,0.13007441,0.075538113,0.803273829,0.674799714,0.165102447,-0.07294361,-0.55355805
1,0.9,0.443944748,0.160409994,0.477445081,0.11002804,0.657539569,0.359673935,0.236358437,0.074992951,0.073433401,0.549607404,0.118442497,0.806684948,0.063170165,-0.45378911
1,0.9,0.847092836,0.200535568,0.131325089,0.022370732,0.596133854,0.353510587,0.265107613,0.101296764,0.161700688,0.784332493,0.410234241,0.82002452,0.18928203,-0.37289122
1,0.6,0.772566656,0.201712724,0.085303139,0.009702678,0.838870275,0.514619399,0.30057327,0.216659088,0.134421131,0.500757115,0.194335193,0.074614673,-0.3098217,-0.7254088
1,0.9,0.738515901,0.186796996,0.064283244,0.05636421,0.841546978,0.2084222,0.25269088,0.114987724,0.094472594,0.471846437,0.312913914,0.11408895,0.009169315,-0.4084398
1,0.9,0.691615805,0.206909627,0.41880054,0.017539943,0.910888405,0.227525089,0.274562791,0.216659088,0.153523935,0.534336659,0.365312658,0.465150138,-0.16310647,-0.5417032
1,0.9,0.886283328,0.309041285,0.674419463,0.099096912,0.884607208,0.220712674,0.286753824,0.444324649,0.095472193,0.518934862,0.127086291,0.057111314,-0.24955116,0.608769
1,0.6,0.784131063,0.313559975,0.463290236,0.063397921,0.538041497,0.263426555,0.293586973,0.067617219,0.149812052,0.982161502,0.558208578,0.229795579,0.05354347,-0.38718066
1,0.6,0.109219403,0.404274114,0.782864725,0.059709888,0.841104061,0.377246774,0.487713385,0.18670622,0.107601982,0.30944145,0.10072271,0.088234633,-0.24520303,-0.47704116
1,0.6,0.381946675,0.509526063,0.084381842,0.015789953,0.499660734,0.588905926,0.614748606,0.02082386,0.125116269,0.518434048,0.421369157,0.186182267,-0.42691338,-0.7606052
1,0.9,0.73112753,0.480128705,0.702124697,0.124543587,0.905780004,0.689805687,0.427896599,0.203873135,0.103822121,0.445460413,0.153066243,0.535210702,0.22645526,-0.34499043
1,0.6,0.528750402,0.62973592,0.05137739,0.05035331,0.79736189,0.32444062,0.629185504,0.183022179,0.05100186,0.495361723,0.326093902,0.624791183,-0.033492822,-0.6081218
1,0.6,0.868615483,0.237467142,0.261271918,0.002907354,0.795875436,0.245272958,0.354022888,0.202697244,0.143390728,0.432669185,0.562450125,0.337619442,-0.12984337,-0.5871453
1,0.6,0.512046258,0.558372806,0.357913517,0.022315937,0.734700188,0.45207103,0.636422874,0.119714135,0.154355987,0.601624658,0.20136175,0.615221525,0.05939124,-0.520096
1,0.6,0.520719563,0.606191001,0.057422593,0.100393235,0.820146219,0.284959801,0.65262839,0.215150775,0.155956485,0.531329272,0.222356992,0.283191163,-0.1979284,-0.1319149
1,0.9,0.709604883,0.159697829,0.467539302,0.003948149,0.893078219,0.518699288,0.347156572,0.216659088,0.215127535,0.622759265,0.231365063,0.407417882,0.11557993,-0.42473823
1,0.9,0.493093479,0.208833489,0.493018616,0.054582944,0.926972419,0.252647777,0.416676551,0.12783492,0.161127013,0.322359862,0.410663025,0.671331331,-0.14824797,-0.64217687
1,0.6,0.79473177,0.234850791,0.142979851,0.036785635,0.731786339,0.345976297,0.451506367,0.216659088,0.150994618,0.954458201,0.485691892,0.786966016,0.16398287,-0.36827558
1,0.6,0.802120141,0.237248033,0.141869077,0.038136443,0.678087537,0.199855965,0.456199901,0.212974128,0.195509078,0.41877566,0.642129023,0.522969497,-0.16308329,-0.6255085
1,0.6,0.882428526,0.632059488,0.037290809,0.026633666,0.929656774,0.263205945,0.611635934,0.5667706,0.205245928,0.638336116,0.423151647,0.743834088,0.21192677,-0.4098582
1,0.6,0.695791841,0.206365468,0.476083333,0.168422763,0.677008105,0.382816966,0.456488482,0.086102269,0.193753304,0.495044604,0.430087324,0.571097738,0.07898723,-0.32751092
1,0.6,0.671056858,0.747519141,0.064901991,0.01211992,0.912227801,0.56686084,0.837132802,0.216659088,0.230076078,0.83711313,0.489304683,0.780926,0.10915751,-0.37432188
1,0.6,0.573723097,0.236336725,0.673924186,0.043104911,0.538356346,0.583989056,0.535764018,0.02082386,0.200435227,0.876464534,0.248725316,0.080105756,0.05573042,-0.51672864
1,0.6,0.53678124,0.646245693,0.150849385,0.039620096,0.915767939,0.225572903,0.776843584,0.160546697,0.044544973,1,0.302489528,0.654130999,0.16344969,-0.34499836
1,0.6,0.32605204,0.40428405,0.068878365,0.019277578,0.067110562,0.341769755,0.648201379,0.827624262,0.059978714,0.646475758,0.378637408,0.379519539,0.41393307,-0.16484955
1,0.6,0.635399936,0.428756377,0.339709439,0.01001567,0.798623582,0.342244765,0.631994442,0.126403816,0.21640739,0.839942729,0.431421488,0.465150138,-0.42944786,0.5620301
1,0.6,0.567940893,0.729570011,0.490495653,0.025575225,0.596160428,0.426494846,0.863915146,0.015794028,0.161958232,0.496523472,0.054479485,0.650523541,-0.27280405,-0.69755
1,0.6,0.637006103,0.502102636,0.336242859,0.155887095,0.034971372,0.226469321,0.844134983,0.172730245,0.073850647,0.926764752,0.513153236,0.427394417,0.12073448,-0.4786173
1,0.6,0.589784774,0.46424257,0.422396614,0.060124512,0.569020595,0.216448518,0.824115369,0.02082386,0.209714028,0.386996411,0.455338533,0.683896265,0.46345216,0.063563116
1,0.6,0.301638291,0.305270363,0.060320994,0.034566332,0.834963531,0.404420224,0.499616508,0.216659088,0.024066604,0.337910946,0.150535468,0.683896265,-0.017291626,-0.5742634
1,0.6,0.450048185,0.2770748,0.095217381,0.055073451,0.865941934,0.500114924,0.460512909,0.345461238,0.140632559,0.580797654,0.280901198,0.086998612,-0.057578586,-0.538717
1,0.6,0.290395117,0.205758714,0.258342342,0.058139963,0.620337229,0.448396748,0.55552591,0.021237679,0.147541163,0.418989532,0.505978882,0.162779914,0.09007934,-0.4821592
1,0.6,0.334725345,0.582834296,0.23869127,0.005683955,0.755607109,0.38353872,0.763620163,0.091186986,0.097301615,0.681255559,0.088207717,0.286148671,0.14815569,-0.39892906
1,0.6,0.285255381,0.662999363,0.457527259,0.003454501,0.781797386,0.351633153,0.796004756,0.240819624,0.058751375,0.772053789,0.150568101,0.435446465,-0.2039199,-0.6640754
1,0.6,0.220366206,0.731997305,0.370100589,0.003858419,0.858094639,0.518142961,0.870338429,0.232323308,0.155119575,0.967278781,0.604670939,0.449443893,-0.04527629,-0.5712755
1,0.6,0.292643752,0.282891002,0.342502627,0.127353092,0.718586749,0.394329652,0.557590765,0.111900734,0.148657307,0.532561924,0.45974685,0.711383864,0.24567114,-0.45871097
1,0.6,0.35785416,0.282485814,0.185439971,0.014535248,0.576300036,0.549883223,0.562387411,0.02082386,0.048758557,0.972494347,0.375388325,0.098948139,-0.27128458,-0.6698592
1,0.6,0.499839383,0.258897711,0.032365123,0.147515427,0.837340064,0.224756098,0.552835948,0.223016782,0.057979744,0.753012971,0.500429922,0.431686872,0.15100197,-0.2976704
1,0.6,0.564728558,0.557120452,0.315556423,0.006806339,0.578337998,0.371920772,0.831125284,0.065140998,0.158419469,0.45521008,0.402580256,0.431686872,0.21648063,-0.33383155
1,0.6,0.338258914,0.240030718,0.120469373,0.21623478,0.879169349,0.53641677,0.761479779,0.216659088,0.183184548,0.602884315,0.368699103,0.488984426,0.081716634,-0.39838853
1,0.6,0.553485384,0.278050666,0.552846567,0.057579796,0.697559064,0.205488755,0.569024259,0.086102269,0.149350473,0.7542587,0.458783604,0.488984426,-0.10910745,-0.5536501
1,0.6,0.875682621,0.309892594,0.375359462,0.032179158,0.784199727,0.243306793,0.555674285,0.178484429,0.059828477,0.620403037,0.121069274,0.519522784,-0.2231405,0.5763359
1,0.6,0.46867973,0.239160482,0.407649364,0.223505868,0.814241722,0.581225899,0.880120425,0.174467266,0.172276691,0.412061598,0.181405835,0.519522784,0.07956021,-0.43675676
1,0.6,0.400256987,0.255278858,0.500498224,0.129516755,0.85216322,0.598693356,0.412313388,0.270522229,0.147879308,0.606945019,0.386911423,0.714961347,-0.09119898,-0.3887987
1,0.6,0.545454545,0.271046864,0.483048832,0.00862623,0.834904402,0.553563704,0.433997127,0.167024946,0.141682302,0.927047619,0.282573076,0.714961347,0.3756405,0.20080726
1,0.6,0.575329264,0.269839195,0.488232463,0.001877906,0.588676329,0.500679637,0.490382196,0.085135888,0.052079851,0.849570887,0.40275139,0.406288222,-0.0776218,-0.682243
1,0.6,0.21522647,0.62642678,0.074841286,0.037357052,0.881533013,0.246443711,0.870011925,0.330775188,0.170856394,0.404391535,0.435852762,0.628764013,0.06498195,0.4045977
1,0.6,0.325088339,0.260550497,0.652199331,0.044488534,0.631362441,0.189971053,0.332829062,0.139316378,0.038052585,0.553945816,0.152447921,0.708251853,-0.054984037,-0.5739614
1,0.6,0.456151622,0.217448763,0.512236817,0.017853359,0.863248674,0.265016284,0.382130146,0.335907468,0.187088019,0.39528449,0.605504222,0.639922185,0.3226601,-0.35135135
1,0.6,0.443623514,0.244657646,0.471797054,0.02948533,0.462396829,0.197736042,0.398886385,0.00918969,0.098830357,0.926297261,0.366788358,0.225835352,0.16425715,-0.39440596
1,0.6,0.637969804,0.650861958,0.689157578,0.028845927,0.691435439,0.214342694,0.682175554,0.116107851,0.180866858,0.800430457,0.311055154,0.452534315,-0.21171822,-0.44379377
1,0.6,0.737230967,0.58020884,0.427371081,0.025931985,0.591284929,0.298387723,0.720416134,0.036309362,0.176928636,0.720545474,0.403432511,0.378491819,0.10723293,-0.58148676
1,0.6,0.402505622,0.612101997,0.464283426,0.042092038,0.883821964,0.348763642,0.752049383,0.222478655,0.136408078,0.7390374,0.478367084,0.269175301,0.11258707,-0.4942717
1,0.6,0.402184388,0.612298566,0.46596996,0.043728827,0.9140298,0.348308322,0.752090975,0.304743099,0.128842139,0.539945664,0.446569708,0.367553537,0.23963599,-0.20861459
1,0.6,0.813363315,0.152452126,0.020658413,0.069364904,0.736559787,0.447744034,0.315572334,0.188798699,0.044355566,0.825552955,0.371949894,0.376720198,-0.38069594,-0.599712
1,0.6,0.447478317,0.728509761,0.039449922,0.038262206,0.881077087,0.481000002,0.868154164,0.135075876,0.104384171,0.872887673,0.298707501,0.456886443,-0.13616191,-0.6431322
1,0.6,0.440089945,0.263279922,0.23935292,0.03467377,0.751263918,0.463927334,0.68965064,0.176138219,0.118867884,0.946159805,0.390064314,0.341302737,-0.12212672,-0.5385037
1,0.4,0.220044973,0.254763597,0.016089599,0.157041261,0.653633174,0.320974428,0.645398478,0.023926422,0.091579101,0.969492453,0.39540685,0.631242709,0.12474526,-0.56291896
1,0.6,0.265017668,0.479525251,0.53342279,0.012021193,0.906381042,0.290512247,0.876761159,0.216659088,0.082166992,0.82477972,0.432552453,0.600539627,0.007350097,-0.4873207
1,0.6,0.160938002,0.490970064,0.823160618,0.017982637,0.858736997,0.452690926,0.847485489,0.334940191,0.190096238,0.364974695,0.38630733,0.578682943,0.07241718,-0.55346197
1,0.6,0.763250883,0.671766441,0.381886597,0.100964655,0.86753677,0.251756342,0.827586232,0.190637567,0.07585906,0.74863716,0.561014837,0.286236417,0.10293115,-0.43589744
1,0.6,0.628332798,0.398250702,0.05963813,0.04971724,0.394049479,0.359704079,0.765564503,0.02082386,0.134448243,0.402905109,0.602291377,0.438755754,0.057790782,-0.44232923
1,0.6,0.339543848,0.635218728,0.094905724,0.106121673,0.760003517,0.218799504,0.795118296,0.214755256,0.159860473,0.407754782,0.355697649,0.113314999,0.014219908,-0.5240749
1,0.6,0.29971089,0.668212965,0.069805897,0.04024365,0.587138883,0.263426798,0.791578139,0.611741767,0.020191077,0.958669817,0.437087129,0.345263434,0.09096672,-0.4455645
1,0.6,0.329906842,0.358564961,0.588026589,0.054133973,0.557203114,0.749231359,0.874234606,0.485422477,0.028730707,0.534723264,0.529132274,0.345263434,0.1332233,-0.2667126
1,0.6,0.834885962,0.737751846,0.237231723,0.010839052,0.532908749,0.334046335,0.780011621,0.503023522,0.079879164,0.503575262,0.076348611,0.105620966,-0.2247191,0.47929937
1,0.7,0.489881144,0.596337972,0.185489908,0.068437546,0.679036398,0.425486239,0.766052719,0.079444144,0.090657585,0.387858811,0.570545227,0.078947414,-0.14514166,-0.41829926
1,0.6,0.497590748,0.430777606,0.61321127,0.024732864,0.349339457,0.268163047,0.784551255,0.02082386,0.033345828,0.771871642,0.377300398,0.099176972,-0.27845806,-0.5270856
1,0.6,0.45775779,0.394417819,0.518311353,0.200499283,0.522452436,0.383531427,0.702443696,0.01325975,0.133104886,0.504225389,0.43123897,0.097019317,0.1539182,-0.21470192
1,0.6,0.287504015,0.174158686,0.099517728,0.016889149,0.920008175,0.36134498,0.795263277,0.216659088,0.222826295,0.739234068,0.635120111,0.131652331,0.14444445,-0.35427135
1,0.6,0.719563122,0.20231882,0.148485312,0.003652621,0.828764289,0.314364391,0.748719239,0.134284687,0.137329759,0.588231818,0.581143973,0.104414857,-0.040233236,-0.535284
1,0.3,0.102473498,0.246911463,0.346947237,0.039456705,0.833304696,0.328631482,0.80652981,0.086102269,0.122165255,0.510740771,0.314097624,0.101960252,-0.29811463,-0.7565042
1,0.9,0.569547061,0.125422259,0.028077645,0.04313004,0.629654214,0.42058444,0.212090946,0.012272852,0.026708663,0.497223817,0.588808963,0.173501121,0.1159105,-0.32294816
1,0.9,0.771924189,0.139140461,0.182370981,0.030807543,0.582561816,0.187942048,0.263913217,0.063780103,0.068886247,0.635324885,0.401225981,0.169457013,-0.110968016,-0.6215539
1,0.9,0.407002891,0.238258706,0.532726923,0.143402429,0.07907399,0.245698377,0.378826797,0.07712724,0.194893902,0.516615621,0.173117401,0.103398972,-0.16317016,0.45553738
1,0.9,0.443623514,0.443562942,0.681221924,0.15216814,0.470002665,0.777884781,0.436654376,0.02082386,0.216219157,0.982074917,0.559391908,0.113390686,0.121466555,-0.4613594
1,0.6,0.226469643,0.506142245,0.178527128,0.087321628,0.108641799,0.300039321,0.504086454,0.318173415,0.043519529,0.886683418,0.046432573,0.103398972,-0.017832266,-0.5587796
1,0.3,0.854159974,0.252484414,0.180418145,0.092359726,0.08005259,0.417203576,0.271168897,0.127416477,0.046851016,0.567433005,0.10264427,0.164297442,-0.18644889,-0.6843009
1,0.6,0.62126566,0.61292854,0.061294147,0.121156881,0.535664895,0.236839818,0.620135081,0.028546916,0.202230958,0.606986235,0.492003367,0.806598065,-0.06577044,-0.4776454
1,0.6,0.382267909,0.43507668,0.745698436,0.069345802,0.029646033,0.227370115,0.874600334,0.85780635,0.209422445,0.503587384,0.077568559,0.819712254,0.20005038,-0.29565394
1,0.6,0.609058786,0.32983184,0.075847464,0.004984346,0.152033121,0.44315109,0.145785726,0.960326802,0.031611976,0.667560405,0.080051333,0.052209689,0.01393971,-0.5247205
1,0.6,0.715387086,0.221275898,0.115119735,0.142514963,0.383240126,0.32399867,0.132336625,0.011477815,0.089426054,0.353541806,0.254408033,0.109923065,0.16448691,-0.34876168
1,0.9,0.281721812,0.127905525,0.215179056,0.175651408,0.804832842,0.255384557,0.278243194,0.1404883,0.053384782,0.493660472,0.291231479,0.800272152,-0.21911955,-0.62146443
1,0.9,0.273048506,0.280766427,0.206749862,0.03057501,0.715693422,0.623390747,0.374857774,0.102914957,0.053678323,0.364080699,0.255971577,0.079660201,0.16517095,-0.38348082
1,0.6,0.782524896,0.224838203,0.731749728,0.164555029,0.139244275,0.228688671,0.247784433,0.563622522,0.041197048,0.943473716,0.531520184,0.478820096,-0.18971062,-0.64444447
1,0.3,0.795374237,0.234432643,0.614289481,0.22376778,0.347635683,0.23379467,0.231996477,0.48621292,0.06442071,0.775628587,0.419150294,0.110847817,-0.20123102,-0.48794883
1,0.9,0.2634115,0.163779883,0.712938364,0.051651681,0.640848259,0.221836023,0.294472426,0.134113643,0.239502221,0.353319887,0.524927154,0.091142435,0.097299054,-0.43693343
1,0.9,0.320912303,0.326500981,0.167366438,0.099549608,0.884403801,0.186483955,0.301400874,0.216659088,0.154062854,0.386667298,0.17130797,0.091142435,0.1672064,-0.29946807
1,0.6,0.23707035,0.282583112,0.382925661,0.013898067,0.355665655,0.387126824,0.385801,0.009260836,0.066979579,0.359632875,0.148819193,0.128578573,0.17844166,-0.48702958
1,0.6,0.465788628,0.168364054,0.582724645,0.088640334,0.154571495,0.189057497,0.250917586,0.216659088,0.074773062,0.890067815,0.171094526,0.112662553,0.12967281,-0.41128927
1,0.9,0.46771603,0.158437835,0.686648626,0.086293558,0.691775609,0.489934163,0.287099999,0.203292069,0.073084748,0.839060649,0.489565179,0.735362206,0.05455283,-0.55971897
1,0.9,0.464503694,0.154406686,0.722269785,0.071624582,0.134238934,0.648142591,0.289814546,0.171478745,0.094993757,0.633653089,0.636063056,0.692025928,0.21806167,0.3364486
1,0.3,0.838740765,0.69571814,0.29183412,0.002663872,0.35839001,0.433211603,0.19008686,0.020032253,0.126222111,0.671111963,0.034153032,0.692025928,0.057467952,-0.39530918
1,0.9,0.363957597,0.162437074,0.189073288,0.013785339,0.870508288,0.237707551,0.224913637,0.215703982,0.134474951,0.482015491,0.520674792,0.11810752,0.24246009,-0.36712915
1,0.9,0.358175394,0.305866281,0.348689564,0.184000896,0.183318755,0.267564787,0.29254464,0.52465784,0.08835473,0.369675699,0.158772865,0.11712041,0.14123932,-0.19063842
1,0.9,0.357532926,0.36666023,0.374151644,0.166718301,0.52170893,0.263611794,0.306493559,0.062048437,0.197551235,0.67132078,0.448450477,0.751007092,-0.17889027,-0.5486936
1,0.9,0.411178927,0.169014581,0.206656125,0.043389509,0.856534724,0.510588008,0.238582637,0.216659088,0.096625062,0.349944079,0.523706827,0.369019656,-0.27114624,-0.6282628
1,0.3,0.461612592,0.438907278,0.367648104,0.102226292,0.916522992,0.361833239,0.192849549,0.481088454,0.038916302,0.717023086,0.328112792,0.714738685,0.16161016,-0.4058188
1,0.6,0.31063283,0.574040029,0.716766076,0.042462924,0.590537806,0.406129922,0.439502894,0.076702493,0.206111851,0.370979049,0.133069726,0.720662387,-0.002291476,-0.57735306
1,0.9,0.897526502,0.505174988,0.034237,0.149712465,0.504585415,0.305509843,0.265261986,0.213662148,0.147116707,0.6141877,0.415976533,0.311600725,-0.36093086,-0.7411967
1,0.6,0.278188243,0.462637422,0.712392533,0.080355332,0.545608586,0.208231491,0.22230972,0.1983045,0.054307383,0.868142383,0.654010516,0.486428822,0.047328245,-0.4422188
1,0.6,0.60584645,0.454688244,0.78150208,0.040515061,0.725330543,0.350919057,0.214186778,0.224426001,0.081805179,0.491457503,0.454008164,0.61986926,0.070032574,0.22100955
1,0.9,0.341150016,0.410637013,0.580110831,0.030213443,0.359327392,0.214539359,0.242739891,0.016609584,0.06787876,0.769427513,0.485590768,0.61986926,-0.07388674,-0.5965792
1,0.6,0.430774173,0.31982808,0.051067638,0.226166529,0.617021645,0.515957281,0.222520681,0.018647063,0.176695148,0.778924438,0.421188536,0.602486923,0.24956535,-0.40723178
1,0.9,0.33697398,0.249886493,0.235407792,0.007420455,0.435770452,0.282729147,0.26842219,0.02082386,0.175797631,0.941637878,0.614874861,0.602486923,0.12484022,0.28556523
1,0.9,0.289431417,0.226680069,0.215370088,0.214824939,0.45732481,0.319506125,0.312159026,0.035708282,0.23391135,0.693623403,0.552057234,0.578682943,0.14021139,-0.45627376
1,0.6,0.800835207,0.331621809,0.074134645,0.076526433,0.769302485,0.483363994,0.264615451,0.145184488,0.115239521,0.422024208,0.648161977,0.578682943,-0.24244131,-0.69815195
1,0.6,0.295856087,0.398971477,0.450154307,0.022843306,0.454795583,0.72367596,0.226504285,0.037752567,0.168473363,0.371637972,0.446274113,0.578682943,-0.34080896,-0.75886524
1,0.9,0.423707035,0.218395824,0.693160882,0.109882863,0.612860295,0.326381502,0.270096653,0.086102269,0.103775869,0.918154807,0.642433346,0.477220477,-0.31618792,-0.6940737
1,0.9,0.538387408,0.307469813,0.13432611,0.061201653,0.309252137,0.477616828,0.271140386,0.02041891,0.033400558,0.753489798,0.519698455,0.547985096,-0.07494352,-0.5554292
1,0.9,0.332155477,0.641782259,0.317429506,0.031427864,0.496587373,0.188521955,0.454192502,0.077753402,0.185859605,0.38226639,0.192408511,0.446712231,0.08592668,-0.4144581
1,0.9,0.45326052,0.283975326,0.682312858,0.012529257,0.740962108,0.519106596,0.286491683,0.091513386,0.116725599,0.394758709,0.359600722,0.574786854,-0.27539936,-0.59297687
1,0.3,0.249919692,0.732169721,0.718480633,0.049445745,0.314484015,0.435439339,0.455852838,0.033452348,0.038744273,0.831305109,0.332916502,0.446712231,0.10501694,-0.4203789
1,0.6,0.485705108,0.196000963,0.031424518,0.021346974,0.303858034,0.22954595,0.221478605,0.017158087,0.228276973,0.757397268,0.303370812,0.305952445,-0.36622807,-0.6885549
1,0.9,0.197558625,0.2101474,0.467218887,0.18357177,0.02723524,0.65700747,0.264671013,0.343146434,0.184511281,0.330398011,0.559932252,0.310339081,-0.43206778,-0.60365427
1,0.9,0.783488596,0.292728566,0.455188407,0.180523577,0.759295698,0.339259419,0.265415135,0.182019028,0.116766651,0.618870107,0.446611259,0.310339081,-0.29266438,-0.698377
1,0.6,0.726309027,0.189395725,0.428271963,0.031977841,0.371281081,0.236279359,0.267214731,0.047252462,0.152187123,0.625531656,0.414386996,0.347706551,-0.16384664,-0.5902839
1,0.9,0.735946033,0.187528827,0.460336785,0.016259234,0.422847312,0.641441757,0.271133264,0.016385569,0.146424456,0.513206179,0.21898174,0.29467967,-0.2575556,-0.6977162
1,0.9,0.866045615,0.306502671,0.069950733,0.047761023,0.625280762,0.298551206,0.265893762,0.062327608,0.097673264,0.585918896,0.601058338,0.33060239,-0.34164223,-0.715625
1,0.9,0.636042403,0.198308352,0.290076212,0.098601009,0.78905867,0.320290598,0.280648679,0.908748457,0.106526657,0.936346173,0.562032915,0.256604507,-0.15010571,-0.42036554
1,0.6,0.262126566,0.528972979,0.596424957,0.00320717,0.12923154,0.431119757,0.566340768,0.109101436,0.16144472,0.402491861,0.145471452,0.408483149,-0.28348735,-0.5171577
1,0.3,0.829424992,0.620438198,0.477536716,0.046299906,0.694735927,0.442255644,0.583500381,0.085384034,0.122898967,0.79363471,0.037969779,0.408483149,0.029796131,-0.66367877
1,0.9,0.723417925,0.15974601,0.498110836,0.098134561,0.575451696,0.468215435,0.369453067,0.02082386,0.227890917,0.416881145,0.328542904,0.283835058,0.17757817,-0.49764076
1,0.6,0.81111468,0.628829966,0.116172711,0.199569505,0.533379353,0.399093007,0.578293534,0.02082386,0.23268779,0.470564599,0.502340858,0.343604072,0.1884139,-0.3354824
1,0.6,0.361708962,0.536762401,0.672625041,0.160184647,0.751392612,0.379254387,0.608612957,0.208811695,0.228873422,0.561601487,0.59596055,0.291680013,0.06080247,-0.38664845
1,0.6,0.75297141,0.160655149,0.304130735,0.189976764,0.301688108,0.39175052,0.646177643,0.012915038,0.159675687,0.610418968,0.035692481,0.175221233,-0.10393234,-0.6218164
1,0.4,0.756504979,0.209748548,0.250665621,0.147527534,0.053758557,0.59033193,0.429645013,0.271430957,0.109482483,0.442867642,0.145952032,0.291680013,0.20606793,-0.38145292
1,0.6,0.361708962,0.350876321,0.23236321,0.065944334,0.746545495,0.350854028,0.669721471,0.197121559,0.134518081,0.604786465,0.487560518,0.425978862,-0.09842719,-0.5983758
1,0.7,0.677481529,0.126028171,0.674090642,0.209313269,0.580626253,0.37873027,0.617428032,0.183159279,0.048101895,0.600464767,0.03637531,0.425978862,-0.16805758,-0.4863601
1,0.6,0.689045936,0.183597942,0.170120745,0.006957085,0.370787729,0.366890862,0.728800567,0.018645891,0.100310697,0.844169099,0.20745314,0.433516634,-0.013506852,-0.5005109
1,0.6,0.261162865,0.317568816,0.634273605,0.055970011,0.517499303,0.576330179,0.531258557,0.02082386,0.158383188,0.677232719,0.505199861,0.433516634,0.30735043,-0.3592754
1,0.6,0.822036621,0.537801417,0.470028245,0.075130807,0.861737454,0.296885508,0.65813909,0.477772725,0.101350986,0.424678984,0.1105523,0.433516634,-0.006354708,-0.3648472
1,0.6,0.283006746,0.717687444,0.283433118,0.049141168,0.49053519,0.205111712,0.845703809,0.009973826,0.115921827,0.785734422,0.65182163,0.286837221,0.004047855,-0.4750866
1,0.6,0.246707356,0.216119964,0.765300102,0.108831966,0.438830108,0.186328374,0.869210781,0.014132591,0.164423956,0.689299125,0.410999222,0.886855241,0.12544672,-0.45977363
1,0.6,0.383874076,0.514372065,0.085728499,0.003672622,0.57972901,0.352233966,0.763313627,0.0634313,0.060530565,0.831588724,0.499946117,0.921413379,-0.37407658,-0.7622739
1,0.6,0.088339223,0.749654344,0.501322323,0.015368052,0.54440672,0.299919231,0.876150297,0.036256766,0.232760673,0.728279116,0.355674312,0.879609671,-0.059930313,-0.45689654
1,0.6,0.345326052,0.217874365,0.177732817,0.128626732,0.364001501,0.459999259,0.728051591,0.016614602,0.181530395,0.724133296,0.337209655,0.654061027,-0.232408,-0.6811977
1,0.6,0.19434629,0.24276312,0.773614739,0.019369144,0.223504231,0.706179088,0.528885785,0.010720502,0.122017407,0.385479396,0.599686798,0.79946493,-0.12855108,-0.55120546
1,0.3,0.230324446,0.737495416,0.283026673,0.006845465,0.831140822,0.268094129,0.823630862,0.202722489,0.070878218,0.482465261,0.425036589,0.906484232,0.16180371,-0.21491735
1,0.6,0.456472856,0.210282493,0.566477046,0.149807971,0.28635581,0.274021916,0.838235747,0.010119319,0.145678546,0.794845542,0.317635472,0.198061943,-0.021385254,-0.6165698
1,0.6,0.496627048,0.304523311,0.229477658,0.051043937,0.534043207,0.228167229,0.872066441,0.009470143,0.224615766,0.426895984,0.171400557,0.783711153,0.36101013,-0.05495894
1,0.6,0.605525217,0.377274402,0.02005753,0.10408269,0.912592041,0.318903124,0.72128752,0.169058888,0.06910705,0.585990367,0.167094312,0.783711153,0.24493986,-0.38090128
1,0.6,0.810793447,0.672950902,0.079787814,0.105056072,0.608391818,0.404006838,0.78169599,0.398311127,0.069658183,0.823721399,0.384994796,0.801143264,-0.053353332,-0.5010687
1,0.6,0.54770318,0.160949779,0.340409509,0.076429668,0.573873904,0.305921892,0.822905405,0.716387831,0.034304551,0.924737044,0.037624475,0.801143264,0.040341213,-0.52628607
1,0.6,0.115644073,0.362104149,0.686106158,0.015940004,0.600693113,0.50995851,0.732170409,0.03285743,0.218330174,0.359468267,0.400078699,0.824955301,-0.1071879,-0.5247467
1,0.6,0.614840989,0.176637832,0.095463269,0.106093008,0.056068656,0.356427016,0.71665231,0.771454411,0.122357335,0.503554912,0.466692204,0.824955301,-0.3158476,-0.6294017
1,0.6,0.539351108,0.128897063,0.236433937,0.036674827,0.392709597,0.707896079,0.172669307,0.009926312,0.056720792,0.694970007,0.17018706,0.819712254,0.23286362,-0.47452182
1,0.6,0.746225506,0.168753096,0.130997809,0.05369632,0.514852999,0.325866381,0.152680789,0.02082386,0.074160036,0.660714001,0.095455496,0.453809685,-0.106247514,-0.4654718
1,0.3,0.744619338,0.167813052,0.128092543,0.045385977,0.402081607,0.285987127,0.151844524,0.042264139,0.063434163,0.754240517,0.092059184,0.712293119,-0.21512264,-0.5977814
1,0.4,0.742370704,0.161623237,0.076032906,0.053708911,0.487904399,0.31773772,0.148535877,0.015831467,0.069583403,0.826145875,0.176684657,0.7621135,-4.92E-04,-0.5270108
1,0.3,0.65756505,0.191045327,0.099877333,0.010353804,0.566461526,0.366654937,0.168479005,0.065510401,0.011316274,0.698620428,0.120067702,0.806598065,-0.19426964,-0.6262534
1,0.6,0.807581111,0.329766705,0.169231394,0.040505768,0.740713345,0.258862053,0.144054892,0.073849837,0.124948923,0.632299469,0.260914357,0.783711153,-0.38203067,-0.7748593
1,0.3,0.675554128,0.36603201,0.195837666,0.017129888,0.752234204,0.440884458,0.126868514,0.13617862,0.086005712,0.543643389,0.101652185,0.801143264,0.07129799,-0.10243055
1,0.3,0.822036621,0.363724322,0.131878262,0.006779074,0.661431774,0.428660958,0.124315147,0.108740812,0.126523215,0.59667326,0.191040575,0.801143264,-0.20476611,-0.541502
1,0.4,0.643430774,0.378698145,0.17764575,0.010932006,0,0.374570524,0.134688611,0.024173494,0.124290276,0.672446006,0.124900441,0.751025432,-0.14016712,-0.48066637
1,0.2,0.671056858,0.381150701,0.076193688,0,0.765527427,0.446709294,0.148005042,0.175423073,0.067338498,0.887282967,0.227115926,0.806684948,0.030166337,-0.38709676
1,0.2,0.693864439,0.379213556,0.010423511,0.007351944,0.635680171,0.338649854,0.153955549,0.034375191,0.081288291,0.598713271,0.320912255,0.806684948,0.18725379,-0.42174578
1,0.3,0.523289431,0.314072385,0.351843128,0.114202243,0.609021656,0.426072709,0.171679597,0.02082386,0.054054987,0.836040804,0.198636505,0.751025432,0.0754236,-0.42665434
1,0.3,0.67394796,0.232299263,0.004153829,0.047525995,0.618397005,0.277789426,0.175093636,0.500161753,0.03260318,0.910528179,0.171869943,0.806684948,0.18083765,-0.4899363
1,0.6,0.544812078,0.272143802,0.112031661,0.008014863,0.499581291,0.47947056,0.148460791,0.02082386,0.022350068,0.57659847,0.066959378,0.806684948,0.07190874,-0.4087817
1,0.3,0.559267588,0.336128312,0.097782056,0.076365018,0.116459738,0.306427533,0.126694854,0.372928786,0.131604625,0.608124848,0.100035138,0.795580266,0.11093018,-0.3857868
1,0.6,0.369097334,0.305847077,0.121464763,0.091647656,0.086609672,0.488937225,0.16888962,0.975958556,0.120241236,0.441618818,0.09577993,0.795580266,-0.36236855,-0.7498165
1,0.6,0.423064568,0.290571217,0.02746762,0.032692267,0.072171834,0.565035307,0.16837532,0.092998354,0.180738052,0.535610141,0.512926702,0.82002452,-0.075,-0.5700824
1,0.6,0.299068423,0.237594583,0.605320901,0.046574493,0.728683553,0.195573699,0.194147137,0.201199902,0.054444103,0.852661713,0.140598112,0.695029339,0.039575838,-0.5104229
1,0.6,0.407002891,0.09083588,0.286645165,0.086541666,0.854201252,0.226355187,0.235567907,0.216659088,0.084289377,0.483359825,0.179080725,0.795580266,0.017802866,-0.566482
1,0.3,0.705107613,0.22603732,0.057317479,0.12143428,0.700929813,0.596760131,0.128943491,0.059599989,0.054057747,0.443602678,0.084352644,0.53098485,0.17482096,-0.43403643
1,0.3,0.693543206,0.233132938,0.013742578,0.036062751,0.422503802,0.242947254,0.131849987,0.02082386,0.101483353,0.810480091,0.115256214,0.682275402,0.0345801,-0.08571429
1,0.2,0.642788307,0.228893494,0.008061883,0.004550401,0.898488112,0.350258077,0.151831975,0.122265444,0.037158801,0.550946012,0.100239474,0.671331331,-0.26372728,-0.7170989
1,0.6,0.459363958,0.146453999,0.504694325,0.026744904,0.099658167,0.560931594,0.258162592,0.638629043,0.163429547,0.276980349,0.03847085,0.735493806,0.1658031,-0.27986908
1,0.6,0.582075169,0.125100094,0.115666084,0.078397745,0.479494049,0.30759549,0.238534,0.02082386,0.256701536,0.364700546,0.143684219,0.735493806,0.15454546,-0.39312464
1,0.3,0.570831995,0.125679855,0.081244532,0.055463899,0.092153442,0.618955086,0.203880123,0.095789947,0.044932631,0.507910476,0.262971383,0.780926,0.16968699,-0.30216536
1,0.3,0.563764857,0.126177297,0.079728546,0.067624385,0.119442386,0.364613291,0.200686673,0.845589684,0.010606562,0.721412774,0.367499456,0.671331331,0.040509257,-0.47508895
1,0.3,0.706071314,0.499803338,0.111953098,0.033224663,0.467524499,0.246158315,0.188818433,0.200681745,0.10925128,0.772242952,0.245266205,0.780926,0.11400206,-0.43658063
1,0.9,0.264696434,0.118021971,0.137579281,0.038921135,0.844489975,0.36772444,0.274557957,0.202177763,0.163256593,0.510159871,0.02866175,0.780926,0.18506323,-0.36895674
1,0.6,0.297141022,0.499919505,0.175292102,0.206699812,0.334054393,0.279824266,0.341169851,0.412866409,0.168095123,0.967815859,0.293830556,0.671331331,-0.07436823,-0.39000466
1,0.3,0.998715066,0.764663307,0.151406537,0.031084951,0.564552814,0.27967549,0.179944166,0.107371948,0.092515338,0.891400517,0.090684988,0.663295716,-0.6089918,-0.77300704
1,0.9,0.520719563,0.122189437,0.773138628,0.053729943,0.189437998,0.398129494,0.234932343,0.200602558,0.124991097,0.506666346,0.664716837,0.540183589,-0.13359684,-0.44665825
1,0.9,0.659492451,0.115627613,0.82191085,0.011901518,0.65119139,0.372471021,0.275289847,0.075862262,0.314786242,0.322439664,0.167990585,0.540183589,0.24156928,-0.31452546
1,0.9,0.628654031,0.209788086,0.306224246,0.206391622,0.528240482,0.685969989,0.249588882,0.034471093,0.019580315,0.993120762,0.078147797,0.656112161,-0.20245013,-0.67821133
1,0.9,0.280115644,0.522795593,0.456766043,0.004218579,0.82248463,0.260467706,0.343678764,0.177480671,0.097898306,0.711010298,0.02823657,0.717511368,-0.22332506,-0.5492995
1,0.3,0.763572117,0.543455417,0.210900623,0.029416346,0.403344064,0.366069682,0.208722505,0.009340568,0.136695158,0.409760901,0.094665281,0.477479889,-0.19642857,0.51405257
1,0.9,0.252168326,0.140604087,0.431104244,0.162581596,0.888883617,0.249197994,0.236364455,0.216659088,0.274712248,0.267642435,0.43662002,0.477479889,-0.21745878,-0.47844523
1,0.9,0.45326052,0.14930011,0.74317962,0.002884014,0.574424854,0.482562626,0.225419867,0.117938331,0.185309398,0.265036742,0.418839331,0.613111368,0.2136776,-0.46072078
1,0.9,0.652746547,0.175768485,0.149250997,0.163131632,0.213340263,0.482984034,0.25474443,1,0.049048734,0.718889436,0.15892313,0.477479889,0.25,-0.27292818
1,0.9,0.392226148,0.138119749,0.446514685,0.206107542,0.535881379,0.496556112,0.279409967,0.027462111,0.091357946,0.430017297,0.099611097,0.477479889,-0.06301575,-0.56444937
1,0.9,0.391904915,0.138027286,0.445141111,0.20210195,0.529612642,0.551873697,0.278573722,0.02082386,0.097249263,0.592923227,0.087331176,0.477479889,0.19471154,-0.35819986
1,0.3,0.810793447,0.620754281,0.018598004,0.075087503,0.121797875,0.421528992,0.190193011,0.010723271,0.08778823,0.797081216,0.097736779,0.688728152,-0.14627966,-0.5623234
1,0.3,0.94185673,0.741208358,0.085815623,0.115762689,0.055831858,0.279767867,0.187161944,0.262009415,0.018588743,0.834301973,0.070925441,0.771236172,-0.10380743,-0.6507442
1,0.3,0.945711532,0.189374894,0.092737307,0.179550599,0.758800329,0.412122494,0.252870666,0.08275844,0.072639786,0.739840632,0.165340282,0.683896265,0.007323184,-0.4989088
1,0.6,0.472534533,0.16362052,0.032525057,0.134603435,0.900724055,0.316040663,0.250635259,0.216659088,0.201014572,0.328326455,0.445920461,0.688728152,-0.08489723,-0.49176702
1,0.3,0.845165435,0.650560785,0.344410767,0.051159739,0.297527037,0.26371584,0.187769077,0.847443928,0.066085857,0.869325539,0.211448801,0.449443893,0.20394915,-0.29220638
1,0.6,0.981047221,0.163680231,0.272324341,0.165338977,0.693962509,0.385455536,0.292728491,0.182377022,0.14952017,0.77927532,0.541112994,0.449443893,-0.35849056,-0.6823932
1,0.6,0.97365885,0.162350094,0.348977948,0.224089083,0.315252981,0.331232129,0.295773526,0.009905475,0.021667033,0.530803129,0.202284964,0.683896265,-0.2836829,-0.65112025
1,0.3,0.643752008,0.633832919,0.442189566,0.103718879,0.564967906,0.372561696,0.191747354,0.010786523,0.031157136,0.573948671,0.097125856,0.683896265,-0.2966203,-0.6890595
1,0.6,0.896562801,0.178084898,0.014101363,0.123942197,0.750550742,0.580099147,0.270471023,0.105016586,0.189741067,0.569682581,0.314042413,0.435446465,-0.2861368,-0.6499388
1,0.9,0.138772888,0.183973551,0.805105594,0.042893636,0.807327286,0.813562841,0.412041105,0.16675912,0.085665986,0.612985611,0.2914749,0.67890434,0.10612109,-0.5116737
1,0.9,0.138451654,0.183835111,0.80720244,0.04556253,0.771010015,0.726771794,0.41149125,0.131095599,0.103763386,0.509621735,0.269938555,0.683896265,0.22701974,-0.34208116
1,0.6,0.777706393,0.352583579,0.154324582,0.040730374,0.053608959,0.339809668,0.258829232,0.826947745,0.207697333,0.476528046,0.053146649,0.403517834,-0.25881997,-0.6145417
1,0.3,0.368133633,0.503074786,0.059332722,0.222919,0.650522457,0.422448748,0.195409565,0.125856679,0.105593273,0.512721846,0.132833136,0.711383864,-0.3703994,-0.73525035
1,0.3,0.368133633,0.503357148,0.05702506,0.21309917,0.781308277,0.235988008,0.193036497,0.254717533,0.014630982,0.747939316,0.141973257,0.668442107,0.07122615,-0.60391515
1,0.3,0.483135239,0.543878262,0.445622658,0.003978041,0.679418098,0.302300483,0.206321755,0.069449692,0.044059032,0.559646462,0.059759221,0.711383864,-0.32267064,-0.70286125
1,0.6,0.410215226,0.174594491,0.698213645,0.184795883,0.910031092,0.384663284,0.237704681,0.216659088,0.110665793,0.45019567,0.053444331,0.668442107,0.08881778,-0.5225434
1,0.6,0.426598137,0.427710702,0.226798299,0.04851551,0.189956602,0.23606507,0.328346488,0.951916862,0.070810499,0.768875887,0.068584015,0.776499277,-0.606587,-0.67855644
1,0.9,0.442659814,0.257844165,0.463504556,0.071607555,0.865896439,0.200397706,0.369871634,0.208127458,0.329981951,0.337304253,0.290447146,0.776499277,-0.09687779,-0.59192127
1,0.3,0.790555734,0.591211316,0.412540715,0.124761868,0.482657287,0.585343954,0.217980376,0.050752106,0.104866711,0.556429459,0.119316951,0.751007092,-0.30215827,-0.4171379
1,0.2,0.588821073,0.611965634,0.356516657,0.000931635,0.534899615,0.281711059,0.205842003,0.033497701,0.085725977,0.782075644,0.108358482,0.714961347,-0.29968756,-0.5259594
1,0.3,0.681978799,0.616527855,0.482423079,0.021857075,0.67102966,0.463302332,0.204902192,0.131133917,0.255654083,0.341950758,0.088627963,0.369019656,-0.25070423,-0.6260427
1,0.6,0.339222615,0.429963065,0.608650925,0.110894552,0.837314395,0.451142037,0.222775187,0.198988255,0.033026178,0.491645737,0.120429133,0.623652576,0.08487344,-0.5126683
1,0.9,0.415676197,0.221636944,0.829992671,0.061251031,0.891229055,0.218812753,0.34975897,0.344132107,0.127666041,0.69973655,0.35072584,0.714961347,0.019716665,-0.54086316
1,0.9,0.986829425,0.210579685,0.033705958,0.079012515,0.535995326,0.496417426,0.260796874,0.032882962,0.052254046,0.543018049,0.02602321,0.707562199,-0.13913205,-0.58568835
1,0.9,0.939286862,0.218779188,0.012339643,0.165601241,0.373033202,0.468634411,0.269565089,0.07379145,0.202020591,0.431965822,0.130879322,0.718517035,-0.17880794,0.5176152
1,0.9,0.491808545,0.124932168,0.836896407,0.173855562,0.811874302,0.261131359,0.386862471,0.216659088,0.218919945,0.419174697,0.628338682,0.65467023,0.1694125,-0.3996857
1,0.6,0.911339544,0.620861146,0.019211426,0.014454397,0.75035631,0.595933968,0.216340401,0.160453175,0.035469691,0.848334107,0.429529525,0.695027103,0.2014355,-0.27802595
1,0.3,0.887889496,0.641322381,0.040249326,0.004777979,0.440192947,0.365710629,0.211284869,0.151597168,0.045995312,0.702574763,0.155007534,0.695106626,0.20369808,-0.3451101
1,0.9,0.896562801,0.279291664,0.22994197,0.037053976,0.279744537,0.437964383,0.274722017,0.02082386,0.135696325,0.745696756,0.100170793,0.708688758,-0.22741742,-0.6387302
1,0.9,1,0.241476664,0.224888814,0.005909271,0.453056053,0.274360185,0.268077791,0.011607389,0.196963909,0.585106817,0.374895982,0.743605826,0.051396195,-0.48825398
1,0.9,0.860905879,0.298138346,0.264474746,0.011375032,0.778324864,0.460884616,0.27906399,0.109511862,0.242602597,0.27161676,0.357979122,0.743605826,-0.13695318,-0.6460853
1,0.9,0.735303566,0.295121966,0.284116093,0.019858128,0.445508998,0.229377728,0.314112738,0.75960604,0.023518527,0.617097359,0.555245794,0.743605826,0.10770235,-0.45039788
1,0.9,0.700610344,0.296593094,0.325132036,0.022999942,0.558455484,0.345553066,0.323378264,0.032326175,0.119246791,0.394066643,0.560413591,0.624791183,0.18793994,-0.4011178
1,0.9,0.634757469,0.278431769,0.372530404,0.091186088,0.559292623,0.66184035,0.308001772,0.064945302,0.030428527,0.776456554,0.321809666,0.456886443,0.12838428,-0.41426548
1,0.9,0.598458079,0.263727671,0.666949663,0.054655402,0.221115455,0.575202454,0.264242285,0.248777691,0.10683262,0.355614961,0.349128335,0.708688758,0.1677117,-0.47352302
1,0.6,0.550915516,0.33285496,0.468351631,0.087729996,0.296198424,0.309262038,0.314522524,0.488897576,0.02084027,0.603774623,0.149834425,0.624791183,-0.030271124,-0.6517091
1,0.9,0.496305814,0.325450113,0.350862857,0.098696959,0.482745981,0.402020497,0.316924675,0.014615993,0.201042448,0.810981627,0.094351661,0.600223222,0.17204882,-0.22089505
1,0.9,0.665274655,0.336863501,0.481365605,0.00174844,0.572160877,0.665601904,0.334603678,0.02082386,0.127199571,0.390127938,0.145516417,0.771441976,-0.015762758,-0.5413514
1,0.6,0.741728236,0.331108383,0.020536345,0.161790798,0.38979373,0.374452258,0.282070334,0.084210142,0.049770737,0.887988935,0.181729131,0.653493255,-0.3315417,-0.7497351
1,0.6,0.703501446,0.35236641,0.312189717,0.149505051,0.376392334,0.361617248,0.298370123,0.049458655,0.214444107,0.758840285,0.784828936,0.653493255,-0.019785458,-0.3529412
1,0.9,0.6321876,0.351622623,0.537964975,0.021366679,0.341080062,0.212829419,0.32963206,0.009103095,0.116315708,0.885452546,0.043478327,0.771441976,-0.005830468,-0.5290909
1,0.2,0.305814327,0.747874577,0.417545784,0.015060197,0.080394986,0.680617368,0.478567782,0.280705078,0.204866777,0.224708625,0.002964112,0.771441976,-0.102276534,-0.5635759
1,0.7,0.827818824,0.415591427,0.10755072,0.048506194,0.556479434,0.384462243,0.233879238,0.047884701,0.156936079,0.514934616,0.58105594,0.707668523,-0.29154077,-0.5951493
1,0.6,0.761323482,0.231038507,0.123894353,0.005695918,0.200017718,0.225958575,0.274954484,0.875196915,0.030724415,0.850791287,0.32278164,0.783284089,-0.14240919,-0.3460591
1,0.9,0.664310954,0.379429386,0.144006823,0.191464002,0.386921967,0.336811437,0.307069912,0.014511185,0.200525586,0.400007598,0.045938523,0.311600725,-0.3158013,-0.67977047
1,0.9,0.583038869,0.367830185,0.470671988,0.03928344,0.339581642,0.274689459,0.363175081,0.038472079,0.222933883,0.679717213,0.101929377,0.581445039,-0.15213555,-0.6102615
1,0.6,0.660456152,0.403492509,0.256835575,0.075247463,0.46738544,0.591827946,0.352767306,0.014451323,0.148755528,0.563813818,0.099691731,0.581445039,-0.23819873,-0.5615103
1,0.9,0.616447157,0.417705131,0.287752717,0.065608887,0.381661985,0.444540873,0.368478135,0.019281037,0.295505092,0.614554083,0.020484496,0.61382635,0.18816067,-0.3926499
1,0.9,0.575971731,0.384117895,0.56709994,0.085660405,0.74289774,0.32565039,0.401789833,0.086102269,0.228771846,0.351746618,0.584454338,0.61382635,-0.41796586,-0.69551706
1,0.9,0.23160938,0.338187152,0.710396738,0.130072779,0.222401076,0.29821476,0.383250888,0.050448545,0.134164848,0.918075134,0.566351302,0.61382635,-0.09651955,-0.70917225
1,0.6,0.316736267,0.74673712,0.334909667,0.015836488,0.468117606,0.529821318,0.477101042,0.02082386,0.072744918,0.351442833,0.320137408,0.502118734,-0.14986376,0.6131989
1,0.3,0.701895278,0.314296791,0.00356003,0.037261885,0.871875509,0.195621467,0.218544752,0.135324039,0.109660886,0.33271622,0.149288389,0.486428822,-0.2938302,-0.512317
1,0.3,0.359781561,0.282732216,0.531954218,0.19191921,0.632615784,0.198110532,0.222470999,0.021868332,0.131352983,0.792435201,0.014143424,0.486428822,0.11731939,-0.47479954
1,0.4,0.713780919,0.123346812,0.057048431,0.014282004,0.296537134,0.518468954,0.065073051,0.078164498,0.052042573,0.493116945,0.653318011,0.486428822,0.10696361,-0.39115563
1,0.6,0.756826213,0.240391024,0.13278154,0.02083243,0.411090421,0.447247266,0.25962866,0.0327378,0.046584343,0.81735613,0.700783271,0.486428822,0.09783389,-0.47093907
1,0.6,0.828140058,0.433767905,0.353200728,0.091250333,0.273703589,0.341943083,0.372481134,0.011319501,0.176173039,0.642660394,0.182563742,0.569294189,0.120518826,-0.43609354
1,0.9,0.601349181,0.464968965,0.232425841,0.050476013,0.583413008,0.6268979,0.436063758,0.02082386,0.209092979,0.300435306,0.039951103,0.482404969,0.17490713,-0.5411656
1,0.9,0.253453261,0.418207362,0.785428825,0.028425141,0.703510379,0.739044886,0.455572584,0.068750801,0.280517455,0.323216278,0.239939985,0.602486923,-0.059138756,-0.46286017
1,0.6,0.419530999,0.708636584,0.360300316,0.002991522,0.827797968,0.305584717,0.50985235,0.224478638,0.095651184,0.828289675,0.664503773,0.602486923,-0.079393595,-0.45306122
1,0.6,0.405396723,0.740332791,0.145130641,0.002335913,0.636788125,0.583557803,0.485792051,0.022478907,0.174101404,0.599772829,0.247494744,0.55847016,0.18356666,-0.33963075
1,0.2,0.292643752,0.771078531,0.286305583,0.005751402,0.266710685,0.743786848,0.499005726,0.478213113,0.085445611,0.326938712,0.548214873,0.578682943,0.1674215,-0.43941605
1,0.3,0.528429168,0.257511741,0.146444344,0.111854991,0.608357801,0.306098988,0.214589659,0.158958355,0.090204156,0.517282823,0.143612123,0.419755403,0.055778224,-0.3719971
1,0.9,0.920655316,0.322686644,0.035037364,0.08215459,0.379964263,0.200766726,0.29992348,0.171132285,0.041529766,0.713898421,0.214495065,0.578682943,0.036221445,-0.49116382
1,0.6,0.898168969,0.444810842,0.23451854,0.034187294,0.758787599,0.188778786,0.391727898,0.383903293,0.113773639,0.831146227,0.261504979,0.578682943,-0.12283346,-0.45224172
1,0.6,0.721490524,0.18609479,0.455079397,0.055781327,0.375314084,0.239606013,0.246927648,0.018902122,0.116060014,0.762442371,0.147143141,0.558367663,-0.045614034,-0.491755
1,0.9,0.843559268,0.30875216,0.136758544,0.061535808,0.677590986,0.484555288,0.281444161,0.056749619,0.233625066,0.602644238,0.237824145,0.471452281,0.393186,-0.18953069
1,0.9,0.95277867,0.271191709,0.049257922,0.085025848,0.782107017,0.396181683,0.287251333,0.961953943,0.147522581,0.343882595,0,0.547985096,-0.09881584,-0.64035356
1,0.9,0.996466431,0.273483241,0.115976579,0.051363844,0.708585667,0.217377997,0.291426542,0.135105604,0.220182319,0.862130704,0.089988119,0.471452281,-0.24722503,-0.48915663
1,0.2,0.293286219,0.474547341,0.17716255,0.010515348,0.345569199,0.280505422,0.623819509,0.016154882,0.022802095,0.700373265,0.421522267,0.547985096,-0.012581476,-0.48181012
1,0.6,0.272406039,0.507491239,0.401230061,0.034722139,0.769450031,0.376799476,0.501471863,0.191547833,0.275542159,0.310336813,0.27235758,0.547985096,-0.022649394,-0.5613117
1,0.6,0.366527465,0.744104844,0.157100144,0.00447936,0.903524027,0.226465796,0.499645868,0.28409738,0.152247036,0.371839618,0.648479771,0.547985096,-0.11592994,0.32115677
1,0.9,0.095727594,0.087329155,0.5849254,0.226982274,0.137880602,0.226000752,0.248360194,0.02203891,0.116364028,0.63410335,0.652850143,0.547985096,0.081245914,-0.39715138
1,0.3,0.070028911,0.12169309,0.70681518,0.018178239,0.4248731,0.337010776,0.25535099,0.05523171,0.233870949,0.303749289,0.11846811,0.578682943,0.09725936,-0.5708055
1,0.3,0.932219724,0.28984923,0.026854128,0.064185125,0.337710704,0.344361042,0.227646415,0.02082386,0.06024396,0.854958024,0.309680009,0.419755403,-0.12808503,-0.6118404
1,0.6,0.529392869,0.492436217,0.167818,0.009145746,0.589595972,0.506423886,0.514626346,0.02082386,0.230321616,0.643161956,0.127337869,0.471452281,-0.13202225,-0.54424965
1,0.6,0.529714102,0.492441988,0.164776711,0.013248383,0.591221834,0.437718126,0.513371987,0.02082386,0.220487806,0.877771288,0.140633401,0.547985096,0.10835688,-0.40696
1,0.6,0.565692258,0.526861445,0.267124933,0.002629403,0.886521623,0.349637695,0.571466364,0.171359172,0.229067227,0.792361899,0.374776074,0.578682943,-0.057377048,0.31564987
1,0.6,0.53678124,0.516296666,0.189870401,0.003895527,0.637779976,0.435339427,0.610553943,0.043510385,0.069244131,0.582358516,0.258486794,0.578682943,0.11867948,-0.34345472
1,0.2,0.449084484,0.857169227,0.07524647,0.004338423,0.372426669,0.357786898,0.530442062,0.02082386,0.239958399,0.244432301,0.178382907,0.466488638,-0.22342733,0.61076605
1,0.6,0.467073562,0.558579497,0.505605912,0.016404451,0.390817094,0.575672967,0.506352088,0.029807083,0.078941676,0.420124044,0.24969046,0.466488638,-0.3450011,-0.45274103
1,0.3,0.09540636,0.087473238,0.839736814,0.096808073,0.16627023,0.502856202,0.264652052,0.039143655,0.091860154,0.45392806,0.243394923,0.574786854,0.20255445,-0.48024315
1,0.6,0.617410858,0.236357832,0.39370088,0.062904667,0.363669122,0.307803945,0.280605824,0.03073395,0.053674405,0.488712891,0.404813727,0.574786854,0.21539284,-0.34555453
1,0.9,0.905236107,0.246839646,0.096462708,0.02004068,0.64040708,0.495939863,0.252003621,0.07145941,0.068917488,0.503606574,0.276060871,0.574786854,-0.13736713,-0.47507954
1,0.9,0.849341471,0.275434869,0.111486292,0.08166604,0.878232315,0.739589179,0.268515279,0.216659088,0.106046531,0.806872949,0.634465741,0.574786854,0.018923465,-0.5527454
1,0.9,0.749437841,0.241206085,0.416262444,0.024630381,0.570313452,0.199938253,0.314639586,0.053226047,0.253061352,0.454871733,0.56867774,0.574786854,0.09805437,-0.38339922
1,0.9,0.597173145,0.432602832,0.247869966,0.013026639,0.786967838,0.374345174,0.415636902,0.173498448,0.058854672,0.691133879,0.106963795,0.574786854,0.1706998,0.026362939
1,0.6,0.609380019,0.533837919,0.232002246,0.163893556,0.83196064,0.446107751,0.530421345,0.086102269,0.186466009,0.409328231,0.147068198,0.574786854,0.05794228,-0.3463476
1,0.6,0.544169611,0.515462967,0.352101583,0.061902822,0.472366955,0.203742835,0.582194842,0.081361741,0.295716964,0.41616259,0.636583668,0.607743153,0.07920228,-0.5385592
1,0.6,0.44137488,0.551133082,0.150669842,0.083975996,0.27590374,0.34234091,0.616565367,0.00966643,0.212877233,0.559367542,0.278473635,0.466488638,0.08744504,-0.29782307
1,0.6,0.520719563,0.658521019,0.205578811,0.072907981,0.283989085,0.371334181,0.641967076,0.037379088,0.127380646,0.471473039,0.542448486,0.466488638,0.10700564,-0.3782488
1,0.3,0.606488917,0.870030892,0.489293916,0.035863639,0.630752221,0.609969388,0.543417351,0.082909523,0.132513441,0.393991328,0.093462788,0.466488638,0.05553323,-0.5536753
1,0.9,0.614519756,0.207576726,0.363247211,0.014707908,0.786308297,0.369967006,0.284608744,0.167341695,0.027489241,0.914179709,0.530104058,0.574786854,-0.34535366,-0.7184732
1,0.9,0.754577578,0.206073643,0.208591362,0.029186253,0.044659483,0.564533312,0.271792466,0.158950993,0.10593532,0.593037127,0.129497917,0.574786854,0.10170599,-0.4518362
1,0.3,0.724381625,0.166779748,0.201547904,0.059648592,0.922174414,0.403600624,0.032071978,0.437797874,0.012436909,0.990869072,0.50117669,0.607743153,-0.25177222,-0.54480034
1,0.6,0.724381625,0.843754033,0.33289745,0.00468009,0.44912684,0.359887373,0.556434035,0.02082386,0.269960825,0.547827768,0.141963391,0.607743153,0.20631945,-0.36968577
1,0.3,0.674590427,0.773779647,0.107625036,0.078480935,0.127684043,0.257227715,0.515268185,0.177720957,0.173291951,0.883125463,0.334134552,0.607743153,-0.27409917,-0.64166665
1,0.9,0.644715708,0.183913794,0.555722227,0.132441103,0.730384266,0.425659323,0.322509641,0.130428605,0.04195173,0.221095216,0.291639963,0.408500774,-0.24217118,-0.7085427
1,0.6,0.76389335,0.203349354,0.154562903,0.095950564,0.330241005,0.614615084,0.328657444,0.014443067,0.144067177,0.653847814,0.282154538,0.466488638,-0.1885413,-0.4358529
1,0.9,0.5795053,0.399299978,0.586497095,0.094016044,0.48230376,0.255190931,0.459142416,0.106762759,0.067798744,0.981839379,0.184808218,0.484244025,-0.026569573,-0.6239103
1,0.6,0.378413106,0.494991069,0.564388719,0.009454611,0.688959429,0.263776857,0.60415485,0.073479945,0.232766565,0.323216097,0.370711353,0.466488638,-0.09475655,-0.65796936
1,0.6,0.373915837,0.530818446,0.556034178,0.077547171,0.30578532,0.397066554,0.584718672,0.01621005,0.212812259,0.867638886,0.10454477,0.574786854,-0.07095151,-0.61001164
1,0.6,0.514937359,0.716522521,0.232441702,0.0590728,0.890948571,0.566311077,0.608051856,0.216659088,0.250307199,0.504133129,0.039250819,0.574786854,0.08218812,-0.42437106
1,0.6,0.589784774,0.867115919,0.340212843,0.026700142,0.779075604,0.639910978,0.623023297,0.127823901,0.246459879,0.603148483,0.650020547,0.574786854,0.12231574,-0.44815055
1,0.6,0.949566335,0.906794482,0.083149028,0.002156798,0.214717605,0.561788874,0.642829425,0.159397497,0.087728648,0.925189393,0.048631325,0.574786854,-0.03483366,-0.5336427
1,0.9,0.70575008,0.177917052,0.231389216,0.089026939,0.117153748,0.451719999,0.341089507,0.065435081,0.026851239,0.37672865,0.350907599,0.574786854,-0.32436746,-0.71741056
1,0.9,0.875682621,0.231581189,0.157543285,0.050585115,0.742966957,0.233054076,0.356996775,0.143805446,0.257676474,0.648830232,0.293666631,0.574786854,0.20384908,-0.3221194
1,0.6,0.396723418,0.548481267,0.490174958,0.023734392,0.858366984,0.378865432,0.674875993,0.192300272,0.152181917,0.391010456,0.082499197,0.484244025,-0.044666003,-0.5924012
1,0.6,0.306135561,0.5221015,0.706398591,0.020609021,0.774015481,0.367284922,0.549202662,0.086102269,0.051317897,0.454057874,0.410769273,0.539328277,0.030927835,-0.56353956
1,0.6,0.393832316,0.547232479,0.748515527,0.045663053,0.351645103,0.367458371,0.604699061,0.015652158,0.042671775,0.865382656,0.40946262,0.539328277,-0.29719797,-0.5745748
1,0.6,0.390941214,0.544064537,0.786596878,0.066541953,0.525387363,0.501034801,0.589786102,0.011720466,0.257306168,0.589057464,0.385245995,0.539328277,0.3570791,-0.23048009
1,0.6,0.392868615,0.547312154,0.812982623,0.147605884,0.580144797,0.41299047,0.590227951,0.064909389,0.160422636,0.767072265,0.04453435,0.539328277,-0.2830611,-0.5109354
1,0.6,0.396080951,0.546285637,0.772707019,0.158480798,0.471154932,0.685314114,0.598682941,0.014458415,0.204955705,0.71289509,0.040692748,0.539328277,-0.2793846,-0.5898547
1,0.6,0.56312239,0.700253668,0.23434491,0.025337014,0.180317811,0.380664711,0.685155281,1,0.073495093,0.442650752,0.473440431,0.539328277,0.12920837,-0.39504373
1,0.6,0.576614199,0.755368874,0.278763512,0.018309332,0.772195325,0.576994318,0.673879593,0.142302252,0.17251772,0.294888822,0.039541482,0.563506972,0.14978369,-0.35738954
1,0.3,0.841631866,0.96302658,0.171179649,0.091543995,0.526498378,0.489670768,0.585369113,0.017457258,0.311178271,0.686461659,0.364413349,0.563506972,-0.1573741,-0.33957845
1,0.6,0.354963058,0.530453165,0.468579122,0.119682965,0.509752737,0.340984918,0.627202255,0.06142085,0.197342346,0.498715376,0.059191936,0.563506972,-0.15480727,-0.55978453
1,0.6,0.387086412,0.547232202,0.278703347,0.141966337,0.583200905,0.397683898,0.703773623,0.032580958,0.1787237,0.651003565,0.232528661,0.563506972,-0.35154095,-0.5153814
1,0.6,0.419209765,0.581868032,0.017463235,0.038626706,0.47820954,0.475961219,0.701863772,0.019514496,0.223952276,0.36233364,0.221211038,0.563506972,-0.28283817,-0.7294601
1,0.6,0.893671699,1,0.240082302,0.015276347,0.634639764,0.34324292,0.69055983,0.086102269,0.205711917,0.728550918,0.068542275,0.397810126,-0.19180633,0.48470208
1,0.6,0.652425313,0.085887779,0.784897342,0.007358057,0.232487445,0.37459374,0.615925067,0.019545704,0.282185631,0.259285748,0.318253414,0.455995379,0.17939973,-0.27503973
1,0.9,0.937038227,0.118242049,0.091431382,0.069285015,0.230604368,0.784601537,0.47890857,0.972769017,0.157803993,0.318099395,0.672670782,0.539328277,-0.01464919,-0.56109136
1,0.6,0.582717636,0.190220387,0.631751483,0.085894917,0.101870284,0.561134459,0.419125681,0.213210119,0.176042429,0.980590426,0.110918664,0.305020432,-0.113099955,-0.64605296
1,0.9,0.641182139,0.17321436,0.503038673,0.179409558,0.411329097,0.541609919,0.342961317,0.025773422,0.105108123,0.737742458,0.232169697,0.423491622,-0.011258956,-0.08690869
1,0.9,0.487632509,0.20733201,0.341001045,0.033808145,0.446316712,0.256185317,0.420430865,0.014985566,0.206813029,0.485125996,0.303529235,0.242055712,0.21954778,-0.35844266
1,0.6,0.541920977,0.209193657,0.488703136,0.205599571,0.537832873,0.282913901,0.366576413,0.06712657,0.194357098,0.219351923,0.352930094,0.275930992,0.08730857,-0.4297532
1,0.6,0.893671699,0.574464801,0.221909582,0.051239647,0.731201301,0.508977372,0.612540427,0.086102269,0.090750115,0.325751377,0.221853645,0.339390929,-0.107248835,-0.6123457
1,0.6,0.887247029,0.628910692,0.053693929,0.005676619,0.616419981,0.295908017,0.606192082,0.040127289,0.22722112,0.37996964,0.18770308,0.44609771,0.21260834,-0.38556144
1,0.6,0.532605204,0.64000255,0.085915469,0.005418105,0.097828829,0.31486517,0.765179044,0.643181267,0.023418858,0.678250829,0.029628601,0.268599989,-0.038069706,-0.38022813
1,0.6,0.550915516,0.66040809,0.191873034,0.106508591,0.095658242,0.513141372,0.770138627,0.370301218,0.148585287,0.541281332,0.292381987,0.386423253,0.117395595,-0.5872265
1,0.6,0.654031481,0.743844986,0.222096018,0.029119164,0.673439932,0.211000603,0.783360154,0.110725153,0.175200025,0.52243156,0.371923332,0.276347961,-0.008867495,-0.6200163
1,0.6,0.901702538,0.972137035,0.135162021,0.00263835,0.556168063,0.362158624,0.724717501,0.048637007,0.042391497,0.452416513,0.158389426,0.347706551,-0.24966717,-0.7147729
1,0.6,0.892386765,0.963306022,0.051565017,0.058834367,0.033280676,0.578884272,0.665814087,0.162521949,0.010512636,0.938335141,0.053141337,0.30451146,-0.34768778,-0.7234042
1,0.6,0.608737552,0.847615294,0.187474046,0.062884842,0.717121929,0.365216657,0.670892053,0.052328208,0.107004054,0.702597022,0.581665534,0.276347961,0.002355713,-0.43356842
1,0.4,0.612271121,0.462995606,0.075713584,0.027272701,0.04681014,0.369093438,0.004749214,0.336168189,0.079280658,0.753954451,0.304946309,0.276347961,-0.28887933,-0.6793722
1,0.7,0.460327658,0.677041519,0.442136546,0.007395349,0.651833887,0.464631827,0.021829125,0.093507034,0.148285817,0.462071005,0.140441397,0.29467967,0.16296457,-0.37603402
1,0.6,0.807581111,0.249612948,0.201034888,0.094888388,0.606988772,0.218383566,0.435251248,0.082165359,0.24955123,0.443261133,0.072041987,0.244878229,-0.048305225,-0.5174212
1,0.6,0.976871185,0.551664165,0.396199099,0.055115907,0.682082906,0.425024355,0.601786971,0.056011524,0.263129885,0.353097143,0.289723146,0.735545465,-0.049568687,-0.38899302
1,0.6,0.886604562,0.567946347,0.164401609,0.005413907,0.903290986,0.44670431,0.627431801,0.219383027,0.104989298,0.979391407,0.281278186,0.29467967,0.04493872,-0.34183672
1,0.6,0.881464825,0.787992119,0.027623022,0.087463609,0.414860957,0.482591919,0.782564613,0.011047454,0.159467635,0.554034878,0.192955305,0.408483149,0.07007455,-0.58763635
1,0.6,0.929328622,0.845917741,0.083734554,0.012646531,0.176937497,0.547777521,0.749143528,0.413027306,0.292051462,0.485624283,0.439667233,0.806674135,0.090699166,-0.5341991
1,0.6,0.883392226,0.910541769,0.197034891,0.01709687,0.331356263,0.257975115,0.71201268,0.892203057,0.159923617,0.760510353,0.254085497,0.256604507,-0.36020672,-0.7270341
1,0.6,0.624799229,0.732542814,0.203890932,0.042626202,0.811529818,0.260772792,0.675799467,0.107726096,0.288719127,0.351097652,0.080065372,0.14741381,-0.339823,-0.7591866
1,0.6,0.624477996,0.751672435,0.180742819,0.035260312,0.775703047,0.234651707,0.676390125,0.137464187,0.26143297,0.527841137,0.226589622,0.388847423,-0.2063136,-0.7136353
1,0.6,0.884034693,0.55187306,0.64258953,0.031722404,0.777054546,0.522418908,0.653251959,0.125662741,0.297133337,0.854256621,0.071899123,0.143407644,-0.048711203,-0.5769657
1,0.3,0.793446836,0.49540984,0.753333795,0.178960378,0.824540123,0.188929871,0.580972566,0.224372868,0.052480597,0.906619367,0.070992036,0.688359787,0.21422587,-0.35247084
1,0.6,0.56312239,0.428578134,0.637931386,0.022645345,0.323156206,0.38049819,0.678168964,0.02082386,0.225010692,0.289188124,0.142526312,0.300224344,-0.4284058,-0.77159977
1,0.3,0.75746868,0.129829941,0.211736015,0.117408961,0.164381762,0.267896006,0.622119593,0.985311648,0.032218313,0.793175964,0.059375592,0.458075241,-0.029311521,-0.50498337
1,0.2,0.503694186,0.871702467,0.005272485,0.047947469,0.798721251,0.294895399,0.008277375,0.271478238,0.068246962,0.866621267,0.580710256,0.516836785,-0.06410147,-0.6193808
1,0.6,0.425313203,0.294855461,0.096279563,0.005997608,0.749247033,0.452807734,0.423308979,0.12312597,0.099590254,0.523278588,0.082368285,0.799199672,-0.09544215,-0.5510204
1,0.6,0.67298426,0.285343662,0.157318442,0.061192996,0.87680026,0.233780327,0.502597538,0.23453206,0.251019345,0.542204964,0.062830908,0.324738056,0.001192369,-0.59936357
1,0.6,0.74204947,0.321207369,0.031349332,0.02273411,0.348287502,0.228713466,0.474739793,0.058866376,0.076501167,0.866904753,0.142545665,0.39894149,-0.29611537,-0.68848485
1,0.6,0.606810151,0.618924774,0.249511803,0.073841843,0.267029499,0.362204083,0.803281351,0.110378412,0.269413745,0.620743112,0.120929824,0.516836785,-0.22528227,-0.6877907
1,0.6,0.477031802,0.657220887,0.347221609,0.078621128,0.598677342,0.352533704,0.877192866,0.031048762,0.001948422,0.892764815,0.476987765,0.110306878,-0.03649097,-0.53409714
1,0.3,0.666880822,0.74822407,0.237529439,0.105294629,0.679164188,0.382416464,0.705719383,0.04624879,0.184389179,0.496295079,0.253357512,0.914952454,0.15148924,-0.4553899
1,0.6,0.556376486,0.166929683,0.12190995,0.004696289,0.032456475,0.478571346,0.662781403,0.110494781,0.18842555,0.295406737,0.399891248,0.574414365,-0.13484313,-0.68424296
1,0.9,0.466431095,0.341761181,0.266292175,0.110945384,0.86633706,0.231469938,0.419768309,0.154736624,0.184985948,0.967024054,0.06486953,0.752268384,-0.3123555,-0.7340595
1,0.6,0.692258272,0.68571168,0.084045931,0.058614794,0.77936861,0.437985897,0.705488455,0.135410791,0.17228295,0.326232383,0.053311902,0.916372745,0.1541502,-0.36425588
1,0.6,0.350787022,0.663583394,0.4416601,0.164301859,0.388780732,0.787147609,0.874884219,0.019492913,0.172757933,0.544436175,0.406370252,0.399436464,0.084231146,-0.49480414
1,0.3,0.537744941,0.747052165,0.229048599,0.096789637,0.688144828,0.335424571,0.748162913,0.211932784,0.092082673,0.396003174,0.293544447,0.392995203,-0.030173944,-0.35670874
1,0.3,0.530035336,0.737359376,0.266637418,0.096564388,0.395593394,0.295135456,0.745784656,0.27511106,0.060008627,0.864857752,0.268393035,0.173501121,-0.033160716,-0.555039
1,0.3,0.550915516,0.745643679,0.275043857,0.104452021,0.447326371,0.295198054,0.748590437,0.02082386,0.034623467,0.758978894,0.34494067,0.763035783,0.19272727,-0.38410154
1,0.3,0.560873755,0.747295393,0.271512404,0.083948127,0.635954255,0.368833811,0.746768428,0.154905628,0.106138074,0.88106407,0.332102381,0.113390686,-0.300162,-0.7296798
1,0.6,0.686476068,0.519376772,0.7599063,0.006467701,0.696065445,0.478209983,0.789845312,0.174045009,0.221176976,0.235607118,0.096522333,0.782824125,0.08742989,-0.54352677
1,0.6,0.358817861,0.34641965,0.220233585,0.056872703,0.48429574,0.590564938,0.672072895,0.02082386,0.077011583,0.324163174,0.204897132,0.90595433,-0.099040546,-0.49107707
1,0.6,0.446193383,0.172536205,0.227545671,0.179034265,0.244326874,0.553769728,0.639142275,0.604098925,0.07981295,0.287608716,0.271276703,0.109531527,-0.38212526,-0.74940616
1,0.2,0.622229361,0.266521769,0.065027772,0.009588841,0.646705313,0.550852935,0.456297726,0.084213456,0.307093125,0.255133455,0.261138995,0.074720921,0.28418714,-0.30663964
1,0.3,0.578220366,0.574293009,0.576688556,0.012237871,0.178622489,0.320143767,0.001764806,0.176676766,0.03304199,0.756501028,0.748295773,0.379245465,-0.23564065,-0.66633564
1,0.6,0.374879537,0.327119022,0.001895039,0.152693268,0.026834096,0.230148222,0.409241242,0.414657344,0.095341965,0.321577883,0.114899147,0.484297535,-0.179567,-0.6652018
1,0.6,0.762287183,0.510660104,0.492348755,0.003706421,0.447076078,0.304230548,0.660828618,0.077225687,0.079888443,0.99515252,0.501335492,0.815529435,-0.36176288,-0.7189189
1,0.6,0.321876004,0.748594855,0.161247499,0.024290446,0.434660063,0.489789035,0.847778608,0.75375133,0.109371878,0.383986574,0.201972862,0.921413379,0.114964955,-0.45774814
1,0.3,0.422743334,0.746547983,0.426238281,0.081207583,0.332054413,0.230915678,0.808674456,0.821292872,0.102705941,0.892610704,0.196667703,0.921413379,-0.015704826,-0.5631916
1,0.3,0.61130742,0.460855405,0.485686073,0.065925317,0.746977491,0.752372045,0.816056965,0.127917329,0.033174187,0.760522269,0.083975087,0.373723875,0.18488982,-0.26103896
1,0.6,0.746867973,0.130793516,0.765422619,0.002352036,0.279299324,0.375478976,0.708380894,0.062078871,0.088553529,0.495013163,0.187816157,0.373723875,-0.10871441,-0.65486157
1,0.6,0.38869258,0.199386767,0.275832086,0.004223331,0.346876316,0.198205218,0.798156742,0.012741978,0.086578254,0.345072019,0.244044739,0.416026536,-0.09926929,-0.62401265
1,0.6,0.438483778,0.209239934,0.04788016,0.051897917,0.366794656,0.192241939,0.685631975,0.554333737,0.198192344,0.356707534,0.125582511,0.416026536,0.01654997,-0.50145775
1,0.6,0.864760681,0.092226235,0.10860853,0.035778923,0.555037362,0.299326805,0.678644947,0.699923113,0.126929585,0.833997827,0.244216063,0.077704555,-0.31837463,-0.6936756
1,0.6,0.377770639,0.419126242,0.198792799,0.027681822,0.375783018,0.35961547,0.625654738,0.201949524,0.164580912,0.351683014,0.054605653,0.103649176,-0.18307906,-0.6747382
1,0.6,0.20526823,0.663141508,0.67340464,0.059996551,0.359025204,0.397022675,0.783235219,0.019942513,0.16695162,0.987391589,0.112136145,0.164297442,-0.4634352,-0.7069813
1,0.3,0.395759717,0.680184199,0.436802152,0.029788113,0.289311606,0.395333276,0.81094743,0.026670384,0.285652592,0.625054596,0.330478694,0.631242709,-0.16788916,-0.7218384
1,0.6,0.565692258,0.547670407,0.140719912,0.089728787,0.636719117,0.323282629,0.861356156,0.155941929,0.000967112,0.650396512,0.096781881,0.539328277,-0.101639345,0.6264591
1,0.6,0.443623514,0.187955203,0.699125288,0.049359998,0.396778843,0.345603508,0.808800969,0.019332048,0.135373367,0.683086367,0.092358195,0.654130999,-0.019859381,-0.1602582
1,0.3,0.380661741,0.242201985,0.01173048,0.029236401,0.370092362,0.501686057,0.686078125,0.02082386,0.056915704,0.986520213,0.063492868,0.806684948,0.11010444,-0.33057386
1,0.6,0.40507549,0.242713957,0.122871053,0.073381873,0.443289403,0.198397508,0.729782208,0.02082386,0.231713886,0.396931784,0.322984269,0.668442107,-0.19574735,-0.73976344
1,0.6,0.41599743,0.36969414,0.171765174,0.007897511,0.804826581,0.42662235,0.537218169,0.08659839,0.085302084,0.288830407,0.054277615,0.085805289,-0.29876933,-0.7214253
1,0.6,0.169932541,0.711210974,0.397527808,0.018198022,0.885406504,0.592536815,0.832117343,0.135428393,0.200066844,0.397557615,0.012487103,0.684552208,0.13782766,-0.4661438
1,0.6,0.196594925,0.707926254,0.436984021,0.0114258,0.390862102,0.452701866,0.83268677,0.02082386,0.162416256,0.537008768,0.526565451,0.652198967,0.03947576,-0.3394253
1,0.6,0.06264054,0.831828823,0.215870943,0.151138902,0.058255138,0.285417916,0.884349183,0.701314248,0.296724259,0.834082814,0.034963358,0.652198967,0.1049405,-0.51618814
1,0.3,0.366848699,0.26953194,0.02477067,0.178709347,0.830777417,0.478128667,0.467473182,0.215571271,0.136090186,0.764079348,0.438839073,0.652198967,0.29336214,-0.33597946
1,0.3,0.455187922,0.180670828,0.439150924,0.059819466,0.697133886,0.509827359,0.642466736,0.146593087,0.271449989,0.22780412,0.148951054,0.652198967,0.080714725,-0.5402615
1,0.6,0.433665275,0.195921726,0.72464602,0.059701407,0.470017344,0.292101247,0.823052122,0.02082386,0.179650622,0.890141118,0.05139831,0.628764013,0.10588922,-0.29213247
1,0.3,0.830067459,0.296570693,0.206926743,0.190369906,0.394318067,0.327649737,0.44660065,0.014161237,0.015822443,0.705051133,0.296798463,0.714738685,-0.15071203,-0.6384117
1,0.6,0.274975907,0.319086394,0.10501006,0.051994702,0.643785272,0.817731946,0.519464781,0.084662046,0.183637474,0.460265035,0.106103191,0.65467023,0.17587048,-0.46011788
1,0.6,0.422422101,0.514187878,0.081087617,0.124279405,0.765941545,0.296382055,0.663916785,0.056618886,0.027527466,0.721546354,0.001384441,0.64660727,0.072839506,-0.46251217
1,0.6,0.144555092,0.739199016,0.60930868,0.099044625,0.478942541,0.421875405,0.866408235,0.02082386,0.021798816,0.864130505,0.068133222,0.695027103,-0.029481532,-0.3243243
1,0.2,0.19980726,0.52365235,0.049360017,0.005357775,0.896003129,0.269096295,0.884597079,0.88629014,0.092562722,0.396153081,0.071691751,0.619002326,0.024240486,-0.51800996
1,0.6,0.44683585,0.437312356,0.590262204,0.147177775,0.735008568,0.385815197,0.890321107,0.15523304,0.26032947,0.262244465,0.630848397,0.653493255,-0.009030999,-0.5712657
1,0.3,0.368133633,0.228190411,0.451183478,0.178439764,0.879528859,0.31783666,0.751643641,0.209302415,0.238469654,0.387445202,0.103746207,0.653493255,-0.089301504,-0.61045754
1,0.6,0.304850626,0.230469595,0.669259764,0.163192772,0.131238964,0.593036257,0.788651764,0.234247371,0.236837661,0.256783044,0.113665159,0.631242709,0.17986494,-0.37279078
1,0.6,0.419209765,0.168945892,0.005970179,0.213455962,0.901578029,0.288462336,0.425810356,0.312821472,0.287785206,0.323368428,0.223015726,0.638151267,0.006218717,-0.4476359
1,0.2,0.269193704,0.316895312,0.598111379,0.002809479,0.847905523,0.326692423,0.549921845,0.153551923,0.03477422,0.909949755,0.083201947,0.554050057,-0.24742,-0.7020471
1,0.6,0.306456794,0.301398242,0.725827748,0.054668606,0.038997801,0.356934966,0.554670546,0.017008882,0.048091557,0.614701307,0.103021258,0.695076962,-0.048158642,-0.55742633
1,0.6,0.504657886,0.200634839,0.496582856,0.000674686,0.484472225,0.46032756,0.589370376,0.049196525,0.14488886,0.299753196,0.14970579,0.642275444,-0.34201,-0.7112553
1,0.6,0.102473498,0.740372305,0.680463791,0.018819402,0.103412355,0.455897005,0.910924512,0.098661522,0.172380753,0.606737905,0.353438184,0.631242709,-0.015446339,-0.5513331
1,0.3,0.156761966,0.645238436,0.048520015,0.177456975,0.034972102,0.491647751,0.868991218,0.958784823,0.0641951,0.560861112,0.096699729,0.642275444,-0.32519105,-0.6205782
1,0.3,0.167362673,0.510514612,0.260020048,0.053635859,0.539423813,0.310711501,0.847300573,0.038855216,0.125620105,0.693971705,0.137352824,0.61382635,-0.34562212,-0.7265009
1,0.3,0.179569547,0.497644419,0.36321221,0.068005438,0.167056831,0.248011683,0.850769068,0.265442151,0.119912416,0.701177477,0.090088106,0.60720492,-0.013459716,-0.6643836
1,0.6,0.385480244,0.454778491,0.527748477,0.040699974,0.926565327,0.499318904,0.904837598,0.216659088,0.160244528,0.771395331,0.600869749,0.438755754,0.16530156,-0.4171934
1,0.6,0.380340508,0.435468158,0.751329705,0.077672092,0.032570944,0.308366957,0.872331385,0.259779683,0.204972587,0.600670153,0.339812906,0.118836718,0.14187364,-0.45786035
1,0.3,0.34693222,0.221475134,0.291501936,0.015523535,0.477751736,0.361750587,0.733462926,0.087683172,0.172748619,0.762925827,0.261239361,0.141679837,-0.080278836,-0.5309114
1,0.6,0.208801799,0.090126577,0.865869119,0.08447882,0.053911112,0.473115288,0.606693714,0.769874084,0.213256089,0.293754568,0.323391045,0.102989731,-0.36363637,-0.776607
1,0.6,0.65852875,0.165393651,0.019269826,0.009302047,0.187374923,0.414170825,0.470107543,0.019469964,0.182107569,0.604061565,0.404003971,0.171088143,0.018378379,-0.5436343
1,0.6,0.528107934,0.381384166,0.074666871,0.141369252,0.345542486,0.331191288,0.750445831,0.045030955,0.245599992,0.803669229,0.022364885,0.103398972,0.19129135,-0.5345317
1,0.6,0.313523932,0.706819945,0.13916517,0.071774104,0.486111652,0.293728049,0.821220326,0.066422216,0.193311154,0.504727545,0.01464772,0.137666497,-0.22947045,-0.70971185
1,0.3,0.089302923,0.676696977,0.468614262,0.02654424,0.458969941,0.326547902,0.881395106,0.021188009,0.054443643,0.868430692,0.005216177,0.095810695,0.017007109,-0.49153468
1,0.3,0.078702217,0.683343439,0.513325284,0.088980119,0.294867933,0.312173848,0.879523848,0.010352501,0.012817615,0.886501375,0.063778977,0.131225097,-0.026412027,-0.526284
1,0.6,0.097012528,0.632167784,0.376038682,0.027721346,0.142581702,0.651114689,0.885658195,0.962280156,0.188311207,0.468634232,0.155278465,0.095810695,-0.041042708,-0.57598656
1,0.3,0.107613235,0.562196318,0.258829381,0.096870993,0.355880609,0.440940613,0.855514454,0.02082386,0.192119512,0.491929791,0.084739119,0.112725082,-0.18041149,-0.66834897
1,0.6,0.350787022,0.240471635,0.137938507,0.117072653,0.083527581,0.423945007,0.769303466,0.921988711,0.154034951,0.915791589,0.021828905,0.098602381,0.21541104,-0.43551913
1,0.9,0.384837777,0.135833757,0.263836103,0.028065772,0.526438831,0.229327771,0.500020593,0.02082386,0.253444818,0.520363203,0.149035862,0.127345901,-0.44066098,-0.7542683
1,0.6,0.444908448,0.149316671,0.256462029,0.084801297,0.677620273,0.351394918,0.516953776,0.066618606,0.121933235,0.86247212,0.285267586,0.112725082,-0.21305957,-0.74633557
1,0.3,0.657243816,0.999145286,0.27119283,0.009952506,0.488453472,0.502826301,0.003386109,0.363403219,0,0.778318596,0.416031933,0.098602381,-0.41272706,-0.74450386
1,0.6,0.767105686,0.432637326,0.319529462,0.039297475,0.787698683,0.504290107,0.768417164,0.096933046,0.301450984,0.298363261,0.284372831,0.478820096,0.21843825,-0.37488654
1,0.3,0.20526823,0.192118929,0.343807488,0.018111011,0.523771936,0.353829651,0.471168975,0.02082386,0.01849367,0.823574795,0.595368601,0.113830221,-0.29864132,-0.77518815
1,0.5,0.264375201,0.544292474,0.746316678,0.02631312,0.142445008,0.280779513,0.023206131,0.576054278,0.202719597,0.596094371,0.20296305,0.12476747,-0.42391303,0.40895906
1,0.6,0.691294571,0.285824959,0.064091357,0.188527311,0.890752816,0.429282312,0.537559786,0.216659088,0.243128257,0.639656643,0.07342586,0.750545209,-0.025652668,-0.5472603
1,0.3,0.757789913,0.384260755,0.770128795,0.031072028,0.646746982,0.38306067,0.057697127,0.033241259,0.121278646,0.714275766,0.611162654,0.127857485,-0.1585342,-0.6372196
1,0.3,0.75843238,0.38511855,0.769624381,0.029276825,0.661914204,0.371353021,0.05811526,0.043278565,0.131917229,0.687548996,0.671872219,0.113830221,-0.028594282,-0.5621014
1,0.6,0.589784774,0.270589687,0.713688707,0.004922205,0.682437755,0.364898079,0.529173143,0.035762919,0.110824057,0.505599591,0.066507827,0.113830221,-0.13680154,-0.6257922
1,0.6,0.585608738,0.593760778,0.228804154,0.090298929,0.424785936,0.330998148,0.758577317,0.009025817,0.316286668,0.727753824,0.155897356,0.404631432,0.078434356,-0.47711462
1,0.6,0.471892066,0.329623164,0.200555527,0.156540531,0.468011868,0.531100249,0.799035625,0.014140425,0.294524458,0.353216021,0.451928371,0.477479889,-0.41321266,-0.7785877
1,0.6,0.528429168,0.268143431,0.520089186,0.023424088,0.377261473,0.37705254,0.797866938,0.021194725,0.330338331,0.592068591,0.155618836,0.477479889,0.10975506,-0.48466432
1,0.2,0.357211693,0.506137559,0.053737133,0.003513,0.24522763,0.455486658,0.514415661,0.075325179,0.107599516,0.416951429,0.303011279,0.435446465,0.20259242,-0.315991
1,0.6,0.524895599,0.265928875,0.387748328,0.026394871,0.907243642,0.270417038,0.416734283,0.216659088,0.201582995,0.534701211,0.097240072,0.435446465,0.14426315,-0.3870697
1,0.4,0.871185352,0.248545889,0.026892491,0.008613709,0.385620485,0.481092135,0.491283375,0.016459908,0.170336973,0.803596907,0.354536896,0.684096834,0.041570026,-0.56892526
1,0.7,0.936074526,0.404435497,0.216803462,0.003339669,0.740547295,0.481334503,0.538102301,0.070427108,0.096508822,0.27281712,0.199686456,0.711383864,-0.097177334,-0.63414633
1,0.2,0.716993254,0.541834413,0.278555554,0.001996902,0.122916334,0.351058108,0.532689624,0.215309617,0.106633293,0.704762592,0.428221544,0.705823709,0.10770031,-0.28128502
1,0.6,0.3151301,0.242436846,0.039686317,0.017871832,0.007468064,0.244212085,0.318287986,0.404911768,0.15903295,0.515549975,0.210999716,0.378491819,-0.35307094,-0.7524812
1,0.6,0.339543848,0.243012903,0.063685795,0.03940676,0.814794203,0.385951452,0.334103585,0.156838859,0.025312619,0.501744145,0.073869822,0.367553537,-0.1417926,-0.63195264
1,0.6,0.439126245,0.246555888,0.156137261,0.026725581,0.454253606,0.252059119,0.334335578,0.02082386,0.26178215,0.350521265,0.032491778,0.66274171,0.10973176,-0.2459152
1,0.6,0.495663347,0.202665151,0.415419962,0.016966079,0.792373558,0.70173188,0.349852257,0.12130419,0.196397063,0.221804976,0.115729584,0.356052445,0.005059022,-0.5902965
1,0.6,0.493093479,0.202918315,0.427227099,0.040130745,0.780993011,0.477039352,0.343327558,0.084073026,0.20561811,0.424687032,0.027563607,0.283835058,-0.05045164,-0.5877456
1,0.6,0.23160938,0.715777869,0.834777647,0.019880084,0.61636913,0.36282009,0.841002225,0.057453677,0.032588588,0.558191401,0.056174889,0.283835058,-0.1354209,-0.61948955
1,0.3,0.06810151,0.958360518,0.320257975,0.110024178,0.483191959,0.378526191,0.885319617,0.027567655,0.132227012,0.42380588,0.343484702,0.815143229,0.02832046,-0.5225439
1,0.3,0.505300353,0.378520986,0.242814765,0.011922721,0.7946383,0.449251232,0.833043816,0.126867751,0.077920156,0.451525973,0.370806596,0.141679837,-0.12616396,-0.69125307
1,0.6,0.431737873,0.260984698,0.401734138,0.023190811,0.539268267,0.508147684,0.882849099,0.013089194,0.22297051,0.349233571,0.100074601,0.137877683,0.067637876,-0.34787515
1,0.5,0.645036942,0.60708958,0.501870676,0.082632637,0.470336297,0.376940108,0.553975671,0.112203009,0.069108875,0.404042381,0.443891705,0.486428822,0.08847185,-0.5232
1,0.4,0.364600064,0.66153883,0.182472592,0.028113539,0.427486222,0.207680999,0.532642941,0.02082386,0.180641827,0.742660533,0.322435198,0.231129677,-0.062526226,-0.5668317
1,0.2,0.292964986,0.606174279,0.11954002,0.016863239,0.520390265,0.339137749,0.541054839,0.03191307,0.23696455,0.282232257,0.141259692,0.819712254,0.12537764,-0.23217706
1,0.2,0.293928686,0.576567541,0.286284005,0.00611025,0.80280601,0.208034826,0.534264921,0.108083001,0.084090645,0.712695842,0.184901564,0.080105756,0.0465066,-0.5821967
1,0.2,0.318021201,0.54748749,0.45835147,0.000823349,0.8332912,0.24227971,0.54012292,0.549215621,0.021871554,0.953796157,0.251358164,0.540183589,0.19152571,-0.46229914
1,0.6,0.450690652,0.247563618,0.121835661,0.150480834,0.832711658,0.201549254,0.358671909,0.249339567,0.067151681,0.691689889,0.111278577,0.45115494,-0.16985184,-0.68564355
1,0.6,0.526501767,0.702145574,0.807803868,0.035413223,0.217882131,0.250376161,0.732063311,0.046084447,0.14215179,0.603004844,0.280011756,0.67890434,-0.26219574,-0.64431787
1,0.6,0.519755863,0.758422957,0.565100278,0.000165272,0.824894345,0.578319194,0.911016536,0.170451768,0.069531434,0.393815501,0.371928075,0.452534315,-0.2,-0.7030758
1,0.6,0.097012528,0.088134452,0.249041242,0.003744398,0.767374643,0.193173242,0.579266454,0.086102269,0.242333148,0.361812785,0.351090876,0.408483149,-0.24986586,-0.70981157
1,0.3,0.545454545,0.729262895,0.591368831,0.074319427,0.670429527,0.625132776,0.031661915,0.0327739,0.035386651,0.514540661,0.573856541,0.135123837,-0.05314386,-0.6192757
1,0.3,0.596851911,0.911698718,0.219497814,0.075874054,0.527256631,0.298231169,0.013422294,0.216659088,0.017521219,0.892181,0.335276332,0.90595433,0.03822715,-0.3719705
1,0.3,0.474461934,0.854573442,0.154235132,0.038902318,0.740140273,0.470144284,0.018115498,0.35280977,0.016013959,0.865408732,0.604505686,0.103398972,-0.04473565,-0.5803144
1,0.3,0.732733697,0.816403397,0.330960167,0.107907329,0.584047784,0.452770176,0.020783835,0.047937477,0.056355205,0.842473831,0.51822579,0.783711153,-0.004285158,-0.5854859
1,0.3,0.709604883,0.79042359,0.373183591,0.187901223,0.759969082,0.271636289,0.024944599,0.128825402,0.068029358,0.472720212,0.559753339,0.093213121,0.02746365,-0.5761225
1,0.6,0.442017347,0.843306699,0.258825037,0.037169011,0.794312043,0.282462592,0.881651131,0.155475427,0.321970534,0.434897792,0.177357241,0.466488638,-0.12865895,-0.630686
1,0.4,0.327979441,0.566163002,0.286335596,0.067192969,0.270088703,0.290956992,0.534158099,0.02082386,0.15072613,0.758387445,0.531342599,0.539617904,0.17400058,-0.439599
1,0.3,0.622550594,0.320945399,0.007707624,0.022165436,0.534101989,0.506048667,0.052043997,0.117883484,0.013681895,0.726267012,0.281713231,0.653493255,-0.04848425,-0.632032
1,0.3,0.627690331,0.300909282,0.015142913,0.00521044,0.497567885,0.294975134,0.031644439,0.023350025,0.005470717,0.936597186,0.766950727,0.581445039,0.2178566,-0.36864632
1,0.3,0.441053646,0.864214056,0.094355199,0.00506445,0.301501606,0.503419456,0.01842523,0.031044957,0.070809858,0.601921685,0.660672037,0.61382635,0.07569808,-0.46659744
1,0.6,0.680051397,0.202438645,0.027886998,0.045208605,0.388903582,0.286608238,0.321279117,0.086474736,0.045723656,0.734221903,0.243782346,0.502118734,-0.4775798,-0.7655592
1,0.6,0.30517186,0.81778205,0.063979741,0.02504221,0.83862819,0.379031102,0.891327766,0.188967034,0.153408114,0.442242301,0.110399001,0.581445039,-0.30938795,-0.70574325
1,0.6,0.35335689,0.766778477,0.248698969,0.036817193,0.800286175,0.327853573,0.873526906,0.18452749,0.269209297,0.364236203,0.25869208,0.569294189,-0.051778477,-0.60329443
1,0.6,0.402184388,0.229400065,0.589917746,0.017028507,0.477559112,0.582428619,0.898597653,0.030206236,0.234885843,0.58036586,0.198672173,0.61382635,-0.2893773,-0.716236
1,0.6,0.082235785,0.886570717,0.780880699,0.028721338,0.212202327,0.24746034,0.019194591,0.443426725,0.049268602,0.725634243,0.714900323,0.515660557,0.11919113,-0.5626078
1,0.6,0.795053004,0.116188009,0.24685475,0.048777559,0.84387099,0.238435261,0.293272939,1,0.16729055,0.340887769,0.03030479,0.61986926,0.24886253,-0.2535665
1,0.2,0.772245422,0.097427108,0.215189676,0.002436293,0.416325499,0.507630253,0.313972788,1,0.171047217,0.259285851,0.06239112,0.515660557,-0.1229077,-0.5246753
1,0.6,0.447157083,0.946918567,0.43700543,0.034389837,0.06305029,0.516269538,0.910769824,0.148122178,0.107061756,0.268953626,0.728332459,0.486428822,0.11085044,-0.3205575
1,0.6,0.467073562,0.920725965,0.122275887,0.025747238,0.926245191,0.382285435,0.874764572,0.202653199,0.070629967,0.686591783,0.088789421,0.522741413,-0.018393481,-0.57281554
1,0.6,0.418888532,0.890563759,0.581126832,0.025183496,0.397073101,0.44138548,0.886192186,0.01607895,0.318510401,0.606551579,0.25494648,0.55847016,-0.11159885,-0.5815518
1,0.3,0.350787022,0.199148963,0.667390801,0.0261963,0.186599452,0.458247019,0.896395393,0.02430299,0.17990306,0.914738557,0.195546413,0.602486923,-0.17904092,-0.6648366
1,0.4,0.224863476,0.467988818,0.383747882,0.094642218,0.348891114,0.40834052,0.555493947,0.015772659,0.180521596,0.491237003,0.43410006,0.555228246,0.1372162,-0.42810458
1,0.3,0.286861548,0.432598642,0.470603276,0.004213173,0.863123041,0.293747862,0.542417834,0.242384108,0.045542028,0.727325693,0.202581698,0.578682943,-0.12199037,-0.65228695
1,0.3,0.294892387,0.446146738,0.518804614,0.019340734,0.528727851,0.376115281,0.542092318,0.103653403,0.067121313,0.401927158,0.194270306,0.547985096,-0.05973296,-0.5765813
1,0.3,0.167362673,0.342259639,0.162959828,0.092989273,0.571767351,0.240618754,0.558891767,0.934479297,0.071365787,0.451010225,0.705617906,0.578682943,-0.2544945,-0.6801414
1,0.3,0.128493415,0.256353315,0.499514001,0.063360508,0.872152654,0.543630537,0.561418556,0.140171676,0.041116314,0.680062447,0.422642418,0.578682943,-0.29971063,-0.74589074
1,0.3,0.569225827,0.286414045,0.021722816,0.00198643,0.725189953,0.279791569,0.038919914,0.120274782,0.105954435,0.730892366,0.499141673,0.547985096,-0.08498064,-0.6246567
1,0.7,0.158368134,0.17779013,0.169476105,0.015289389,0.69276579,0.577398466,0.712240215,0.085204686,0.11128881,0.638662159,0.296276712,0.547985096,-0.022734102,-0.59214216
1,0.4,0.144555092,0.203492352,0.436951962,0.04183921,0.395625184,0.335442074,0.688516521,0.01802087,0.092906449,0.36331564,0.126334401,0.547985096,-0.28969395,-0.6689298
1,0.4,0.103758432,0.316034954,0.716154391,0.081263934,0.800880533,0.211718832,0.670780693,0.153030979,0.203862878,0.359948034,0.20881747,0.466488638,-0.14305459,-0.7175493
1,0.3,0.28429168,0.392659817,0.777570683,0.110535046,0.78651546,0.448964014,0.555287485,0.195813268,0.100246674,0.457227522,0.372840474,0.574786854,0.14239219,-0.4659249
1,0.6,0.160616768,0.215419882,0.400370709,0.024618299,0.711187032,0.320681983,0.002902167,0.096766906,0.163196328,0.452509753,0.598040722,0.574786854,-0.01029601,-0.481598
1,0.3,0.760681015,0.55011927,0.096391669,0.026056727,0.517794257,0.278874366,0.757101463,0.054342329,0.027866158,0.683355332,0.083398884,0.466488638,0.022542499,-0.47312728
1,0.6,0.37327337,0.74502692,0.122678087,0.018385683,0.858367819,0.398057537,0.862265582,0.12228163,0.147090877,0.256099412,0.067603693,0.466488638,-0.074484944,-0.6066351
1,0.6,0.314808866,0.660039993,0.337211501,0.050562863,0.782552439,0.379037909,0.864900022,0.745705331,0.185067851,0.749748974,0.629304964,0.466488638,0.16750629,-0.48040313
1,0.6,0.213941535,0.596739582,0.782271254,0.064866756,0.759372289,0.608348299,0.879493384,0.093195576,0.325730162,0.457047671,0.243861083,0.574786854,0.0645225,-0.5493464
1,0.4,0.151622229,0.421817629,0.769586494,0.102303701,0.063585798,0.641578742,0.586245708,0.307075085,0.218623902,0.63060286,0.154922536,0.574786854,-0.2603652,-0.7266446
1,0.4,0.220044973,0.425061472,0.722469085,0.054980457,0.397496888,0.451151396,0.559665328,0.043253554,0.037052175,0.484427663,0.714485009,0.574786854,0.22550178,-0.47085202
1,0.6,0.541599743,0.235161265,0.127545226,0.010339375,0.593657705,0.252417078,0.089299458,0.047405623,0.12474525,0.883922428,0.60605557,0.574786854,0.097754076,-0.56152123
1,0.6,0.53132027,0.414554558,0.308093041,0.001874914,0.508751843,0.235472522,0.054935064,0.035610542,0.061968002,0.772219584,0.456568536,0.598040112,-0.27433628,-0.67940444
1,0.7,0.482171539,0.652255187,0.021344289,0.118838934,0.014074572,0.341758572,0.04238327,1,0.073548406,0.506967164,0.001138175,0.466488638,-0.33604702,-0.75103736
1,0.6,0.86379698,0.914738098,0.027254218,0.027198801,0.891590651,0.443808666,0.903262301,0.216659088,0.222022782,0.940341338,0.026770736,0.574786854,0.19652848,-0.3931103
1,0.3,0.383231609,0.597950725,0.607650842,0.086354294,0.530260636,0.530417391,0.894233464,0.019060995,0.152067828,0.282877586,0.168088674,0.574786854,-0.17959848,-0.64022416
1,0.3,0.37873434,0.604425717,0.616827464,0.044285967,0.194422087,0.368296082,0.891801539,0.374615412,0.023318632,0.722026869,0.162432708,0.607743153,-0.42550173,-0.76861167
1,0.6,0.40507549,0.647846778,0.308830157,0.033404481,0.707528982,0.659514038,0.873388555,0.054415229,0.166398895,0.798370637,0.064815268,0.563506972,-0.30299917,-0.7092428
1,0.6,0.372309669,0.618928179,0.088158973,0.004026098,0.714413782,0.489881776,0.905227476,0.082433489,0.075165083,0.317530591,0.196804306,0.563506972,-0.25153744,-0.7165376
1,0.3,0.491487311,0.328598459,0.057725059,0.059949704,0.503724345,0.242525603,0.898272491,0.02109778,0.098761444,0.517345241,0.098652783,0.563506972,-0.10086059,-0.61985564
1,0.2,0.917121748,0.330103296,0.02059679,0.002493326,0.618553456,0.763852278,0.910998778,0.02082386,0.145604847,0.225400795,0.230111343,0.360833839,0.003624648,-0.4630396
1,0.4,0.214584003,0.402188304,0.536439181,0.039578795,0.463066039,0.306377698,0.593720004,0.050243223,0.04331154,0.911938722,0.33599502,0.563506972,-0.3427098,-0.7543645
1,0.4,0.161580469,0.262174352,0.476294346,0.037167478,0.560962311,0.409360553,0.524420417,0.136187708,0.059373369,0.517657872,0.628526512,0.496042496,-0.30406994,-0.7275557
1,0.3,0.651140379,0.295411333,0.032643145,0.036301067,0.141523765,0.433178177,0.05489252,0.030549374,0.026063315,0.968257996,0.321683877,0.554044711,-0.11015995,-0.56842774
1,0.6,0.316736267,0.807713745,0.501503743,0.098490414,0.771602984,0.570559797,0.018433593,0.079283776,0.091019879,0.460970255,0.700374029,0.496042496,-0.1177437,-0.5541595
1,0.3,0.261805332,0.864811947,0.553869741,0.003720688,0.908458656,0.226128743,0.006956946,0.561181841,0.011588167,0.970597742,0.458171543,0.508804959,-0.40388697,-0.7742002
1,0.3,0.223899775,0.845344824,0.424759285,0.024727854,0.119370839,0.444274196,0.00396312,0.551557693,0.041173654,0.737451467,0.68595512,0.274177261,-0.33988643,-0.7480764
1,0.3,0.235464182,0.766322557,0,0.003459338,0.807318799,0.357767815,0.003614913,0.205222903,0.16752332,0.381320912,0.319211159,0.274177261,0.07670588,-0.3749124
1,0.3,0.218760039,0.784560315,0.144177455,0.016868536,0.170453214,0.424189197,0.003466588,0.107972997,0.044925643,0.767560286,0.448435678,0.529193222,0.18181819,-0.44050103
1,0.6,0.815933183,0.606618912,0.214493418,0.006333195,0.92412709,0.319764051,0.770923039,0.128095921,0.247739951,0.49077106,0.139451209,0.146476535,-0.17301369,-0.6005211
1,0.6,0.753935111,0.780229654,0.083580273,0.004175708,0.044191836,0.219616673,0.805287882,0.696322446,0.142529265,0.803773534,0.015731633,0.486850131,-0.29655683,-0.7453277
1,0.6,0.237712817,0.484288277,0.513333411,0.051535325,0.167008136,0.506827183,0.903245727,0.402483289,0.0369107,0.377790607,0.621177039,0.29467967,0.10677149,-0.4178744
1,0.6,0.219402506,0.49097513,0.595171658,0.014483303,0.000415717,0.296087301,0.880260039,0.427633265,0.323535831,0.842975135,0.337022963,0.124886587,-0.3527118,-0.7459204
1,0.3,0.507227755,0.351714255,0.09354605,0.044403282,0.074657548,0.480311431,0.036756085,0.40237285,0.016669629,0.833405398,0.414225348,0.784026083,-0.051968504,-0.5436164
1,0.3,0.308384195,0.796496811,0.122280049,0.027565297,0.685694418,0.318771123,0.002496535,0.134363842,0.065235833,0.908570936,0.427081472,0.343604072,-0.18258248,-0.5536105
1,0.6,0.86379698,0.740939926,0.290531445,0.011710879,0.059120243,0.219622386,0.874067921,0.751468588,0.245768238,0.325658834,0.226134845,0.283835058,-0.39550453,-0.6121547
1,0.2,0.599743013,0.631949864,0.056289107,0.002134786,0.406112523,0.231224532,0.000654669,0.016302253,0.060099032,0.532575826,0.632887208,0.283835058,0.21310398,-0.33842713
1,0.6,0.728557661,0.697073516,0.566288787,0.119454206,0.680574121,0.370107637,0.831037522,0.086102269,0.110435303,0.753678832,0.291029989,0.343604072,0.052186176,-0.54584295
1,0.6,0.186957918,0.440623873,0.641463511,0.162010241,0.815756767,0.35325801,0.893645252,0.134523339,0.07162191,0.355872371,0.194717494,0.414321231,4.33E-04,-0.5352863
1,0.6,0.853838741,0.636799721,0.075209928,0.013113831,0.54571349,0.307014489,0.73657769,0.040592408,0.253724517,0.33016206,0.52314789,0.104392485,-0.14409044,-0.6123986
1,0.2,0.787022165,0.652514768,0.208202124,0.003691192,0.319662537,0.216099431,0.813018441,0.024968427,0.156986063,0.548954207,0.116918416,0.388847423,-0.33540758,-0.72832215
1,0.2,0.818181818,0.356648334,0.017068104,0.000156511,0.792837971,0.625152346,0.586898201,0.216659088,0.059416086,0.97401781,0.028065057,0.543866613,-0.25251493,-0.6597379
1,0.6,0.312238998,0.158544515,0.082479518,0.158572912,0.885794674,0.473148957,0.090939235,0.216659088,0.24032444,0.493353386,0.702563294,0.505646964,-0.25789356,-0.70085084
1,0.3,0.095085127,0.767597253,0.783857354,0.010548677,0.246345254,0.432787886,0.006950533,0.026232899,0.09426446,0.594637685,0.155903996,0.099176972,-0.30960855,-0.7318553
1,0.3,0.232894314,0.796915086,0.729222617,0.010326258,0.294653674,0.44302079,0.010519098,0.011029393,0.000188699,0.589194835,0.206888511,0.358485087,-0.22751322,-0.6771084
1,0.6,0.249277225,0.631908919,0.241548968,0.077092563,0.233254324,0.204248719,0.82437171,0.01814097,0.178146867,0.403993349,0.243848751,0.557711523,-0.40970486,-0.74165636
1,0.6,0.074204947,0.290042188,0.684912436,0.038502838,0.701881526,0.306005396,0.852990822,0.117839548,0.30504932,0.347852173,0.223192741,0.109516448,-0.23573287,-0.737561
1,0.6,0.973016383,0.705407121,0.413485089,0.008972918,0.082859205,0.52335179,0.79196786,0.12388818,0.317434901,0.431595802,0.221848143,0.815529435,-0.197309,-0.7054345
1,0.6,0.925795053,0.714333504,0.510527416,0.045488421,0.374772455,0.401720394,0.787063681,0.012374931,0.187693291,0.323007255,0.11687383,0.270906981,-0.11600907,-0.6721935
1,0.6,0.685191134,0.728814292,0.052555398,0.011364035,0.077289904,0.246422804,0.75441888,0.47501162,0.173274821,0.787516276,0.103730459,0.270906981,-0.06881801,-0.47815257
1,0.6,0.621586894,0.260675435,0.362804588,0.029629154,0.880895245,0.557267158,0.726556005,0.216659088,0.247175199,0.358463182,0.68304565,0.379245465,-0.3910891,-0.72718674
1,0.6,0.496627048,0.085865286,0.370677274,0.063258856,0.877473366,0.327189312,0.76725116,0.216659088,0.281845667,0.394929172,0.046635013,0.76615419,-0.16318537,-0.650191
1,0.2,0.629296499,0.69652046,0.006264679,0.009216463,0.843892903,0.487776925,0.76370753,0.146848033,0.177475985,0.279334539,0.17499722,0.134318945,0.19338913,-0.28193757
1,0.6,0.258914231,0.471981919,0.003604474,0.12448687,0.816397874,0.382542875,0.813801039,0.13489453,0.19520892,0.412037843,0.117151212,0.095498303,-0.4166022,-0.74059486
1,0.6,0.542884677,0.152989799,0.139615653,0.019594024,0.728964523,0.425794485,0.78870188,0.047329215,0.198444636,0.491362561,0.085214007,0.79946493,0.004997224,-0.45336577
1,0.6,0.190812721,0.386734211,0.295770197,0.011074205,0.645355135,0.74536029,0.815132859,0.04423876,0.208140424,0.717026388,0.243808149,0.823017251,-0.0422604,-0.6448214
1,0.6,0.440411179,0.152685267,0.117349255,0.041830749,0.097235339,0.41323697,0.788856411,0.304735598,0.238295247,0.286055669,0.075161676,0.668442107,-0.17415428,-0.62295896
1,0.6,0.658207517,0.168323824,0.260810296,0.004884326,0.873472711,0.542653046,0.779747467,0.213243598,0.320869401,0.7156616,0.165134997,0.668442107,0.022592593,-0.5118877
1,0.6,0.469964664,0.412655023,0.528251713,0.177361964,0.839867204,0.486160212,0.706644357,0.170504761,0.30237663,0.305576228,0.217181416,0.102116054,-0.26372367,-0.6970455
1,0.6,0.705428847,0.203223285,0.269457564,0.121203486,0.856577785,0.240766313,0.728469408,0.163285623,0.280568504,0.777136678,0.383406777,0.085805289,-0.33088234,-0.81453633
1,0.6,0.37873434,0.184160265,0.205358718,0.053558455,0.187945874,0.213862457,0.763138813,0.013414429,0.144727737,0.333387188,0.226660201,0.684552208,-0.519277,-0.76525325
1,0.6,0.274975907,0.180246748,0.100256414,0.007301955,0.85432605,0.312876762,0.809418539,0.185820278,0.132776495,0.64407834,0.31652291,0.696535078,0.17642537,-0.39043912
1,0.6,0.171859942,0.35682877,0.541282669,0.06003461,0.913983053,0.417804389,0.722307438,0.254136046,0.120413229,0.586071897,0.113922619,0.696535078,0.24034822,-0.39455703
1,0.6,0.461291359,0.388562264,0.471789376,0.018782683,0.913795368,0.245625812,0.711771966,0.216401666,0.165352579,0.709697276,0.006759041,0.488984426,-0.3529887,-0.7094017
1,0.6,0.243816254,0.189736424,0.43553047,0.19143762,0.223947009,0.255543299,0.760476987,0.017391828,0.274496164,0.935067713,0.088574839,0.751007092,-0.052786462,-0.573392
1,0.6,0.719884356,0.202136318,0.147150536,0.011026822,0.792257316,0.228372645,0.746888627,0.090995772,0.06625755,0.902514249,0.052766056,0.492536007,0.16550116,-0.3871833
1,0.6,0.200128493,0.288043716,0.80273586,0.001455565,0.672587349,0.6729168,0.718422231,0.074534338,0.304539554,0.491024033,0.176224947,0.664788605,0.21752553,-0.33590108
1,0.6,0.175714745,0.311910546,0.749815905,0.009189346,0.881278824,0.555533515,0.747965369,0.209849179,0.10278251,0.632859581,0.366172123,0.569294189,0.09466128,-0.51274365
1,0.6,0.647285577,0.144331282,0.049272242,0.143736988,0.557734935,0.502262438,0.732972185,0.02082386,0.19267692,0.42455291,0.54663691,0.405351159,0.21119593,-0.48708487
1,0.6,0.639575972,0.136291719,0.002406864,0.095293808,0.872606633,0.500381601,0.728290174,0.10571136,0.144857184,0.653415866,0.23525144,0.602486923,0.11752944,-0.4277498
1,0.3,0.647928044,0.266395366,0.029258266,0.046845669,0.05197381,0.679725933,0.013319853,0.736044265,0.017009986,0.544806918,0.674160143,0.477220477,-0.08772261,-0.6634006
1,0.6,0.633472535,0.289601155,0.151499755,0.002587791,0.892877316,0.570668947,0.016471947,0.129763559,0.290969728,0.274490206,0.678520839,0.305952445,0.072653964,-0.24297976
1,0.3,0.280758111,0.462452463,0.001563373,0.055715777,0.69771148,0.582360674,0.008177888,0.063426172,0.053981846,0.587652801,0.651303864,0.886855241,0.010951404,-0.5831279
1,0.3,0.34243495,0.475203847,0.116068634,0.041210095,0.354924236,0.435751354,0.003458235,0.02082386,0.042641211,0.692384534,0.629381993,0.084390694,-0.24419391,-0.7051916
1,0.3,0.464824928,0.363989847,0.13456586,0.058936671,0.023817048,0.346955611,0,0.801232405,0.062410793,0.444763369,0.668097402,0.118836718,0.053448528,-0.40156114
1,0.3,0.396080951,0.357632971,0.034100017,0.046202031,0.544830855,0.392791945,0.003409105,0.44015333,0.005344868,0.746154006,0.662885398,0.126173155,-0.14206426,-0.6555779
1,0.3,0.25248956,0.266372643,0.043761765,0.045991585,0.090866603,0.281670097,0.000291706,0.589153215,0.088177563,0.830070548,0.57339778,0.103398972,-0.3847201,-0.7838667
1,0.6,0.517507228,0.643332162,0.022896109,0.002403361,0.520414126,0.39653551,0.006375542,0.055012482,0.087284187,0.639666857,0.473143697,0.104414857,-0.43342486,-0.74879634
1,0.3,0.277867009,0.205186108,0.010455856,0.037993246,0.026363005,0.300798633,0.001974894,0.821839464,0.115112462,0.66584262,0.654128147,0.103398972,-0.03026455,-0.5688044
1,0.6,0.480565371,0.683048428,0.410019882,0.069554553,0.760561911,0.505224934,0.017387433,0.121392326,0.24045978,0.274640989,0.306352948,0.103398972,-0.0656677,-0.59667194
1,0.2,0.219402506,0.197370569,0.088289405,0.005380838,0.529126804,0.414036028,0.017218923,0.041756448,0.063489239,0.728173959,0.577965089,0.557711523,-0.19767797,-0.50653344
1,0.3,0.254738195,0.204433551,0.093039759,0.023000944,0.889853903,0.465704369,0.040073957,0.342175826,0.054873206,0.665963278,0.652064671,0.102989731,-0.35692567,-0.7430834
1,0.3,0.241888853,0.20652819,0.071274636,0.022339405,0.283359457,0.372197295,0.033485257,0.812258645,0.047881975,0.848861359,0.733021573,0.153201861,-0.34341714,-0.74488103
1,0.3,0.245101189,0.207793123,0.123678633,0.043556743,0.378662642,0.453326867,0.038882579,0.077728104,0.000276892,0.883791943,0.681752847,0.093214855,0.08022778,-0.45131937
1,0.3,0.244779955,0.207781374,0.120299834,0.038408904,0.68220374,0.368776562,0.038848835,0.191071167,0.011578812,0.568612576,0.679041072,0.682275402,-0.07380953,-0.64448494
1,0.3,0.244779955,0.20778149,0.119213623,0.037169891,0.71325929,0.486245052,0.039221799,0.173252761,0.01389633,0.528859737,0.67380687,0.682275402,0.1958619,-0.20083319
1,0.3,0.241246386,0.15313222,0.068654265,0.016394639,0.570335087,0.404581275,0.042178983,0.029246576,0.083603851,0.711728183,0.512421268,0.682275402,-0.08827086,-0.63729393
1,0.3,0.204625763,0.166956872,0.315880004,0.057536224,0.898915239,0.269358231,0.063122294,0.156125938,0.178794758,0.252289464,0.73277341,0.112725082,0.03093765,-0.519403
1,0.3,0.132348217,0.162965538,0.677856255,0.048229578,0.305182891,0.43062615,0.048378787,0.00876505,0.149678806,0.550790302,0.341645484,0.478820096,-0.17707007,-0.6747799
1,0.3,0.132348217,0.162961753,0.679323873,0.044556699,0.310351882,0.213432663,0.047249121,0.174000731,0.159550577,0.833697241,0.444823836,0.695029339,-0.38166988,-0.7182305
1,0.3,0.140700289,0.169842129,0.588636873,0.027079072,0.134915518,0.33348381,0.047930634,0.297002145,0.034391648,0.777248824,0.514433517,0.122832219,-0.013018573,-0.61751664
0,0.9,0.426598137,0.164211798,0.399332066,0.099691328,0.445244305,0.031552591,0.675653776,0.005379344,0.629408409,0.352265255,0.475679405,0.113830221,0.08297046,-0.5317476
0,0.9,0.114037906,0.129092224,0.08328585,0.054608008,0.533908321,0.079542395,0.465364485,0.040365007,0.495014782,0.154122995,0.48359844,0.540183589,-0.23347345,-0.69359916
0,0.8,0.535175072,0.098270847,0.193934094,0.300894682,0.431074708,0.01946644,0.199322711,0.004134101,0.88020324,0.20419353,0.3818309,0.435446465,0.039383937,-0.584755
0,0.9,0.390941214,0.050859133,0.442102974,0.410363251,0.590705526,0.313597543,0.332340412,0.015514837,0.274346036,0.392906622,0.304341648,0.535210702,0.16204293,-0.40730986
0,0.8,0.468037263,0.033047335,0.398747479,0.132056154,0.075554339,0.434933455,0.370478313,0.18014136,0.274315523,0.238002215,0.445801502,0.526371122,-0.17254592,-0.48437724
0,0.9,0.198843559,0.127605494,0.14900057,0.191458952,0.353662753,0.392637093,0.642775048,0.014131868,0.52871618,0.2416669,0.285267586,0.526371122,-0.23210248,-0.72059983
0,0.9,0.515258593,0.181501145,0.102141154,0.034267137,0.938115124,0.275996103,0.387389122,0.216659088,0.293031455,0.378457319,0.459967503,0.391096583,0.27174702,-0.4509399
0,0.9,0.204625763,0.41923298,0.376565542,0.024615037,0.831633826,0.063002838,0.219697754,0.373554971,0.085862748,0.64669319,0.437318976,0.655882052,0.12185906,-0.47508729
0,0.9,0.486347575,0.382561056,0.171731435,0.228425542,0.481488185,0.326647936,0.274910583,0.061175467,0.274307537,0.239693924,0.517611832,0.145397815,-0.066958584,-0.620618
0,0.9,0.428525538,0.167833248,0.088557417,0.128467228,0.78272002,0.425341475,0.199651503,0.101542248,0.076871855,0.658035805,0.629119031,0.306576613,-0.00286533,-0.5765766
0,0.9,0.607773852,0.360867779,0.126515677,0.104691334,0.681627815,0.075168967,0.329598281,0.188827054,0.149217108,0.637072899,0.323961935,0.202805292,0.13950722,-0.44109276
0,0.9,0.592354642,0.218399505,0.406986985,0.200999569,0.886729204,0.393254315,0.30881805,0.194576664,0.381542655,0.557715167,0.512856692,0.202805292,0.06526316,-0.39066058
0,0.6,0.37873434,0.414879504,0.904610971,0.043103916,0.264560932,0.670626223,0.892783574,0.008048172,0.57629074,0.066096899,0.32947902,0.191198928,-0.13742518,-0.6131824
0,0.6,0.258592997,0.274883636,0.832045241,0.088193646,0.514397073,0.640539869,0.50519007,0.02082386,0.450978385,0.242402117,0.123012462,0.916372745,0.18301731,-0.3163604
0,0.6,0.219402506,0.211857301,0.795041709,0.027507628,0.164509308,0.668714998,0.876728169,0.293212412,0.1889867,0.478779917,0.243030456,0.118836718,-0.205654,-0.7292975
0,0.8,0.266945069,0.299971684,0.867566189,0.241667814,0.746890883,0.596146799,0.776664351,0.130663382,0.451480061,0.382355994,0.11174284,0.141679837,0.21897924,-0.37623763
0,0.6,0.096370061,0.243697544,0.715214837,0.061006315,0.534756591,0.389119729,0.344178621,0.036811344,0.72315686,0.246852031,0.410826381,0.109940707,0.064935066,-0.45606694
0,0.8,0.656601349,0.01507928,0.115485252,0.489578507,0.913325251,0.758263975,0.642112768,0.241820302,0.925869784,0.144417589,0.571996073,0.102989731,-0.013457077,-0.38520086
0,0.9,0.406681658,0.111822578,0.088078028,0.184284402,0.55780116,0.693387714,0.37778849,0.023117286,0.857961318,0.370294514,0.662979882,0.127345901,0.01189387,-0.53554505
0,0.8,0.451975586,0.105955078,0.555545402,0.405171227,0.49111508,0.835717077,0.495389211,0.032449276,0.935185801,0.04435075,0.614339451,0.112725082,0.018966418,-0.6048961
0,0.8,0.601670414,0.062445444,0.206714889,0.472695329,0.560247814,0.568041317,0.306161373,0.010253936,0.635277505,0.083412143,0.465321613,0.111450765,0.0706304,-0.5499297
0,0.9,0.722454224,0.448411968,0.605339957,0.261637283,0.413665421,0.725792115,0.503778221,0.02082386,0.902394785,0.387464443,0.616947444,0.122832219,-0.34144905,-0.7348908
0,0.8,0.053003534,0.207222467,0.469328399,0.937042303,0.801940001,0.131240515,0.615395891,0.0794663,0.215423257,0.534993105,0.903438962,0.113830221,-0.14107509,-0.6546472
0,0.8,0.283327979,0.050292412,0.596425125,0.594735877,0.818728146,0.322810658,0.460100617,0.196320611,0.497105935,0.558186964,0.941637743,0.452534315,0.23462574,-0.34195933
0,0.8,0.284612914,0.31898605,0.674297844,0.684373983,0.779007779,0.123847586,0.203757575,0.086102269,0.828127131,0.293930757,0.943894172,0.385464753,0.19994304,-0.4190452
0,0.8,0.376485705,0.082809692,0.553792398,0.653204513,0.881053156,0.036257845,0.308781923,0.289817964,0.50572753,0.514627556,0.877420685,0.337619442,0.045454547,-0.6078634
0,0.8,0.182781882,0.16598785,0.533684356,0.705956441,0.94271,0.203271836,0.343157993,0.216659524,0.707598241,0.390268817,0.746086397,0.466488638,-0.1292876,-0.64720976
0,0.6,0.549630581,0.161877025,0.359089725,0.587462049,0.027182649,0.002374202,0.564178602,0.427263848,0.311957779,0.589620258,0.108239333,0.202805292,-0.1544086,-0.7277116
0,0.6,0.606488917,0.091013789,0.113406915,0.218411125,0.631294545,0.397770683,0.248174331,0.016572282,0.17035186,0.483048302,0.147684813,0.202805292,-0.31382623,-0.73178273
0,0.6,0.519755863,0.200617286,0.141976882,0.409669447,0.51769144,0.027805866,0.532543853,0.045773844,0.437442643,0.381674193,0.099353826,0.879609671,-0.31499362,-0.73593074
0,0.6,0.38869258,0.027321242,0.141737341,0.083908567,0.609587006,0.444013839,0.26054809,0.038899143,0.402907174,0.447262385,0.082717193,0.819712254,-0.21777059,-0.5913025
0,0.6,0.617732091,0.047178204,0.111346597,0.055534465,0.451707475,0.333486849,0.452463897,0.013138184,0.195487043,0.534718466,0.055271217,0.451322321,0.1369981,-0.4738081
0,0.8,0.212977835,0.05351808,0.134042111,0.259397815,0.811947414,0.323410984,0.442371261,0.153376568,0.829044222,0.24650102,0.200033847,0.01337438,0.25520322,-0.32328203
0,0.9,0.367169933,0.07420305,0.131040292,0.425181352,0.506736558,0.17970217,0.261043587,0.02082386,0.851407016,0.19581314,0.325560768,0.684096834,-0.012268744,-0.63305056
0,0.9,0.310311597,0.086480154,0.238279305,0.259527427,0.58630877,0.641725694,0.338536121,0.02082386,0.625911256,0.136386378,0.151767937,0.67890434,0.05076661,-0.59473383
0,0.9,0.410857694,0.079864748,0.311786523,0.326136077,0.518952645,0.19420701,0.672941123,0.02082386,0.980184192,0.032751345,0.092426876,0.535210702,-0.38886142,-0.7689303
0,0.8,0.257629296,0.058747446,0.225011555,0.178541259,0.872189802,0.727902557,0.499765988,0.153761175,0.924788045,0.009860884,0.154915327,0.535210702,0.061981283,-0.4892066
0,0.6,0.546418246,0.126633806,0.345621414,0.492892944,0.614983335,0.564647932,0.213518302,0.182187987,0.085339425,0.209535712,0.08598468,0.612926757,0.11857507,-0.42610127
0,0.6,0.301959525,0.085347302,0.467804343,0.710582759,0.720095882,0.268251899,0.744153403,0.159274981,0.188795386,0.38242406,0.259113464,0.488984426,-0.2940948,-0.73173904
0,0.6,0.416639897,0.089761942,0.759564251,0.872848451,0.369419395,0.278423179,0.234143135,0.015934435,0.1174529,0.47384727,0.119455831,0.519522784,-0.28460845,-0.71291405
0,0.6,0.357211693,0.192865393,0.578418861,0.757001883,0.499741637,0.393586263,0.697778653,0.02082386,0.113647898,0.398400696,0.422561974,0.412428672,-0.28564364,-0.7677054
0,0.6,0.212977835,0.198977379,0.411965011,0.684702933,0.705110154,0.73611533,0.525247014,0.158430641,0.143407512,0.263212202,0.239673608,0.180784099,-0.106781565,-0.57967913
0,0.6,0.28975265,0.213131916,0.284639338,0.1505721,0.067801964,0.822793337,0.791705678,0.531465165,0.250684307,0.149326739,0.334123928,0.468310445,-0.081783555,-0.6539911
0,0.6,0.371988436,0.356862642,0.473316178,0.060230385,0.632098572,0.331325235,0.831750273,0.690772908,0.40365848,0.351241316,0.200675126,0.65467023,0.19833584,-0.43254113
0,0.8,0.295856087,0.223122578,0.252553219,0.421985777,0.144083461,0.286579918,0.831769373,0.82434489,0.717488894,0.547003928,0.37748007,0.452534315,-0.4022082,-0.7452761
0,0.6,0.522968198,0.239544204,0.181080384,0.199073172,0.03201641,0.888718195,0.558574813,0.997074979,0.571611735,0.383904038,0.092923962,0.594836113,-0.4447127,-0.7807404
0,0.6,0.32701574,0.159897214,0.539200619,0.103995208,0.428498247,0.583575184,0.959392844,0.764093333,0.55845734,0.168730407,0.290880863,0.486428822,-0.14992929,-0.6583376
0,0.8,0.687761002,0.306206657,0.308277796,0.141824304,0.416047797,0.583804059,0.805529544,0.02082386,0.857934403,0.042237308,0.872055762,0.344464306,-0.24244943,-0.6693969
0,0.8,0.433344041,0.069274245,0.295602115,0.459685847,0.944556381,0.567445244,0.762101769,0.192781731,0.767220269,0.057402045,0.888409131,0.260823706,0.23783033,-0.32816288
0,0.8,0.462897527,0.072801466,0.335769579,0.440180471,0.876953998,0.355785849,0.73655575,0.216659088,0.769526204,0.021151062,0.860471951,0.164172913,-0.13944504,-0.60455054
0,0.8,0.508833922,0.052030057,0.419153853,0.453529079,0.612587811,0.34789992,0.833944246,0.075220367,0.750714885,0.032221488,0.725756719,0.146476535,-0.25212857,-0.693537
0,0.8,0.256665596,0.054402083,0.294485765,0.355258971,0.863910928,0.741008863,0.880836885,0.216659088,0.756687303,0.013013431,0.787812401,0.143695317,-0.3767033,-0.7105407
0,0.6,0.314166399,0.037657449,0.86588257,0.410777504,0.586829321,0.815903617,0.922998582,0.052579294,0.785440981,0.190805797,0.12582005,0.388847423,0.22030757,-0.29238328
0,0.8,0.042081593,0.06819935,0.917170749,0.151898934,0.124945983,0.45839312,0.574627101,0.053616374,0.781783864,0.305843104,0.569029874,0.565895598,0.07594129,-0.42706963
0,0.7,0.359781561,0.138829352,0.806162956,0.082448787,0.470074456,0.953233579,0.913274831,0.01759696,0.812271704,0.057678026,0.215489996,0.855609878,-0.11620926,-0.62433696
0,0.8,0.015097976,0.033065223,0.997005018,0.397848707,0.507144415,0.462472887,0.936308266,0.018810706,0.875534387,0.019745574,0.171156567,0.886855241,-0.35346308,-0.737964
0,0.8,0.076132348,0.010290195,0.909353464,0.510376246,0.686755694,0.885658825,0.90030996,0.079322204,0.71971472,0.216912617,0.297715416,0.886855241,0.16894233,-0.31392977
0,0.8,0.387728879,0.073659954,0.395318197,0.250414214,0.031015724,0.987441269,0.707986833,0.091410682,0.927960395,0.662257892,0.933011024,0.886855241,-0.23858027,-0.69868904
0,0.8,0.045936396,0.178560598,0.543326776,0.741874978,0.056022291,0.038031356,0.600944116,0.523751416,0.894178351,0.168493889,0.924429082,0.90595433,-0.4183587,-0.78541
0,0.8,0.122711211,0.071963382,0.112793731,0.607141163,0.070946524,0.509322812,0.308311386,0.38698619,0.660459395,0.424754428,0.952074271,0.095810695,-0.12732147,-0.72693944
0,0.8,0.277867009,0.133312303,0.096205331,0.632136434,0.119663288,0.309766706,0.503543821,0.175702688,0.853602924,0.193108996,0.974014356,0.052209689,0.18185398,-0.049080994
0,0.6,0.212977835,0.203108111,0.557811674,0.407850468,0.149620971,0.008797784,0.818594094,0.417199187,0.798768646,0.143238327,0.809482313,0.411861349,0.13531573,-0.45556805
0,0.6,0.411821394,0.253750028,0.073470417,0.431701645,0.615568234,0.239723308,0.564511182,0.098111396,0.174926756,0.728978532,0.076771514,0.478820096,0.21369539,-0.3133504
0,0.6,0.449405718,0.389609693,0.118754522,0.115093048,0.537284426,0.464489737,0.385387879,0.02082386,0.266979547,0.475921404,0.099855466,0.451574424,-0.20964138,-0.47265962
0,0.6,0.513009958,0.33555663,0.158745386,0.153405756,0.725099519,0.388041232,0.677985863,0.138271906,0.473947858,0.660251437,0.357634387,0.786966016,-0.4089647,-0.776
0,0.6,0.482492772,0.309851268,0.248321304,0.452977908,0.647167987,0.054366105,0.799371757,0.124564869,0.269094214,0.32073168,0.202693068,0.414525831,-0.035781544,-0.5983726
0,0.6,0.57404433,0.220974252,0.418101647,0.277521741,0.533978581,0.225235971,0.914603731,0.02082386,0.51271321,0.654054929,0.119312018,0.465150138,-0.11832535,-0.55654323
0,0.9,0.66302602,0.14762265,0.808145468,0.402118259,0.738359212,0.31827241,0.337221229,0.093493696,0.864679869,0.038772902,0.41576973,0.540183589,-0.1124226,-0.5934035
0,0.8,0.606488917,0.278962425,0.346880878,0.252828308,0.606909955,0.088590569,0.201460254,0.071816851,0.851820509,0.27631258,0.326368628,0.717511368,-0.055627987,-0.6150266
0,0.9,0.470607131,0.11407928,0.930446009,0.025803407,0.987053486,0.008257381,0.248769448,0.216659088,0.736439275,0.139017168,0.452565666,0.711383864,-0.3704497,-0.7283284
0,0.8,0.457436556,0.21892154,0.234266361,0.444295857,0.488186344,0.120774967,0.212368339,0.02082386,0.978095747,0.374528441,0.31007673,0.488984426,0.1411397,-0.47970173
0,0.9,0.432701574,0.224725556,0.605354192,0.349771738,0.714702197,0.241776865,0.346907295,0.086102269,0.854863112,0.159372453,0.306594661,0.62322257,-0.31572327,-0.7680118
0,0.9,0.559910055,0.306959572,0.334007271,0.033360482,0.023321471,0.278520782,0.350280018,0.148289751,0.35956584,0.267226608,0.170968358,0.751007092,-0.18936877,-0.7124066
0,0.9,0.518792162,0.257305315,0.711329454,0.153855836,0.405711066,0.195150468,0.23427616,0.010829424,0.456152956,0.68178944,0.244315291,0.372107143,0.1674661,-0.4349389
0,0.9,0.41053646,0.357132782,0.859314829,0.02846061,0.03912726,0.362455931,0.375503756,0.040315064,0.145295715,0.371519171,0.168981721,0.391096583,0.2936532,-0.32762557
0,0.9,0.3151301,0.248799584,0.474951991,0.111484251,0.760087342,0.503442915,0.255953249,0.086102269,0.216924423,0.499503184,0.049772346,0.391096583,0.120421715,-0.41747573
0,0.9,0.163829104,0.413486194,0.657537536,0.394574743,0.651494065,0.282069505,0.379577036,0.020111904,0.131896672,0.804149255,0.099387408,0.714961347,-0.19475473,-0.5513979
0,0.9,0.546097013,0.146050335,0.393356422,0.918096135,0.848554839,0.432608966,0.581739931,0.216659088,0.460571785,0.427783713,0.111476463,0.452534315,-0.29915768,-0.74501216
0,0.8,0.661419852,0.084866443,0.298221842,0.618092509,0.631765219,0.32446894,0.397112913,0.02082386,0.365388792,0.064499901,0.049891874,0.456886443,0.022311075,-0.5822441
0,0.9,0.476710569,0.129426392,0.709414253,0.794494188,0.984116611,0.243092261,0.435029949,0.216659088,0.707780536,0.130497988,0.047929144,0.624791183,-0.3882175,-0.75131017
0,0.7,0.664310954,0.105720032,0.673451326,0.857200437,0.732180144,0.252969515,0.228153868,0.133020955,0.319191342,0.197627105,0.09674773,0.698776019,-0.33351627,-0.66381377
0,0.9,0.547381947,0.086804108,0.255179531,0.76471765,0.568398758,0.29213759,0.290615138,0.024804044,0.473096971,0.239125946,0.19489394,0.624791183,0.16939321,-0.3918742
0,0.6,0.608737552,0.161489771,0.336218815,0.131707191,0.998199809,0.436657739,0.553541991,0.291868465,0.430408309,0.308528007,0.315972131,0.283191163,-0.17666835,-0.7039922
0,0.6,0.674269194,0.213666012,0.801135974,0.095181444,0.530531868,0.595949283,0.493727335,0.02082386,0.347873347,0.337460685,0.322896046,0.555228246,-0.07718939,-0.6222301
0,0.6,0.458079023,0.218384837,0.573675583,0.096904819,0.963800432,0.424783811,0.451103901,0.216659088,0.599254547,0.132186627,0.408966862,0.484244025,-0.03899202,-0.5886913
0,0.6,0.572438163,0.254709853,0.581382401,0.149308754,0.975509671,0.297661229,0.87308999,0.216659088,0.212231979,0.09119234,0.303639466,0.178289587,-0.2357502,-0.75720865
0,0.6,0.413427562,0.160461165,0.761918516,0.266687091,0.866605162,0.886755433,0.264396145,0.216659088,0.168642053,0.077230877,0.23211202,0.165102447,-0.08824062,-0.5350799
0,0.9,0.690330871,0.113684294,0.168271636,0.514778411,0.947958921,0.319126651,0.420257354,0.216659088,0.766708685,0.240030852,0.903888806,0.165102447,-2.26E-04,-0.5179979
0,0.8,0.649534211,0.066944111,0.326005988,0.670850959,0.665920355,0.100317545,0.677608928,0.086102269,0.561986437,0.38656356,0.961981461,0.097019317,-0.2305465,-0.7237009
0,0.8,0.448442017,0.217322579,0.400137642,0.419892961,0.981072329,0.176494147,0.807291809,0.216659088,0.736677813,0.545293959,0.987751574,0.104414857,0.14670111,-0.33693087
0,0.9,0.414391262,0.094793101,0.128171301,0.388827243,0.578244781,0.433243327,0.369184296,0.02082386,0.860792246,0.515695909,0.897315698,0.078947414,-0.027138159,-0.57403904
0,0.8,0.575008031,0.017178638,0.158300297,1,0.969025423,0.39653393,0.975333732,0.305506089,0.571594874,0.474133412,0.901593293,0.103398972,-0.033161238,-0.6374508
0,0.6,0.053324767,0.357025121,0.727750515,0.123498914,0.606576393,0.266674203,0.695110987,0.101120724,0.158146402,0.664943827,0.154172354,0.095498303,0.13228,-0.41428572
0,0.6,0.347574687,0.167763324,0.466807006,0.054771419,0.92421029,0.515930783,0.716013273,0.240842721,0.164026141,0.581854633,0.331416896,0.077704555,-0.07286319,-0.57295656
0,0.8,0.490202377,0.252413255,0.674036782,0.123214,0.877440393,0.350799818,0.868968094,0.195293678,0.377839642,0.53246969,0.412987946,0.068808746,-0.24779452,-0.70621467
0,0.6,0.459685191,0.369522475,0.741804758,0.036916509,0.836062512,0.018366793,0.928556478,0.117681796,0.184429104,0.729459925,0.325845549,0.460321937,-0.25383452,-0.649801
0,0.6,0.458079023,0.149503258,0.695137509,0.297154172,0.984269514,0.101968292,0.885510531,0.216659088,0.432616984,0.723536792,0.162907596,0.11408895,0.06903353,-0.46432266
0,0.6,0.18888532,0.135100241,0.403718864,0.873919375,0.649167967,0.44536655,0.912842413,0.02082386,0.35274441,0.325212261,0.199246289,0.093170447,-0.16011617,-0.6789017
0,0.6,0.688724703,0.221343561,0.548742549,0.626345512,0.698250814,0.580463184,0.838347975,0.086102269,0.57050397,0.259378163,0.227566719,0.038916094,-0.059234884,-0.648
0,0.6,0.509155156,0.062214264,0.14374429,0.872024174,0.39218835,0.549289581,0.874597335,0.01892694,0.71942871,0.185722625,0.040571323,0.404631432,0.06233445,-0.5271786
0,0.6,0.22068744,0.151326845,0.273985009,0.680912008,0.469710634,0.499682577,0.765041403,0.02082386,0.861392266,0.115820549,0.245082359,0.020081416,0.078382105,-0.5689251
0,0.6,0.644715708,0.050816214,0.116172277,0.562854754,0.715918115,0.682982211,0.893973492,0.075532291,0.79303216,0.016768029,0.104111053,0.114756744,0.004896422,-0.48970962
0,0.6,0.631866367,0.325759572,0.084912611,0.05081647,0.703672742,0.865075965,0.415894151,0.09215003,0.305332916,0.054593854,0.801152329,0.610599218,-0.026817156,-0.61602956
0,0.6,0.417603598,0.1953208,0.209209269,0.57291074,0.892337496,0.387493778,0.360981109,0.187641312,0.186607686,0.066428539,0.824773209,0.132131122,0.054279223,-0.4765471
0,0.6,0.548988114,0.180837196,0.203452372,0.423729994,0.222664691,0.495322519,0.800573513,0.013272046,0.36447535,0.448538446,0.778298896,0.718517035,-0.036646705,-0.5669804
0,0.6,0.707035014,0.277085671,0.292137245,0.040404742,0.517613597,0.271163344,0.601751259,0.00860115,0.238734596,0.123689164,0.847088765,0.547985096,-0.2694658,-0.70033
0,0.6,0.654352714,0.195438375,0.347037443,0.069027944,0.787840038,0.436879443,0.547426862,0.15864173,0.610938315,0.209852909,0.80886532,0.477220477,0.26688203,-0.31693837
0,0.6,0.305814327,0.416583519,0.697839146,0.20952577,0.825700111,0.658275461,0.973455845,0.206388196,0.503548432,0.221287706,0.65943084,0.466488638,0.11565074,-0.53021663
0,0.6,0.112752971,0.364073019,0.808248144,0.161841422,0.854203339,0.173660857,0.734905002,0.28917609,0.162925085,0.51471329,0.651041281,0.306576613,-0.24462366,-0.7300327
0,0.6,0.349823322,0.23226388,0.896020925,0.02789665,0.863736461,0.132139973,0.873542612,0.216659088,0.730280323,0.306336051,0.653197155,0.386423253,-0.21549636,-0.6725369
0,0.6,0.128172181,0.303940988,0.326537528,0.082138705,0.854023793,0.256600526,0.572819731,0.129881904,0.074393105,0.264086234,0.852224118,0.286236417,0.054227155,-0.47420964
0,0.6,0.36331513,0.253341828,0.783472879,0.241314049,0.549195611,0.60212126,0.84157915,0.026639691,0.438339865,0.253081347,0.520507832,0.291680013,-0.12596284,-0.6807575
0,0.6,0.505621587,0.391673911,0.146366776,0.209379184,0.915841678,0.377567297,0.808742882,0.216659088,0.482683077,0.037060663,0.079658028,0.413572639,-0.030420711,-0.6088934
0,0.6,0.673626727,0.012272579,0.120719044,0.475654356,0.888864835,0.420647767,0.757029564,0.141130127,0.773771315,0.569180915,0.139751548,0.783711153,-0.31782946,-0.73178333
0,0.6,0.5795053,0.375004567,0.204477396,0.077024893,0.865700267,0.271273224,0.686823076,0.216659088,0.616895154,0.249621791,0.177631017,0.819712254,0.019530285,-0.39844853
0,0.6,0.503372952,0.293529767,0.266537768,0.046652112,0.930051483,0.378243956,0.865827285,0.165130981,0.105241245,0.296456494,0.066012828,0.453809685,-0.2875151,-0.776507
0,0.6,0.562158689,0.060885269,0.065638672,0.521171754,0.418712327,0.34213756,0.818737102,0.016148726,0.493963116,0.503416973,0.191223473,0.783711153,-0.42991385,-0.7680949
0,0.6,0.717956955,0.164133092,0.085344627,0.045670839,0.011557241,0.570719389,0.794889815,0.871109294,0.691408738,0.024083419,0.42046226,0.783711153,-0.22015712,-0.6954207
0,0.9,0.130099582,0.274631465,0.072790328,0.320091619,0.200648077,0.735309586,0.315362755,0.838618131,0.863024631,0.187908673,0.730048923,0.801143264,0.11278196,-0.41802576
0,0.8,0.697719242,0.375363939,0.237625417,0.251900278,0.130276817,0.232740725,0.204356974,1,0.697584303,0.082689951,0.884920992,0.682275402,0.11575939,-0.4658626
0,0.9,0.249598458,0.144462487,0.157745695,0.633452699,0.081860015,0.517290787,0.294851847,0.971788573,0.380023026,0.148078844,0.785315397,0.682275402,-0.29090154,-0.6468094
0,0.9,0.518792162,0.06666977,0.373421954,0.714091809,0.258091084,0.152773154,0.424305694,0.843934776,0.320860329,0.39648209,0.620063528,0.751025432,0.11466203,-0.40023264
0,0.6,0.387407645,0.238779345,0.531672363,0.094961401,0.385213672,0.046146282,0.337477057,0.694012685,0.255030301,0.336043074,0.096478886,0.806684948,0.07845994,-0.41108987
0,0.6,0.469643431,0.330799916,0.708182532,0.065888106,0.003972447,0.380043478,0.257772793,0.942495789,0.11178509,0.458233458,0.161779856,0.795580266,-0.35011724,-0.69559824
0,0.6,0.588178606,0.254673789,0.299232097,0.030757581,0.065885253,0.190345908,0.225196496,0.93582866,0.144464621,0.284312607,0.08436934,0.751025432,-0.16819029,-0.63361055
0,0.6,0.213299068,0.256970271,0.86553559,0.072548456,0.056478495,0.312590151,0.839100109,0.999001129,0.169229136,0.696367757,0.275690523,0.806684948,0.26311636,-0.30174217
0,0.6,0.498233216,0.238241683,0.486676572,0.127744916,0.139759644,0.052309994,0.470728783,0.992226363,0.187584127,0.325276149,0.081899658,0.806684948,0.15720524,-0.2712004
0,0.9,0.099261163,0.226442231,0.275694298,0.603935385,0.0651078,0.337847149,0.410703088,0.414958374,0.4082526,0.33544724,0.158394359,0.806684948,0.13596874,-0.46344244
0,0.8,0.191133954,0.055746646,0.880237387,0.656040322,0.100320839,0.744393374,0.951802058,0.841261949,0.981227577,0.360861168,0.319723423,0.82002452,-0.35228273,-0.72861737
0,0.8,0.112431738,0.078171246,0.834985465,0.841607639,0.138555169,0.589505523,0.620078967,0.913991766,0.258484075,0.232526893,0.27102076,0.682275402,-0.33483046,-0.7606635
0,0.8,0.282685512,0.102184929,0.974093896,0.347222788,0.129780926,0.052955415,0.950994757,0.50517055,0.692835047,0.094185206,0.271984007,0.11408895,-0.19683465,-0.6312443
0,0.9,0.214584003,0.156869098,0.708343552,0.224068651,0.187620868,0.76616923,0.427854888,0.659749763,0.291800994,0.275287841,0.295551574,0.735493806,-0.3751535,-0.78649294
0,0.9,0.549951815,0.122940009,0.234007765,0.84172783,0.368589699,0.677727558,0.213598705,0.019525476,0.09546295,0.414461905,0.607499396,0.701789035,-0.10996564,-0.5336323
0,0.9,0.607773852,0.063887489,0.069381615,0.902635584,0.401661576,0.073253488,0.206965665,0.012695275,0.694075463,0.573182219,0.571482102,0.663295716,-0.40853173,-0.76957047
0,0.9,0.731448763,0.054601503,0.235609053,0.85589654,0.332297819,0.450574164,0.506486218,0.017061317,0.091311735,0.577024743,0.650445727,0.540183589,-0.26153848,-0.71355087
0,0.8,0.102473498,0.017374677,0.270462439,0.827975957,0.368143443,0.351800646,0.478655623,0.011583358,0.294595739,0.442604996,0.540593521,0.540183589,-0.30397728,-0.7333019
0,0.9,0.542563444,0.071167606,0.406112585,0.73234292,0.802506048,0.296262817,0.405150481,0.199336148,0.193588439,0.320568517,0.671369062,0.465150138,0.016733987,-0.17258464
0,0.9,0.605525217,0.137854582,0.700497684,0.206995908,0.627898197,0.417690012,0.557063009,0.039279011,0.570076237,0.600333534,0.82057511,0.692025928,-0.3771114,-0.7475915
0,0.8,0.414070029,0.486331468,0.603626409,0.429733379,0.527720348,0.106160613,0.51387654,0.02082386,0.664295701,0.713746425,0.917646514,0.593013832,0.049685895,-0.5145631
0,0.8,0.228397045,0.012848705,0.40063334,0.388697135,0.869183919,0.524612489,0.333730399,0.138957435,0.389093258,0.527471685,0.821787468,0.613111368,-0.09315718,-0.56955254
0,0.8,0.494378413,0.27679822,0.747494875,0.230269781,0.757326883,0.213836081,0.765485265,0.083525788,0.360619868,0.689685317,0.847719419,0.427394417,0.13250959,-0.48667398
0,0.9,0.209444266,0.023323145,0.318546165,0.074890215,0.935491707,0.198216401,0.416784991,0.185264643,0.092194096,0.621981722,0.675649504,0.449443893,-0.31748128,-0.71127886
0,0.6,0.002569868,0.159984207,0.531697528,0.045177804,0.71797319,0.354776512,0.890459143,0.135276725,0.13142032,0.19675738,0.136006328,0.613111368,-0.30411658,-0.7158852
0,0.6,0.32605204,0.288477178,0.681720509,0.058762333,0.925350035,0.404553319,0.768844689,0.216659088,0.419337727,0.1938853,0.103519862,0.681193652,0.15914072,-0.3150497
0,0.6,0.166077739,0.35901069,0.309297636,0.02570912,0.959801029,0.106980456,0.836435362,0.216659088,0.426183016,0.163184851,0.154299471,0.688728152,-0.07475978,-0.6108184
0,0.6,0.033408288,0.219472173,0.326938256,0.099930342,0.951448695,0.18472503,0.819310475,0.217338563,0.363223252,0.140312239,0.374076359,0.114756744,-0.2168,-0.7225368
0,0.6,0.021522647,0.222918172,0.539655768,0.197424774,0.696619039,0.937616208,0.91412688,0.086102269,0.967019102,0.157381989,0.116605366,0.683896265,0.03432104,-0.52782464
0,0.6,0.454545455,0.257137505,0.865754729,0.173565677,0.952432615,0.33117257,0.529571387,0.216659088,0.192599897,0.359944346,0.08246201,0.683896265,0.06758807,-0.4878967
0,0.6,0.253132027,0.23838077,0.956307836,0.079975968,0.453744115,0.295711717,0.531561936,0.060233248,0.315737495,0.341675757,0.111780406,0.683896265,0.177899,-0.45454547
0,0.6,0.256986829,0.284066704,0.783539461,0.060050899,0.606826686,0.042215776,0.418654946,0.251887918,0.101164303,0.597736378,0.045659624,0.711383864,0.05657531,-0.5171856
0,0.6,0.235142949,0.276174732,0.532972741,0.119582305,0.947792662,0.588556475,0.426039468,0.154036216,0.098594506,0.647169888,0.337190872,0.711383864,-0.08035714,0.7867841
0,0.6,0.145840026,0.455726383,0.567534856,0.204718029,0.75894544,0.139608627,0.536948135,0.18803493,0.399666402,0.689742138,0.068502242,0.436608463,-0.039315324,-0.6330018
0,0.8,0.096370061,0.014156557,0.596093782,0.793843597,0.93866204,0.519241028,0.505043589,0.216659088,0.877325284,0.138277566,0.355184246,0.610599218,0.039748482,-0.48782185
0,0.8,0.290073884,0.009282512,0.410085736,0.898282686,0.757830391,0.568212092,0.469437252,0.167915789,0.918392974,0.216850947,0.349276892,0.406288222,-0.29693452,-0.7379679
0,0.9,0.136845487,0.083395327,0.322563144,0.763645682,0.401263598,0.050686596,0.351400286,0.02082386,0.966841346,0.21733644,0.14966367,0.628764013,-0.03433304,-0.58170414
0,0.8,0.082878252,0.132651101,0.583939384,0.8848142,0.571401163,0.265002914,0.608987011,0.02082386,0.946432412,0.139389639,0.405145751,0.643714026,-0.05114428,-0.6001212
0,0.8,0.165435271,0.050778557,0.379028059,0.693426787,0.69590809,0.409756679,0.597904447,0.078472253,0.347919635,0.309901976,0.074399541,0.643714026,-0.249593,-0.762204
0,0.8,0.182781882,0.183749538,0.293267159,0.500914435,0.971071733,0.319149867,0.327733653,0.216659088,0.678633922,0.573635678,0.660219727,0.656410413,-0.13954419,-0.6360505
0,0.8,0.052039833,0.057685372,0.215380289,0.79745332,0.262314346,0.64061693,0.758781885,0.293212412,0.669376666,0.625931389,0.490313084,0.714738685,-0.18873827,-0.58421344
0,0.8,0.106328301,0.018677463,0.633907065,0.782786203,0.95373222,0.29493004,0.72068605,0.216659088,0.750078779,0.363730668,0.484365508,0.65467023,-0.106640816,-0.58376694
0,0.8,0.038869258,0.096177086,0.278671653,0.634017283,0.888409187,0.140188169,0.794597406,0.216659088,0.728768044,0.471773135,0.415170002,0.708688758,0.13467939,-0.42231947
0,0.8,0.357211693,0.061930494,0.688724006,0.798454206,0.97923666,0.109555091,0.563121195,0.170011411,0.331375012,0.393552442,0.517827932,0.624791183,0.20972644,-0.47475892
0,0.9,0.383874076,0.165115617,0.504981337,0.124969373,0.994954346,0.235074087,0.669333724,0.216659088,0.343099941,0.179060509,0.292990443,0.653493255,0.21730262,-0.44063818
0,0.9,0.265338901,0.102765164,0.528979357,0.095092937,0.775067644,0.129980911,0.566516569,0.098026995,0.178579092,0.535831209,0.297686198,0.6556075,0.09824561,-0.50998825
0,0.9,0.211371667,0.063146345,0.451534942,0.103194677,0.979593109,0.168053107,0.309644963,0.216659088,0.425559182,0.442121154,0.550406415,0.707668523,0.09211514,-0.41541463
0,0.9,0.171217475,0.489192166,0.91264605,0.292169888,0.991730309,0.090844681,0.574632981,0.22073242,0.368372438,0.594793395,0.447061102,0.707668523,-0.013297098,-0.5656869
0,0.9,0.198201092,0.18381885,0.485496301,0.543616691,0.794060219,0.112405033,0.51626482,0.177956108,0.327546667,0.311318736,0.343988997,0.356052445,0.14541532,-0.5591419
0,0.9,0.625120463,0.095445267,0.633808032,0.48625713,0.736649594,0.139637191,0.489726782,0.090132211,0.80171966,0.244407334,0.12713581,0.765858316,-0.1476265,-0.59112823
0,0.9,0.727272727,0.011474968,0.201433178,0.456618214,0.897808884,0.3542778,0.289082183,0.216659088,0.831532648,0.463283926,0.218761846,0.581445039,-0.097640514,-0.54983747
0,0.9,0.56858336,0.042962533,0.298241654,0.813382217,0.92753923,0.215156338,0.359673675,0.216659088,0.870412612,0.182462858,0.138380767,0.581445039,0.03747341,-0.50550294
0,0.8,0.67298426,0.1190676,0.296490499,0.811097319,0.86748571,0.194353476,0.42628405,0.216659088,0.920770778,0.398887995,0.187253236,0.61382635,0.023541048,-0.49575758
0,0.8,0.523289431,0.101962948,0.246055255,0.159729987,0.919294443,0.26140071,0.282266378,0.216659088,0.730576831,0.534057222,0.247556784,0.404811994,-0.26652807,-0.68753463
0,0.6,0.202055895,0.136002341,0.444877864,0.655344691,0.035034153,0.188715095,0.902056756,0.253762365,0.533761154,0.693239068,0.264897875,0.502118734,-0.21166033,-0.56422144
0,0.8,0.141985223,0.218877629,0.110927178,0.314810639,0.255811629,0.412472067,0.875162106,0.02217344,0.205044508,0.734837829,0.046939715,0.581445039,-0.048483677,-0.55797935
0,0.6,0.229039512,0.06011322,0.318220146,0.065104256,0.756326058,0.199705853,0.8223138,0.158767623,0.107587147,0.718172893,0.172255659,0.581445039,-0.30171221,-0.6882759
0,0.7,0.02634115,0.117035822,0.418270682,0.175924293,0.723830592,0.192783558,0.688165157,0.086102269,0.368114082,0.235570415,0.110714517,0.61382635,-0.30016196,-0.6626395
0,0.6,0.020237713,0.179574144,0.378715491,0.097362532,0.941326918,0.240580466,0.891175682,0.262316392,0.154095191,0.496426002,0.098966213,0.61382635,-0.21249741,-0.6591166
0,0.8,0.402184388,0.126007409,0.403925701,0.838861387,0.535884788,0.733931472,0.617379258,0.024011375,0.526117432,0.112637309,0.533563169,0.61382635,0.20351018,-0.07030336
0,0.8,0.040154192,0.035542869,0.762867093,0.822862503,0.988516706,0.83690436,0.880312681,0.298938879,0.443679874,0.081833663,0.552733612,0.486428822,0.14790675,-0.33372572
0,0.8,0.295856087,0.06483867,0.567366719,0.642745782,0.756302476,0.660599464,0.692026687,0.086102269,0.595358152,0.495990004,0.530438358,0.486428822,0.28231707,-0.44129804
0,0.8,0.149694828,0.020416146,0.743784243,0.646120393,0.968510506,0.678269785,0.729313486,0.240944538,0.930168233,0.112331486,0.756399033,0.61986926,-0.31415713,-0.69595957
0,0.9,0.164150337,0.181111549,0.667204112,0.325374661,0.880868115,0.949251536,0.647549161,0.208920827,0.615621754,0.662927055,0.524473326,0.569294189,-0.057017542,-0.5548387
0,0.9,0.18888532,0.012808833,0.680844399,0.437698141,0.918040751,0.281095174,0.481103766,0.235204501,0.11804845,0.364008377,0.221910943,0.569294189,-0.10663557,-0.6425425
0,0.8,0.003533569,0.00601426,0.956498617,0.164418946,0.767828065,0.441919928,0.629658053,0.141615167,0.130291827,0.757956245,0.117838784,0.569294189,-0.15480837,-0.6950646
0,0.9,0.449405718,0.160503703,0.783671618,0.132350659,0.910105665,0.243092261,0.288748931,0.216659088,0.082913683,0.747553743,0.184352303,0.61986926,-0.03871215,-0.6286058
0,0.9,0.148409894,0.010254558,0.878193728,0.768498554,0.926835794,0.281075969,0.52306271,0.224509796,0.38095244,0.747164869,0.041589021,0.61986926,0.082791865,-0.58092487
0,0.9,0.27433344,0.203538826,0.673086299,0.153905873,0.805782467,0.425105549,0.258287191,0.23508628,0.491933334,0.605822759,0.082335272,0.383169484,-0.3284345,-0.7918552
0,0.6,0.029874719,0.147013218,0.511585003,0.410455,0.876193797,0.10616669,0.814190049,0.137842273,0.228097097,0.247529704,0.674496909,0.383169484,-0.2280665,-0.6961294
0,0.6,0.175072278,0.192464718,0.06741991,0.15163213,0.556934734,0.526138527,0.780544034,0.02082386,0.175386506,0.293430072,0.761270855,0.486428822,-0.3372831,-0.72709054
0,0.8,0.521040797,0.249471842,0.60838807,0.025555879,0.362482977,0.145012176,0.859659554,0.018338118,0.302609896,0.766215771,0.688622878,0.486428822,-0.3512257,-0.7285753
0,0.6,0.235785416,0.090310659,0.442510036,0.036760923,0.34174482,0.334364184,0.960029908,0.001482642,0.438906417,0.281998266,0.541960697,0.486428822,-0.3240853,-0.68567026
0,0.6,0.03083842,0.185278241,0.333927378,0.059341934,0.77244854,0.135915991,0.863707105,0.086102269,0.144637182,0.70787026,0.630913094,0.61986926,0.06906206,-0.48714125
0,0.8,0.357211693,0.064705954,0.527660036,0.986689543,0.690295972,0.912622847,0.623126923,1,0.591644145,0.213329359,0.629647991,0.61986926,-0.35762677,-0.7041618
0,0.8,0.369097334,0.040199883,0.683240026,0.562856737,0.614427445,0.172378159,0.892842135,0.938494017,0.594273901,0.710276551,0.850541425,0.515660557,0.044842426,-0.5600907
0,0.9,0.159331834,0.024499931,0.748187435,0.656752705,0.813216758,0.261520678,0.532371131,0.873735431,0.979059271,0.105446033,0.455058495,0.602486923,-0.28315243,-0.6885577
0,0.8,0.40057822,0.334126748,0.190851093,0.614680269,0.951632623,0.388114404,0.922808457,1,0.68896828,0.026078293,0.710311195,0.602486923,0.12477478,-0.47308567
0,0.8,0.301317058,0.002765662,0.08422518,0.498606834,0.910174395,0.717534005,0.422750364,1,0.697298438,0.048213393,0.666274121,0.61986926,-0.28383884,-0.74201477
0,0.9,0.334082878,0.009042561,0.104624618,0.892238542,0.591183434,0.502075376,0.296847901,0.02082386,0.545313743,0.384802779,0.957464808,0.482404969,0.10088394,-0.56829226
0,0.8,0.490523611,0.014798314,0.117144043,0.634455725,0.835463839,0.194849271,0.370090132,0.151815026,0.679089165,0.280588961,0.709621156,0.602486923,-0.09573422,-0.6435206
0,0.8,0.14166399,0.078062754,0.421432512,0.749042705,0.79785552,0.035795354,0.507167123,0.114146762,0.816843349,0.342283817,0.925264262,0.602486923,-0.3465681,-0.698455
0,0.8,0.538708641,0.099724133,0.492168735,0.501811673,0.787345504,0.451283155,0.441174003,0.107107726,0.927363036,0.124184742,0.876543196,0.602486923,0.09933775,-0.27829996
0,0.8,0.290716351,0.040003856,0.375213042,0.364451798,0.686685295,0.454761623,0.565559947,0.045241422,0.965337048,0.270920515,0.974600994,0.419755403,-0.20399429,-0.6462939
0,0.6,0.122389978,0.206961167,0.81249054,0.090592852,0.507775018,0.310307961,0.238289754,0.02082386,0.577218722,0.454658918,0.245057315,0.405351159,0.11495561,-0.4008287
0,0.6,0.291037584,0.119985844,0.904224142,0.064559896,0.576422191,0.047095574,0.343133329,0.019450308,0.334799185,0.15812533,0.446434622,0.547985096,0.046360016,-0.3876153
0,0.6,0.145197559,0.190788931,0.874657567,0.283425809,0.800361443,0.37529398,0.255167791,0.208352523,0.49365995,0.504074116,0.238779612,0.471452281,-0.09218107,-0.6232416
0,0.6,0.156761966,0.143618725,0.912945335,0.028548396,0.078273894,0.278283398,0.239619602,0.242965438,0.111105063,0.801943939,0.417845918,0.578682943,-0.32868218,-0.7356962
0,0.6,0.142948924,0.068681455,0.688400958,0.10061136,0.944721249,0.273856368,0.412381853,0.319248766,0.164294261,0.405095156,0.224717771,0.547985096,-0.29952788,-0.7462406
0,0.9,0.112110504,0.087416748,0.301836131,0.350799319,0.482741182,0.321760481,0.811324444,0.017341562,0.609397787,0.141633927,0.791408305,0.578682943,0.09166667,-0.47887757
0,0.8,0.037584324,0.049519163,0.715190177,0.10742176,0.926653813,0.375766316,0.830104024,0.216659088,0.946203194,0.419225121,0.911716013,0.466488638,-0.009944428,-0.50097805
0,0.8,0.314808866,0.030619926,0.502670507,0.477197176,0.380818237,0.247511269,0.87726879,0.015058064,0.621850658,0.155787157,0.908693654,0.547985096,-0.014488356,-0.5048948
0,0.8,0.200449727,0.043684485,0.804144967,0.152209839,0.804824355,0.369934188,0.981556236,0.1944774,0.464873982,0.411299299,0.923691231,0.547985096,-0.33933687,-0.77008384
0,0.8,0.181496948,0.037655857,0.778780547,0.206286239,0.393425485,0.177122309,1,0.010923715,0.628815832,0.448927166,0.973824439,0.547985096,-0.007528231,-0.5783784
0,0.8,0.568904594,0.153327959,0.205358578,0.899542535,0.602398348,0.15252009,0.439309336,0.02082386,0.70711643,0.480118706,0.191110585,0.578682943,0.18061441,-0.37878788
0,0.8,0.64760681,0.131604307,0.183960023,0.666634536,0.994647984,0.164169275,0.396914659,0.269947592,0.511018388,0.664001985,0.203818152,0.574786854,0.07433975,-0.5145372
0,0.8,0.490844844,0.039126915,0.343858014,0.644939872,0.853321887,0.211754567,0.364524423,0.102383243,0.14368519,0.806599419,0.207902225,0.446712231,0.025839793,-0.3768546
0,0.9,0.396080951,0.043100512,0.525449698,0.716398366,0.479378293,0.073427545,0.3134034,0.080648353,0.229869753,0.791345285,0.329314336,0.466488638,0.094450004,-0.5010846
0,0.8,0.550594282,0.098965286,0.739251306,0.702207841,0.597107688,0.123504698,0.564818783,0.044028753,0.502296923,0.648963683,0.277074015,0.466488638,-0.120485246,-0.5098452
0,0.9,0.432380341,0.012107331,0.06457572,0.294889653,0.975861946,0.479610219,0.292229877,0.216659088,0.955675474,0.377511841,0.390585305,0.466488638,-0.1495308,-0.7253521
0,0.8,0.490202377,0.079084182,0.418257735,0.281832184,0.994576332,0.154307701,0.249356376,0.317409898,0.626673557,0.549992848,0.577030302,0.466488638,-0.41881764,-0.72121215
0,0.9,0.553485384,0.052339389,0.307042965,0.134261243,0.809525108,0.343156256,0.387875088,0.160670864,0.73626048,0.246860955,0.56430585,0.574786854,-0.35453025,-0.7582622
0,0.9,0.516222294,0.009007882,0.169516332,0.747258824,0.90012747,0.609812105,0.272911412,0.21398917,0.576646061,0.5508122,0.435169174,0.598040112,-0.11690714,-0.49789134
0,0.9,0.516543527,0.111688823,0.171081078,0.602106203,0.812660381,0.382835198,0.609028801,0.198642557,0.521571668,0.433154137,0.348500906,0.466488638,-0.24112663,-0.690053
0,0.8,0.374558304,0.233931381,0.311396191,0.241831323,0.823712931,0.078774696,0.437197561,0.165185393,0.233214535,0.73300973,0.150282182,0.466488638,0.06378088,-0.5322884
0,0.9,0.50497912,0.08494006,0.3888329,0.097592562,0.71001167,0.016035375,0.262216438,0.078620441,0.34444888,0.797502331,0.448375345,0.466488638,0.055992298,-0.41680712
0,0.9,0.589142306,0.135009833,0.152613318,0.414953089,0.810868469,0.024971117,0.580053156,0.216659088,0.17388793,0.71547218,0.316167361,0.466488638,-0.1462766,-0.6264151
0,0.9,0.50048185,0.130031519,0.177375721,0.636032728,0.868925556,0.043311777,0.19965322,0.228602086,0.152968921,0.468879648,0.233118524,0.466488638,-0.01200453,-0.5375086
0,0.9,0.18438805,0.02477875,0.302442099,0.29216052,0.929910546,0.209124992,0.375022919,0.216659088,0.092356841,0.713671627,0.237442982,0.574786854,0.26665142,-0.28519857
0,0.6,0.582075169,0.164616859,0.752261805,0.364499682,0.809794879,0.378542478,0.295627184,0.215307764,0.497876714,0.372909803,0.188384581,0.574786854,-0.18113612,-0.72619045
0,0.6,0.309026662,0.258851595,0.64477151,0.04700572,0.962349038,0.076188271,0.479795069,0.216659088,0.485579077,0.141450568,0.136237795,0.574786854,-0.04207186,-0.58025455
0,0.6,0.695791841,0.202017428,0.306318263,0.063589645,0.911952743,0.375653398,0.25275834,0.216659088,0.268380616,0.104384462,0.143546667,0.574786854,0.018096514,-0.55231786
0,0.6,0.217475104,0.046955356,0.278624126,0.158267957,0.704667028,0.312333927,0.234163971,0.092341882,0.283210283,0.308058556,0.102363663,0.466488638,-0.3616248,-0.7274207
0,0.6,0.575971731,0.067801675,0.619107412,0.075623396,0.894861157,0.160654951,0.603715092,0.178634135,0.211767199,0.319530185,0.248434464,0.484244025,0.17943092,-0.34623173
0,0.8,0.41599743,0.068106645,0.953063338,0.189034552,0.49775404,0.783652246,0.387373456,0.042739723,0.648605661,0.07907128,0.714678911,0.466488638,-0.0627566,-0.59366757
0,0.8,0.169290074,0.253654888,0.992240667,0.186914584,0.697475309,0.825757048,0.510181221,0.050101112,0.918285511,0.07434469,0.716862105,0.574786854,-0.028201573,-0.61627907
0,0.6,0.264696434,0.192363796,0.859910654,0.907330218,0.699560366,0.660398301,0.251083245,0.073393948,0.678241875,0.177179535,0.917951027,0.574786854,-0.35530382,-0.74613005
0,0.8,0.095727594,0.258314972,0.597327913,0.954853563,0.7230834,0.623872442,0.722037207,0.086102269,0.499300954,0.175814541,0.974061788,0.539328277,0.16899225,-0.42312333
0,0.8,0.282043045,0.189517962,0.593384522,0.230507085,0.791073815,0.599965602,0.298933552,0.11137884,0.661661954,0.380402697,0.976584405,0.574786854,0.09055059,-0.130894
0,0.6,0.208801799,0.084782255,0.565260681,0.143623672,0.840648205,0.112243617,0.282276618,0.742553704,0.135362744,0.743242877,0.130357572,0.574786854,-0.23242366,-0.7253231
0,0.6,0.450369419,0.112919873,0.325646538,0.072283576,0.885723023,0.261860892,0.200371752,0.216659088,0.107902754,0.625922413,0.084002597,0.574786854,-0.07638682,-0.596455
0,0.6,0.546418246,0.217433737,0.076885056,0.473038839,0.88690882,0.43645293,0.212872971,0.182116737,0.212270012,0.532751706,0.166852979,0.574786854,0.031847134,-0.36690646
0,0.6,0.483456473,0.084791937,0.461465325,0.087276517,0.613378342,0.319925224,0.296735121,0.04117156,0.100069367,0.475959242,0.214355995,0.574786854,-0.22701149,-0.72547036
0,0.6,0.681657565,0.158227786,0.323748347,0.318435836,0.990277523,0.040204639,0.33623363,0.318043149,0.317262024,0.474856507,0.163042113,0.574786854,0.033407573,-0.437615
0,0.9,0.229039512,0.014276913,0.386923976,0.35327283,0.94378338,0.381849685,0.359902275,0.216659088,0.517766221,0.293630171,0.63586574,0.574786854,-0.27515233,-0.70798415
0,0.8,0.2107292,0.08925109,0.259138474,0.112214184,0.794610823,0.26071773,0.202120462,0.181016858,0.30320484,0.168535647,0.645677306,0.574786854,-0.019970775,-0.6228365
0,0.9,0.489238677,0.155628538,0.297122837,0.049537396,0.767177567,0.456338347,0.327434221,0.096231378,0.662187097,0.260179873,0.447081783,0.607743153,0.12227956,-0.5623003
0,0.9,0.4741407,0.07774944,0.42709668,0.314308995,0.950656355,0.383157787,0.252908845,0.216659088,0.544917065,0.049276253,0.412137208,0.539328277,-0.1954717,-0.65690374
0,0.9,0.39961452,0.191992307,0.534552787,0.112743292,0.601237595,0.254749954,0.266745832,0.063821712,0.185295322,0.218210395,0.403685228,0.539328277,-0.2918919,-0.6837338
0,0.9,0.37423707,0.466373977,0.47160717,0.421280386,0.34607542,0.323314961,0.361614187,0.003060751,0.614654731,0.044167675,0.461159561,0.563506972,-0.13930605,-0.58653843
0,0.9,0.384516544,0.418600213,0.791960584,0.039110416,0.997093594,0.327631748,0.374591331,0.28086607,0.427966615,0.378560696,0.474000886,0.563506972,0.035467528,-0.57278055
0,0.9,0.415354963,0.477463295,0.336961788,0.104409604,0.916011554,0.495296022,0.391392753,0.216659088,0.513628032,0.069888457,0.556715043,0.563506972,-0.23892894,-0.7488007
0,0.9,0.574686797,0.461617506,0.24449093,0.31140521,0.743904061,0.23934116,0.472274327,0.176573409,0.35596556,0.224717601,0.388150912,0.563506972,0.13516857,-0.48210973
0,0.9,0.07356248,0.297139479,0.426304696,0.262621521,0.670841628,0.209161092,0.405243294,0.02082386,0.252144483,0.12870623,0.397296156,0.563506972,-0.37286302,-0.7118187
0,0.6,0.108576935,0.080339502,0.868402451,0.958943845,0.910064901,0.614115278,0.971535814,0.216659088,0.475856768,0.150656243,0.309500148,0.311589224,-0.26829734,-0.70397943
0,0.8,0.305493093,0.031907467,0.784672934,0.417380595,0.808289364,0.20992952,0.78645424,0.094389786,0.8310393,0.307373583,0.181489125,0.359483919,-0.41997492,-0.7755715
0,0.8,0.12174751,0.071237991,0.503212247,0.382219793,0.906946741,0.285157438,0.855146122,0.20949959,0.769372603,0.2561039,0.056678236,0.563506972,-0.012298632,-0.4720403
0,0.8,0.197237392,0.02953993,0.825137637,0.64925509,0.472726604,0.145365882,0.881444669,0.02082386,0.802741847,0.418374844,0.131241702,0.360833839,0.10452218,-0.494482
0,0.8,0.110183103,0.060532845,0.4465431,0.567707052,0.899802186,0.228901866,0.924964231,0.177970987,0.217785167,0.321732741,0.310896732,0.539328277,-0.3797706,-0.7619175
0,0.6,0.283649213,0.357622296,0.969208822,0.065464786,0.324675565,0.38968031,0.269352905,0.012634212,0.107660272,0.430127251,0.493320265,0.539328277,-0.07807661,-0.6006776
0,0.6,0.491166078,0.292043833,0.604859979,0.101874392,0.617231521,0.364910112,0.256665626,0.086102269,0.180701968,0.563214244,0.214073491,0.539328277,-0.31937698,-0.76123405
0,0.6,0.386122711,0.409149752,0.981914655,0.021366633,0.184039304,0.165142391,0.240275095,0.191476398,0.207228413,0.577035447,0.5924172,0.334765854,-0.2568282,-0.74655646
0,0.6,0.4204947,0.358908314,0.62221768,0.15459044,0.465034576,0.1260532,0.430445131,0.015587725,0.571917511,0.472332988,0.206242299,0.272535735,-0.12025875,-0.65652174
0,0.6,0.259235464,0.452991084,0.323151486,0.116986893,0.415604393,0.429973071,0.228381896,0.004591125,0.172725229,0.332194076,0.232159262,0.525063103,0.12068965,-0.46097633
0,0.9,0.442659814,0.187126997,0.812489923,0.061581793,0.924577312,0.552754557,0.215231833,0.216659088,0.31554004,0.373599393,0.711698862,0.201251516,-0.17319098,-0.7160208
0,0.6,0.149052361,0.190113914,0.357629588,0.451282383,0.509473088,0.495316563,0.299281503,0.02082386,0.21187888,0.307118572,0.705547138,0.264428454,-0.024487095,-0.5563003
0,0.9,0.144233858,0.23164607,0.55638497,0.068713816,0.316319197,0.142037161,0.329135637,0.016016167,0.28148315,0.426667462,0.741393108,0.344353243,0.0968572,-0.45816025
0,0.9,0.069386444,0.203554036,0.628156754,0.202968671,0.757502603,0.283679776,0.373164132,0.15702293,0.199532459,0.155824711,0.702444145,0.240363405,0.052506533,-0.4232691
0,0.9,0.06906521,0.24831906,0.262657317,0.217358963,0.900091157,0.495548599,0.452064588,0.216659088,0.45625569,0.21257877,0.752674873,0.264428454,-0.07625708,-0.6325294
0,0.6,0.445229682,0.20276013,0.442155882,0.046000372,0.931968542,0.370334932,0.3585671,0.216659088,0.803703696,0.202866219,0.854685832,0.310339081,0.038806535,-0.4968387
0,0.9,0.18342435,0.204912886,0.596498825,0.190996242,0.801792316,0.248250039,0.484658918,0.111886134,0.750196249,0.458040478,0.805521942,0.164205308,0.020992678,-0.504
0,0.8,0.412463861,0.176208306,0.217849868,0.371296761,0.642920168,0.175659718,0.357303981,0.075945739,0.431249731,0.208921333,0.629740768,0.306576613,-0.07275119,-0.5880767
0,0.9,0.072277546,0.212804523,0.600604693,0.036016244,0.817982971,0.01991082,0.474504761,0.204447431,0.721580051,0.148634183,0.893285886,0.306576613,0.12384536,-0.41687414
0,0.9,0.406360424,0.173808328,0.330487588,0.056460877,0.704540003,0.308974333,0.38152694,0.084888894,0.872312151,0.035035844,0.892562266,0.164205308,0.13794212,-0.48039758
0,0.6,0.266945069,0.448300314,0.188306916,0.21473259,0.598501761,0.671814478,0.556032831,0.041051034,0.125623874,0.526733269,0.739121691,0.347706551,0.13965726,-0.42194468
0,0.6,0.456151622,0.328458299,0.061211774,0.231145491,0.71761855,0.173433562,0.557434735,0.083007193,0.356577759,0.704093532,0.698609753,0.339390929,0.07134424,-0.52309823
0,0.6,0.364921298,0.461115194,0.199961076,0.0340059,0.768838003,0.211960713,0.606945083,0.182651984,0.242324103,0.537600708,0.955352762,0.246182156,0.039341263,-0.34918085
0,0.6,0.435913909,0.440656832,0.561798333,0.122418596,0.518212269,0.340062123,0.888684644,0.044215913,0.221060886,0.664840398,0.819503529,0.347706551,0.16862796,-0.3675787
0,0.6,0.367491166,0.402308856,0.677721521,0.036707732,0.973471987,0.50824869,0.95998066,0.186429034,0.070780948,0.751100994,0.576757095,0.30451146,-0.31865472,-0.738437
0,0.8,0.370382268,0.107246855,0.420181287,0.564393972,0.926091593,0.095660059,0.714906934,0.216659088,0.791241852,0.176256496,0.407895661,0.302156097,0.17177737,-0.43361065
0,0.8,0.550915516,0.116062218,0.413353885,0.519273161,0.366494763,0.166500085,0.874228134,0.018808528,0.569948315,0.327323924,0.23580867,0.347706551,0.05027377,-0.5387097
0,0.8,0.469964664,0.175796171,0.200126412,0.143296263,0.548891615,0.178527285,0.789184019,0.02082386,0.941949994,0.204912936,0.454225781,0.347706551,-0.2878503,-0.7449958
0,0.8,0.575650498,0.220414272,0.608244032,0.428263964,0.719205665,0.193488295,0.81515922,0.086102269,0.489543698,0.161990862,0.220131489,0.486850131,0.033854682,-0.5641026
0,0.6,0.42691937,0.260688314,0.084424003,0.615466136,0.428885304,0.271972977,0.730107133,0.02082386,0.48200349,0.230875395,0.36975247,0.267669924,-0.18131459,-0.6730679
0,0.9,0.5795053,0.089178073,0.365596403,0.078290855,0.127109857,0.466249513,0.566092004,0.109616092,0.680531544,0.266798993,0.659498953,0.276347961,0.08639947,-0.41490716
0,0.9,0.680372631,0.42327687,0.598495517,0.102423397,0.025701064,0.121602711,0.282481916,0.442639892,0.560774171,0.144696046,0.537438163,0.276347961,0.07321275,-0.5103874
0,0.9,0.243495021,0.399717294,0.870136511,0.101111868,0.08484235,0.345347406,0.436906297,0.313254326,0.418084295,0.381492743,0.602566671,0.302156097,-0.016936323,-0.54736537
0,0.9,0.396723418,0.275587735,0.154354875,0.320384479,0.021427194,0.397124168,0.308086653,0.268849269,0.463595113,0.246169069,0.942522632,0.240998711,-0.18513988,-0.5356577
0,0.9,0.597815612,0.074116393,0.755907255,0.096217395,0.197842157,0.664502135,0.59045288,0.302441992,0.421971422,0.368300362,0.707087156,0.240998711,-0.38098747,-0.7351852
0,0.8,0.354963058,0.069061669,0.482217839,0.559714734,0.281458328,0.481100036,0.330234517,1,0.767192073,0.65206952,0.152945955,0.29467967,-0.22920588,-0.68698347
0,0.9,0.391583681,0.161157496,0.300935165,0.584094745,0.843977911,0.176293714,0.662724973,1,0.813400667,0.697335804,0.177107369,0.33060239,-0.33559322,-0.71517414
0,0.8,0.462576293,0.120059403,0.350185009,0.792543458,0.04926062,0.188621746,0.276931498,1,0.959020157,0.048405548,0.194818239,0.29467967,-0.29034713,-0.6668305
0,0.6,0.724381625,0.124500852,0.561959633,0.95443417,0.060517794,0.056111538,0.832952661,0.665956085,0.604150008,0.327603593,0.131273197,0.124886587,0.09971634,-0.52645206
0,0.9,0.397687119,0.054227094,0.393192376,0.546484701,0.877121091,0.470994635,0.325879641,1,0.52603846,0.433521681,0.147880042,0.388192567,-0.339895,-0.8026926
0,0.6,0.27336974,0.418121512,0.565668415,0.504092292,0.964666232,0.114601531,0.247379303,0.350499917,0.726252848,0.700773591,0.704136135,0.60720492,0.13814351,-0.43291473
0,0.6,0.256344362,0.081332921,0.602888228,0.074687701,0.522946622,0.401920584,0.461484013,0,0.090490477,0.617434338,0.538285107,0.302835265,0.030749243,-0.47043365
0,0.6,0.4741407,0.216745241,0.583630851,0.109081849,0.702706839,0.194167628,0.4284914,0.127084334,0.196816758,0.71586304,0.52599532,0.256604507,-0.36248264,-0.73949367
0,0.6,0.469322197,0.181930325,0.544794954,0.091941051,0.844847676,0.443955496,0.310534599,0.179098723,0.331741297,0.747036576,0.563434052,0.343604072,-0.34910995,-0.7403755
0,0.6,0.33697398,0.048288955,0.456950939,0.264967063,0.930611338,0.33794536,0.306161866,0.216659088,0.1639888,0.438566061,0.830456116,0.408483149,-0.43615353,-0.7878825
0,0.8,0.488274976,0.041785158,0.302823856,0.730423347,0.564270034,0.016745947,0.336751797,0.02082386,0.736375877,0.322333889,0.459112212,0.493642381,0.22800577,-0.30902624
0,0.9,0.666238355,0.094624851,0.090094322,0.700820077,0.820240827,0.148229072,0.551247313,0.141965908,0.585459808,0.101295055,0.381235346,0.135123837,-0.2414905,-0.7299051
0,0.9,0.680693864,0.027104015,0.1996489,0.600830175,0.528085423,0.041034084,0.399850742,0.036301596,0.899976854,0.131913277,0.512298704,0.10871233,-0.28708544,-0.7036478
0,0.9,0.412785095,0.029201031,0.072132853,0.854715445,0.545590917,0.055150699,0.251908263,0.057296469,0.590163019,0.209038173,0.528996049,0.343604072,-0.37954497,-0.7209549
0,0.8,0.460648892,0.060260039,0.52216692,0.841476539,0.984595771,0.113997072,0.834465372,0.278964883,0.994035174,0.139074118,0.544671523,0.143407644,0.11062135,-0.47816285
0,0.9,0.327336974,0.171942711,0.868866847,0.597255836,0.575747554,0.163359156,0.223661035,0.027371157,0.291031373,0.201646257,0.250629421,0.404000693,-0.32489452,-0.715847
0,0.9,0.309990363,0.129302297,0.60002658,0.400039378,0.867685221,0.345594514,0.339823863,0.202241511,0.727821965,0.090411367,0.221593718,0.404000693,-0.02513258,-0.46587536
0,0.9,0.223257308,0.233383783,0.649969993,0.348507479,0.729724168,0.350891465,0.284995683,0.132150405,0.559510882,0.238931625,0.125347628,0.425978862,-0.055555556,-0.655496
0,0.9,0.187600385,0.073933672,0.790387488,0.111899052,0.886494215,0.233380069,0.450611581,0.216659088,0.649212536,0.356872219,0.216147591,0.806895592,-0.08223944,-0.48261294
0,0.8,0.196916158,0.033728399,0.872258746,0.384104061,0.992671934,0.08783308,0.308921143,0.321639207,0.793594023,0.218177433,0.250394159,0.788743102,-0.380042,-0.7298795
0,0.6,0.566013492,0.152668003,0.429875269,0.066639306,0.135371235,0.437876746,0.21642769,0.349349363,0.092148051,0.747755828,0.07631484,0.143407644,0.066200465,-0.5009367
0,0.6,0.502730485,0.212861453,0.33038819,0.1842796,0.013073712,0.21017991,0.595333264,0.069855979,0.110849788,0.78925423,0.101135557,0.345263434,-0.09118012,-0.54231536
0,0.6,0.520719563,0.175724192,0.890060779,0.103448356,0.260731858,0.771392159,0.246460011,0.018508303,0.163434328,0.515913031,0.115905082,0.177952171,0.08541071,-0.45277506
0,0.6,0.315451333,0.12329271,0.407412738,0.036785625,0.101766459,0.124690644,0.202880764,0.076692081,0.354576272,0.612637051,0.298864215,0.317826956,-0.38567933,-0.73653334
0,0.6,0.358817861,0.312536758,0.657951323,0.167211554,0.475699095,0.335656242,0.244859755,0.02082386,0.101289981,0.591250451,0.190367802,0.127809851,-0.058061633,-0.61706483
0,0.9,0.268551237,0.067735675,0.70707938,0.33378632,0.702289382,0.744878595,0.258390698,0.086102269,0.253748279,0.047636078,0.301992632,0.298289545,-0.26490566,-0.51605606
0,0.9,0.347574687,0.171121695,0.920912038,0.087749378,0.590646048,0.60725011,0.217897625,0.07439197,0.243165572,0.264409699,0.182928019,0.39894149,-0.22832167,-0.6504581
0,0.8,0.32059107,0.041846138,0.732821382,0.204673838,0.289451222,0.493959842,0.251747379,0.004719836,0.432028547,0.030341597,0.251160278,0.458075241,0.09125279,-0.48664606
0,0.9,0.143912624,0.068910096,0.698398148,0.089884389,0.770674576,0.566022279,0.421562972,0.042976951,0.264461301,0.261408089,0.204186413,0.55598505,-0.21553513,-0.64857256
0,0.9,0.405396723,0.133164123,0.709663041,0.07513615,0.583616206,0.836663209,0.211835512,0.02082386,0.211934581,0.222712461,0.48066696,0.359287393,0.124039516,-0.36100057
0,0.6,0.680693864,0.103095961,0.228596672,0.256584161,0.542512131,0.266042759,0.267278126,0.085510822,0.278367344,0.587865822,0.365660238,0.39894149,-0.19079523,-0.5531915
0,0.6,0.654352714,0.03553059,0.185578377,0.196976768,0.678151189,0.26720865,0.493746869,0.065101973,0.515644995,0.33544822,0.636404755,0.447899202,-0.5556546,-0.7938547
0,0.6,0.3160938,0.002237914,0.07228094,0.060856702,0.425454938,0.353969432,0.32349874,0.02082386,0.091558135,0.793759804,0.745936891,0.827987697,-0.06776798,-0.610647
0,0.6,0.614519756,0.208947809,0.183559603,0.040221036,0.82230098,0.311654108,0.205851356,0.188787211,0.58639361,0.249285172,0.716805187,0.337052618,0.10408114,-0.34371606
0,0.6,0.496305814,0.116624668,0.187099939,0.258817705,0.410162013,0.170525642,0.279590977,0.005776134,0.29799159,0.663125064,0.564104549,0.298289545,-0.33009022,-0.66538954
0,0.9,0.470607131,0.143059748,0.471593327,0.430852265,0.567182979,0.647429346,0.648861015,0.02082386,0.600167394,0.104225142,0.194157608,0.574414365,-0.25790215,-0.68864864
0,0.9,0.716672021,0.14860529,0.19800838,0.541530999,0.929677643,0.961733813,0.421596198,0.216659088,0.972401161,0.228736676,0.11570454,0.574414365,-0.12127317,-0.6180233
0,0.9,0.687118535,0.027654301,0.185003598,0.555636821,0.547869503,0.870440619,0.40402524,0.013084992,0.558440582,0.142883319,0.374164772,0.574414365,-0.010218978,-0.53097343
0,0.9,0.556376486,0.178238398,0.220955792,0.248895715,0.81180265,0.928067134,0.40440624,0.086102269,0.647448998,0.471268504,0.163555705,0.848651717,-0.088575095,-0.6825397
0,0.9,0.713780919,0.020266454,0.131199252,0.197351448,0.692101727,0.579226917,0.563696147,0.086102269,0.854357342,0.063599921,0.090864281,0.916372745,-0.0632466,-0.61536294
0,0.6,0.656922583,0.440255395,0.372028877,0.059698798,0.372972194,0.626261473,0.617907961,0.001609535,0.288366075,0.495028355,0.633086043,0.097019317,0.16597717,-0.41097423
0,0.8,0.46867973,0.372878619,0.486757278,0.080597138,0.47935172,0.745162045,0.812905266,0.024527339,0.53836602,0.247409666,0.236600592,0.205375055,0.29680496,-0.387336
0,0.6,0.444265981,0.268161596,0.782114998,0.055405173,0.19341281,0.709038146,0.43746503,0.013641448,0.077443472,0.431519043,0.548894856,0.113390686,-0.04961738,-0.41450432
0,0.8,0.360745262,0.319786396,0.734274652,0.418537527,0.432197131,0.685515276,0.80731738,0.02313734,0.362161383,0.299548867,0.525597272,0.392995203,0.19712448,-0.36112893
0,0.6,0.62576293,0.393023921,0.495170218,0.029011925,0.526140677,0.483769479,0.80239868,0.057288812,0.257674794,0.434407062,0.256210444,0.782824125,-0.34715027,-0.7240822
0,0.9,0.301959525,0.08302955,0.202101778,0.207750082,0.745864041,0.595473786,0.326274373,0.086102269,0.355448155,0.502077926,0.14690655,0.90595433,0.1518485,-0.48181486
0,0.9,0.62126566,0.110661498,0.501466249,0.3212521,0.994571185,0.512253584,0.6001878,0.329211888,0.302242644,0.547284268,0.307461716,0.921413379,-0.06637759,-0.5838494
0,0.9,0.659171217,0.131291339,0.191299796,0.171617869,0.461946538,0.723356166,0.200454325,0.02082386,0.170555399,0.268620696,0.035836104,0.074720921,0.22214076,-0.42416108
0,0.8,0.518792162,0.099955278,0.283497739,0.093290855,0.87476355,0.347460887,0.296465146,0.179193663,0.358038276,0.193224108,0.187075651,0.571355879,-0.016912866,-0.5589104
0,0.9,0.539029875,0.168839777,0.202378252,0.19125989,0.678602663,0.66345913,0.264819249,0.086102269,0.239977204,0.438445945,0.348421221,0.813486042,0.006304177,-0.57625
0,0.6,0.348538387,0.462581728,0.21018954,0.02201366,0.301944732,0.464297083,0.660849848,1,0.424544935,0.362482592,0.976928001,0.782824125,-0.22994849,-0.7187661
0,0.8,0.15258593,0.035491317,0.729187084,0.235086616,0.081398941,0.021614684,0.983068868,0.601650525,0.556628388,0.193148716,0.942867936,0.90595433,0.028410034,-0.45400298
0,0.9,0.193061356,0.112571534,0.390675017,0.40655954,0.2886721,0.274029088,0.199317995,0.800400127,0.130651459,0.448819534,0.600829906,0.879609671,-0.18629251,-0.68091166
0,0.9,0.412463861,0.247391133,0.340934575,0.09511748,0.138576942,0.365987637,0.433757754,0.538649815,0.26101221,0.524148055,0.869963827,0.373723875,-0.030829353,-0.54155844
0,0.8,0.337295214,0.36701644,0.548433567,0.204556425,0.158653367,0.162172359,0.338073357,1,0.621123553,0.535022638,0.931542723,0.416026536,0.15165165,-0.4169279
0,0.6,0.553485384,0.224103175,0.149795343,0.13133559,0.683741812,0.448500915,0.752035808,0.047568077,0.402288762,0.092948607,0.165447857,0.472417729,0.00778761,-0.44410098
0,0.6,0.538708641,0.164660263,0.139631612,0.195992674,0.549686181,0.772135305,0.814274575,0.02082386,0.50120114,0.064667114,0.169381098,0.416026536,-0.065469354,-0.6725127
0,0.6,0.570510761,0.319806234,0.32155555,0.176236398,0.726869518,0.710541455,0.219292328,0.086102269,0.813118896,0.074509814,0.30116523,0.437630966,-0.30692422,-0.770092
0,0.6,0.472855766,0.387069983,0.075423743,0.083169665,0.110608492,0.512791435,0.567562729,0.025539176,0.477341543,0.126097106,0.306430926,0.783711153,-0.3500586,-0.7389664
0,0.6,0.371988436,0.160442169,0.246786431,0.126797367,0.425463286,0.50316542,0.30496163,0.017390712,0.412340118,0.208007348,0.136309133,0.702556192,0.09981516,-0.51666147
0,0.9,0.278188243,0.18836361,0.705174828,0.136905595,0.112088651,0.209753883,0.353555705,0.136162387,0.420546592,0.142617913,0.222467413,0.226572013,0.049045835,-0.5134828
0,0.9,0.184066817,0.131718696,0.909185663,0.630092441,0.485293851,0.095560146,0.593825721,0.01401085,0.282583839,0.644304257,0.241992837,0.226572013,-0.012655623,-0.57876164
0,0.9,0.064246707,0.293227625,0.555041269,0.138983537,0.262475388,0.098477426,0.414696222,0.091554443,0.302680483,0.49122261,0.309078004,0.11712041,0.056988083,-0.5860058
0,0.9,0.299068423,0.080589689,0.581623903,0.206303996,0.199600679,0.225014874,0.474988558,0.012744332,0.36940808,0.650898409,0.251670645,0.419537181,-0.031891122,-0.51010704
0,0.9,0.34243495,0.046052945,0.607381429,0.36021917,0.479713942,0.282046532,0.432626555,0.014084073,0.433468755,0.581023725,0.342151866,0.642275444,0.17310345,-0.16013546
0,0.9,0.416318664,0.326716777,0.064413467,0.342044411,0.7173677,0.597796816,0.352989395,0.186631157,0.339457338,0.275811533,0.17048607,0.642275444,-0.002438175,-0.4736303
0,0.9,0.296819788,0.331741496,0.382233017,0.028458565,0.958097393,0.21051514,0.318004417,0.324653626,0.15033475,0.378129857,0.128361259,0.202805292,-0.123488605,-0.6134358
0,0.9,0.672663026,0.303078242,0.374370223,0.089429808,0.933524979,0.344582138,0.28670436,0.460718584,0.100431589,0.548133023,0.155402547,0.784026083,0.20811856,-0.29130548
0,0.9,0.546097013,0.393232342,0.53781309,0.25152916,0.914874174,0.060536259,0.458172851,0.216659088,0.406424636,0.201855073,0.065444025,0.10134106,-0.24538644,-0.71601206
0,0.9,0.513652425,0.245462482,0.152910067,0.116934573,0.845872778,0.31343406,0.419729479,0.360012753,0.244703685,0.21380095,0.05983644,0.122832219,0.032956503,-0.51812303
0,0.9,0.390619981,0.041577775,0.936636729,0.888205146,0.520322927,0.658142609,0.380697502,0.02082386,0.764626453,0.021317502,0.342292265,0.111450765,0.14356743,-0.31163144
0,0.8,0.309669129,0.158135046,0.681083547,0.640056939,0.304729469,0.277940997,0.29989633,0.019631019,0.977447122,0.002020125,0.335066304,0.084390694,-0.37293795,-0.76640624
0,0.9,0.364600064,0.048077764,0.582890317,0.319213039,0.537374374,0.507432129,0.419604268,0.02013828,0.766886441,0.182515139,0.396779148,0.127345901,-0.18934485,-0.68916154
0,0.7,0.201092194,0.125697685,0.822205931,0.372358056,0.801097644,0.808440189,0.659387647,0.086102269,0.770374672,0.349741891,0.102002611,0.105620966,-0.26111054,-0.73425364
0,0.9,0.412463861,0.151680365,0.948065051,0.276573019,0.511692474,0.567195098,0.417795162,0.02082386,0.758848161,0.095596369,0.32091586,0.170286718,-0.18869807,-0.7071929
0,0.6,0.539672342,0.150358295,0.203591114,0.067631574,0.199571705,0.188016071,0.805724246,0.246213279,0.401105328,0.488344315,0.338532246,0.088234633,0.091604955,-0.46905273
0,0.6,0.706071314,0.183328274,0.262171175,0.181918231,0.45452616,0.040834988,0.707306282,0.02901717,0.314650458,0.325661774,0.4858395,0.652198967,0.072649576,-0.47243425
0,0.6,0.652746547,0.171113432,0.066858778,0.311945056,0.403100519,0.028870264,0.637568635,0.018297349,0.271334142,0.571679286,0.375100129,0.656410413,0.017147636,-0.59755266
0,0.6,0.639897205,0.092593605,0.127666033,0.638001986,0.042351645,0.131981109,0.801165907,0.079248408,0.341395283,0.434916491,0.561537157,0.361465884,-0.07712716,-0.5072925
0,0.6,0.722132991,0.186670847,0.382765734,0.078187507,0.836122824,0.215529856,0.57085128,0.209830129,0.349204613,0.527460929,0.433869162,0.093214855,0.13765979,-0.37622598
0,0.9,0.416639897,0.208134803,0.852637407,0.084506121,0.607466888,0.471638112,0.351790125,0.086102269,0.505041193,0.23108287,0.06427075,0.310339081,-0.055217136,-0.55337
0,0.9,0.547381947,0.169907656,0.622623284,0.163550425,0.594529766,0.179107799,0.688986032,0.047668493,0.292057944,0.707975674,0.12583333,0.806684948,0.123104475,-0.32133862
0,0.9,0.614840989,0.12017362,0.510826029,0.041289778,0.465640762,0.445267974,0.614590011,0.008455113,0.210640904,0.661337691,0.089471491,0.795580266,0.08365468,-0.4829343
0,0.9,0.720848057,0.165529402,0.658580775,0.260629874,0.42542906,0.205132132,0.506792674,0.009788184,0.309291768,0.191370861,0.063623021,0.170326087,-0.17563902,-0.64849603
0,0.9,0.481850305,0.159298319,0.385502792,0.114479055,0.484080577,0.469552222,0.356223135,0.024202964,0.338376317,0.357144821,0.200293395,0.249742591,-0.3946741,-0.78031456
0,0.9,0.22165114,0.10195113,0.761669,0.367940703,0.728628805,0.017182548,0.255750793,0.973911196,0.425316157,0.290016891,0.063117207,0.671331331,0.29138687,-0.31437856
0,0.9,0.434307742,0.31159751,0.174868451,0.022695105,0.815571934,0.257937557,0.262177568,0.735654241,0.116465283,0.804147656,0.231522726,0.170286718,-0.12870201,-0.66415095
0,0.9,0.376164472,0.267480302,0.499241842,0.050255644,0.635833561,0.370166588,0.38535702,0.725280864,0.263253884,0.555353935,0.438279756,0.717358497,-0.18481013,-0.687188
0,0.8,0.730163829,0.306223633,0.185321546,0.281690333,0.856688114,0.195789811,0.725464662,1,0.532961388,0.213999527,0.185354253,0.688728152,-0.314597,-0.7661344
0,0.9,0.270799872,0.072944084,0.783546747,0.267460119,0.916204248,0.789516341,0.437333821,1,0.154862423,0.799930133,0.456790896,0.656738308,0.05551594,-0.4736173
0,0.8,0.605525217,0.210153447,0.319078993,0.023029227,0.692340821,0.152853619,0.250921453,0.077742476,0.399554995,0.102363512,0.394289165,0.714961347,-0.3619086,-0.7387713
0,0.8,0.528750402,0.098136239,0.223439887,0.221952637,0.756952696,0.216913683,0.224095663,0.100381921,0.584869003,0.345535924,0.184868361,0.743605826,0.108011566,-0.52088165
0,0.9,0.596530678,0.083835102,0.098666685,0.026370538,0.7286967,0.258463739,0.46992172,0.101584707,0.186143077,0.32994321,0.329844245,0.708688758,0.068882465,-0.52144825
0,0.9,0.717956955,0.092264088,0.401030117,0.176095108,0.489058127,0.056268699,0.244425443,0.02082386,0.49247494,0.372777461,0.049260651,0.707668523,-0.28562972,-0.58680445
0,0.9,0.612592355,0.090214538,0.262586559,0.110358385,0.573484481,0.330143907,0.25731804,0.032394724,0.330003195,0.445226011,0.157249544,0.631242709,-0.29746467,-0.72694486
0,0.9,0.672020559,0.230981474,0.197544881,0.118342744,0.608017213,0.591902941,0.250280541,0.031125273,0.953888618,0.050625307,0.369132251,0.789686873,-0.33363006,-0.7250432
0,0.9,0.46321876,0.199909079,0.417036494,0.224283645,0.404374732,0.403059127,0.597264542,0.02081139,0.808786631,0.015831733,0.435703826,0.581445039,-0.3303041,-0.75837374
0,0.9,0.425634436,0.280618501,0.117193111,0.222953105,0.564980845,0.219934157,0.480557068,0.041895383,0.634284647,0.422071021,0.385899037,0.531382696,-0.45858783,-0.7107651
0,0.9,0.671378092,0.386447891,0.377582383,0.36330854,0.605531951,0.505122469,0.388527503,0.08479394,0.770330705,0.148620487,0.227337338,0.578682943,-0.35990503,-0.76413643
0,0.9,0.476389335,0.329289355,0.341145728,0.559708315,0.504705066,0.502741096,0.773927943,0.02082386,0.72320246,0.417126148,0.068708096,0.446712231,0.14079823,-0.36563876
0,0.8,0.364278831,0.068262603,0.686298619,0.551741518,0.743006818,0.094392067,0.566169348,0.100146444,0.863528033,0.363808639,0.480335886,0.466488638,-0.41361257,-0.76542705
0,0.9,0.164792804,0.029939993,0.289162524,0.473607754,0.360104149,0.046476772,0.464944774,0.014447121,0.713561981,0.212302093,0.526890644,0.466488638,0.1641051,-0.43979505
0,0.8,0.213941535,0.175722369,0.807581422,0.422797268,0.359064438,0.035809818,0.308694536,0.002770509,0.907496649,0.540219685,0.408485144,0.495126585,0.14005168,-0.23381117
0,0.8,0.4741407,0.066710034,0.793223579,0.61052663,0.575078274,0.024941946,0.527076206,0.026978628,0.697626105,0.597494469,0.358377549,0.347706551,-0.20894738,-0.6012548
0,0.9,0.22165114,0.086195218,0.606269142,0.170252663,0.749630543,0.263107004,0.305730001,0.086102269,0.780119756,0.324840642,0.495670419,0.408483149,0.1839585,-0.4954296
0,0.9,0.214905236,0.051872794,0.366661108,0.099988989,0.633337725,0.396814099,0.236362363,0.066862013,0.13366296,0.690216386,0.214751007,0.343604072,-0.2865009,-0.68265766
0,0.9,0.554770318,0.063526121,0.49282324,0.191810969,0.300989263,0.4406224,0.394721989,0.010501542,0.093166811,0.558172701,0.404502954,0.574707781,-0.31961057,-0.7629134
0,0.9,0.561837456,0.126046555,0.235324312,0.431579053,0.476834736,0.407177182,0.219153246,0.024792691,0.079403933,0.659611653,0.080476132,0.574414365,-0.3639489,-0.71182
0,0.9,0.462576293,0.067682739,0.320102111,0.131433328,0.647261551,0.369232611,0.302059227,0.036646127,0.119551389,0.646800925,0.28548729,0.095498303,-0.43425015,-0.65869516
0,0.9,0.547381947,0.113404113,0.454491476,0.302209695,0.179410446,0.023612694,0.448674581,0.005854904,0.252979398,0.798375306,0.151603444,0.141591214,-0.14943987,-0.63893914
0,0.6,0.541599743,0.290744071,0.325600524,0.134259925,0.937463583,0.343777854,0.950840226,0.299823138,0.440540012,0.185923343,0.699242684,0.6556075,-0.2021196,-0.5746158
0,0.6,0.468037263,0.10122395,0.636988862,0.297327989,0.997802178,0.137729977,0.532310873,0.270126572,0.637851798,0.293343409,0.403710842,0.61986926,-0.024941543,-0.470506
0,0.6,0.477674269,0.270200298,0.389396218,0.075025959,0.918538137,0.099275147,0.929166866,0.204913919,0.663779531,0.529421473,0.451329971,0.539328277,0.09069882,-0.5162535
0,0.6,0.540957276,0.290172088,0.326521162,0.125205177,0.907619708,0.500610233,0.954943813,0.216659088,0.446014254,0.247099227,0.650086573,0.109940707,0.039882913,-0.53271025
0,0.6,0.367169933,0.228130585,0.24315785,0.209973554,0.370758512,0.251922377,0.781785646,0.052829751,0.599255679,0.386529359,0.490063972,0.131225097,0.12209684,-0.37069455
0,0.9,0.404433023,0.154183423,0.725213093,0.134825083,0.446939036,0.491743288,0.277294227,1,0.136902533,0.46767756,0.105345989,0.613111368,-0.33814767,-0.74584854
0,0.9,0.311275297,0.000718051,0.085256298,0.131606022,0.040307979,0.286185372,0.328368626,0.595945848,0.104990797,0.480583849,0.280928139,0.095635166,-0.29347622,-0.70719606
0,0.9,0.35785416,0.145684651,0.73591747,0.093024846,0.384071909,0.088851533,0.214803085,0.799402564,0.08959861,0.763380163,0.088930768,0.137877683,0.11801592,-0.4233087
0,0.9,0.194025056,0.38185016,0.517908103,0.02092687,0.222940028,0.550053998,0.393975025,0.978788202,0.157246735,0.209506515,0.137210718,0.714738685,-0.2912673,-0.6875435
0,0.9,0.5785416,0.087526279,0.18033828,0.086575054,0.126867008,0.05167454,0.394004818,0.753381477,0.437024865,0.310237796,0.1478328,0.446712231,0.10505173,-0.41113243
0,0.6,0.422100867,0.28004653,0.248088013,0.095996106,0.790507003,0.361973385,0.428563811,0.127494357,0.135153969,0.575595371,0.05441991,0.574786854,0.010464563,-0.5916858
0,0.6,0.497269515,0.437613482,0.123097703,0.131047505,0.5342807,0.37495328,0.667842716,0.039530434,0.185140584,0.599054945,0.157952863,0.574786854,-0.24928682,-0.6999104
0,0.6,0.517507228,0.191038933,0.381076005,0.163287469,0.815744594,0.258699543,0.320646039,0.193533327,0.135304144,0.48881343,0.080776661,0.574786854,-0.16835396,-0.64867723
0,0.9,0.582396402,0.290042857,0.491203457,0.099894827,0.519508048,0.476937859,0.271312872,0.02082386,0.179598245,0.536359208,0.073106548,0.607743153,0.104523465,-0.5035461
0,0.9,0.476389335,0.171440848,0.505202101,0.133797985,0.48035651,0.390158602,0.388890232,0.012282973,0.233856507,0.560041759,0.166085531,0.539328277,-0.09914476,-0.55815
0,0.6,0.412142628,0.190058381,0.493961644,0.097733532,0.687578295,0.271595084,0.216353996,0.130239758,0.105375106,0.334280694,0.12644653,0.563506972,-0.018682858,-0.5833031
0,0.7,0.4741407,0.285066678,0.402887058,0.112385077,0.752391002,0.270484862,0.249773897,0.236318419,0.084781676,0.559807098,0.147203853,0.359483919,-0.23105998,-0.6881127
0,0.6,0.459685191,0.298992933,0.491510196,0.03886708,0.890978483,0.236587849,0.237323681,0.222632175,0.108453804,0.387948827,0.211857663,0.217247176,-0.005940594,-0.48624927
0,0.6,0.398008352,0.365130465,0.43331688,0.105256805,0.927535752,0.301606564,0.219722476,0.276799989,0.141327963,0.528044434,0.112354522,0.608822395,0.002997464,-0.5581982
0,0.6,0.418567298,0.356527401,0.163927293,0.06392333,0.874576978,0.399787047,0.425575995,0.216659088,0.343642751,0.566767015,0.109371626,0.221337692,-0.23030724,-0.6727387
0,0.6,0.516222294,0.136433287,0.249026446,0.152499463,0.332102343,0.269025675,0.236027336,0.002190022,0.113681714,0.650685904,0.164146327,0.815529435,0.11854478,-0.3511342
0,0.6,0.406360424,0.322769435,0.164689335,0.032649905,0.59729433,0.327696047,0.657262337,0.028322379,0.12987086,0.533023585,0.114751539,0.76615419,-0.17048031,-0.60259664
0,0.6,0.531962737,0.242104883,0.297703557,0.028779402,0.767586537,0.207207569,0.338151294,0.22029141,0.21432873,0.358962887,0.10659819,0.610599218,-0.09538688,-0.61386406
0,0.6,0.623835528,0.299658428,0.102436249,0.226552756,0.868529595,0.288042022,0.447165224,0.180841411,0.090018212,0.628414284,0.171268696,0.64660727,-0.3259346,-0.75267017
0,0.6,0.508512689,0.315830272,0.475690396,0.110227768,0.664486491,0.38685018,0.465330825,0.171611923,0.107386461,0.34687871,0.129294339,0.237057863,-0.30814922,-0.72116286
0,0.6,0.371667202,0.220566041,0.156167189,0.128855438,0.57848937,0.288719045,0.761522161,0.077093287,0.138241242,0.648397072,0.406238771,0.695027103,-0.10190664,-0.6002546
0,0.6,0.362351429,0.241933218,0.277814683,0.265301022,0.691463821,0.463894759,0.728490717,0.080330413,0.145971405,0.775217917,0.346231766,0.60720492,0.13835958,-0.49425286
0,0.6,0.413427562,0.321521836,0.191729528,0.062356582,0.635963577,0.635556147,0.576187087,0.049833295,0.238714705,0.403581777,0.09581484,0.594319084,-0.23893805,-0.6320101
0,0.6,0.554127851,0.384726761,0.400295047,0.142800465,0.572546891,0.398920165,0.7508511,0.086102269,0.211175511,0.400561545,0.107997051,0.743834088,-0.21873279,-0.67830044
0,0.6,0.468358497,0.390112502,0.237935968,0.083523012,0.769206694,0.319762592,0.702559397,0.109925076,0.077710011,0.42963874,0.122883637,0.232030398,0.2012348,-0.35826772
0,0.6,0.497590748,0.189043554,0.549907295,0.026352982,0.851214499,0.355244716,0.520671628,0.193708728,0.210024637,0.350942458,0.064447956,0.164297442,0.14009662,-0.38730127
0,0.6,0.448120784,0.290287678,0.506585651,0.068998665,0.686421437,0.392921029,0.659238247,0.119324485,0.309698923,0.523026517,0.092838395,0.12476747,-0.01875541,-0.5842058
0,0.9,0.366206232,0.142406209,0.257345621,0.054670478,0.746051518,0.406873554,0.203518065,0.088333045,0.078814659,0.383292238,0.140832805,0.278139581,-0.17598653,-0.67948717
0,0.6,0.601991648,0.474782375,0.186313419,0.124712393,0.403517975,0.256808131,0.642052116,0.005567403,0.160425717,0.614852322,0.277351776,0.378491819,-0.01721731,-0.4875808
0,0.6,0.534532605,0.202859205,0.390842202,0.116085688,0.739787302,0.573261936,0.356919943,0.166715277,0.075426411,0.534850395,0.069076927,0.456886443,0.19361901,-0.48246118
0,0.9,0.427883071,0.12981106,0.493907112,0.069072885,0.808009784,0.374757587,0.205664506,0.089059148,0.136442028,0.312616773,0.21348875,0.110306878,-0.37025458,-0.7310513
0,0.9,0.44233858,0.156051036,0.574432315,0.135983215,0.780009786,0.425648262,0.250834026,0.187286119,0.180275118,0.390139802,0.085494424,0.099176972,0.09723208,-0.11644237
0,0.9,0.386122711,0.169021794,0.260056506,0.163623385,0.834063436,0.360596607,0.284504606,0.17998493,0.163320704,0.338724263,0.241949199,0.465150138,0.008754863,-0.5404384
0,0.9,0.707356248,0.268093322,0.222538137,0.125507209,0.916327656,0.379171126,0.266910997,0.216659088,0.106472331,0.442652841,0.212044924,0.671334934,0.0868107,-0.3826169
0,0.6,0.67298426,0.302703925,0.386861849,0.186679237,0.536970829,0.282397321,0.285215719,0.17105551,0.141152398,0.393493455,0.275788991,0.397810126,-0.20515089,-0.65675676
0,0.6,0.530035336,0.199917088,0.343974309,0.121849837,0.666381846,0.453744507,0.370234047,0.077595089,0.229489244,0.663530807,0.100593885,0.496042496,0.18019368,-0.44883558
0,0.6,0.543848378,0.387123381,0.19548553,0.069076754,0.683201991,0.387739063,0.867401478,0.078189751,0.226395003,0.618561783,0.151337256,0.425978862,-0.26423392,-0.7028498
0,0.9,0.62576293,0.383304912,0.39955695,0.059109718,0.422058102,0.620643999,0.339869599,0.010697008,0.100674185,0.545017669,0.102246221,0.425978862,-0.13780999,-0.5959339
0,0.9,0.441053646,0.236892331,0.590043849,0.035833892,0.977435356,0.31354078,0.377897403,0.221184014,0.180180867,0.385424793,0.287056526,0.157125555,-0.32263243,-0.78664356
0,0.6,0.295856087,0.306208146,0.297099634,0.191110237,0.937916169,0.380335801,0.223657503,0.194477212,0.136584945,0.35276692,0.069732435,0.906484232,-0.2820907,-0.3206651
0,0.9,0.472213299,0.157226519,0.529994461,0.202286387,0.534118197,0.520536733,0.25295174,0.082627628,0.117165076,0.436358889,0.324799392,0.801143264,0.11228136,-0.4221151
0,0.9,0.516222294,0.16147336,0.411376978,0.081465483,0.536624885,0.396561035,0.414438461,0.019428682,0.223137422,0.320541409,0.145727963,0.795580266,-0.039106146,-0.5591431
0,0.6,0.577577899,0.185509975,0.320818995,0.054553203,0.948743887,0.328590642,0.223695031,0.212038493,0.160610771,0.636659547,0.139124309,0.671331331,-0.36378467,-0.7382716
0,0.6,0.7365885,0.247093942,0.274770801,0.029334115,0.468008111,0.319715553,0.444262288,0.02082386,0.140652129,0.57431802,0.509361343,0.671331331,0.055045873,-0.33862817
0,0.6,0.649534211,0.292216871,0.214495155,0.188759084,0.743545038,0.363409234,0.200979535,0.170496092,0.079334498,0.379494412,0.114303592,0.61986926,0.13870777,-0.4684184
0,0.6,0.40057822,0.346292589,0.197390194,0.055275215,0.817926972,0.399732594,0.420722524,0.182413099,0.13478922,0.395602899,0.305526685,0.515660557,0.006530061,-0.43900847
0,0.6,0.493414712,0.327763987,0.193200145,0.021962191,0.61064237,0.243092261,0.872406756,0.040739157,0.165207259,0.389483485,0.180874408,0.486428822,-0.31267485,-0.70295924
0,0.6,0.471570832,0.230652754,0.384906772,0.033559708,0.83993969,0.209454388,0.426259031,0.216659088,0.213561426,0.662729432,0.197931288,0.574786854,0.06794362,-0.5251331
0,0.6,0.713780919,0.500078868,0.220492769,0.04888533,0.427155165,0.234749431,0.52458138,0.015699537,0.151076081,0.782666345,0.11784827,0.305020432,-0.03417467,-0.57429445
0,0.6,0.490844844,0.492772935,0.481043061,0.083897927,0.564689647,0.348400698,0.474792198,0.143690539,0.078628358,0.359610796,0.074862097,0.339390929,-0.37402648,-0.74873
0,0.6,0.611628654,0.411182741,0.102305242,0.043215141,0.424934248,0.374835013,0.711620671,0.004165668,0.189604368,0.485121766,0.131953559,0.806895592,-0.16290079,-0.628692
0,0.6,0.482814006,0.228216193,0.421849998,0.021729897,0.719014919,0.304990224,0.558707877,0.086102269,0.094327418,0.632407463,0.206504123,0.421302395,-0.008849558,-0.6233535
0,0.6,0.208480565,0.334600798,0.576675105,0.198924785,0.605231085,0.322840802,0.658942129,0.02082386,0.210220686,0.396719073,0.414504817,0.164297442,-0.28702578,-0.7426988
0,0.6,0.554770318,0.119518545,0.300627865,0.047333965,0.531556414,0.343093051,0.433669203,0.02082386,0.182509375,0.511782662,0.18342131,0.095635166,-0.25910136,-0.77992046
0,0.6,0.544490845,0.105564178,0.241905896,0.068595614,0.281767264,0.323454985,0.239528624,0.003007982,0.192708668,0.528095246,0.34211411,0.76615419,-0.27047145,-0.6050157
0,0.6,0.335689046,0.178599305,0.236411351,0.223748261,0.769719872,0.386769715,0.238106121,0.143698446,0.230582732,0.616278264,0.14983784,0.122832219,0.002208481,-0.5299695
0,0.9,0.662704786,0.260644287,0.129668596,0.032996123,0.812071656,0.301421081,0.423586314,0.136002238,0.098950639,0.537786363,0.434539089,0.388847423,-0.08857274,-0.58896035
0,0.6,0.539993575,0.199225257,0.379671775,0.024400076,0.598930765,0.501172272,0.976318214,0.056773298,0.113458791,0.546555447,0.156086324,0.684096834,-0.153471,-0.6404959
0,0.6,0.385159011,0.414710516,0.332206124,0.051478315,0.314335077,0.370949237,0.659922664,0.006743904,0.258456003,0.421499123,0.074210193,0.683896265,0.024358697,-0.5111853
0,0.6,0.417603598,0.193733667,0.453484611,0.036088314,0.740113351,0.37197158,0.820964616,0.177745019,0.169208899,0.305421937,0.167065474,0.656410413,-0.28712872,-0.69405097
0,0.6,0.55766142,0.211960265,0.684037727,0.215257797,0.796868957,0.443911253,0.433693314,0.117142721,0.128090611,0.318129417,0.096703523,0.170286718,-0.2891751,-0.73575556
0,0.9,0.405717957,0.196596362,0.561658722,0.157666645,0.728060254,0.497985885,0.26902433,0.071441426,0.199889186,0.340059492,0.468167525,0.465150138,0.13300803,-0.4983678
0,0.9,0.542563444,0.117971516,0.468253214,0.265104269,0.476958352,0.32371449,0.450293838,0.011636131,0.185871783,0.495658235,0.150880013,0.783711153,0.10515548,-0.4777027
0,0.6,0.396080951,0.245113647,0.161284462,0.039455641,0.31664295,0.288956429,0.303978509,0.013170268,0.151942914,0.583734627,0.228384065,0.432772642,-0.18534577,-0.7235619
0,0.9,0.633793768,0.31071226,0.453547495,0.070048857,0.718514472,0.506283133,0.270444209,0.10305657,0.144421217,0.497665902,0.141612775,0.460321937,-0.012430939,-0.61157936
0,0.9,0.400256987,0.253359404,0.344421107,0.077744087,0.342166172,0.218944633,0.34862197,0.012691559,0.31146961,0.591638603,0.143414237,0.11408895,-0.2688679,-0.7279192
0,0.9,0.66848699,0.277592023,0.343690184,0.132151661,0.384755798,0.240121743,0.274402953,0.022459967,0.216790464,0.756064309,0.186716686,0.717511368,-0.057457335,-0.63166094
0,0.6,0.477353036,0.181197018,0.440137388,0.180795823,0.452235609,0.466992416,0.282350489,0.015755099,0.150011772,0.458790294,0.379807078,0.653493255,0.041533545,-0.3802169
0,0.6,0.437841311,0.3447147,0.390687263,0.216699969,0.504609206,0.375145569,0.947981409,0.035901449,0.202048834,0.386018821,0.268373493,0.486428822,-0.31762463,-0.7067749
0,0.9,0.318342435,0.211206162,0.34018667,0.143410114,0.744388508,0.367171882,0.317389135,0.102978238,0.106499717,0.485994226,0.193450304,0.547985096,-0.32452378,-0.7433928
0,0.6,0.382267909,0.332722071,0.080015991,0.03635368,0.563407295,0.384379833,0.827297848,0.053056318,0.178149286,0.505234265,0.502648216,0.466488638,-0.34763092,-0.60451305
0,0.9,0.387728879,0.168102396,0.253883609,0.128160643,0.78357135,0.15538243,0.293046273,0.149459478,0.207358553,0.580070303,0.31248513,0.466488638,-0.23236421,-0.7066167
0,0.6,0.401541921,0.314280392,0.081072807,0.130661801,0.797924528,0.267299204,0.386321495,0.082933523,0.113898661,0.725153237,0.200085643,0.574786854,-0.17523868,-0.66455835
0,0.9,0.460006425,0.276407516,0.722632178,0.088587231,0.632202641,0.422130777,0.287384733,0.118535349,0.159702628,0.237300322,0.358414736,0.574786854,0.2623574,-0.34834585
0,0.6,0.500160617,0.340224181,0.285088098,0.066225901,0.398322271,0.390740818,0.844560061,0.001609535,0.197052541,0.284442292,0.481794131,0.563506972,0.048566643,-0.5979484
0,0.6,0.649855445,0.414735501,0.077593603,0.111879703,0.640074979,0.333796675,0.873840466,0.067462953,0.104585952,0.3910851,0.511387253,0.548739676,-0.022274753,-0.6150531
0,0.6,0.690652104,0.205730313,0.263358984,0.093408548,0.704702088,0.356031984,0.243345741,0.114325696,0.110549232,0.783612391,0.488239932,0.414321231,-0.16394383,-0.6131082
0,0.6,0.704143913,0.168750834,0.168401522,0.131066137,0.770750957,0.426258313,0.49028737,0.143961813,0.259723432,0.371152968,0.107681155,0.110306878,-0.22416201,-0.7005659
0,0.9,0.548666881,0.267819385,0.479511382,0.108526346,0.353342478,0.337912421,0.327142562,0.018918605,0.270399481,0.80190507,0.264294352,0.113390686,-0.14285715,-0.6
0,0.9,0.523931898,0.160450709,0.234996668,0.148046035,0.569236107,0.429437165,0.276365978,0.022712673,0.146848271,0.37865164,0.078804254,0.53098485,-0.3458956,-0.75091577
0,0.6,0.431737873,0.260673346,0.285020843,0.086556357,0.837009563,0.417409478,0.415487462,0.119370273,0.304589125,0.483425312,0.515695964,0.376720198,0.05936706,-0.562548
0,0.6,0.47960167,0.256293408,0.434307492,0.059657718,0.579987929,0.230508491,0.935072337,0.033206738,0.319171105,0.590937948,0.158431166,0.435090032,-0.19068359,-0.7350993
0,0.6,0.491487311,0.247421831,0.428635141,0.109201049,0.60576228,0.404441252,0.963001506,0.056169837,0.425339521,0.393280434,0.117250629,0.286236417,-0.052983083,-0.49541575
0,0.6,0.523610665,0.495605578,0.16736896,0.040860195,0.507107129,0.174163216,0.744318193,0.081896218,0.175963556,0.388126254,0.162770613,0.112725082,-0.24287653,-0.69750535
0,0.9,0.561837456,0.440920256,0.259562041,0.052458038,0.33540457,0.293123468,0.390593068,0.024149278,0.159239942,0.702002478,0.14263218,0.66274171,-0.36712563,-0.7365733
0,0.6,0.486668808,0.19361555,0.316706037,0.276900611,0.519334554,0.391171585,0.293137212,0.051115212,0.220060342,0.670840883,0.102207517,0.137877683,0.21183953,-0.4109919
0,0.9,0.364600064,0.178434125,0.695624604,0.037397427,0.571747177,0.50438066,0.272723477,0.088292081,0.085430683,0.561567673,0.183368755,0.531382696,0.22561905,-0.30080506
0,0.9,0.607452618,0.285502898,0.47503208,0.049328652,0.405066759,0.531216814,0.280677071,0.063238996,0.104692676,0.718629911,0.242824792,0.61986926,0.11188272,-0.5305851
0,0.6,0.575008031,0.406681108,0.203605238,0.142941585,0.869955668,0.185097333,0.684196134,0.163855048,0.32132531,0.651248569,0.511230918,0.486428822,0.14230716,-0.46123213
0,0.6,0.515579827,0.391178869,0.449502661,0.057742894,0.417817936,0.207459295,0.751453359,0.026879208,0.407396094,0.415042831,0.289306125,0.602486923,-0.069276646,-0.61776954
0,0.6,0.407645358,0.163014966,0.268860199,0.040265231,0.492091001,0.362004866,0.365088523,0.052972453,0.338824732,0.346818949,0.231403008,0.466488638,0.07145951,-0.61689293
0,0.6,0.411178927,0.075417413,0.515838776,0.09885416,0.800402765,0.359224328,0.23004093,0.15218955,0.090861641,0.570625273,0.197868867,0.446712231,0.20213725,-0.3064193
0,0.6,0.476389335,0.191279114,0.204758775,0.210158878,0.377066762,0.321989964,0.322803825,0.016353224,0.246095238,0.448753427,0.373356913,0.574786854,-0.22675668,-0.5224676
0,0.6,0.475104401,0.222095148,0.336448996,0.051306358,0.526130312,0.350521472,0.525833568,0.009092752,0.218525805,0.690500104,0.135687586,0.574786854,-0.074664734,-0.5750332
0,0.6,0.165435271,0.213647627,0.643235851,0.062615454,0.727150698,0.437132142,0.382821904,0.102698313,0.133397135,0.467870901,0.137983478,0.113314999,-0.21734087,-0.71311975
0,0.9,0.349823322,0.140089092,0.48364914,0.044784535,0.723410144,0.526204042,0.292262551,0.08569669,0.12938663,0.311725407,0.094733773,0.916372745,-0.036055677,-0.09889719
0,0.9,0.392547382,0.17411204,0.722073849,0.088399898,0.669217644,0.266692435,0.236188062,0.083661425,0.178086359,0.576230745,0.55759462,0.113390686,-0.10057321,-0.64315355
0,0.6,0.579826534,0.353643726,0.360384385,0.029026991,0.551576874,0.261328875,0.872285057,0.02973129,0.150650834,0.339654755,0.387667866,0.235743701,-0.035920177,-0.5939952
0,0.6,0.37327337,0.365860241,0.466112316,0.282741686,0.770521464,0.303107442,0.772207507,0.071697968,0.169396838,0.406147879,0.283326484,0.226572013,0.18840037,-0.44744745
0,0.6,0.368454867,0.252427346,0.280294546,0.267882356,0.446798237,0.596417,0.73500184,0.000965743,0.174889389,0.550113634,0.427319769,0.569294189,-0.3730847,-0.73495424
0,0.8,0.592354642,0.214437911,0.44146052,0.074393203,0.869596993,0.530209422,0.244571489,0.170040375,0.162157729,0.371830255,0.063146425,0.443057511,-0.001771165,-0.5018587
0,0.9,0.412463861,0.255219678,0.446089184,0.041198258,0.399745074,0.331515214,0.30267293,0.036740856,0.145023041,0.538877027,0.379333707,0.104414857,0.19598316,-0.46473888
0,0.9,0.674911661,0.19107599,0.176244378,0.09140827,0.437033952,0.283854441,0.255913216,0.018838052,0.115134963,0.3635283,0.474283959,0.258925501,0.04874785,-0.49789283
0,0.6,0.296177321,0.180851945,0.712877555,0.1542331,0.657854488,0.433809499,0.453927085,0.131587937,0.112012344,0.344291407,0.045342779,0.465150138,-0.036882684,-0.5857234
0,0.6,0.40057822,0.223557967,0.104196063,0.062233089,0.802923087,0.239937597,0.415009743,0.107202569,0.157256422,0.795891198,0.094390366,0.363885638,-0.11836337,-0.61500585
0,0.9,0.377770639,0.238660235,0.220087921,0.040867815,0.88876494,0.286847932,0.305742195,0.153259016,0.120414526,0.372634545,0.534857111,0.67890434,-0.2834891,-0.67607427
0,0.6,0.492451012,0.405878719,0.390559283,0.027290703,0.417734528,0.478833039,0.775343264,0.02082386,0.197720467,0.768577158,0.427129473,0.594836113,-0.34828046,-0.724842
0,0.6,0.313523932,0.177091282,0.652319774,0.09505208,0.815786958,0.428710185,0.313198892,0.216659088,0.252116436,0.394972452,0.236750287,0.801143264,0.09021358,-0.4658449
0,0.6,0.529392869,0.195332744,0.627689555,0.301252831,0.863016329,0.347637375,0.226457366,0.153699139,0.135720479,0.330282899,0.14316152,0.79946493,0.205512,-0.4407583
0,0.6,0.64664311,0.289158969,0.472568358,0.245019748,0.559551056,0.232665,0.246436177,0.0418373,0.101761749,0.628030052,0.197267431,0.801143264,0.113625646,-0.32768363
0,0.9,0.455509155,0.169460034,0.191511958,0.201076992,0.740323853,0.430174233,0.269766875,0.079339767,0.133091343,0.303024647,0.406291135,0.801143264,-0.32696187,-0.67799115
0,0.6,0.569547061,0.238596566,0.669548456,0.04257138,0.614997804,0.497934713,0.555604241,0.080198433,0.078266245,0.691802809,0.082340774,0.656112161,0.010951009,-0.63792557
0,0.6,0.469322197,0.132894744,0.380310502,0.027457317,0.56092579,0.168558991,0.270095726,0.006674716,0.169088793,0.470865907,0.158591296,0.65467023,0.03034272,-0.4571897
0,0.9,0.517185994,0.274777371,0.514494626,0.204072565,0.404636294,0.439109003,0.346139693,0.006411747,0.165063168,0.62655985,0.323183862,0.502118734,-0.36559746,-0.6961789
0,0.6,0.412785095,0.158771113,0.493717845,0.057775721,0.292650355,0.234271382,0.266326436,0.015057255,0.145216992,0.589420262,0.121623278,0.61986926,-0.31814596,-0.7487897
0,0.6,0.417282364,0.306392794,0.243387974,0.091051263,0.800270661,0.277184359,0.377430259,0.086102269,0.257485552,0.402990869,0.243625252,0.405351159,-0.10937202,-0.63350195
0,0.6,0.495342114,0.407500381,0.093841664,0.313654203,0.658649193,0.371630029,0.779178434,0.056222613,0.107993734,0.500468135,0.119466835,0.482404969,0.13828368,-0.27667984
0,0.6,0.328300675,0.177885708,0.567833973,0.070057938,0.770688975,0.271669593,0.344807754,0.201378339,0.194450072,0.2281338,0.113701397,0.578682943,-0.29450756,-0.70406383
0,0.6,0.428525538,0.442941266,0.092414623,0.075314931,0.651384779,0.655798551,0.665445044,0.086102269,0.345562729,0.407572016,0.088598555,0.578682943,0.16629712,-0.22875817
0,0.9,0.366848699,0.161490198,0.407542148,0.076002075,0.913939923,0.403739432,0.328020893,0.205225315,0.154454259,0.669269343,0.123202,0.443057511,-0.18835169,-0.66474897
0,0.6,0.606810151,0.481225827,0.07872503,0.026746111,0.635369357,0.133888687,0.751199228,0.117501181,0.112557573,0.502905223,0.151479552,0.574786854,0.2515773,-0.37089202
0,0.9,0.509797623,0.133035608,0.560678199,0.180673947,0.899784239,0.29880123,0.43642767,0.241625415,0.186895619,0.454112116,0.210890243,0.607743153,-0.014786795,-0.5498949
0,0.6,0.528107934,0.354826064,0.072995147,0.023961053,0.666979892,0.364740795,0.883789937,0.052370283,0.191104918,0.683308596,0.417615019,0.574786854,0.15535702,-0.41312233
0,0.9,0.512046258,0.153388212,0.855877365,0.14917151,0.604170226,0.449778873,0.286075128,0.068940553,0.125155889,0.45043616,0.221928018,0.574786854,0.19960785,-0.45215225
0,0.6,0.570831995,0.241405955,0.705315279,0.191591409,0.801881776,0.504575623,0.468747744,0.115693127,0.221085852,0.302878842,0.091865473,0.455995379,-0.30368856,-0.744642
0,0.6,0.415676197,0.208426512,0.646708176,0.025903033,0.48647951,0.209264287,0.823781447,0.073216959,0.200255476,0.741191543,0.350749367,0.484244025,0.23622146,-0.3864469
0,0.9,0.280758111,0.156805648,0.329777038,0.289715791,0.653718738,0.250932488,0.208690462,0.123159758,0.11425284,0.553044082,0.183418274,0.274930111,-0.049253732,-0.5965178
0,0.6,0.332476711,0.358516225,0.56326937,0.067570656,0.88745198,0.367745954,0.863067358,0.214948479,0.280360597,0.424697013,0.061596921,0.256604507,-0.15761611,-0.7083333
0,0.6,0.682942499,0.342695029,0.499516747,0.026695641,0.351513487,0.312935713,0.212452589,0.006068733,0.093217834,0.492740038,0.162043388,0.359287393,0.12226512,-0.40763673
0,0.6,0.395438484,0.490391653,0.816014875,0.081873525,0.650189313,0.393229397,0.639077242,0.220310243,0.224959256,0.420380112,0.114044045,0.39894149,-0.17696498,-0.6038176
0,0.6,0.478316736,0.331985243,0.700419164,0.10045624,0.520191311,0.340264744,0.914631275,0.01911055,0.086363933,0.665076658,0.288135886,0.806895592,-0.43978637,-0.7618996
0,0.9,0.39961452,0.218172561,0.398102755,0.100815563,0.609980185,0.110101936,0.287765831,0.140613557,0.081869435,0.539222492,0.256120134,0.302156097,-0.38158596,0.23421828
0,0.9,0.413427562,0.147285632,0.433571385,0.136888125,0.785172586,0.173563497,0.217301009,0.196583976,0.17355696,0.579059725,0.156522698,0.302156097,-0.38425925,-0.7455607
0,0.6,0.521040797,0.472959689,0.312891468,0.066898001,0.876979737,0.18654084,0.839538761,0.216659088,0.239119194,0.376175012,0.386030708,0.302156097,-0.15067437,-0.5715789
0,0.6,0.456472856,0.436903325,0.112225145,0.116554544,0.608953691,0.199234003,0.651087582,0.031859407,0.373844065,0.56082949,0.121412111,0.784026083,-0.08834271,-0.4817901
0,0.9,0.697076775,0.20133828,0.311622252,0.037809722,0.730765479,0.207149104,0.256000189,0.116530029,0.201886802,0.406668605,0.140588246,0.084390694,-0.16836122,-0.6795949
0,0.6,0.514616126,0.243416463,0.606876736,0.212221007,0.56005672,0.422804641,0.661773086,0.045620729,0.292886154,0.782639779,0.431810239,0.078947414,-0.33033398,-0.69787985
0,0.9,0.597494378,0.277496294,0.615733448,0.128097676,0.442485654,0.430674404,0.279736352,0.02082386,0.237644896,0.466111048,0.340606726,0.084390694,-0.41377717,-0.77532655
0,0.6,0.522004497,0.154570469,0.073246037,0.106745387,0.338237446,0.329691991,0.257680572,0.009841898,0.198651897,0.41956045,0.388548961,0.109940707,-0.09658663,-0.57063544
0,0.6,0.434307742,0.369039019,0.63567565,0.218658502,0.501549062,0.292155458,0.757945857,0.044059437,0.328986632,0.437801544,0.49461136,0.131225097,0.23736052,-0.34173533
0,0.6,0.302923225,0.229677061,0.571829375,0.078661908,0.910673451,0.465655507,0.795515909,0.209327518,0.30599803,0.410327022,0.179096472,0.153201861,-0.16412294,-0.59450173
0,0.6,0.458079023,0.379983366,0.54004439,0.148847897,0.575893222,0.523550886,0.505451225,0.044718415,0.337122467,0.418885356,0.091202565,0.506137725,0.12313994,-0.17232774
0,0.6,0.600064247,0.201735943,0.272576996,0.263542296,0.559978112,0.63506412,0.352124915,0.066408481,0.132749384,0.561211013,0.082629919,0.718517035,0.069942,-0.5108771
0,0.6,0.640539672,0.293376844,0.40707041,0.022441279,0.434679681,0.217407655,0.668600927,0.025420424,0.240407599,0.699981656,0.063653756,0.49633445,-0.19383825,-0.6955333
0,0.6,0.622229361,0.302952715,0.510502812,0.261123036,0.470548747,0.214135698,0.252431994,0.025931744,0.130052364,0.488127838,0.355751152,0.286236417,-0.32551596,-0.7777312
0,0.6,0.395759717,0.490419385,0.817662513,0.085693819,0.695489659,0.323175181,0.638194689,0.220310243,0.201692655,0.413900634,0.143330377,0.118836718,0.13206989,-0.44135725
0,0.6,0.549951815,0.142216148,0.251370734,0.05374256,0.391558304,0.577617253,0.420366661,0.003171726,0.139552546,0.583904961,0.345327525,0.102116054,0.13946946,-0.32446644
0,0.6,0.159331834,0.28534185,0.584668653,0.035633208,0.522026005,0.386572564,0.674374281,0.0141868,0.179559028,0.353770071,0.122848538,0.671331331,-0.13969572,-0.6204523
0,0.9,0.549309348,0.205256101,0.398379846,0.102133055,0.918378278,0.296035764,0.253612303,0.30176068,0.130324118,0.299979939,0.211849126,0.363885638,-0.08117017,-0.6267824
0,0.9,0.468037263,0.110159312,0.593157985,0.141138784,0.77616892,0.532848477,0.199610266,0.140226723,0.118540242,0.238181783,0.457966068,0.435090032,0.23169547,-0.34618875
0,0.6,0.680051397,0.187594469,0.077703383,0.172503038,0.733664442,0.257405176,0.717317391,0.155123176,0.385875902,0.457626379,0.142058255,0.170326087,0.18035847,-0.4801079
0,0.8,0.621908127,0.130892245,0.633221791,0.090414012,0.929273195,0.451884332,0.276344037,0.241629927,0.165993518,0.419437704,0.223353441,0.708251853,0.1375117,-0.40228137
0,0.9,0.737230967,0.187578866,0.082651691,0.068402051,0.900664369,0.33729921,0.264408536,0.242485053,0.107773318,0.680976871,0.222188704,0.359287393,-0.07376692,-0.64438504
0,0.6,0.356247992,0.347411558,0.452597236,0.075799587,0.551624178,0.118828007,0.80890057,0.131618831,0.089364486,0.493201055,0.354054609,0.801143264,0.032021347,-0.56189454
0,0.6,0.212977835,0.407116001,0.479290393,0.108852894,0.781181531,0.431212499,0.232481398,0.104572993,0.118318684,0.363554479,0.044216746,0.806684948,-0.15078448,-0.63875824
0,0.6,0.657243816,0.210940233,0.31217408,0.059831026,0.610982888,0.369365828,0.701349985,0.024980598,0.195310641,0.249502113,0.204377848,0.751025432,-0.13444301,-0.6478611
0,0.9,0.542563444,0.161863038,0.3095279,0.24172958,0.507852513,0.259944926,0.24085936,0.02082386,0.122676509,0.641970313,0.292169871,0.681193652,-0.03710524,-0.5390081
0,0.9,0.290716351,0.196734156,0.246355157,0.088623535,0.520223171,0.420953947,0.336638069,0.02082386,0.243833673,0.573513421,0.333226896,0.64660727,-0.014037985,-0.60732985
0,0.6,0.308705429,0.318500275,0.333151618,0.166288457,0.644371423,0.380846547,0.323989008,0.073526846,0.254493305,0.236048532,0.045134079,0.624791183,0.21087883,-0.33976567
0,0.6,0.560552522,0.30860675,0.418515826,0.171448462,0.482817146,0.463362256,0.74000633,0.010650812,0.151224115,0.42345051,0.589193541,0.633691628,-0.11393443,-0.6044864
0,0.6,0.607131385,0.213697875,0.825928781,0.120877551,0.505610448,0.313542603,0.504884284,0.02082386,0.239093214,0.614078236,0.128594814,0.707668523,-0.1206634,-0.51567864
0,0.6,0.569868294,0.208883182,0.206125987,0.035829912,0.697972625,0.571526956,0.407268135,0.082756114,0.270242649,0.212118398,0.082896296,0.803003026,-0.05733524,-0.6699968
0,0.9,0.502409252,0.248995011,0.320560595,0.114821142,0.746829458,0.408926261,0.2702192,0.290978353,0.214392665,0.410964589,0.104612692,0.515660557,0.13511516,-0.24658264
0,0.9,0.367491166,0.165271241,0.229124933,0.096753398,0.389594497,0.374035469,0.223874797,0.019525476,0.09995429,0.69645963,0.471719603,0.558367663,-0.31144148,-0.75100505
0,0.6,0.511403791,0.358182531,0.086960431,0.287672947,0.966636578,0.283038366,0.653860374,0.152064808,0.235929202,0.588824634,0.171562584,0.574786854,0.16474292,-0.42016056
0,0.9,0.58400257,0.249266087,0.150861154,0.097116309,0.805360697,0.455343717,0.249060002,0.119696316,0.107100957,0.444496313,0.209370716,0.574786854,-0.36692077,-0.7245609
0,0.6,0.573401863,0.120058238,0.283056153,0.132982566,0.703855001,0.248995009,0.217715807,0.061130365,0.164747157,0.297942945,0.19795026,0.574786854,0.123356745,-0.30160427
0,0.6,0.472213299,0.048261258,0.076038595,0.093257147,0.940294998,0.305707359,0.435738675,0.236954594,0.135324876,0.477345077,0.156490444,0.574786854,0.008492989,-0.51891077
0,0.6,0.269514937,0.213436344,0.517561179,0.177273033,0.326816135,0.280931327,0.464678095,0.08673717,0.079110356,0.463493361,0.240338982,0.466488638,0.009852618,-0.55737704
0,0.6,0.291680051,0.386943326,0.504882864,0.042880122,0.666716521,0.386148117,0.240247847,0.068623926,0.085057126,0.5805266,0.253937509,0.563506972,0.1372756,-0.42682502
0,0.6,0.504336653,0.138398914,0.247732486,0.026408404,0.246472001,0.517544822,0.71980835,0.009078769,0.21280664,0.590821959,0.154555793,0.563506972,-0.32894626,-0.7340379
0,0.6,0.467073562,0.383107084,0.573239882,0.065595351,0.427451579,0.474429225,0.495231365,0.015456552,0.370065042,0.488049558,0.319902336,0.274930111,0.23491365,-0.39683363
0,0.6,0.466431095,0.257839768,0.592563057,0.310314846,0.982832589,0.453640583,0.299202205,0.312958245,0.144986662,0.541521409,0.137463245,0.343604072,0.16434656,-0.44157705
0,0.6,0.379376807,0.221182132,0.687459386,0.077304217,0.519964183,0.367821679,0.889367642,0.02097748,0.109205876,0.375274439,0.173440886,0.091898691,0.16812927,-0.36440486
0,0.6,0.557982653,0.233164352,0.257953327,0.137232248,0.764994215,0.376936947,0.767512868,0.124811273,0.378036477,0.254602593,0.208446933,0.392995203,0.14108826,-0.30702397
0,0.9,0.366527465,0.161867954,0.405956245,0.079047162,0.952872403,0.386119067,0.328886912,0.207850628,0.115052802,0.675642969,0.124800454,0.109531527,0.15251873,-0.39113018
0,0.6,0.332797944,0.234189911,0.489928244,0.21178173,0.479915888,0.480278734,0.770213445,0.029991054,0.37838894,0.420460301,0.30842648,0.373723875,0.16768488,-0.36542267
0,0.9,0.372309669,0.265576174,0.300171539,0.176639743,0.438711918,0.247696265,0.27816287,0.02082386,0.264959302,0.509634915,0.287634816,0.12480767,-0.14911081,-0.65435743
0,0.6,0.513009958,0.382766177,0.182548703,0.13786713,0.868545734,0.557660974,0.832615819,0.194135778,0.224554886,0.673475181,0.134622835,0.418446564,0.12775666,-0.42750466
0,0.6,0.466431095,0.363773335,0.602616405,0.084273579,0.299377731,0.316519806,0.775234587,0.001080402,0.259318055,0.303702605,0.247471597,0.631242709,0.012148753,-0.47025535
0,0.9,0.67298426,0.260789294,0.287901631,0.027700151,0.51260996,0.314528967,0.309929341,0.02082386,0.204696558,0.31140999,0.14382272,0.29467967,-0.05865041,-0.6593081
0,0.6,0.408287825,0.241346002,0.388415414,0.037253945,0.738545297,0.430738825,0.504697158,0.20908191,0.401922301,0.2587521,0.043244013,0.095810695,0.14104779,-0.44948187
0,0.6,0.660456152,0.118130417,0.315334594,0.185748937,0.777626853,0.38887797,0.211693452,0.219077607,0.286961011,0.532634917,0.103431259,0.131225097,-0.037910447,-0.5750849
0,0.6,0.17346611,0.318507868,0.483017558,0.055933498,0.828961087,0.333960158,0.661850036,0.176425243,0.27598742,0.2213656,0.237523237,0.095810695,0.19965725,-0.31660557
0,0.6,0.299389656,0.158613355,0.504337033,0.124902114,0.381104148,0.263570225,0.214698,0.020264279,0.137935352,0.574532253,0.170374511,0.095810695,-0.36203167,-0.72782433
0,0.6,0.617410858,0.212739643,0.477002655,0.264711179,0.891097299,0.420760442,0.626413028,0.216659088,0.318141475,0.483064964,0.039972353,0.806684948,0.27214873,-0.39997852
0,0.8,0.395438484,0.164608861,0.132796981,0.126926405,0.802621594,0.115667145,0.270013074,0.167304452,0.142629999,0.59223289,0.200441192,0.112725082,-0.38027892,-0.7651344
0,0.6,0.586251205,0.199753259,0.692878018,0.136494043,0.700128569,0.400760649,0.476731171,0.050703741,0.290879964,0.713684678,0.190423582,0.540183589,-0.37122762,-0.7433711
0,0.6,0.327658208,0.144641238,0.454756629,0.026001661,0.375116729,0.431456324,0.304491566,0.00657006,0.079119706,0.598153056,0.05411388,0.137877683,-0.007826087,-0.5310436
0,0.6,0.412785095,0.237374137,0.851153591,0.1031702,0.76766278,0.331093442,0.201118104,0.060497105,0.137886206,0.337387383,0.17088981,0.795580266,0.14277364,-0.43108076
0,0.9,0.628654031,0.207272137,0.22099637,0.209844242,0.667211333,0.254116444,0.202168368,0.145063605,0.220074634,0.731172035,0.218533414,0.531382696,0.0793315,-0.5239874
0,0.6,0.556055252,0.106003918,0.372946545,0.071784933,0.865800022,0.497501393,0.461235052,0.164104408,0.232969758,0.590520031,0.103036626,0.486428822,-0.07686756,-0.60602796
0,0.6,0.553485384,0.106017628,0.369249252,0.064766787,0.815974574,0.51379676,0.458456657,0.16346971,0.187915614,0.542674053,0.212647689,0.482404969,0.1471993,-0.44766584
0,0.9,0.280115644,0.148429055,0.35509239,0.230482661,0.497914664,0.344474933,0.206986027,0.02082386,0.078221621,0.507169713,0.037435507,0.578682943,-0.17275034,-0.5843882
0,0.9,0.324767106,0.23845404,0.317166594,0.020840079,0.745321438,0.308018356,0.335207792,0.086102269,0.128560001,0.697133745,0.526995373,0.466488638,0.012545841,-0.53357315
0,0.9,0.432701574,0.105175205,0.235998068,0.191019206,0.906577353,0.268195379,0.20766127,0.216659088,0.153281846,0.539341989,0.469815877,0.466488638,0.16083074,-0.43072185
0,0.6,0.270157404,0.382382097,0.575542641,0.081310083,0.811792911,0.549085015,0.227203205,0.196941005,0.126750531,0.395912281,0.170728163,0.574786854,-0.10206586,-0.611726
0,0.9,0.370703501,0.235967532,0.527215592,0.185597379,0.429702617,0.423962023,0.372106449,0.02082386,0.332779704,0.380742308,0.221429984,0.311589224,-0.34911814,-0.7136719
0,0.6,0.34243495,0.239603765,0.166384822,0.239580165,0.553513342,0.35295025,0.719303324,0.034929535,0.412947138,0.414306067,0.231233012,0.525063103,-0.012615899,-0.54105943
0,0.6,0.204625763,0.13250194,0.161456453,0.090859154,0.672803417,0.25695727,0.636307686,0.086102269,0.215058818,0.532335156,0.243064228,0.310339081,-0.4109152,-0.7330858
0,0.9,0.651140379,0.177131824,0.303596645,0.072529929,0.941652897,0.22033004,0.368541905,0.216659088,0.232267696,0.25520129,0.431077132,0.455126095,-0.21711674,-0.6630336
0,0.6,0.624156762,0.157976318,0.353306374,0.140076602,0.233989204,0.309552903,0.823487697,0.014274707,0.185429923,0.762610745,0.144492648,0.244878229,-0.4601215,-0.7440387
0,0.6,0.387086412,0.498367351,0.178181885,0.097472664,0.850071623,0.442249202,0.855955553,0.204869593,0.266786114,0.228671627,0.277003437,0.55598505,-0.4079349,-0.7211254
0,0.9,0.437841311,0.147727103,0.376497278,0.132334819,0.209824646,0.294182275,0.226858392,0.003736151,0.100592034,0.622801074,0.163605414,0.827987697,0.21497385,-0.32527882
0,0.6,0.530356569,0.392692892,0.153189428,0.159454141,0.876195049,0.180443858,0.83924943,0.217894962,0.152968254,0.730802583,0.154238758,0.109531527,-0.35298792,-0.74043375
0,0.6,0.351429489,0.174824667,0.189802221,0.247717673,0.576320209,0.39680717,0.756890187,0.057334358,0.313181091,0.255683224,0.235095484,0.109516448,-0.28033876,-0.7386304
0,0.6,0.380661741,0.174795619,0.197676056,0.112362962,0.674755606,0.298117278,0.268423748,0.056812573,0.361841257,0.552013179,0.182596185,0.373723875,-0.04021559,-0.57156277
0,0.6,0.384516544,0.280129656,0.516198983,0.08441237,0.45597018,0.419552374,0.230989443,0.016649426,0.128308788,0.389166107,0.344981082,0.751007092,-0.17215349,-0.68424225
0,0.9,0.476710569,0.11814445,0.400404841,0.193202113,0.793217376,0.599134941,0.217110568,0.139166222,0.147780838,0.5880311,0.231850385,0.61382635,0.09717663,-0.32722008
0,0.6,0.31063283,0.251682129,0.57871753,0.093887496,0.577872611,0.201110343,0.479721632,0.223280241,0.153007223,0.648948182,0.239937898,0.466488638,-5.70E-04,-0.3447308
0,0.6,0.337937681,0.476319064,0.288693784,0.07259174,0.699252752,0.517442965,0.88386515,0.086102269,0.255681639,0.462319387,0.525665763,0.539328277,-0.06271123,-0.58233154
0,0.9,0.643752008,0.193007422,0.275697716,0.117310284,0.872715709,0.173488259,0.250255286,0.226431744,0.072758042,0.666801201,0.561814349,0.302156097,-0.42673028,-0.7736163
0,0.6,0.514294892,0.196702869,0.113679901,0.031159311,0.96599394,0.12922172,0.217496283,0.155422168,0.10450407,0.64837925,0.096337349,0.098602381,-0.2620865,-0.735277
0,0.6,0.337295214,0.14390104,0.227658996,0.118497994,0.586231553,0.219628342,0.278514905,0.072182735,0.129001267,0.497348653,0.346637403,0.148494215,0.2605849,-0.492511
0,0.6,0.375522004,0.187245449,0.191404546,0.116142001,0.769143182,0.115301892,0.328286507,0.095963232,0.118225369,0.786058145,0.166262547,0.751025432,-0.018794555,-0.6432056
0,0.6,0.243495021,0.33813964,0.570268608,0.107134902,0.730467604,0.254120577,0.87778376,0.152150329,0.192974958,0.252832217,0.299542491,0.806684948,-0.044470314,-0.6294951
0,0.9,0.334082878,0.184013112,0.239439427,0.085396477,0.570713726,0.155427646,0.228587213,0.054322837,0.071783141,0.403570403,0.116976662,0.478820096,0.054837923,-0.50836253
0,0.9,0.54224221,0.164057802,0.177613692,0.206998622,0.494325135,0.298626201,0.278552196,0.010677084,0.20799791,0.516068612,0.295697474,0.435446465,-0.008061183,-0.5911909
0,0.6,0.535817539,0.119296217,0.439942909,0.259280076,0.6962292,0.248968633,0.425933436,0.062449649,0.161881452,0.522844808,0.138785456,0.714961347,0.13248572,-0.47632486
0,0.9,0.475425634,0.265129994,0.672347614,0.13254492,0.746058613,0.462898671,0.444492624,0.086102269,0.274220502,0.417298004,0.064248552,0.648369221,-0.32771084,-0.74091625
0,0.6,0.360102795,0.326207702,0.350326385,0.066541216,0.828930201,0.220121828,0.652926482,0.216659088,0.367517064,0.663298235,0.406073138,0.418446564,0.08016702,-0.44981903
0,0.9,0.434307742,0.17367028,0.408191384,0.226943288,0.259914023,0.378865918,0.239236275,0.02082386,0.072824815,0.514477572,0.35426274,0.145397815,-0.06960036,-0.5975855
0,0.6,0.56312239,0.135592329,0.172573847,0.330844384,0.637238347,0.272134029,0.207832631,0.071526356,0.152383363,0.573704312,0.166639156,0.202805292,0.14707993,-0.36643678
0,0.6,0.359781561,0.220415622,0.126541234,0.143617827,0.749130235,0.233689287,0.732386342,0.075884744,0.179515505,0.395007014,0.503320041,0.084390694,-0.110009186,-0.4916091
0,0.9,0.493093479,0.134294863,0.197679559,0.040694364,0.598184616,0.518641431,0.206805728,0.115288863,0.161596135,0.365798484,0.194626045,0.104414857,-0.24339035,-0.70046085
0,0.9,0.73209123,0.130878835,0.17147375,0.074691054,0.729459197,0.431981534,0.534894211,0.086102269,0.086076232,0.490146261,0.317099682,0.202805292,-0.25921804,-0.6740658
0,0.6,0.530035336,0.31463734,0.478069825,0.069030788,0.731243944,0.184149378,0.688802616,0.086102269,0.355467823,0.32313142,0.378068225,0.170286718,0.034166474,-0.5451211
0,0.9,0.508512689,0.195357453,0.268972907,0.097347071,0.782525865,0.180882525,0.392036841,0.154854782,0.263141665,0.672139513,0.113530263,0.412428672,0.006365044,-0.4909654
0,0.9,0.488274976,0.155438546,0.363335091,0.102927441,0.893112166,0.16235225,0.329619551,0.275981064,0.160955935,0.508472057,0.123747656,0.665889181,-0.42276052,-0.7270458
0,0.9,0.277545776,0.141278192,0.377372715,0.181563618,0.680462679,0.252268911,0.20272791,0.269000702,0.079580609,0.657573499,0.157387475,0.801143264,-0.43255165,-0.72829133
0,0.6,0.654673948,0.440412554,0.375889152,0.053579455,0.373526484,0.456067051,0.615204503,0.001609535,0.361127317,0.550686745,0.551216931,0.801143264,0.11511326,-0.48890972
0,0.6,0.332797944,0.163135137,0.427139724,0.059025719,0.720219011,0.061154453,0.213193082,0.194526378,0.19579546,0.389234432,0.122056615,0.82002452,-0.18950437,-0.71308607
0,0.6,0.563443624,0.135757751,0.176639614,0.338567849,0.632148102,0.277516915,0.209684474,0.071526356,0.099290949,0.480233689,0.194840248,0.683896265,-0.28729838,-0.7083612
0,0.9,0.338580148,0.235855185,0.385348638,0.114596324,0.696456467,0.358415789,0.340041059,0.087776786,0.422881318,0.314300176,0.199285373,0.64660727,-0.23191838,-0.7062831
0,0.6,0.420815933,0.311693262,0.262641092,0.196097313,0.815072809,0.384091764,0.630002867,0.104646592,0.376304935,0.258860068,0.05642495,0.61382635,0.11766634,-0.4372664
0,0.7,0.279473177,0.127086736,0.216467215,0.14142653,0.499907271,0.443029177,0.286861061,0.000257251,0.074729472,0.459081956,0.108481805,0.61382635,0.04714959,-0.39943343
0,0.6,0.259235464,0.198047674,0.400429949,0.168766234,0.808561361,0.43404044,0.844612544,0.216659088,0.194532047,0.581505221,0.165663198,0.486428822,-0.083491065,-0.66086394
0,0.6,0.443944748,0.134666156,0.347774923,0.284032901,0.481384256,0.307771735,0.527963534,0.016837792,0.110722864,0.60996489,0.219341464,0.486428822,-0.010934744,-0.45704117
0,0.6,0.387086412,0.234729892,0.547548602,0.220806821,0.402362856,0.476239686,0.758148215,0.017661593,0.276043985,0.497288402,0.433282904,0.569294189,0.105014615,-0.37716264
0,0.6,0.624156762,0.058865956,0.078755126,0.079249787,0.510489008,0.20276814,0.432863994,0.02082386,0.241979554,0.657251762,0.145469555,0.602486923,-0.4034807,-0.74007934
0,0.6,0.713780919,0.263494264,0.311855067,0.324711257,0.724763035,0.560633193,0.207589806,0.116846654,0.111457671,0.567478245,0.154548963,0.555228246,-0.15313807,-0.6662636
0,0.6,0.4741407,0.203799192,0.419537151,0.02257186,0.573259231,0.140687368,0.424420882,0.033145979,0.268062811,0.29928893,0.157007831,0.329314096,-0.27647957,-0.45354792
0,0.9,0.377449406,0.183618588,0.663250857,0.211308034,0.451801596,0.310663003,0.24985716,0.031151327,0.282656453,0.480403739,0.199427478,0.547985096,0.0760165,-0.47230047
0,0.6,0.561837456,0.238984247,0.495268803,0.045333116,0.47208974,0.467531604,0.891267548,0.02082386,0.344216353,0.513443677,0.229210897,0.466488638,0.1448715,-0.40350878
0,0.8,0.40507549,0.225282512,0.076621094,0.176576607,0.898836909,0.328702345,0.423355701,0.216659088,0.189818239,0.748006841,0.080214688,0.574786854,-0.03947552,-0.49969813
0,0.6,0.497911982,0.388191559,0.658195179,0.089296953,0.926895897,0.273274881,0.498948033,0.213385583,0.339994705,0.36207948,0.085091063,0.466488638,-0.035631653,-0.5940171
0,0.9,0.45775779,0.285049448,0.497927398,0.119437858,0.914000722,0.096216628,0.362593855,0.216659088,0.322245234,0.367702594,0.530573823,0.574786854,0.13584997,-0.44279405
0,0.6,0.598458079,0.201804436,0.13343994,0.08337621,0.734419912,0.396629102,0.777369525,0.135537416,0.247453967,0.360399223,0.448391092,0.574786854,0.07117767,-0.565109
0,0.6,0.300353357,0.182302784,0.362774239,0.254871518,0.918122142,0.561171166,0.760396644,0.216659088,0.147604188,0.732388026,0.32530862,0.574786854,0.20765495,-0.4052685
0,0.9,0.32605204,0.187749666,0.544017878,0.133659631,0.286583286,0.45732544,0.239437232,0.031847314,0.094929646,0.55110933,0.165533804,0.607743153,0.055742692,-0.42529112
0,0.9,0.477674269,0.140299533,0.45063944,0.134315624,0.961655758,0.135281387,0.405955098,0.211821303,0.221123074,0.247389857,0.403044709,0.484244025,-0.3862481,-0.68115944
0,0.9,0.392868615,0.310066983,0.595543523,0.04324548,0.448578672,0.206930074,0.24691285,0.018470046,0.114014694,0.530936838,0.093497888,0.276347961,-0.30111963,-0.74407583
0,0.9,0.633472535,0.090559496,0.186280604,0.100680798,0.533123703,0.275387754,0.255927738,0.060253707,0.219521739,0.485259628,0.174178736,0.44094118,-0.10980827,-0.6366398
0,0.9,0.518149695,0.166291169,0.422000649,0.24782654,0.507458569,0.352011654,0.258649782,0.02082386,0.301764529,0.241879224,0.192865185,0.343604072,0.15040414,-0.3759784
0,0.6,0.30067459,0.221417628,0.438893001,0.048934323,0.631854957,0.287009226,0.845318745,0.172619215,0.221119988,0.724770115,0.139781715,0.827987697,-0.357926,-0.7603613
0,0.9,0.480244137,0.155421882,0.279089139,0.135487965,0.472143723,0.589200559,0.227168913,0.032670643,0.282886193,0.351069073,0.124428588,0.574414365,-0.3405666,-0.7402191
0,0.6,0.285897848,0.135978625,0.32002163,0.077600547,0.486003619,0.280700993,0.30133154,0.02082386,0.16292109,0.686217146,0.345845291,0.31434151,0.15766893,-0.2728255
0,0.6,0.554127851,0.446704191,0.360162051,0.094357375,0.474405265,0.385137565,0.438288628,0.02082386,0.130716345,0.337083727,0.538646537,0.379245465,-0.12767734,-0.6528948
0,0.6,0.462255059,0.170376905,0.77032148,0.10008325,0.517869803,0.096064085,0.268528202,0.103472382,0.1217558,0.666863077,0.211307074,0.76615419,0.1127556,-0.54965985
0,0.6,0.735946033,0.165398983,0.140098012,0.322143258,0.52232722,0.125726114,0.260603198,0.115803458,0.208553151,0.744336972,0.182801091,0.76615419,0.12404943,-0.39251983
0,0.9,0.453581754,0.296912812,0.593939489,0.034722061,0.662971098,0.172152686,0.252484438,0.03791088,0.134165608,0.734628522,0.036981679,0.164297442,-0.31693858,-0.7028075
0,0.6,0.673626727,0.171765275,0.427058625,0.068815807,0.659374543,0.384788843,0.610817189,0.086102269,0.224310677,0.309238334,0.391442304,0,-0.06865796,-0.5960347
0,0.6,0.523931898,0.343342209,0.410219237,0.165929916,0.467093964,0.163004478,0.626483742,0.02082386,0.373570822,0.227831666,0.289107101,0.06448704,-0.056273445,-0.49146557
0,0.6,0.563443624,0.147654005,0.087727937,0.273695354,0.600137223,0.429840826,0.640687779,0.10408705,0.219291062,0.695470924,0.381685759,0.886855241,-0.13903743,-0.6732616
0,0.9,0.500803084,0.118562136,0.131191574,0.114991827,0.527385673,0.408614733,0.273131744,0.02082386,0.198606374,0.454029631,0.334974476,0.113830221,0.14783035,-0.33282208
0,0.6,0.248313524,0.236514056,0.440350307,0.041709465,0.914337693,0.212880712,0.326534936,0.325009004,0.227981767,0.4285806,0.245741093,0.111450765,-0.17260076,-0.6379702
0,0.6,0.156440732,0.347919421,0.364018655,0.023578027,0.956127744,0.419171928,0.851366908,0.267804642,0.151857605,0.698756458,0.316894397,0.11408895,-0.08004426,-0.67601603
0,0.6,0.332476711,0.444310237,0.397018406,0.086480539,0.747367679,0.24193342,0.881019513,0.120329582,0.291034723,0.769745432,0.353135569,0.122832219,-0.2635055,-0.66076386
0,0.9,0.597173145,0.090446064,0.289391724,0.294080954,0.449304786,0.393630507,0.477266109,0.007024087,0.197998145,0.606352332,0.139119756,0.111450765,-0.064058065,-0.5148248
0,0.6,0.478316736,0.137415338,0.089818814,0.281186002,0.442970241,0.493658037,0.210238906,0.02082386,0.326399541,0.595180438,0.168348601,0.683896265,0.10948591,-0.5310651
0,0.6,0.151622229,0.266732949,0.602229464,0.066322576,0.435591463,0.415678024,0.683639965,0.010894973,0.162132809,0.408266661,0.240523587,0.124886587,-0.2381086,-0.663023
0,0.6,0.581432702,0.160416445,0.098265733,0.154720508,0.437658503,0.420562562,0.528815623,0.020507413,0.335495602,0.560175442,0.239182783,0.569294189,-0.05142857,-0.57770634
0,0.6,0.193061356,0.254577368,0.509860246,0.036449154,0.535689521,0.399790086,0.829017417,0.04219443,0.370673736,0.596793788,0.26336298,0.486428822,-0.12715745,-0.62539685
0,0.6,0.656601349,0.156829791,0.390403951,0.223330799,0.415508394,0.586886645,0.576182549,0.035219531,0.16991032,0.475056554,0.158547849,0.578682943,-0.16967995,-0.7030739
0,0.9,0.353999358,0.126599161,0.212397889,0.124881186,0.540180119,0.264820713,0.20016746,0.02082386,0.347457295,0.518297038,0.177528754,0.267669924,-0.013400942,-0.5557409
0,0.9,0.489881144,0.154768977,0.167826575,0.108867807,0.889952128,0.223272602,0.513677221,0.261485545,0.200765804,0.450178699,0.276522857,0.113830221,0.14572601,-0.35250208
0,0.9,0.717635721,0.133837628,0.086574975,0.082364424,0.384653608,0.382341348,0.261690635,0.019187384,0.099708148,0.520630207,0.073271421,0.127857485,-0.29307553,-0.6651539
0,0.6,0.460327658,0.174719036,0.280684262,0.109658514,0.41992442,0.485430436,0.961436627,0.022708836,0.193817611,0.747302962,0.25620627,0.10871233,0.09927611,-0.5047509
0,0.9,0.640860906,0.165812538,0.393542074,0.027443291,0.400691082,0.196173539,0.387624469,0.005564635,0.335065501,0.461781431,0.264071612,0.735493806,0.18623199,-0.3128668
0,0.9,0.564728558,0.11028807,0.247060607,0.089737144,0.750978981,0.349015733,0.450473624,0.034947067,0.182506713,0.260341722,0.258410334,0.61986926,-0.38963908,-0.7324763
0,0.6,0.435913909,0.361622863,0.574325996,0.095099826,0.830025216,0.256766804,0.827107724,0.216493087,0.245812949,0.549841703,0.202987904,0.486428822,0.0644185,-0.43739623
0,0.9,0.397044651,0.172211189,0.741057329,0.158690859,0.627427245,0.370755003,0.238813643,0.046214465,0.375760367,0.446874723,0.283732691,0.578682943,-0.14074074,-0.632266
0,0.6,0.520719563,0.226480337,0.719556154,0.214459692,0.64706837,0.453318845,0.542125978,0.080734365,0.323214325,0.674218652,0.189123759,0.446712231,-0.3046903,-0.7160348
0,0.9,0.396723418,0.2174196,0.534993588,0.031013628,0.581631182,0.339172633,0.465582588,0.034533504,0.359066625,0.283529597,0.206676775,0.360833839,0.10063524,-0.5340747
0,0.6,0.450690652,0.069344388,0.178822434,0.170088619,0.848249172,0.177278133,0.279486384,0.145312842,0.258310284,0.377605055,0.091718624,0.310339081,0.15189873,-0.40896514
0,0.9,0.671056858,0.362705595,0.165158131,0.15950616,0.709380372,0.151794204,0.411975914,0.086102269,0.19317675,0.712819698,0.199823819,0.291680013,0.11423684,-0.36018682
0,0.9,0.27433344,0.147462133,0.464460363,0.073754733,0.49682118,0.225360679,0.207640435,0.092587413,0.10325727,0.442026031,0.494633938,0.799867556,-0.14606096,-0.6251699
0,0.6,0.548024414,0.455948977,0.062496822,0.3069847,0.662949255,0.528271092,0.810107692,0.086102269,0.089014365,0.579630875,0.034465323,0.074720921,-0.3682407,-0.70783216
0,0.6,0.368133633,0.254321514,0.522113901,0.402777645,0.665759313,0.521171579,0.474618292,0.109136921,0.185631885,0.465608455,0.324479511,0.088860811,0.013747228,-0.4821726
0,0.6,0.198201092,0.171585278,0.268942334,0.053938635,0.479888132,0.388867638,0.771477235,0.019011258,0.23864389,0.19795124,0.302569972,0.153201861,-0.076652795,-0.5946316
0,0.6,0.45775779,0.213481629,0.534658154,0.24707705,0.553967598,0.173217692,0.824189241,0.021966266,0.263909761,0.779365104,0.300681994,0.067387453,0.11130502,-0.46188197
0,0.9,0.717956955,0.220755017,0.54099067,0.172547321,0.832495452,0.606325371,0.29057392,0.090611958,0.165748668,0.255695888,0.327259398,0.103649176,0.26504064,-0.3251599
0,0.6,0.402826855,0.222411982,0.644546317,0.110722144,0.400988192,0.096105533,0.843366907,0.041405744,0.294006046,0.762418255,0.280287809,0.806684948,-0.052678414,-0.58941287
0,0.6,0.321233537,0.236176092,0.447148788,0.090734187,0.659242022,0.628306401,0.767256211,0.053315506,0.247109982,0.462769699,0.525300348,0.783655247,0.18532111,-0.39732495
0,0.6,0.28429168,0.124900362,0.4309773,0.202575751,0.684524343,0.06152943,0.268766766,0.202479276,0.146634306,0.545771766,0.099335233,0.111450765,-0.05197579,-0.5739015
0,0.6,0.663347253,0.402153694,0.49538252,0.072835034,0.789408648,0.2775817,0.205015959,0.19748159,0.119666874,0.620648401,0.20484249,0.127857485,-0.30796993,-0.7614419
0,0.9,0.420173466,0.093330617,0.422729358,0.314197806,0.693659695,0.367010952,0.235677334,0.123650696,0.128800017,0.772150589,0.070400465,0.423491622,-0.23646247,-0.5953601
0,0.6,0.633472535,0.20766328,0.069035587,0.346256373,0.5303686,0.201300931,0.22664021,0.02082386,0.214256881,0.431747075,0.222178269,0.344464306,-0.039689388,-0.58866185
0,0.6,0.658207517,0.267562401,0.157040861,0.08822933,0.869702036,0.318899842,0.505987781,0.216659088,0.431961061,0.265103519,0.089575462,0.310339081,0.16889375,-0.4826104
0,0.6,0.546418246,0.421727047,0.558370284,0.170625164,0.581747355,0.177250907,0.89439999,0.107297165,0.102298119,0.43030865,0.444933119,0.310339081,-0.1347164,-0.59799373
0,0.9,0.306456794,0.310298244,0.359915001,0.150118889,0.763013922,0.180351116,0.314876907,0.186608668,0.337196388,0.410649636,0.158064423,0.388192567,-4.27E-04,-0.5108439
0,0.9,0.358175394,0.14590362,0.437494319,0.159259031,0.616120228,0.079290182,0.218907678,0.09974867,0.160503257,0.418330558,0.182212556,0.244878229,-0.062410478,-0.5877676
0,0.9,0.389335047,0.219047124,0.182665895,0.145266695,0.930904762,0.163473412,0.354156031,0.219489015,0.12658363,0.429110069,0.112666623,0.388847423,-0.28550297,-0.7388694
0,0.6,0.119177642,0.360925527,0.710937693,0.026464609,0.580942633,0.530906258,0.744584794,0.055728103,0.150160101,0.649837277,0.208850483,0.39894149,-0.35196546,-0.74948543
0,0.9,0.643430774,0.272585827,0.176402567,0.021635349,0.596491346,0.337739579,0.496384663,0.086038536,0.269379485,0.41779758,0.515757056,0.39894149,0.051767226,-0.5002824
0,0.6,0.488596209,0.166244084,0.221806569,0.119802048,0.600528314,0.147134895,0.777646544,0.033601097,0.187036334,0.80320063,0.169930359,0.819712254,-0.099958174,-0.57014924
0,0.6,0.398008352,0.483864544,0.388391511,0.076923855,0.477406835,0.166193419,0.401821955,0.030681182,0.13566314,0.439571301,0.341472073,0.783711153,0.0331076,-0.47722375
0,0.6,0.303565692,0.222799882,0.392819755,0.118347872,0.474728531,0.32087488,0.854563041,0.02082386,0.522250759,0.383336575,0.208305396,0.743834088,-0.16700059,-0.70195943
0,0.9,0.458721491,0.213730719,0.546064563,0.086133546,0.894014418,0.289246565,0.428974328,0.203813604,0.140843613,0.501021643,0.625795006,0.114756744,-0.12609923,-0.6559497
0,0.9,0.44779955,0.351214031,0.252546746,0.28413968,0.7669807,0.371005149,0.327420094,0.169090483,0.148908049,0.580477645,0.436874824,0.815143229,-0.36106333,-0.77705187
0,0.6,0.434950209,0.070243349,0.136749479,0.05920737,0.370957466,0.295258828,0.405447586,0.003880839,0.152743073,0.412213232,0.15425868,0.291680013,-0.09974543,-0.5590551
0,0.6,0.380661741,0.14716658,0.35854266,0.15690583,0.670046297,0.487689532,0.264461631,0.270702456,0.095376944,0.408556286,0.398957979,0.827987697,-0.35766897,-0.72454596
0,0.9,0.410857694,0.235972818,0.249709786,0.039908801,0.506458718,0.451913139,0.315638906,0.020381808,0.224234171,0.254539917,0.177486065,0.820189541,0.11127179,-0.38223165
0,0.6,0.698361709,0.327998006,0.069246292,0.257261995,0.359451634,0.440836811,0.257332858,0.02082386,0.238806145,0.58429853,0.417327203,0.820189541,-0.041262135,-0.5079086
0,0.6,0.104722133,0.363264917,0.833196087,0.127469135,0.837816303,0.400939203,0.750970667,0.161388422,0.278006921,0.236866234,0.328109187,0.782824125,-0.35705602,-0.7547871
0,0.9,0.482492772,0.059165709,0.381872474,0.18971099,0.878757666,0.321323393,0.382908916,0.216659088,0.344350587,0.446457425,0.385738527,0.337619442,0.2153724,-0.43555608
0,0.9,0.660456152,0.165979321,0.744106227,0.032282601,0.303472647,0.469769794,0.357129562,0.020004531,0.299703149,0.581503983,0.178480807,0.386423253,0.12121705,-0.45559898
0,0.6,0.504015419,0.145314523,0.457826264,0.198021976,0.591767567,0.346529098,0.86127163,0.064403744,0.513133996,0.528991382,0.080991622,0.283835058,-0.20696746,-0.6888964
0,0.6,0.38419531,0.239907038,0.568106413,0.170146262,0.303109451,0.495608036,0.761942266,0.015462069,0.366101797,0.247549745,0.089916402,0.113830221,0.27697864,-0.25147796
0,0.6,0.734339865,0.196545076,0.187952454,0.048691329,0.942061519,0.07716321,0.257135097,0.215025005,0.147238369,0.576735712,0.199097542,0.571097738,-0.12765758,-0.7119295
0,0.6,0.543205911,0.20385469,0.341074101,0.02822082,0.684172694,0.192347929,0.934367004,0.105373693,0.153188654,0.766310972,0.206533721,0.687239995,0.14337224,-0.4302915
0,0.9,0.533568905,0.416784163,0.305001772,0.138364142,0.505233686,0.497920735,0.225732599,0.059196028,0.082992675,0.355288685,0.141726042,0.421767085,1.72E-04,-0.5005176
0,0.6,0.353035657,0.379592904,0.407745258,0.250368366,0.630994653,0.145804185,0.757533249,0.080586036,0.168437971,0.359596095,0.171765403,0.093170447,-0.33198285,-0.69184196
0,0.6,0.275939608,0.323247478,0.361196126,0.040277616,0.699529132,0.10323057,0.656496077,0.121277809,0.251229935,0.380172705,0.255789629,0.886855241,0.049154665,-0.56123894
0,0.6,0.534853839,0.414506053,0.420445879,0.081849837,0.419316147,0.648294283,0.775007842,0.04544129,0.343422108,0.342175875,0.104834673,0.084390694,-0.38619676,-0.75247526
0,0.6,0.226469643,0.491090743,0.462859299,0.166687535,0.56980097,0.674724587,0.838665087,0.097162718,0.186590804,0.456654515,0.288931413,0.109531527,-0.37992945,-0.7068077
0,0.9,0.383874076,0.295088233,0.128807675,0.047098591,0.800042281,0.097955984,0.408386628,0.155251778,0.204435762,0.660764426,0.15776731,0.90595433,-0.2734375,-0.5891365
0,0.9,0.339543848,0.174351205,0.307506156,0.147301946,0.706510975,0.296832392,0.363065694,0.021504129,0.467572056,0.375934213,0.169585624,0.126173155,-0.34977874,-0.7316101
0,0.6,0.491487311,0.162109993,0.307705007,0.136665094,0.75447759,0.665038892,0.204801348,0.049089604,0.22575838,0.662524897,0.102422668,0.416026536,-0.14613515,-0.61413115
0,0.6,0.34693222,0.116381071,0.07279362,0.045690642,0.771326117,0.559543513,0.219388337,0.141377666,0.074927082,0.318763063,0.123345434,0.153201861,-0.091806345,-0.6224554
0,0.6,0.624156762,0.198112867,0.50635519,0.249039523,0.825568773,0.315201737,0.778495042,0.209091326,0.396176739,0.588666345,0.109992035,0.067387453,-0.0857688,-0.43118426
0,0.6,0.088660456,0.370126459,0.7302264,0.045706246,0.555210438,0.440739816,0.736457096,0.010320525,0.293039565,0.35779972,0.194959586,0.260792912,-0.3109878,-0.7416691
0,0.9,0.529714102,0.347737577,0.422104727,0.198930852,0.58785825,0.248081209,0.617040285,0.078650519,0.268590171,0.706607044,0.070520563,0.153201861,-0.29214865,-0.6337327
0,0.6,0.391262448,0.336324847,0.813475379,0.076623212,0.768913549,0.468782822,0.370081332,0.09072425,0.142342215,0.330646806,0.274643796,0.153201861,-0.40289518,-0.7523506
0,0.9,0.600706714,0.12173399,0.602255302,0.095369599,0.55720374,0.337989482,0.607251264,0.037606456,0.141552281,0.483716562,0.194538771,0.095810695,0.05004985,-0.5392569
0,0.9,0.415676197,0.191858102,0.499791148,0.078697259,0.904855353,0.518735388,0.289974739,0.205398226,0.343975055,0.17300555,0.394217258,0.095810695,-0.002832861,-0.4581749
0,0.9,0.3160938,0.178129963,0.603533429,0.17890494,0.316469039,0.278318283,0.229952576,0.069709168,0.102067789,0.468205043,0.24202509,0.077704555,-0.37613416,-0.7180958
0,0.6,0.332797944,0.229634465,0.510123381,0.034636487,0.813716301,0.510424161,0.838139383,0.210062368,0.176041442,0.584982342,0.550073823,0.075105348,0.07233901,-0.53114754
0,0.6,0.280436878,0.222795312,0.753020834,0.1449572,0.608211925,0.441235003,0.795593648,0.08731212,0.199026199,0.77809807,0.308153083,0.127345901,-0.2699172,-0.7311262
0,0.6,0.418888532,0.202643028,0.557048497,0.268460613,0.780897151,0.624141064,0.452808198,0.021460869,0.157345943,0.242970585,0.115427158,0.127345901,-0.3229116,-0.7325656
0,0.6,0.455509155,0.181173013,0.259679317,0.171398961,0.558069957,0.21757685,0.94305892,0.02082386,0.430423588,0.299040315,0.190653152,0.112725082,-0.08117932,-0.6131365
0,0.6,0.712817218,0.165452877,0.181032941,0.030297536,0.582792145,0.148723531,0.526239981,0.052336875,0.142268764,0.678372338,0.407645031,0.098602381,0.14789228,-0.29978496
0,0.9,0.611949888,0.115544326,0.296367675,0.324051611,0.446362346,0.538219573,0.356662971,0.021157715,0.164724362,0.79528448,0.069270638,0.075105348,-0.005941866,-0.599183
0,0.9,0.268551237,0.285211512,0.195973914,0.042476324,0.547852947,0.133581535,0.377119699,0.025298484,0.162873153,0.567028113,0.172015464,0.075105348,-0.14817367,-0.64950496
0,0.6,0.703822679,0.185034655,0.429910746,0.033739565,0.933556144,0.396369475,0.283125175,0.168263325,0.118015125,0.459717124,0.403450536,0.695029339,-0.3699798,-0.7353986
0,0.9,0.391904915,0.333791646,0.809362842,0.071872155,0.883508228,0.388359566,0.360225266,0.216659088,0.277520923,0.507872483,0.539808808,0.127345901,0.010242086,-0.48101705
0,0.6,0.577256666,0.158969945,0.197006728,0.095359807,0.837443298,0.233632767,0.750744948,0.216659088,0.151552863,0.464295484,0.408820202,0.127345901,0.0881943,-0.46606913
0,0.9,0.617089624,0.279189554,0.522259956,0.052390192,0.754814908,0.691749973,0.280372726,0.086102269,0.298124614,0.299769574,0.089110819,0.112725082,0.06492147,-0.5687308
0,0.9,0.587857372,0.210413293,0.415821867,0.053158281,0.470222559,0.635239392,0.288403921,0.032769386,0.091553985,0.642709838,0.632875445,0.112725082,-0.11700122,-0.6122939
0,0.9,0.409893993,0.16652056,0.542179235,0.058282511,0.454807966,0.122031898,0.314748736,0.038238749,0.312999412,0.578815701,0.549310739,0.112725082,-0.074725606,-0.5951797
0,0.6,0.498554449,0.165278454,0.073790663,0.114870109,0.506699759,0.077734973,0.231998924,0.076605096,0.131774927,0.444833603,0.112415424,0.093214855,-0.06063165,-0.6020408
0,0.9,0.332155477,0.04466926,0.12645652,0.037989687,0.95686151,0.243230947,0.29316373,0.171542495,0.157023332,0.364206154,0.345538691,0.795580266,-0.20272315,-0.73770493
0,0.6,0.253132027,0.082142419,0.320662318,0.045073615,0.879862629,0.308299254,0.633592469,0.202114761,0.151135281,0.509896813,0.162575194,0.113830221,0.14939626,-0.4734108
0,0.6,0.279151943,0.147628362,0.791725808,0.185372978,0.644735594,0.396176092,0.241127519,0.029401536,0.140345241,0.385623293,0.172679889,0.069839323,0.1402715,-0.2917847
0,0.6,0.529392869,0.317165833,0.630785868,0.269609612,0.421221519,0.344560624,0.240197356,0.017454849,0.079652024,0.619307472,0.055730168,0.069839323,0.20604634,-0.35935512
0,0.6,0.578862833,0.36536258,0.220689967,0.055866396,0.921117868,0.217251101,0.670996626,0.216659088,0.453140773,0.387051685,0.113556066,0.111450765,,
0,0.6,0.571153228,0.402527237,0.568012648,0.061570899,0.263932278,0.5960543,0.687001599,0.019311145,0.271525632,0.424519277,0.139259774,0.128578573,,
0,0.6,0.66302602,0.486663731,0.12597028,0.064245077,0.557366173,0.449772553,0.88761169,0.02082386,0.49566671,0.398718125,0.409074248,0.654130999,,
0,0.6,0.33151301,0.497421225,0.167022597,0.112445421,0.309417422,0.164271497,0.856441165,0.003138051,0.233611187,0.736540989,0.126272739,0.675137225,,
0,0.6,0.470928365,0.387693378,0.852497236,0.028765331,0.458266018,0.386160151,0.439077185,0.050293323,0.187246355,0.465953817,0.307401762,0.184604106,,
0,0.6,0.480244137,0.186739409,0.263162347,0.050420934,0.583663579,0.694354144,0.576649337,0.024687147,0.414193271,0.321063682,0.081379615,0.085721372,,
0,0.6,0.35785416,0.277049515,0.321734589,0.280263609,0.526223946,0.26988964,0.787348671,0.056592014,0.466587484,0.514945604,0.28186027,0.710822266,,
0,0.6,0.414391262,0.269704344,0.297905799,0.056663893,0.433052983,0.035690215,0.489472651,0.018770327,0.279649516,0.33179491,0.158100092,0.455995379,,
0,0.9,0.277545776,0.172807753,0.423642739,0.245887499,0.75102392,0.149772735,0.209360358,0.102745687,0.119084402,0.301281328,0.15335349,0.455995379,,
0,0.6,0.648570511,0.199102074,0.093661224,0.02522985,0.437359375,0.43378604,0.975023961,0.02082386,0.156139172,0.608895143,0.181617761,0.344464306,,
0,0.9,0.46867973,0.158808055,0.527854796,0.174374063,0.496767684,0.148894792,0.199198526,0.033590567,0.275743408,0.288015001,0.304462314,0.344464306,,
0,0.6,0.351108256,0.439533132,0.829662392,0.111514834,0.490267158,0.202976352,0.85762027,0.000595435,0.266105493,0.496012444,0.347866647,0.344353243,,
0,0.6,0.423064568,0.330826298,0.78160229,0.080527563,0.716899392,0.251926509,0.523446827,0.086576833,0.382150662,0.50454109,0.141099182,0.305952445,,
0,0.6,0.556055252,0.147574283,0.25074826,0.183430755,0.697028287,0.05660393,0.248971588,0.085682643,0.214287497,0.740806589,0.120538606,0.344464306,,
0,0.6,0.698682942,0.183369855,0.583120161,0.127401054,0.676579796,0.583203368,0.574272462,0.051416298,0.310045519,0.635261771,0.124187634,0.344464306,,
0,0.6,0.469964664,0.325283041,0.195036966,0.097932504,0.761586667,0.410095191,0.943950195,0.086102269,0.246599529,0.309663266,0.458038355,0.344464306,,
0,0.6,0.259556698,0.225095602,0.575695198,0.075063698,0.877375976,0.533294924,0.868753582,0.216659088,0.277906436,0.287172022,0.143104033,0.310339081,,
0,0.9,0.387086412,0.139644851,0.453627752,0.210515331,0.633838729,0.131403147,0.273260704,0.048570737,0.148015929,0.340027716,0.06988213,0.310339081,,
0,0.8,0.341150016,0.132207784,0.292848888,0.107611572,0.559888304,0.425357276,0.23072156,0.043521692,0.243289229,0.255472782,0.299664676,0.310339081,,
0,0.6,0.670735625,0.115598751,0.221667828,0.095674065,0.81090492,0.120798912,0.551450065,0.205053416,0.117420832,0.589809781,0.25761253,0.310339081,,
0,0.6,0.613556055,0.144177932,0.070339636,0.048633647,0.860518962,0.668123666,0.333761968,0.198589298,0.151139964,0.772834401,0.295865573,0.347706551,,
0,0.6,0.366527465,0.306852291,0.12958796,0.132312286,0.467135425,0.21533307,0.427677864,0.021020568,0.272816182,0.333179403,0.379807078,0.339390929,,
0,0.9,0.523931898,0.18950416,0.597753021,0.047227557,0.70718109,0.248167022,0.468032665,0.194326665,0.080660528,0.70684725,0.06523855,0.302156097,,
0,0.9,0.570510761,0.145256774,0.151812197,0.134261073,0.313871917,0.276523258,0.400890312,0.012397065,0.181740887,0.411106216,0.268896951,0.302156097,,
0,0.6,0.691937038,0.250374219,0.296660094,0.115070555,0.998253791,0.153161257,0.578071446,0.32845998,0.090911826,0.630240165,0.471035066,0.347706551,,
0,0.9,0.614840989,0.170907699,0.325983402,0.045794211,0.61510396,0.127425359,0.398537586,0.052000889,0.348694507,0.459155749,0.129108596,0.386423253,,
0,0.6,0.607773852,0.114968223,0.315482219,0.295857973,0.578712046,0.420387532,0.372098715,0.02082386,0.367182646,0.333147678,0.116452825,0.386423253,,
0,0.6,0.256665596,0.360064155,0.696806052,0.166709011,0.560713618,0.650458207,0.51795207,0.01099856,0.28434257,0.474848331,0.592756623,0.347706551,,
0,0.6,0.549630581,0.417798193,0.559214167,0.026223008,0.606102798,0.381917873,0.819198721,0.049256764,0.277649579,0.376561256,0.63815613,0.302156097,,
0,0.6,0.258592997,0.197371065,0.405190489,0.160161253,0.857790085,0.300603183,0.84557769,0.216659088,0.129748717,0.594440913,0.156774845,0.302156097,,
0,0.6,0.235464182,0.285085628,0.369813494,0.137020294,0.446219182,0.267280242,0.387366905,0.02082386,0.361247692,0.411507832,0.139122222,0.283835058,,
0,0.9,0.524574366,0.187151002,0.20866935,0.113240929,0.490368096,0.464424831,0.221725692,0.036197834,0.175309137,0.267026767,0.050086155,0.408483149,,
0,0.6,0.192418889,0.390500621,0.507780326,0.08880807,0.915940459,0.464640336,0.247729088,0.216659088,0.11870197,0.591882136,0.162837018,0.90595433,,
0,0.6,0.681978799,0.13665386,0.305572292,0.135717089,0.546468335,0.2971895,0.71977615,0.02082386,0.315190068,0.341395341,0.278604926,0.921413379,,
0,0.9,0.309347896,0.264005602,0.168153421,0.533018668,0.49854478,0.284052443,0.325706484,0.024239063,0.313841496,0.365213431,0.067532165,0.879609671,,
0,0.6,0.425313203,0.284785586,0.152052831,0.151585368,0.343131032,0.157591813,0.493261809,0.003271839,0.146312532,0.701452116,0.06388124,0.906484232,,
0,0.9,0.445550916,0.299201193,0.200248732,0.418140862,0.118981521,0.114160676,0.411498945,0.711624439,0.755299395,0.122401548,0.638841615,0.413572639,,
0,0.8,0.308062962,0.114737286,0.585912873,0.167405216,0.948092485,0.198319838,0.526023022,0.216659088,0.5359648,0.274264521,0.76594612,0.879609671,,
0,0.8,0.389335047,0.028869183,0.636646477,0.705668878,0.594650321,0.70673432,0.870876602,0.086102269,0.658617433,0.217724902,0.144876087,0.783711153,,
0,0.8,0.58946354,0.108690054,0.093974353,0.321448227,0.803863947,0.054974697,0.367189761,0.133061435,0.807102013,0.294088659,0.473100439,0.654130999,,
0,0.6,0.673305493,0.214346614,0.799295314,0.076682388,0.52173933,0.637526809,0.500828209,0.02082386,0.411402025,0.187101805,0.17490672,0.692025928,,
0,0.9,0.596209444,0.204418167,0.153517997,0.359116045,0.882450569,0.237673761,0.215588307,0.278478615,0.247890426,0.779931328,0.333451344,0.692025928,,
0,0.9,0.353999358,0.069342346,0.082448888,0.34516914,0.939593788,0.638405117,0.236737345,0.216659088,0.675767106,0.070325744,0.276483583,0.688728152,,
0,0.8,0.591712175,0.109172632,0.610388069,0.939386959,0.81153914,0.42083641,0.441087583,0.200163151,0.818155093,0.363956792,0.275264964,0.688728152,,
0,0.9,0.434307742,0.317009828,0.386387112,0.317454939,0.842206381,0.466815806,0.337929402,0.109287342,0.828519131,0.151865114,0.354175086,0.688728152,,
0,0.9,0.387086412,0.091465254,0.306633465,0.316315229,0.679566897,0.159596144,0.369683127,0.053161862,0.283670581,0.412095103,0.163096375,0.711383864,,
0,0.8,0.039511725,0.025989108,0.950348474,0.555425872,0.530107594,0.309843282,0.984676524,0.033031641,0.50664043,0.166070523,0.73835633,0.718517035,,
0,0.9,0.493735946,0.112612942,0.649752478,0.314234495,0.705071406,0.126607947,0.478286659,0.086102269,0.353029681,0.476182142,0.212587355,0.788743102,,
0,0.9,0.389335047,0.222939822,0.353137424,0.237283706,0.62176198,0.422837581,0.548738754,0.729182404,0.762206743,0.680647861,0.605979109,0.855609878,,
0,0.6,0.417282364,0.10336549,0.317897153,0.123951134,0.565154338,0.33910408,0.983097123,0.02082386,0.287722501,0.117273909,0.215819552,0.337052618,,
0,0.9,0.656601349,0.130786776,0.442226051,0.676246182,0.834102183,0.070912104,0.314586491,0.208928048,0.81839053,0.355404236,0.434991969,0.90595433,,
0,0.9,0.378091873,0.047616432,0.296136037,0.281180992,0.844881275,0.049345311,0.325877549,0.212184354,0.42717114,0.187116739,0.366615706,0.921413379,,
0,0.6,0.224542242,0.495163911,0.491273178,0.04533595,0.022084266,0.304851416,0.827003861,0.907989638,0.37592442,0.676826254,0.35383794,0.594999249,,
0,0.6,0.4741407,0.265784019,0.404189089,0.088920864,0.981530341,0.139023493,0.948327801,0.26345826,0.765318756,0.576622328,0.349339691,0.594999249,,
0,0.9,0.45229682,0.059080286,0.651479197,0.843630338,0.914877513,0.464055081,0.447766181,0.216659088,0.545014965,0.36172607,0.091738735,0.876975592,,
0,0.6,0.200128493,0.038237049,0.631290673,0.71885669,0.430490574,0.431771134,0.894935008,0.02023286,0.788390419,0.056483314,0.429012897,0.702556192,,
0,0.9,0.672341792,0.488806471,0.755818086,0.101801575,0.827557692,0.674284582,0.634285687,0.128561941,0.354180333,0.424181369,0.677165236,0.712293119,,
0,0.9,0.392868615,0.149204185,0.6031568,0.079402734,0.159991823,0.499791849,0.218916419,0.858976795,0.204225198,0.60328637,0.308309228,0.052209689,,
0,0.6,0.408930292,0.346528142,0.844134289,0.056530596,0.074367986,0.900683891,0.275823187,0.439874212,0.073059203,0.617933811,0.081144922,0.824627465,,
0,0.9,0.331191776,0.110339563,0.182629661,0.053712323,0.564735978,0.593068954,0.66988571,0.040852178,0.213105222,0.212216307,0.597577218,0.023650958,,
0,0.9,0.059749438,0.086274282,0.985704816,0.391718163,0.84739499,0.366934377,0.303174523,0.175867584,0.106493591,0.490126478,0.260514222,0.062958686,,
0,0.6,0.455509155,0.13089048,0.439442083,0.13915156,0.219271856,0.166333442,0.779395866,0.284497209,0.536743223,0.518847554,0.288999715,0.023650958,,
0,0.6,0.336652747,0.305783985,0.245810503,0.436949068,0.605338353,0.634866118,0.47142796,0.086102269,0.239479126,0.34345516,0.634659263,0.683896265,,
0,0.6,0.38965628,0.260054809,0.407438071,0.027695408,0.195851012,0.340056046,0.888663098,0.007593898,0.29975259,0.162679781,0.047712285,0.086998612,,
0,0.9,0.371345969,0.050985686,0.9554528,0.760039977,0.534299483,0.337392437,0.512190633,0.074856217,0.266974962,0.338370311,0.628783782,0.684362742,,
0,0.8,0.250562159,0.153006428,0.564952317,0.71239524,0.830274256,0.036153557,0.492921929,0.182388914,0.883370658,0.071430981,0.247182073,0.687239995,,
0,0.8,0.616447157,0.239861637,0.193902008,0.339239055,0.581711877,0.25410356,0.250129858,1,0.884039597,0.179045936,0.240457372,0.697487602,,
0,0.8,0.058785737,0.191599191,0.358519373,0.216825667,0.654544052,0.055067924,0.965043158,0.08598618,0.843146707,0.33246366,0.383594607,0.711383864,,
0,0.9,0.382589142,0.192717905,0.176521385,0.132364332,0.823451925,0.123640711,0.398468726,1,0.505031284,0.36883285,0.384832769,0.668442107,,
0,0.9,0.34789592,0.309500125,0.174863238,0.227752535,0.796413796,0.631286643,0.608770171,0.086102269,0.514958311,0.654677484,0.501126222,0.711383864,,
0,0.9,0.263090267,0.130311422,0.845642316,0.439394658,0.430721251,0.718763587,0.323064941,0.02082386,0.388835248,0.102626338,0.28948352,0.668442107,,
0,0.8,0.302280758,0.318858019,0.678150104,0.067430632,0.572310858,0.058742814,0.822645907,0.049346956,0.59415702,0.263180038,0.890989425,0.668442107,,
0,0.9,0.158689367,0.068950476,0.783527355,0.086873949,0.569559094,0.35208045,0.428656979,0.034876766,0.138501573,0.489228097,0.191715816,0.687239995,,
0,0.8,0.48955991,0.025061274,0.078309183,0.525289071,0.65266407,0.157833816,0.280551722,0.086102269,0.810660832,0.193953676,0.625896699,0.475785678,,
0,0.8,0.308062962,0.019170255,0.705829556,0.724116638,0.960204781,0.00080623,0.790440153,0.216659088,0.975434692,0.161713231,0.652383983,0.711383864,,
0,0.6,0.590106007,0.146395027,0.065792252,0.05703265,0.348564021,0.319730017,0.752693392,0.027326007,0.369819893,0.533618233,0.649646784,0.283835058,,
0,0.6,0.032123354,0.14182167,0.532561588,0.410999726,0.894792984,0.77363205,0.872419857,0.178903541,0.827650349,0.262766919,0.515334343,0.343604072,,
0,0.6,0.297462255,0.153199617,0.711246114,0.070433062,0.953167495,0.268115279,0.277715497,0.216659088,0.07007855,0.795742736,0.704464174,0.317826956,,
0,0.8,0.077096049,0.12324484,0.874494586,0.621257266,0.232764868,0,0.454198697,0.287039583,0.345653682,0.616380454,0.954879961,0.324738056,,
0,0.9,0.253132027,0.101196807,0.776625749,0.263073349,0.49950804,0.620161209,0.519964836,0.02082386,0.950792878,0.031602983,0.301063536,0.827987697,,
0,0.9,0.476710569,0.117061327,0.997501137,0.336841532,0.387571144,0.022784829,0.48413128,0.015864928,0.670519823,0.088217374,0.61075417,0.79946493,,
0,0.9,0.247349823,0.275264323,0.764410262,0.299443507,0.67075015,0.107931449,0.375420966,0.156812619,0.129016164,0.368573403,0.383727606,0.157125555,,
0,0.9,0.305493093,0.12169009,0.137713525,0.484378785,0.383062458,0.176187602,0.466742436,0.924944546,0.306638523,0.489939946,0.339611605,0.141568902,,
0,0.8,0.422743334,0.152348919,0.310963152,0.232985267,0.910064623,0.193986278,0.311891932,0.196003984,0.730684987,0.54440868,0.840653209,0.170286718,,
0,0.9,0.488596209,0.095095301,0.153548052,0.553601961,0.231823452,0.628170875,0.617912775,0.170835813,0.726941899,0.161474263,0.135373966,0.057111314,,
0,0.9,0.582075169,0.214537678,0.438294935,0.116693276,0.982829528,0.490886616,0.28604721,0.376210337,0.21583475,0.241883119,0.687082291,0.683227922,,
0,0.9,0.37423707,0.240033222,0.077364179,0.710614699,0.667918944,0.002012839,0.297139639,0.069257186,0.579823538,0.278654286,0.186369295,0.081607063,,
0,0.9,0.265981368,0.046820586,0.213220335,0.404604843,0.964072429,0.082848386,0.580308628,0.216659088,0.438277114,0.234847553,0.454566721,0.023650958,,
0,0.9,0.298425956,0.441755547,0.629924946,0.209167152,0.740132899,0.528112106,0.341196092,0.088037679,0.326409129,0.634145288,0.324673223,0.07408706,,
0,0.9,0.000321234,0.339500429,0.883442989,0.220241977,0.855229624,0.452203396,0.401247043,0.196069398,0.12914819,0.278166394,0.089603162,0.084390694,,
0,0.9,0.398972053,0.129637029,0.489630304,0.029772437,0.958422538,0.01108277,0.536933179,0.216659088,0.982251831,0.247106319,0.264670961,0.118836718,,
0,0.8,0.693864439,0.040950155,0.195074769,0.439542092,0.628525321,0.384266794,0.589503361,0.086102269,0.739789329,0.079162044,0.061863488,0.141679837,,
0,0.8,0.628011564,0.117275634,0.512376259,0.890250234,0.610010933,0.141071825,0.305989677,1,0.933550577,0.113949093,0.593981693,0.098602381,,
0,0.9,0.528107934,0.220945551,0.139001488,0.112036844,0.939787594,0.216807328,0.246163064,0.798454119,0.099336178,0.415111517,0.230804228,0.571097738,,
0,0.6,0.176999679,0.101640032,0.791946741,0.357697619,0.514784895,0.497662809,0.23572157,0.591846959,0.10829262,0.797886563,0.049427421,0.571097738,,
0,0.9,0.630260199,0.182363718,0.589297934,0.02275886,0.603144984,0.010053013,0.38921788,0.02082386,0.487518645,0.224979499,0.116631169,0.690163887,,
0,0.9,0.295534854,0.182321641,0.801895228,0.032273529,0.151874722,0.681095903,0.289442465,1,0.18939521,0.24290533,0.05750431,0.540183589,,
0,0.9,0.356890459,0.060910912,0.62861549,0.141515265,0.113905885,0.370068499,0.638144297,0.501819586,0.241980541,0.453990891,0.286078102,0.023650958,,
0,0.8,0.212977835,0.116460377,0.857322734,0.036528439,0.904377584,0.013840214,0.836057717,0.196057352,0.867116238,0.183878276,0.847665536,0.078947414,,
0,0.9,0.713138452,0.091235505,0.077411706,0.180721727,0.906190296,0.240789286,0.334303535,0.216659088,0.52332308,0.266688678,0.519240642,0.594999249,,
0,0.6,0.511403791,0.060384515,0.120372036,0.822198969,0.432559075,0.129088139,0.841954112,0.015587569,0.341667983,0.729122687,0.16268922,0.095810695,,
0,0.9,0.405396723,0.045698825,0.274404653,0.809536807,0.742758333,0.262942914,0.461404223,0.095168743,0.461908376,0.126913931,0.379832691,0.153201861,,
0,0.9,0.428846772,0.470794607,0.093813851,0.045182233,0.35992036,0.58743033,0.358439837,0.00363644,0.340295163,0.198010202,0.175261321,0.08719583,,
0,0.8,0.187600385,0.028929286,0.170238848,0.669171665,0.383698069,0.036257481,0.716891761,0.27054156,0.114915648,0.595567842,0.275310309,0.631242709,,
0,0.6,0.37873434,0.07186141,0.49055338,0.175423472,0.600319273,0.751698303,0.410774,0.073905446,0.223424419,0.665435175,0.367188493,0.29467967,,
0,0.8,0.669129457,0.17659287,0.357126772,0.315726326,0.181819814,0.426610317,0.92869475,0.437850043,0.372463993,0.207982251,0.478339004,0.654130999,,
0,0.9,0.044008995,0.002670776,0.906002479,0.660637675,0.515794763,0.37740503,0.458566872,0.021098961,0.416626978,0.545486242,0.27409814,0.675137225,,
0,0.9,0.6839062,0.09270811,0.15900223,0.91004834,0.881254616,0.429849456,0.381272888,0.281820334,0.684008977,0.316837906,0.228528827,0.683896265,,
0,0.9,0.229039512,0.039519523,0.615208858,0.787147191,0.984632502,0.164653159,0.428491044,0.216659088,0.222553523,0.361382204,0.943907642,0.356052445,,
0,0.9,0.485705108,0.059576725,0.766233211,0.719380461,0.618304137,0.380914614,0.477241841,0.110778055,0.701900151,0.130154611,0.11167378,0.602486923,,
0,0.9,0.661098619,0.383256165,0.154177952,0.114184955,0.271881833,0.17362257,0.299236004,0.000937279,0.166642659,0.356513703,0.060619066,0.90595433,,
0,0.9,0.643109541,0.430872643,0.253409657,0.033539224,0.756571413,0.374570524,0.460588833,0.086102269,0.681748937,0.023536333,0.087386197,0.916372745,,
0,0.9,0.724702859,0.070894107,0.245687426,0.640807108,0.354412311,0.241037852,0.333315265,0.001213749,0.694265501,0.697716089,0.336621121,0.386423253,,
0,0.9,0.221972374,0.086406502,0.608542645,0.17595241,0.74557674,0.244578796,0.311093668,0.086102269,0.809426582,0.288637375,0.503864938,0.345263434,,
0,0.8,0.282043045,0.038167771,0.580503601,0.789804617,0.788923505,0.544863887,0.513685666,0.086102269,0.982109467,0.146931049,0.669563615,0.244878229,,
0,0.6,0.39511725,0.012231253,0.910776806,0.084261654,0.416570227,0.310593478,0.267599756,0.033108804,0.114486385,0.732087929,0.341414396,0.359287393,,
0,0.6,0.154834565,0.154514578,0.817516626,0.243741998,0.886794316,0.100997243,0.923511343,0.38252436,0.207879504,0.029844755,0.204971505,0.820189541,,
0,0.9,0.349180854,0.104446063,0.495859752,0.496476207,0.812401392,0.974631177,0.623414399,0.205267446,0.670906985,0.0540169,0.330892869,0.682275402,,
0,0.9,0.559910055,0.05180834,0.304655156,0.13592779,0.813299192,0.357149985,0.37047559,0.162748478,0.86150801,0.231911637,0.229037296,0.695029339,,
0,0.8,0.27433344,0.064404043,0.653827745,0.499122673,0.979095305,0.271680046,0.348899146,0.216659088,0.784421358,0.423397945,0.554699948,0.11408895,,
0,0.8,0.303244459,0.121892903,0.635216129,0.189779671,0.954791131,0.230971833,0.649450567,0.202254818,0.321450544,0.065137338,0.727543572,0.060816378,,
0,0.6,0.228397045,0.168483152,0.770267228,0.118364259,0.480775775,0.346159349,0.980350612,0.037618191,0.797387592,0.12278841,0.183458497,0.786966016,,
0,0.9,0.076132348,0.085139849,0.859867106,0.051829216,0.579262441,0.130841351,0.681813773,0.045378303,0.698788387,0.430436452,0.333249284,0.023650958,,
0,0.8,0.496305814,0.219290191,0.58361443,0.504307416,0.536512469,0.377678878,0.866718323,0.063874488,0.435897335,0.133065251,0.892746871,0.085721372,,
0,0.9,0.153228397,0.37206814,0.717580648,0.058298983,0.90556825,0.376367859,0.42217044,0.216659088,0.453196179,0.577250918,0.470855584,0.079293522,,
0,0.8,0.693864439,0.000299903,0.348837105,0.743103253,0.873394659,0.034397184,0.757720138,0.140574897,0.364626538,0.023324111,0.473135728,0.695027103,,
0,0.9,0.34147125,0.13447111,0.690220096,0.516302965,0.861739959,0.150670369,0.35154949,0.216659088,0.427904009,0.142639605,0.119282231,0.407417882,,
0,0.9,0.348538387,0.084175905,0.153604308,0.137951507,0.426675656,0.569220699,0.424416699,0.849821484,0.101097571,0.685497662,0.205765894,0.286236417,,
0,0.9,0.416961131,0.393877561,0.113736325,0.391066919,0.036904361,0.271301666,0.30712204,0.177661505,0.693086554,0.244265759,0.267501316,0.286236417,,
0,0.9,0.361708962,0.07118337,0.075117382,0.261825138,0.773322618,0.201476204,0.204184804,0.190490537,0.183200349,0.498148765,0.167076478,0.690163887,,
0,0.6,0.371988436,0.132809922,0.347027915,0.233314555,0.960208677,0.264226099,0.979718362,0.203655369,0.407706905,0.300707959,0.560793805,0.466488638,,
0,0.8,0.30517186,0.116958547,0.50136531,0.063341015,0.72376548,0.469821695,0.760221909,0.112586869,0.472246187,0.345340984,0.56246796,0.33060239,,
0,0.6,0.234179248,0.036656286,0.48949131,0.263653746,0.584173348,0.00500086,0.849399207,0.113352816,0.390171936,0.62374859,0.202480763,0.574414365,,
0,0.9,0.654031481,0.035847007,0.178482291,0.16222453,0.460531247,0.286720306,0.485266584,0.040371888,0.688052419,0.122407377,0.489006431,0.886855241,,
0,0.8,0.282043045,0.017113423,0.492349596,0.379231775,0.033992842,0.993583467,0.948615395,0.132874829,0.534119529,0.176997078,0.29380665,0.104414857,,
0,0.6,0.480886605,0.425908823,0.980155598,0.05931443,0.238534793,0.361741714,0.234867902,0.003947183,0.10594556,0.804897523,0.251397248,0.260792912,,
0,0.6,0.720205589,0.248927003,0.248338398,0.060830646,0.538252208,0.173767334,0.447125683,0.021687366,0.156805273,0.674594011,0.72318705,0.783711153,,
0,0.9,0.596209444,0.085480537,0.064253792,0.34155699,0.293487147,0.701343777,0.406731855,1,0.946345656,0.161228047,0.382899825,0.12476747,,
0,0.9,0.168326373,0.3109373,0.722728297,0.273815807,0.795333528,0.144546525,0.505289512,0.086102269,0.503954528,0.775579632,0.696559748,0.780926,,
0,0.9,0.64214584,0.026821353,0.14208278,0.235535104,0.752580218,0.634550457,0.219048259,0.169208253,0.221383033,0.54647206,0.181326339,0.665124046,,
0,0.6,0.284612914,0.257866508,0.910584569,0.043403936,0.494134598,0.703624751,0.839525107,0.02082386,0.313974768,0.323869965,0.163423086,0.159476373,,
0,0.8,0.306778028,0.007542017,0.257786955,0.380722692,0.567843633,0.66040523,0.631277942,0.037024587,0.790105301,0.650173277,0.566587323,0.121024102,,
0,0.8,0.658849984,0.022712998,0.292614728,0.825546911,0.908991103,0.189419832,0.440310076,0.270759823,0.205019567,0.748491174,0.457044752,0.771836005,,
0,0.6,0.400899454,0.158245074,0.246589373,0.159141044,0.860519102,0.125957664,0.3532176,0.250056924,0.320556646,0.674422929,0.476932934,0.121024102,,
0,0.6,0.425634436,0.291532276,0.644237336,0.058918222,0.964755414,0.372117073,0.461485868,0.216659088,0.268340096,0.670588761,0.406255467,0.60720492,,
0,0.6,0.556055252,0.408515901,0.432976962,0.073288872,0.660011962,0.175726084,0.217059348,0.065781628,0.082289973,0.508652115,0.700192649,0.672058038,,
0,0.6,0.449405718,0.30789178,0.335654041,0.149323146,0.087086223,0.289921036,0.881969979,0.159960323,0.327364941,0.527076775,0.304612009,0.784026083,,
0,0.8,0.118535175,0.033244678,0.912932332,0.53056692,0.702241592,0.01603027,0.753800362,0.085985769,0.937522295,0.504589683,0.728230006,0.095497856,,
0,0.6,0.229360745,0.049251019,0.429431161,0.33325305,0.8983814,0.420463986,0.255249338,0.198362661,0.235293712,0.282920015,0.085742018,0.806674135,,
0,0.6,0.411500161,0.073962315,0.520964959,0.595807532,0.352089203,0.902063586,0.263407065,0.006398676,0.224852826,0.083478739,0.240731339,0.784026083,,
0,0.6,0.267266303,0.382003303,0.665143864,0.042790389,0.402862747,0.467783938,0.21839324,0.010193775,0.101334471,0.680417146,0.717846411,0.10921509,,
0,0.6,0.470285898,0.155304815,0.469765445,0.23879255,0.482182856,0.093082749,0.265933618,0.041988462,0.088052577,0.6728884,0.526892731,0.10921509,,
0,0.9,0.450690652,0.018738282,0.741168636,0.48966822,0.379639327,0.152754922,0.589067984,0.012190229,0.937431197,0.509201007,0.101328889,0.815143229,,
0,0.6,0.565371025,0.234163553,0.724369097,0.11391772,0.329331866,0.522862194,0.563492724,0.001147908,0.428770966,0.132727832,0.175783831,0.10921509,,
0,0.6,0.14712496,0.455913859,0.562117346,0.214261608,0.742605778,0.783370497,0.543852649,0.086102269,0.251882478,0.444523241,0.063374857,0.10921509,,
0,0.8,0.186957918,0.038461189,0.863230309,0.073187638,0.575533226,0.415650432,0.930357099,0.023051226,0.665724919,0.126218176,0.970297785,0.113314999,,
0,0.8,0.033729521,0.025720988,0.964471821,0.773911626,0.841904123,0.003700901,0.422473346,0.216659088,0.442445914,0.136097914,0.250268749,0.113314999,,
0,0.9,0.589784774,0.08852421,0.101570999,0.349543828,0.751525202,0.35443484,0.413871559,0.086102269,0.954230433,0.309843995,0.100398466,0.806895592,,
0,0.6,0.350787022,0.051374763,0.235569373,0.531241518,0.861339824,0.243065034,0.266135305,0.262738569,0.140834862,0.592240395,0.268380892,0.095635166,,
0,0.9,0.390619981,0.176158,0.397978641,0.201189734,0.143936401,0.278414306,0.294594677,0.237988983,0.406949086,0.296437304,0.209643354,0.788743102,,
0,0.6,0.680051397,0.320519034,0.183361705,0.09793679,0.559903191,0.613177776,0.789930785,0.04248139,0.449477985,0.274525129,0.744532149,0.788743102,,
0,0.6,0.372952136,0.345322666,0.757254039,0.178297705,0.47419991,0.129780356,0.798720013,0.02082386,0.311945797,0.535057793,0.351692881,0.107332207,,
0,0.6,0.583360103,0.173530455,0.320615856,0.042649553,0.830737209,0.316686084,0.601744945,0.161323101,0.47304403,0.055802829,0.055495665,0.711317321,,
0,0.9,0.596530678,0.082151155,0.601415005,0.344810782,0.858506878,0.083201849,0.380359318,0.216659088,0.730831492,0.523846282,0.553133558,0.855609878,,
0,0.9,0.356569226,0.14598512,0.072303695,0.25327463,0.570753587,0.037318354,0.235085887,0.100240837,0.131468407,0.604577262,0.226054591,0.855609878,,
0,0.9,0.6321876,0.222761579,0.361243065,0.644093936,0.37164859,0.276658541,0.313849057,0.009179812,0.307433115,0.308856578,0.430166061,0.10134106,,
0,0.9,0.335689046,0.164628792,0.827787768,0.210032659,0.582342201,0.366987493,0.412000302,0.064449315,0.235177177,0.804666164,0.175030423,0.10134106,,
0,0.9,0.133954385,0.148668867,0.981307902,0.268272367,0.398651798,0.686981027,0.248056164,0.010337533,0.36530415,0.155907299,0.145032992,0.105620966,,
0,0.6,0.570189528,0.122741362,0.403669039,0.440041805,0.546353762,0.669343645,0.869089082,0.010103402,0.769422489,0.069608401,0.604811527,0.61248149,,
0,0.8,0.623514295,0.047773244,0.113369182,0.983031597,0.761799325,0.388767847,0.439271848,0.177794869,0.459004493,0.325042237,0.727958696,0.711317321,,
0,0.9,0.595566977,0.04242051,0.272551831,0.438878349,0.464993951,0.299231146,0.389656769,0.004409323,0.513183732,0.358228779,0.459194743,0.914952454,,
0,0.6,0.651140379,0.196283429,0.287906283,0.161017183,0.667578634,0.523313746,0.918691139,0.044823952,0.729472768,0.28742368,0.765362328,0.084390694,,
0,0.6,0.543205911,0.181312861,0.125447049,0.171135066,0.893846072,0.200170168,0.833180511,0.216659088,0.778157212,0.041533945,0.195210975,0.084390694,,
0,0.6,0.567940893,0.161019691,0.169388239,0.128014669,0.919822716,0.549193922,0.996780506,0.216659088,0.475219727,0.025606934,0.913130621,0.084390694,,
0,0.6,0.664632188,0.265207443,0.3412676,0.091152719,0.723759219,0.19310165,0.66231789,0.12655662,0.291692347,0.672485727,0.725427541,0.084390694,,
0,0.8,0.734018632,0.079023813,0.337905769,0.883385779,0.566433352,0.052371619,0.438344348,1,0.586786737,0.316714927,0.591471409,0.084390694,,
0,0.9,0.168326373,0.279400341,0.063836852,0.069006683,0.524627371,0.426241175,0.261464028,0.02082386,0.280759891,0.31633802,0.178838443,0.078947414,,
0,0.9,0.123032445,0.109581571,0.668916091,0.497090997,0.006707794,0.562810609,0.479333371,0.270256373,0.318058807,0.102295806,0.397143236,0.078947414,,
0,0.9,0.220044973,0.101485678,0.667845221,0.397497708,0.697894156,0.199594637,0.371705482,0.086102269,0.66980302,0.508105287,0.231813578,0.078947414,,
0,0.9,0.264053967,0.1196111,0.889857892,0.044384814,0.701132802,0.461083104,0.468161782,1,0.661438943,0.314364425,0.798480397,0.574414365,,
0,0.8,0.304529393,0.310680062,0.916964724,0.415935135,0.431839778,0.519961323,0.818431197,0.02082386,0.617917486,0.132302926,0.878974174,0.820189541,,
0,0.9,0.608416319,0.102311425,0.117489916,0.371864137,0.795624169,0.981041267,0.417954507,0.091616478,0.668402639,0.513254953,0.295864055,0.084390694,,
0,0.9,0.197879859,0.023793282,0.162904749,0.613953116,0.860970158,0.769466956,0.352460692,0.216659088,0.242917518,0.257559607,0.439577682,0.084390694,,
0,0.6,0.310954064,0.297816377,0.552250238,0.091431501,0.612645272,0.453315077,0.710795219,0.02082386,0.240698344,0.43538883,0.881855755,0.084390694,,
0,0.6,0.370382268,0.079215594,0.164383072,0.646680332,0.39089111,0.478404217,0.604131331,0.013370603,0.99834989,0.226222623,0.352246886,0.084390694,,
0,0.6,0.002891102,0.25528299,0.799939842,0.412609739,0.786768814,0.1350045,0.969930052,0.086102269,0.786486537,0.495627619,0.90174204,0.820189541,,
0,0.9,0.530035336,0.061385228,0.816597529,0.608719158,0.965003898,0.648643491,0.394302949,0.216942034,0.272101648,0.33901933,0.821614247,0.886855241,,
0,0.6,0.403148089,0.241104367,0.830434144,0.841526849,0.770631445,0.866556665,0.894219415,0.086102269,0.678218362,0.170497559,0.501184089,0.916372745,,
0,0.9,0.368133633,0.022721653,0.788631121,0.205646385,0.999952417,0.013791108,0.546429397,0.221547486,0.567098799,0.536833637,0.212121005,0.986875589,,
0,0.6,0.245101189,0.399928243,0.22061324,0.059387058,0.992057958,0.214041984,0.362723604,0.518221738,0.209650413,0.615693211,0.179760898,0.084390694,,
0,0.9,0.382267909,0.029684867,0.822539853,0.576139534,0.453063983,0.358653172,0.286414595,0.008348066,0.163955775,0.680793486,0.797525688,0.084390694,,
0,0.9,0.484741407,0.123833753,0.473838807,0.134107049,0.811993883,0.032432722,0.30125536,0.666381532,0.655745489,0.295267018,0.279064826,0.104414857,,
0,0.8,0.371667202,0.086141405,0.260517035,0.174830732,0.940160599,0.464643253,0.421559499,0.216659088,0.922960473,0.087651821,0.114418757,0.126173155,,
0,0.8,0.25795053,0.07771131,0.667201534,0.16468151,0.77316102,0.338356437,0.521804642,0.146518225,0.647419074,0.3406919,0.431202732,0.118836718,,
0,0.6,0.396080951,0.239551105,0.17693094,0.377458775,0.934721071,0.279542152,0.637248366,0.207283615,0.791601706,0.17277334,0.090575516,0.104414857,,
0,0.8,0.256344362,0.102166684,0.44178469,0.624151631,0.496685807,0.807391957,0.579983191,0.02082386,0.402558655,0.055217338,0.1320156,0.104414857,,
0,0.8,0.716029553,0.029342841,0.069251602,0.817237387,0.748764117,0.462874726,0.625170311,0.088460058,0.712647702,0.138218966,0.494408921,0.557711523,,
0,0.6,0.233215548,0.367905106,0.865904316,0.066610797,0.386789517,0.983202517,0.264534042,0.828329977,0.168602888,0.331268948,0.112436105,0.118836718,,
0,0.9,0.091230324,0.18720253,0.966282889,0.149374017,0.973195259,0.070992083,0.440380199,0.216659088,0.207244112,0.569079447,0.54731177,0.104414857,,
0,0.8,0.0526823,0.062952615,0.657902059,0.46213342,0.633644574,0.397023162,0.977107283,0.044240738,0.203053596,0.442709533,0.987129268,0.548495699,,
0,0.6,0.088339223,0.268721842,0.127673109,0.101282501,0.612230598,0.059310688,0.56175599,0.069983375,0.073567965,0.576604247,0.731056566,0.103398972,,
0,0.6,0.415676197,0.251769386,0.46273583,0.299787486,0.104209252,0.413670897,0.47485289,0.244623022,0.30151877,0.260408137,0.117916383,0.103398972,,
0,0.9,0.269193704,0.12631995,0.642408446,0.714718863,0.984279809,0.434329239,0.374191547,0.345484364,0.76095938,0.36807068,0.199289926,0.107825041,,
0,0.6,0.299068423,0.117917044,0.360949917,0.871617933,0.564888324,0.097181721,0.205800727,0.470863738,0.081201359,0.672905604,0.200861059,0.594999249,,
0,0.6,0.376164472,0.187465966,0.16641398,0.12760668,0.742393746,0.044309323,0.538117494,0.166598768,0.264787361,0.318983151,0.216958866,0.137666497,,
0,0.6,0.201413428,0.132299254,0.970584076,0.70560218,0.782491013,0.508777668,0.274207777,0.157258205,0.3358507,0.049458529,0.274260926,0.109940707,,
0,0.6,0.583038869,0.28970412,0.329781185,0.058703822,0.963082248,0.123393481,0.757652659,0.216659088,0.40655936,0.64034613,0.925005853,0.109940707,,
0,0.6,0.599743013,0.132756397,0.375762964,0.68251782,0.750033043,0.313063095,0.20595064,0.117215558,0.075248686,0.327501145,0.061670725,0.095810695,,
0,0.9,0.693543206,0.29933332,0.168521138,0.131313449,0.761599953,0.09911446,0.338975878,0.043662979,0.372251977,0.471029303,0.213531819,0.103398972,,
0,0.9,0.23707035,0.050103252,0.557051636,0.04641287,0.79732843,0.385335324,0.335916163,0.1069256,0.353152424,0.102840287,0.670974239,0.12480767,,
0,0.9,0.27336974,0.108245871,0.245010756,0.423655859,0.563400686,0.073284969,0.27204565,0.037423435,0.227666206,0.344987342,0.28246626,0.12480767,,
0,0.8,0.729200128,0.003292671,0.067049152,0.372265368,0.281274956,0.889567209,0.66730399,0.001747872,0.510910532,0.048687383,0.307353571,0.879609671,,
0,0.6,0.429810472,0.159185753,0.282971916,0.142400304,0.552065983,0.684591267,0.973617005,0.02082386,0.755162355,0.177241514,0.650567532,0.153201861,,
0,0.9,0.375200771,0.139052615,0.444723177,0.158012647,0.158913399,0.287124575,0.268659865,0.118053454,0.080180175,0.628387202,0.073586559,0.153201861,,
0,0.8,0.504336653,0.104978162,0.170341776,0.720970564,0.102241445,0.400223284,0.739600036,0.551366821,0.607906308,0.072605394,0.9802913,0.153201861,,
0,0.9,0.395438484,0.023386664,0.232674629,0.228592391,0.64432245,0.162823736,0.401179642,0.049327656,0.225190991,0.172006862,0.458469985,0.153201861,,
0,0.9,0.527465467,0.077459312,0.308852211,0.174430662,0.519235633,0.395516328,0.569319588,0.006846808,0.443118058,0.497254562,0.633329083,0.131225097,,
0,0.6,0.359139094,0.128170137,0.718846669,0.108578418,0.011619153,0.027002188,0.275090882,0.95408045,0.133437753,0.382271368,0.178474925,0.131225097,,
0,0.8,0.498875683,0.044081063,0.320391673,0.890852081,0.714896421,0.539115262,0.304194619,0.086102269,0.456383513,0.168114893,0.587037098,0.131225097,,
0,0.8,0.460970125,0.034392937,0.523682177,0.860007176,0.907575604,0.565599777,0.572534347,0.216659088,0.914250396,0.182108906,0.106338074,0.131225097,,
0,0.6,0.610664953,0.171448419,0.282319065,0.048006273,0.881550264,0.332123685,0.795329336,0.210991094,0.261384066,0.45817656,0.874327179,0.153201861,,
0,0.6,0.078380983,0.039473107,0.591615657,0.869239354,0.894878827,0.331763902,0.890784146,0.346853711,0.072386728,0.720370935,0.4279527,0.095810695,,
0,0.8,0.070992612,0.034366197,0.664621908,0.036234614,0.921767323,0.242825948,0.887439323,0.207494159,0.242491237,0.360585987,0.668263793,0.153201861,,
0,0.6,0.357532926,0.177093117,0.191010851,0.048007722,0.800145167,0.220406494,0.373462302,0.149615722,0.502730719,0.597683632,0.122973948,0.095810695,,
0,0.8,0.403469322,0.081320238,0.789299973,0.582381788,0.926247417,0.314998265,0.613501824,0.200236267,0.370992926,0.517472475,0.495607809,0.137877683,,
0,0.6,0.547381947,0.145237282,0.384190869,0.932504133,0.924948786,0.282227275,0.572412648,0.32925973,0.402132793,0.725247071,0.103969326,0.112725082,,
0,0.8,0.028911018,0.056875782,0.531970079,0.976684337,0.885734432,0.174714194,0.355332768,0.21421243,0.967495987,0.01762558,0.978833814,0.127345901,,
0,0.8,0.477995503,0.00548095,0.488838936,0.87213398,0.088211638,0.230315959,0.338896719,0.362234083,0.739269412,0.243819573,0.361205248,0.127345901,,
0,0.9,0.549951815,0.124463507,0.199527673,0.380625672,0.943087457,0.132390727,0.21606137,0.267550705,0.093418406,0.471385473,0.073080745,0.127345901,,
0,0.9,0.480565371,0.16407577,0.919171812,0.55513977,0.731431351,0.642767727,0.241622207,0.086102269,0.483727889,0.041261524,0.374788786,0.112725082,,
0,0.9,0.392868615,0.169817721,0.309694637,0.766875467,0.637042384,0.614769936,0.701812551,0.056173891,0.810885817,0,0.826716398,0.098602381,,
0,0.8,0.340507549,0.13172749,0.740951683,0.22609169,0.513225537,0.055169052,0.382170515,0.02082386,0.525651887,0.395221763,0.866473979,0.128768384,,
0,0.9,0.644715708,0.267628551,0.215345148,0.042537865,0.826973907,0.063196221,0.478407095,0.104761482,0.410367221,0.254866089,0.488171631,0.122832219,,
0,0.9,0.064889174,0.221585,0.597387097,0.082555273,0.558757951,0.625177871,0.443711368,0.039154581,0.412023492,0.204675825,0.733212818,0.111450765,,
0,0.8,0.354963058,0.056782765,0.342526054,0.529702248,0.477119325,0.455036808,0.478384957,0.011145624,0.351117023,0.42959871,0.259997025,0.124830366,,
0,0.6,0.180212014,0.20687317,0.852324671,0.043172053,0.934431405,0.204001369,0.851868777,0.216659088,0.519236451,0.503744255,0.572264917,0.079660201,,
0,0.8,0.037905557,0.048204917,0.741052509,0.137582085,0.926653813,0.312711334,0.886590351,0.216659088,0.946203194,0.326105535,0.595597981,0.113830221,,
0,0.9,0.483135239,0.218637424,0.39064097,0.45141677,0.716781202,0.336987803,0.366089737,0.086102269,0.549018973,0.002311581,0.106157453,0.113830221,,
0,0.6,0.379055573,0.490668441,0.522440648,0.044762305,0.547924737,0.034613176,0.561090119,0.053665026,0.123749161,0.746889842,0.097635464,0.08719583,,
0,0.6,0.279794411,0.074170575,0.722703917,0.073662462,0.730308858,0.380336531,0.400983164,0.101244952,0.099137947,0.588245359,0.659749393,0.08719583,,
0,0.6,0.719884356,0.012024551,0.245808205,0.730278469,0.790290796,0.112687754,0.71090208,0.232119519,0.145562699,0.688309928,0.580850275,0.783655247,,
0,0.8,0.578220366,0.171364185,0.665306958,0.939264314,0.859605997,0.23247575,0.581998877,0.159142363,0.358304913,0.221411356,0.669378062,0.128578573,,
0,0.6,0.193061356,0.187701242,0.881211689,0.381248395,0.559804479,0.203945092,0.219071916,0.049678934,0.129884946,0.469752804,0.483749463,0.079660201,,
0,0.8,0.561194989,0.102643157,0.727289986,0.821204137,0.660627052,0.53310932,0.597327877,0.086102269,0.862572102,0.046094044,0.367421289,0.063943225,,
0,0.9,0.722775458,0.031431801,0.241562867,0.533573492,0.460750376,0.111748915,0.556124223,0.027085161,0.888588959,0.057405914,0.270978451,0.128578573,,
0,0.6,0.541599743,0.156563262,0.576324145,0.18046964,0.606403317,0.229013934,0.900189682,0.125173328,0.544470351,0.283362229,0.309959857,0.128578573,,
0,0.6,0.631866367,0.313125221,0.121512696,0.070581227,0.917913587,0.256707246,0.640416758,0.216659088,0.662131298,0.34132209,0.837148563,0.057111314,,
0,0.6,0.434628975,0.240388462,0.706586176,0.239934217,0.90508102,1,0.860175077,0.111651545,0.436335623,0.126557581,0.708849345,0.063943225,,
0,0.9,0.412785095,0.221915509,0.496924736,0.504315088,0.092095356,0.025528659,0.292438253,0.417126413,0.884479607,0.434258755,0.210390501,0.685362805,,
0,0.8,0.27883071,0.125147872,0.196737875,0.421057382,0.503682885,0.021371952,0.507391461,0.055431034,0.956210128,0.249858928,0.253441941,0.07636499,,
0,0.9,0.646964343,0.334192448,0.154155715,0.319759356,0.685627705,0.194850851,0.24655754,0.054735582,0.549764025,0.298070489,0.155964709,0.020081416,,
0,0.6,0.469643431,0.279452701,0.265806873,0.588088947,0.783851208,0.156889143,0.806112467,0.11096172,0.311512497,0.676864608,0.115741157,0.619414267,,
0,0.9,0.690652104,0.113805008,0.167254795,0.516315334,0.943762928,0.377355681,0.420416067,0.216659088,0.744388282,0.264233819,0.896366871,0.627575004,,
0,0.9,0.606488917,0.364073988,0.414889095,0.444197271,0.766406931,0.571122565,0.560548867,0.115696629,0.616984376,0.019852046,0.433538656,0.086442755,,
0,0.9,0.653389014,0.044543353,0.062719227,0.456492542,0.653281317,0.35899448,0.467530953,0.02397919,0.202237688,0.423910418,0.497782276,0.711383864,,
0,0.9,0.254738195,0.033654263,0.780769952,0.441176086,0.872187298,0.586371523,0.834573654,0.216659088,0.722212264,0.133274712,0.488839851,0.085721372,,
0,0.9,0.462576293,0.238959815,0.514470751,0.490982555,0.146504376,0.589431379,0.646476444,0.27517294,0.51783637,0.140880758,0.523074086,0.085721372,,
0,0.9,0.55862512,0.158784397,0.06484659,0.06585706,0.043377374,0.47609006,0.392346928,0.369531972,0.323433862,0.246940215,0.571153304,0.085721372,,
0,0.8,0.311275297,0.068694496,0.299106386,0.770186616,0.030575381,0.523575196,0.804033564,0.400697523,0.840901115,0.321013928,0.389792055,0.668442107,,
0,0.6,0.040154192,0.13349574,0.530111485,0.147232417,0.759154482,0.341162864,0.214019718,0.113857839,0.317525234,0.203950487,0.403333853,0.62322257,,
0,0.8,0.648249277,0.231517935,0.406513958,0.521815144,0.736393388,0.328338186,0.292788077,0.086102269,0.579085883,0.381074207,0.204212974,0.62322257,,
0,0.6,0.22614841,0.31620767,0.926320581,0.024230905,0.609208923,0.155371613,0.969528256,0.071103011,0.314605994,0.491524048,0.09784075,0.751007092,,
0,0.9,0.670735625,0.270783717,0.258349712,0.066864183,0.423135587,0.372722869,0.495300501,0.001451219,0.449297665,0.541104163,0.540441739,0.751007092,,
0,0.8,0.096691295,0.040639381,0.834369521,0.37586982,0.762746655,0.543387927,0.834780353,0.086102269,0.812894701,0.099073387,0.112708743,0.710822266,,
0,0.9,0.372309669,0.042361515,0.55043166,0.632906956,0.730882278,0.991542186,0.48642288,0.086102269,0.260357294,0.057075021,0.651269903,0.610599218,,
0,0.9,0.366848699,0.164282449,0.220773811,0.055771098,0.899217009,0.055715169,0.220276316,0.216659088,0.345588362,0.356399803,0.518665389,0.65467023,,
0,0.6,0.28878895,0.272981344,0.17498043,0.287890158,0.431226219,0.553444708,0.848228073,0.018936183,0.488251173,0.53987115,0.069211443,0.714738685,,
0,0.6,0.529392869,0.092345368,0.198943394,0.282451697,0.775587222,0.244856777,0.234330005,0.086102269,0.081755696,0.738289519,0.279567034,0.720662387,,
0,0.9,0.450369419,0.150257535,0.755654376,0.170373559,0.127963553,0.530138437,0.205288735,0.649010391,0.113196351,0.774135017,0.228989675,0.269175301,,
0,0.6,0.3678124,0.349678023,0.417019232,0.112329313,0.122022186,0.521386234,0.80174741,0.762351519,0.371679212,0.304669181,0.134015707,0.311396665,,
0,0.9,0.14808866,0.184846949,0.829162407,0.030647295,0.645429013,0.415150261,0.39617614,0.082791934,0.297499255,0.58602725,0.908653622,0.306431006,,
0,0.6,0.120141343,0.37319768,0.243083113,0.031510248,0.754608858,0.104802068,0.810385895,0.086102269,0.535689929,0.393266248,0.086750799,0.376720198,,
0,0.9,0.229360745,0.050869335,0.506270673,0.82046164,0.684218398,0.528866435,0.501117184,0.086102269,1,0.075432852,0.336556993,0.49633445,,
0,0.9,0.361708962,0.282823559,0.915250279,0.044391612,0.879863464,0.137292768,0.420022164,0.182300824,0.293105986,0.069868648,0.216923387,0.624791183,,
0,0.8,0.707356248,0.015432916,0.214089635,0.664156798,0.340375025,0.053477587,0.591734388,0.01026415,0.811006001,0.27462505,0.366972963,0.771441976,,
0,0.9,0.14808866,0.141075045,0.68163218,0.147453804,0.709261556,0.137321696,0.483947035,0.171086388,0.450866337,0.452127507,0.430632601,0.6556075,,
0,0.9,0.356890459,0.064189735,0.509315255,0.725730644,0.940796697,0.870937386,0.574973098,0.184014934,0.766679894,0.348235296,0.33004289,0.407417882,,
0,0.6,0.074526181,0.181706682,0.808292477,0.06045958,0.613969363,0.567023958,0.356262241,0.045153791,0.306493497,0.786073259,0.092716021,0.642275444,,
0,0.9,0.399293286,0.211359754,0.215938366,0.041878943,0.960784115,0.382212385,0.443242015,0.216659088,0.733998119,0.266744622,0.416991954,0.547985096,,
0,0.9,0.359139094,0.116710091,0.126967057,0.02439154,0.937304141,0.430771521,0.224747722,0.271146766,0.145873163,0.268923681,0.171346674,0.547985096,,
0,0.8,0.652425313,0.09658944,0.162188174,0.57956101,0.547017825,0.806646866,0.259420186,0.02082386,0.679014778,0.343323051,0.349555412,0.446712231,,
0,0.6,0.293607453,0.354463795,0.368559159,0.054761183,0.963672016,0.31791129,0.828661159,0.221998924,0.534352945,0.159147928,0.238315539,0.446712231,,
0,0.6,0.348217154,0.239602611,0.377363776,0.214073674,0.726177838,0.443074028,0.729870207,0.086102269,0.558514623,0.010405236,0.715260805,0.455995379,,
0,0.8,0.437198844,0.123511657,0.488257067,0.074129921,0.878235237,0.330666443,0.564838198,0.143971228,0.907901856,0.475185749,0.37273916,0.455995379,,
0,0.9,0.53132027,0.060785617,0.825573899,0.59056418,0.943109717,0.427078885,0.398880427,0.216659088,0.311802891,0.150174696,0.890348715,0.455995379,,
0,0.8,0.040475426,0.255497216,0.855909536,0.220897135,0.454118651,0.027092134,0.309936049,0.02082386,0.961238442,0.037681825,0.963649355,0.455995379,,
0,0.8,0.398972053,0.139121719,0.72663509,0.345268587,0.798702538,0.156352629,0.902517034,0.089194364,0.901425642,0.646122787,0.685491047,0.423491622,,
0,0.9,0.078059749,0.223147644,0.368707596,0.209147724,0.775138878,0.133409423,0.452704059,0.206663826,0.838414855,0.156633308,0.929611298,0.344464306,,
0,0.9,0.501766784,0.173834663,0.159420206,0.067107613,0.125180311,0.351995731,0.263940682,1,0.200661789,0.158284858,0.182016757,0.334765854,,
0,0.6,0.469000964,0.215897625,0.683750548,0.427754675,0.769118834,0.116980839,0.660043574,0.411735778,0.117531231,0.531029382,0.320953806,0.344464306,,
0,0.8,0.066174109,0.00900674,0.991728519,0.397234935,0.555768624,0.834173293,0.965703109,0.02082386,0.563741302,0.010070861,0.764346907,0.344464306,,
0,0.6,0.38869258,0.429898507,0.404308719,0.028410313,0.841841515,0.470889982,0.210830234,0.200005195,0.104752161,0.274773744,0.37453512,0.344464306,,
0,0.9,0.531962737,0.305841953,0.801396027,0.191803663,0.930895997,0.466371912,0.406770606,0.198618729,0.346621889,0.136923586,0.726979133,0.344464306,,
0,0.6,0.347253453,0.308141309,0.513116009,0.035429777,0.753061882,0.378259149,0.785172535,0.138150821,0.279461086,0.437773146,0.679104441,0.344464306,,
0,0.6,0.26790877,0.421959716,0.614160407,0.209840302,0.620192465,0.233166508,0.52401653,0.024874338,0.507549824,0.175597832,0.328339327,0.344464306,,
0,0.6,0.246707356,0.070547291,0.125106753,0.490613473,0.640146979,0.26022157,0.310919268,0.043821298,0.25122626,0.518403432,0.249227335,0.344464306,,
0,0.6,0.297141022,0.49643196,0.372424029,0.022149844,0.557343912,0.28763836,0.316043464,0.13588716,0.175992766,0.335837662,0.511670516,0.344464306,,
0,0.6,0.722454224,0.160137165,0.063410217,0.366624333,0.739110509,0.06024977,0.365622514,0.216659088,0.26442317,0.413300518,0.083094751,0.344464306,,
0,0.9,0.285897848,0.081247787,0.633565241,0.026562014,0.989297081,0.153260198,0.459521955,0.248771932,0.312629256,0.426082848,0.053901764,0.344464306,,
0,0.9,0.334725345,0.063352909,0.22813505,0.256265963,0.682128958,0.390520695,0.396430784,0.064934128,0.987888447,0.114890005,0.350286621,0.344464306,,
0,0.6,0.729521362,0.313807796,0.61178193,0.424865476,0.395919025,0.29166732,0.20481439,0.019227036,0.551139016,0.312126585,0.637956536,0.344464306,,
0,0.9,0.377449406,0.178348656,0.551022384,0.089780565,0.053451221,0.238112307,0.329566712,0.865813566,0.270631635,0.216443063,0.81326491,0.344464306,,
0,0.8,0.284934147,0.046476552,0.662740391,0.405954745,0.762983313,0.358926413,0.324299016,0.176656564,0.837291909,0.06021769,0.140272919,0.344464306,,
0,0.6,0.528750402,0.201693601,0.17213781,0.268567236,0.831759042,0.620142977,0.223835987,0.128028919,0.2293836,0.362126165,0.359717974,0.344464306,,
0,0.9,0.494699647,0.10511157,0.265545979,0.304365895,0.017532172,0.801827721,0.392976416,0.565849671,0.920501723,0.446002908,0.426069845,0.344464306,,
0,0.9,0.348859621,0.187613361,0.062342192,0.640130474,0.680701007,0.320416035,0.61288307,0.083593777,0.853708713,0.039171088,0.502267623,0.310339081,,
0,0.8,0.134275618,0.082402115,0.82175762,0.912036021,0.585023287,0.095382929,0.803281904,0.085035876,0.978821968,0.491636349,0.301873673,0.339390929,,
0,0.9,0.522968198,0.346860186,0.274194257,0.10403722,0.718165606,0.841783429,0.563347861,0.087956313,0.776830479,0.571605984,0.674797627,0.339390929,,
0,0.6,0.298425956,0.388199903,0.755198331,0.135198784,0.510542781,0.563826509,0.980633629,0.034929232,0.197459103,0.277177688,0.229221901,0.339390929,,
0,0.8,0.032444587,0.101171891,0.681923619,0.837228124,0.888809462,0.213953983,0.991638375,0.216659088,0.851770618,0.281488064,0.086498652,0.310339081,,
0,0.9,0.278188243,0.238481195,0.91148164,0.04345972,0.774328939,0.48694906,0.328559461,0.175109715,0.820801069,0.073459437,0.226087603,0.310339081,,
0,0.9,0.213941535,0.371761462,0.635057688,0.173682568,0.320485624,0.408547517,0.377684075,0.010448769,0.184952376,0.210271419,0.238111961,0.310339081,,
0,0.9,0.352714423,0.212825239,0.130787034,0.441666509,0.72267123,0.625718882,0.644353541,0.086102269,0.720689926,0.233443457,0.464130693,0.302156097,,
0,0.9,0.695791841,0.126279189,0.067024268,0.300545196,0.885257358,0.850258138,0.353117052,0.216659088,0.974317758,0.420273176,0.242964431,0.310339081,,
0,0.9,0.212335368,0.022407728,0.564372017,0.035791589,0.720856779,0.489391572,0.266559771,0.086102269,0.976589779,0.038609945,0.504357091,0.310339081,,
0,0.6,0.405396723,0.490725509,0.759257456,0.050532965,0.936934893,0.390886555,0.601048768,0.216659088,0.359119074,0.251803558,0.11947063,0.347706551,,
0,0.6,0.463861227,0.36280145,0.738558634,0.101035189,0.223835601,0.048620397,0.474820729,0.72334301,0.555311812,0.506242832,0.063788842,0.347706551,,
0,0.9,0.420173466,0.033641107,0.811619811,0.523711963,0.671053173,0.55418202,0.286970763,0.0593889,0.619289768,0.177766109,0.211161933,0.347706551,,
0,0.6,0.239961452,0.133605998,0.841390673,0.064742845,0.11918218,0.071091874,0.224310293,0.961924871,0.111196001,0.737011781,0.203956083,0.347706551,,
0,0.6,0.245743656,0.353126745,0.879603956,0.065062824,0.878459096,0.524673506,0.277216883,0.211152443,0.205479317,0.181041791,0.094247691,0.347706551,,
0,0.8,0.663347253,0.091507757,0.239574442,0.662093912,0.495101962,0.291108563,0.300951034,0.02082386,0.865571518,0.384341144,0.179013182,0.347706551,,
0,0.8,0.673305493,0.237416294,0.345693462,0.43210653,0.495981466,0.867717694,0.382212147,0.02082386,0.925551235,0.132924552,0.409721408,0.347706551,,
0,0.9,0.37327337,0.046129644,0.236537342,0.305998271,0.824434593,0.298244175,0.274716394,0.211908132,0.199851008,0.783437259,0.053208121,0.347706551,,
0,0.8,0.607452618,0.289222003,0.063573675,0.151926738,0.397212647,0.085357993,0.509047851,0.006268573,0.781329955,0.309972829,0.345299445,0.302156097,,
0,0.6,0.50048185,0.105411739,0.083493528,0.023559571,0.200323906,0.239614887,0.282023631,0.790024196,0.14685054,0.481608226,0.048720497,0.347706551,,
0,0.6,0.315451333,0.163771435,0.349498279,0.269715217,0.919367903,0.121913631,0.269235271,0.339848915,0.207138695,0.343239302,0.109756963,0.347706551,,
0,0.6,0.457436556,0.130915419,0.428943617,0.143253024,0.188064133,0.049938709,0.771759699,0.507547047,0.539254273,0.734885184,0.772563055,0.347706551,,
0,0.9,0.31063283,0.114160133,0.072788002,0.436308601,0.747400026,0.304268592,0.405894643,0.187783921,0.821223825,0.268307755,0.064749243,0.302156097,,
0,0.9,0.609058786,0.040107709,0.169184582,0.4260079,0.439389685,0.120424179,0.482337722,0.011201471,0.500895358,0.293812111,0.208435549,0.302156097,,
0,0.9,0.328943142,0.011149468,0.265780195,0.691744988,0.795394884,0.442491083,0.390441931,0.407898825,0.478907455,0.805216912,0.046368445,0.302156097,,
0,0.8,0.625120463,0.224357517,0.204764884,0.237732377,0.928781235,0.60730894,0.768825432,0.260290823,0.782860573,0.41640406,0.871520351,0.347706551,,
0,0.8,0.22165114,0.104856248,0.401628099,0.038271333,0.910203473,0.12489047,0.221609577,0.203761016,0.707334509,0.281760356,0.939262165,0.244878229,,
0,0.8,0.202698362,0.127145293,1,0.655225699,0.560742626,0.16873244,0.255891986,0.58576303,0.103297619,0.511009298,0.261252262,0.29467967,,
0,0.6,0.229039512,0.347002596,0.938605061,0.370399236,0.449473898,0.287549751,0.838338899,0.022026646,0.619684477,0.651730684,0.238382133,0.286236417,,
0,0.9,0.392868615,0.266339925,0.105792475,0.450162297,0.414810105,0.035487594,0.382473736,0.02082386,0.599450198,0.521596784,0.722656192,0.408483149,,
0,0.9,0.690330871,0.29366066,0.91592283,0.048798735,0.507274223,0.038336563,0.274389615,0.047857457,0.104010846,0.802543281,0.123866995,0.283835058,,
0,0.6,0.061998073,0.134676693,0.489606821,0.589856285,0.50644404,0.170776152,0.877101395,0.701765095,0.418985905,0.306566044,0.333742006,0.388847423,,
0,0.8,0.171859942,0.017807516,0.935388586,0.217732273,0.844939292,0.162524971,0.429648209,0.194948555,0.995313304,0.195587584,0.373009711,0.554156561,,
0,0.9,0.579826534,0.105462506,0.119495211,0.175390031,0.563400965,0.558437789,0.312327171,0.07155483,0.694227788,0.039881957,0.567673892,0.90595433,,
0,0.8,0.450369419,0.064272296,0.587699505,0.73748252,0.667479366,0.278926996,0.7907092,0.071241799,0.76766245,0.493375154,0.642944661,0.921413379,,
0,0.9,0.267587536,0.239460743,0.308823992,0.055943747,0.637268886,0.810434796,0.331256171,0.064633734,0.460376625,0.196158992,0.719109427,0.906484232,,
0,0.6,0.166398972,0.117361068,0.410697869,0.691312026,0.800154628,0.481901768,0.904080335,0.092201841,0.952341144,0.448827658,0.250544233,0.801143264,,
0,0.8,0.200449727,0.001665274,0.417965904,0.150294884,0.969285316,0.651774453,0.484034916,0.216659088,0.549011385,0.464220092,0.222662074,0.824955301,,
0,0.9,0.639254738,0.120108485,0.218637593,0.498068554,0.082685815,0.135878918,0.327646207,0.996554782,0.647709866,0.294269027,0.450025974,0.801143264,,
0,0.9,0.054609701,0.110162278,0.931375138,0.022272779,0.961655062,0.113592316,0.490358835,0.312275189,0.198875678,0.680219756,0.309768422,0.801143264,,
0,0.9,0.437841311,0.189068413,0.818020983,0.28601685,0.737282353,0.490366267,0.245819435,0.116298333,0.154612523,0.25490501,0.19692023,0.82002452,,
0,0.6,0.359460328,0.174049686,0.156005469,0.054346559,0.158376848,0.03309759,0.272470471,0.006594019,0.581626759,0.363623371,0.170548491,0.249742591,,
0,0.6,0.551557983,0.145795474,0.08221868,0.179378558,0.859001551,0.382541416,0.706973702,0.216659088,0.580901773,0.240460376,0.418308473,0.82002452,,
0,0.9,0.666238355,0.131413046,0.200921647,0.462002686,0.727815318,0.895996626,0.442549231,0.088147293,0.740827292,0.023754641,0.076834693,0.82002452,,
0,0.9,0.624156762,0.225853884,0.244825019,0.319053131,0.863108154,0.530300218,0.42569939,0.21077059,0.794742406,0.145157991,0.512903555,0.173933373,,
0,0.9,0.524895599,0.174216077,0.958062074,0.031950256,0.092643594,0.669925983,0.380489975,0.100092066,0.484877011,0.370649807,0.540952864,0.624791183,,
0,0.6,0.434628975,0.238256698,0.658139694,0.417295579,0.884853049,0.200180864,0.855862267,0.200690741,0.332663319,0.392590225,0.879191791,0.743605826,,
0,0.9,0.724702859,0.105145326,0.079411298,0.37781528,0.349750792,0.056700074,0.402285389,0.883176987,0.132161128,0.459287471,0.04560612,0.771441976,,
0,0.9,0.25248956,0.101357878,0.561070128,0.035736575,0.648682476,0.214627482,0.552612518,0.057594667,0.362601098,0.158264946,0.182376291,0.547985096,,
0,0.9,0.124638612,0.07031737,0.552441747,0.058791285,0.717871139,0.503928622,0.396117619,0.138153437,0.219418049,0.253872328,0.086491821,0.547985096,,
0,0.8,0.48955991,0.224169764,0.298497644,0.187992358,0.929541158,0.115867821,0.827799087,0.216659088,0.722943267,0.101904817,0.474704016,0.221337692,,
0,0.9,0.462255059,0.076713471,0.081517447,0.333990719,0.454463065,0.252319961,0.549407545,0.02082386,0.749988074,0.154107804,0.124166385,0.855609878,,
0,0.6,0.212656601,0.011889146,0.183660822,0.579762148,0.213786832,0.5375434,0.2415538,0.134182122,0.098772438,0.719356049,0.137595675,0.90595433,,
0,0.9,0.345968519,0.312054422,0.089198246,0.833895055,0.097582396,0.302572508,0.356826223,0.024893504,0.528093725,0.226322595,0.338192254,0.823017251,,
0,0.6,0.573723097,0.121813574,0.512302222,0.036111072,0.443933709,0.734406726,0.799868733,0.013878921,0.452338541,0.539381168,0.178272106,0.879609671,,
0,0.8,0.448763251,0.041809589,0.471241471,0.230302608,0.597348938,0.191313432,0.853965596,0.019094029,0.436606845,0.443059487,0.993916958,0.824955301,,
0,0.8,0.081272085,0.076353314,0.797688813,0.945026532,0.886010603,0.110448835,0.763741467,0.200936537,0.595512642,0.249824546,0.252417792,0.824955301,,
0,0.9,0.211050434,0.039471596,0.075089541,0.865542788,0.679970023,0.557656234,0.376788184,0.086102269,0.893794931,0.149877539,0.480512143,0.783711153,,
0,0.9,0.37873434,0.270173282,0.655713802,0.103809819,0.461960451,0.374787367,0.385151308,1,0.799485992,0.551235766,0.270767284,0.712293119,,
0,0.9,0.568262127,0.064828538,0.223115326,0.248909859,0.527537324,0.016184272,0.366584937,0.074373108,0.231904265,0.229505552,0.426135301,0.806598065,,
0,0.9,0.480565371,0.10415665,0.616520276,0.317207196,0.083473599,0.453863381,0.33933545,0.19352816,0.91243998,0.233620239,0.070254185,0.084395694,,
0,0.6,0.67394796,0.069651966,0.10965338,0.235721133,0.334980018,0.382629052,0.717705218,0.012076511,0.617129356,0.20101715,0.325992019,0.170326087,,
0,0.6,0.345004819,0.291786514,0.340113278,0.625044485,0.61481631,0.402951556,0.465660564,0.086102269,0.075104166,0.416177653,0.510014954,0.795580266,,
0,0.6,0.159331834,0.137270182,0.100940524,0.199675149,0.487300162,0.41528129,0.799818775,0.02082386,0.968377185,0.644167995,0.372828711,0.798946777,,
0,0.9,0.612913588,0.084209661,0.196536699,0.099606475,0.798198265,0.442437359,0.444318679,0.203919717,0.895604561,0.033774974,0.038681257,0.091142435,,
0,0.9,0.18888532,0.074051039,0.79543347,0.118142559,0.856814999,0.132693868,0.459392325,0.216659088,0.705775549,0.2931023,0.213992287,0.780926,,
0,0.6,0.403469322,0.399543009,0.815213475,0.105814161,0.637391528,0.571906551,0.923386882,0.065990545,0.270077412,0.513758295,0.82628363,0.780926,,
0,0.9,0.306778028,0.311907823,0.298943993,0.759042953,0.971910264,0.465118871,0.413150245,0.250032489,0.730336469,0.20227477,0.26348156,0.786966016,,
0,0.6,0.230966913,0.221104926,0.701768189,0.649345064,0.382644376,0.408981808,0.890058768,0.017369118,0.692907955,0.307982313,0.580538363,0.735493806,,
0,0.8,0.387407645,0.079943627,0.523248494,0.643408482,0.476717381,0.220002346,0.280041428,0.021434482,0.828035935,0.421784208,0.917327013,0.780926,,
0,0.8,0.265338901,0.297831887,0.869615004,0.227999652,0.787136184,0.199257826,0.780844493,0.186121045,0.385171131,0.458060596,0.096922848,0.780926,,
0,0.6,0.487311275,0.266644214,0.547503429,0.125704328,0.103454268,0.61993671,0.443547249,0.009223514,0.24323328,0.664606228,0.094037852,0.780926,,
0,0.9,0.222293607,0.0131233,0.158561709,0.369073498,0.923935788,0.260230322,0.403205786,0.177307776,0.181753582,0.380641356,0.3752872,0.780926,,
0,0.9,0.215547703,0.00893917,0.381294836,0.063594075,0.286160334,0.25566582,0.469356396,0.684562912,0.080194245,0.571464073,0.487991959,0.783655247,,
0,0.9,0.216832637,0.048321257,0.774472241,0.41150938,0.772995248,0.141211848,0.829561589,0.18523859,0.594345724,0.411490628,0.46016501,0.663295716,,
0,0.9,0.272084806,0.165641045,0.604814863,0.269944433,0.996814779,0.227812551,0.390935277,0.255163057,0.223879589,0.577992042,0.385560563,0.663295716,,
0,0.6,0.730806296,0.038624891,0.165154839,0.562078856,0.495161788,0.937474969,0.725036112,0.02082386,0.413911846,0.031791217,0.260656138,0.701789035,,
0,0.8,0.216832637,0.104670676,0.395104943,0.049504106,0.898343836,0.143785754,0.225524144,0.216612429,0.402403079,0.108158791,0.940587222,0.128578573,,
0,0.9,0.22614841,0.085063797,0.314749418,0.299059289,0.841651464,0.175011502,0.376076103,0.199064735,0.598595667,0.620658357,0.172842296,0.081607063,,
0,0.9,0.477674269,0.148431721,0.597065506,0.269336793,0.758034632,0.741309695,0.354117437,0.140741084,0.349083597,0.479573631,0.601646303,0.735362206,,
0,0.9,0.583681336,0.391921374,0.368634036,0.190523721,1,0.494050274,0.448473841,0.272448535,0.213022652,0.205645394,0.093667504,0.690163887,,
0,0.6,0.545775779,0.243003763,0.326123152,0.63397334,0.918345583,0.544450623,0.867348363,0.186495162,0.51466678,0.076907903,0.449292298,0.023650958,,
0,0.9,0.33697398,0.019614138,0.497744127,0.089361655,0.538075097,0.395053958,0.281984584,0.031628421,0.569766315,0.277378715,0.356947953,0.67890434,,
0,0.6,0.720526823,0.303476563,0.15915553,0.057871429,0.22334778,0.593054368,0.658165924,0.017513022,0.30500606,0.249456873,0.878081316,0.684362742,,
0,0.6,0.375843238,0.348301655,0.144043981,0.500441235,0.470577756,0.361338781,0.90128655,0.007162693,0.256241114,0.312073091,0.183617109,0.078947414,,
0,0.9,0.365563765,0.139942712,0.441373873,0.213515092,0.549878318,0.314357219,0.292520293,0.024208302,0.128072245,0.603106054,0.755784885,0.741653169,,
0,0.8,0.636042403,0.00558276,0.138624383,0.468941876,0.957688493,0.363610153,0.576153032,0.216659088,0.966673245,0.362924548,0.13693087,0.122832219,,
0,0.9,0.624477996,0.345810357,0.200607258,0.145376527,0.40096127,0.203613022,0.445688225,0.005871347,0.761891255,0.07359833,0.362227689,0.631242709,,
0,0.8,0.37969804,0.029664833,0.305541635,0.125839251,0.727708884,0.18369418,0.362751819,1,0.437125283,0.263178259,0.450698937,0.29467967,,
0,0.9,0.377449406,0.162884512,0.075727498,0.277921537,0.758422455,0.362259266,0.36064549,0.193808803,0.901617499,0.3154123,0.707725399,0.684362742,,
0,0.6,0.096691295,0.303108755,0.847623875,0.045858815,0.101886249,0.385116537,0.727304193,0.606320784,0.6932721,0.137096525,0.276272227,0.540183589,,
0,0.8,0.245101189,0.159195297,0.926394337,0.217183659,0.910354567,0.058552227,0.983099096,0.126345531,0.715301018,0.195789282,0.261143738,0.540183589,,
0,0.9,0.641824606,0.408666758,0.180526006,0.123306466,0.077288896,0.250395609,0.334570846,0.399614266,0.479677101,0.120210495,0.21289035,0.540183589,,
0,0.9,0.438483778,0.126161048,0.166031439,0.23269225,0.322012009,0.231327726,0.284941128,0.006983587,0.377677512,0.402879213,0.274523888,0.675137225,,
0,0.8,0.115001606,0.124018759,0.771121592,0.420851156,0.77779346,0.672129896,0.315655361,0.190145851,0.961021939,0.163190448,0.891669788,0.697487602,,
0,0.9,0.149052361,0.226055946,0.405716676,0.35451637,0.886318634,0.015749859,0.367498665,0.180435885,0.180245515,0.677003707,0.356800345,0.386423253,,
0,0.6,0.448442017,0.182821784,0.170969771,0.184875758,0.81793991,0.491106375,0.551398844,0.199752146,0.526942583,0.115105812,0.062387515,0.447899202,,
0,0.9,0.410215226,0.092537979,0.255763249,0.499558923,0.330596201,0.584656234,0.214523166,0.813683025,0.198993588,0.32896201,0.51151494,0.82002452,,
0,0.8,0.126566013,0.071690507,0.501944264,0.40920859,0.904720954,0.306072247,0.904034796,0.216659088,0.939288247,0.059931909,0.180169761,0.717358497,,
0,0.6,0.198201092,0.248600845,0.683121545,0.549205119,0.516998717,0.206663397,0.24831649,0.081259613,0.11488098,0.483708257,0.11706906,0.687239995,,
0,0.9,0.17442981,0.017645164,0.938906925,0.226372807,0.88765789,0.468674401,0.251590777,0.436294618,0.100599958,0.618163056,0.199566549,0.665124046,,
0,0.9,0.292964986,0.173523739,0.42696189,0.728014864,0.926103558,0.297554267,0.66905781,0.216659088,0.515642136,0.59020985,0.166085531,0.639922185,,
0,0.9,0.281400578,0.273774293,0.292880582,0.915435839,0.66382702,0.030969524,0.414497614,0.032000467,0.51477538,0.190618285,0.368087232,0.341302737,,
0,0.8,0.128172181,0.133374588,0.73526588,0.399376,0.462356899,0.162696354,0.321108092,0.025215165,0.725368197,0.261763098,0.967357389,0.341302737,,
0,0.9,0.520077096,0.280055196,0.325305667,0.090090811,0.604434432,0.701698698,0.357146767,0.046231,0.685000455,0.067512137,0.474931499,0.653493255,,
0,0.8,0.110183103,0.075305816,0.707924329,0.133419965,0.403031302,0.270759561,0.475144825,0.020770162,0.388154084,0.651365048,0.539564818,0.486428822,,
0,0.6,0.452939287,0.245968176,0.260392305,0.677055743,0.412747518,0.088507551,0.797659292,0.029880761,0.381245056,0.491326477,0.19363434,0.128924591,,
0,0.6,0.200128493,0.03484446,0.575728377,0.87155541,0.525829376,0.53445887,0.676847166,0.02082386,0.833902467,0.504469954,0.263308149,0.118830127,,
0,0.6,0.353678124,0.231801693,0.212816328,0.057002093,0.65726305,0.081226568,0.392149543,0.091711618,0.204379663,0.793205599,0.054536403,0.109889384,,
0,0.8,0.455830389,0.105754573,0.550207308,0.384594719,0.473159295,0.163225696,0.489301152,0.02082386,0.766941454,0.266693037,0.434844361,0.078947414,,
0,0.6,0.67844523,0.158024915,0.473795091,0.333023991,0.890411532,0.231409164,0.695179965,0.19336882,0.466098229,0.595218327,0.852035339,0.101960252,,
0,0.9,0.466752329,0.098914173,0.397214763,0.688198101,0.704874678,0.221647988,0.601114628,0.086102269,0.609486911,0.248267939,0.373062076,0.848651717,,
0,0.9,0.550273049,0.062903614,0.518198701,0.124598842,0.700724945,0.47906155,0.409640946,0.049837255,0.284583796,0.066601762,0.081784493,0.084390694,,
0,0.8,0.247349823,0.019149089,0.911509999,0.955944319,0.108267994,0.400248688,0.898203434,0.205928027,0.692163942,0.513885504,0.928768528,0.084390694,,
0,0.6,0.422100867,0.11756192,0.63957936,0.797529778,0.930512139,0.34809075,0.257012806,0.216659088,0.505333856,0.368707653,0.253965209,0.084390694,,
0,0.9,0.50048185,0.210080234,0.506703964,0.052400963,0.159083728,0.361484639,0.413664821,0.859664206,0.082799883,0.52203763,0.242404356,0.113390686,,
0,0.6,0.469964664,0.19205698,0.207268174,0.074322226,0.479309981,0.999729434,0.557733892,0.02082386,0.645506023,0.313761653,0.055312768,0.099176972,,
0,0.9,0.593639576,0.0983932,0.139429749,0.255496276,0.395864765,0.276211608,0.304221788,0.054829134,0.456539927,0.251557806,0.316689111,0.154146912,,
0,0.6,0.577577899,0.388179615,0.180956999,0.102745001,0.774360521,0.43959945,0.697897116,0.086102269,0.658245003,0.108578668,0.418700071,0.154146912,,
0,0.9,0.115001606,0.204355929,0.593888991,0.186759243,0.412609084,0.148529175,0.35626157,0.035211274,0.221286166,0.778022807,0.477540252,0.154146912,,
0,0.8,0.645679409,0.200702963,0.586429,0.764720259,0.531808447,0.40384214,0.498570664,0.02082386,0.443617319,0.645833498,0.395528655,0.126173155,,
0,0.9,0.568904594,0.14084158,0.504471599,0.697550679,0.389615993,0.602543397,0.21968846,0.028245994,0.155680476,0.783106031,0.273232983,0.104414857,,
0,0.9,0.427883071,0.063731854,0.351830377,0.32658206,0.972619544,0.146145492,0.453530735,0.372282804,0.45065565,0.408134448,0.567986752,0.175642655,,
0,0.6,0.536138773,0.481107733,0.220383844,0.043058032,0.519584638,0.223634937,0.711023463,0.723986907,0.333871569,0.287683179,0.157004605,0.135932115,,
0,0.8,0.701252811,0.1402834,0.093646596,0.66790524,0.851017701,0.436980936,0.389881067,0.111942832,0.787027208,0.067102396,0.183736068,0.656080648,,
0,0.9,0.109219403,0.15949505,0.945853143,0.457365773,0.938253697,0.752867962,0.335463186,0.216659088,0.400756122,0.602280434,0.220318939,0.90595433,,
0,0.9,0.071313845,0.148420642,0.906588944,0.254871753,0.196070592,0.107865205,0.416150492,0.842617349,0.156029957,0.400504853,0.905010285,0.104414857,,
0,0.8,0,0.132362265,0.397008094,0.492548285,0.505218243,0.199260622,0.906196489,0.011619485,0.525597758,0.372522373,0.453842721,0.107825041,,
0,0.8,0.204304529,0.05173777,0.124290458,0.679883723,0.812883057,0.541234456,0.440882699,0.134822175,0.843158834,0.173899907,0.280233926,0.921413379,,
0,0.9,0.468037263,0.178852354,0.700424937,0.060378739,0.889371682,0.148569164,0.258554937,0.609472721,0.147281923,0.631720452,0.09985262,0.103398972,,
0,0.6,0.4741407,0.165573522,0.49239079,0.177306474,0.831501444,0.35308371,0.26708443,0.183072793,0.18951771,0.372553504,0.576995772,0.103398972,,
0,0.9,0.229039512,0.330065212,0.768625419,0.326943367,0.685214979,0.23776237,0.492062263,0.033071576,0.394015339,0.367030878,0.666727,0.127345901,,
0,0.9,0.596851911,0.121425731,0.590820422,0.325079766,0.741882655,0.048056656,0.540467891,0.161597783,0.362235128,0.548552901,0.407764749,0.112725082,,
0,0.9,0.226469643,0.259359655,0.408996708,0.032141109,0.560687183,0.231424722,0.386812552,0.056012404,0.132359824,0.788161116,0.68306595,0.112725082,,
0,0.9,0.214584003,0.037675776,0.485119616,0.471867711,0.682572223,0.143489176,0.457612223,0.11631894,0.292241644,0.12774489,0.498977938,0.112725082,,
0,0.9,0.371024735,0.166146151,0.681713671,0.427155777,0.570344686,0.014886501,0.326656398,0.960270648,0.501910841,0.409475094,0.799788378,0.112725082,,
0,0.8,0.331834243,0.063170154,0.52530622,0.689172057,0.719599956,0.46196518,0.61556735,0.086102269,0.939947328,0.188920619,0.36991279,0.098602381,,
0,0.8,0.338901381,0.055358908,0.427488722,0.911201202,0.481337091,0.729090448,0.662296344,0.024457109,0.325895544,0.260656081,0.596200935,0.093214855,,
0,0.9,0.232251847,0.03995145,0.74001807,0.740409816,0.098617308,0.388105531,0.513529872,0.384814354,0.904133135,0.047257082,0.29076437,0.112725082,,
0,0.6,0.039190491,0.122626822,0.640790793,0.253748848,0.537465016,0.357703516,0.689891986,0.002664965,0.182386606,0.648135355,0.196217859,0.112725082,,
0,0.9,0.424028269,0.286404859,0.186204634,0.50767112,0.045980479,0.474499966,0.30496816,0.237539631,0.338286527,0.291772049,0.124842763,0.098602381,,
0,0.8,0.460648892,0.077594947,0.155709911,0.721466363,0.639889103,0.16609302,0.216874885,0.0683867,0.460387025,0.572362505,0.922712238,0.122832219,,
0,0.9,0.581111468,0.105782386,0.31193723,0.162994387,0.972775368,0.023642352,0.429259752,0.42562497,0.185410849,0.573107575,0.536663126,0.122832219,,
0,0.9,0.273690973,0.08954655,0.32406963,0.226783928,0.613047146,0.13784168,0.230614284,1,0.337361455,0.376702625,0.131427445,0.122832219,,
0,0.9,0.723096691,0.060432847,0.220250482,0.468335541,0.573299509,0.018122602,0.287417426,0.116530029,0.20165763,0.260658609,0.084999235,0.098602381,,
0,0.6,0.112110504,0.129407811,0.083529244,0.067366642,0.5390506,0.692810603,0.475504988,0.02082386,0.588718619,0.223432977,0.342802442,0.074614673,,
0,0.8,0.423385801,0.329716077,0.194963686,0.109031003,0.912561432,0.250284757,0.410525433,0.28100306,0.315707794,0.119267906,0.301019709,0.122832219,,
0,0.6,0.371024735,0.270532284,0.660373852,0.052113315,0.366344574,0.044737173,0.595199174,0.011979145,0.570378566,0.347135708,0.187290991,0.113830221,,
0,0.9,0.502730485,0.259352557,0.435746751,0.373700495,0.449315777,0.197141428,0.2001382,0.02082386,0.62624035,0.165319547,0.371732087,0.111450765,,
0,0.6,0.704143913,0.187615796,0.254815288,0.162997323,0.704683306,0.537719402,0.729661693,0.086102269,0.192173073,0.277631147,0.223371465,0.111450765,,
0,0.9,0.603919049,0.298177203,0.109769507,0.069608895,0.424303437,0.300803373,0.267110652,0.02434197,0.106633774,0.304927829,0.236999399,0.111450765,,
0,0.6,0.023128815,0.163409813,0.87684106,0.265965366,0.491618866,0.479725933,0.971940135,0.055085584,0.62905299,0.221603355,0.662550529,0.742200017,,
0,0.9,0.675875361,0.18663371,0.166268415,0.582713765,0.649205949,0.169933215,0.243901554,0.063407293,0.116635917,0.604278893,0.047462793,0.113830221,,
0,0.9,0.075489881,0.231413159,0.319045842,0.242418739,0.803092407,0.318649696,0.477844416,0.086102269,0.561853636,0.0516933,0.775569476,0.113830221,,
0,0.9,0.201413428,0.343137192,0.789445804,0.047530098,0.628835092,0.819300283,0.226728169,0.086102269,0.217925092,0.108960321,0.706287265,0.113830221,,
0,0.9,0.254095728,0.040023394,0.466968362,0.76882839,0.446819733,0.176410157,0.556930498,0.004274496,0.301566314,0.437529871,0.410482595,0.113830221,,
0,0.9,0.092515259,0.059184901,0.164868178,0.775429916,0.573388134,0.414510553,0.614074448,0.045906018,0.431300553,0.374492589,0.125905617,0.743834088,,
0,0.6,0.057822037,0.18477991,0.17831505,0.075313874,0.492422545,0.064181856,0.875589551,0.011240342,0.150261697,0.49281347,0.624520606,0.057111314,,
0,0.6,0.6848699,0.222791872,0.830339651,0.065327802,0.645953112,0.312771258,0.505355689,0.001853021,0.364037217,0.238967064,0.254927507,0.780926,,
0,0.8,0.024413749,0.081867155,0.593328196,0.66168407,0.857503827,0.212498807,0.76795302,0.216659088,0.956126328,0.399240657,0.574475811,0.654130999,,
0,0.9,0.179248314,0.097079912,0.173111888,0.781373074,0.388048356,0.465831387,0.264692499,0.012216618,0.730551395,0.318946732,0.839165746,0.127857485,,
0,0.6,0.168647607,0.126147927,0.495777252,0.265217024,0.010724136,0.421646043,0.263112506,0.013985571,0.37852263,0.294724626,0.060711653,0.128578573,,
0,0.9,0.018310312,0.419363261,0.279363792,0.051386279,0.734580467,0.280796287,0.374577874,0.086102269,0.183371106,0.479320503,0.098518077,0.057111314,,
0,0.8,0.165756505,0.035653761,0.874257568,0.057781501,0.89719616,0.171769566,0.938009051,0.216659088,0.683119245,0.229902551,0.920178238,0.633918074,,
0,0.6,0.114359139,0.252702045,0.41788772,0.021414178,0.909380386,0.386747715,0.313414469,0.216659088,0.30705184,0.257937855,0.125222218,0.07408706,,
0,0.6,0.069707677,0.287182528,0.685935834,0.024667311,0.734042803,0.91054182,0.869117731,0.12567762,0.256680462,0.206153584,0.28364295,0,,
0,0.9,0.334725345,0.170151426,0.82703978,0.323639159,0.416666574,0.109451046,0.226855116,0.03500845,0.09794047,0.543010182,0.100742252,0.675137225,,
0,0.9,0.542884677,0.148510116,0.157324509,0.294507471,0.424120134,0.537413222,0.345205958,0.016535684,0.830008537,0.49209378,0.743701712,0.086442755,,
0,0.6,0.077738516,0.038983847,0.594796375,0.876365173,0.867444528,0.488383329,0.891972328,0.328706103,0.13097618,0.75738187,0.492772522,0.711383864,,
0,0.9,0.497269515,0.113686256,0.648744717,0.316567773,0.750626707,0.542746152,0.492575379,0.081418844,0.492499886,0.029429263,0.295139486,0.475785678,,
0,0.6,0.392868615,0.437753365,0.943150049,0.025318082,0.781682117,0.115822605,0.416687008,0.202461005,0.229945122,0.244541326,0.071475271,0.668442107,,
0,0.9,0.293928686,0.140538433,0.817969533,0.304931835,0.683127626,0.236297591,0.278540259,0.08266116,0.533795806,0.112367905,0.126809289,0.720662387,,
0,0.6,0.66302602,0.371555764,0.285017003,0.086683719,0.48932602,0.063499362,0.894182243,0.01788956,0.080937658,0.432510716,0.082410594,0.378491819,,
0,0.8,0.509797623,0.114029356,0.464810202,0.605533734,0.536347045,0.685656029,0.948126706,0.02082386,0.859361202,0.626291118,0.323682276,0.419537181,,
0,0.9,0.611949888,0.297953063,0.463529104,0.072823657,0.61255442,0.069417668,0.271180124,0.043372982,0.25357715,0.499805653,0.199270384,0.344464306,,
0,0.9,0.418567298,0.200612681,0.519188472,0.090802679,0.797240988,0.31931104,0.803161152,0.08847416,0.653132941,0.612297982,0.14309189,0.063943225,,
0,0.9,0.65756505,0.297423192,0.159432859,0.039053324,0.968257431,0.538116014,0.533976064,0.216659088,0.533266378,0.361613305,0.267833149,0.886855241,,
0,0.6,0.480244137,0.253729532,0.294613858,0.061688103,0.890593513,0.927140936,0.48234305,0.20497815,0.423825319,0.141874675,0.095444492,0.067387453,,
0,0.9,0.230645679,0,0.184752316,0.47762518,0.856227805,0.745215526,0.377668093,0.216659088,0.909263097,0.135504505,0.430292989,0.096569731,,
0,0.9,0.628654031,0.101626703,0.209980657,0.917825899,0.460313371,0.161178459,0.578959366,0.004397297,0.42843768,0.592222805,0.245570338,0.128578573,,
0,0.8,0.147446193,0.084017049,0.785425799,0.847746924,0.922068398,0.71470351,0.874142266,0.216479936,0.859953242,0.40021301,0.2518765,0.344353243,,
0,0.6,0.418567298,0.21105992,0.550116234,0.225970689,0.877279699,0.198465818,0.82885381,0.215067759,0.742921154,0.307544768,0.501514025,0.339390929,,
0,0.9,0.245422422,0.095144659,0.827476489,0.193438792,0.250998007,0.559088558,0.580847828,0.145575026,0.095732678,0.74105541,0.140336857,0.347706551,,
0,0.9,0.409251526,0.206944133,0.616526386,0.034821155,0.097781107,0.108810486,0.246058137,0.687398349,0.178043399,0.729295729,0.042879737,0.347706551,,
0,0.6,0.511082557,0.146634989,0.598032914,0.335846439,0.466802141,0.157848037,0.938255842,0.02082386,0.514478376,0.057850165,0.331867878,0.688728152,,
0,0.6,0.406360424,0.151639696,0.327146186,0.158280495,0.436645087,0.007868548,0.951936779,0.021897327,0.175754103,0.470340332,0.563652618,1,,
0,0.6,0.542563444,0.193811727,0.418040725,0.266718509,0.708132732,0.323036737,0.987930113,0.091092188,0.56788082,0.123119974,0.416734305,0.079660201,,
0,0.8,0.236749117,0.276617692,0.379172658,0.470704152,0.035843884,0.312814407,0.906793776,0.56744581,0.909314265,0.220093614,0.937554049,0.135901357,,
0,0.9,0.012206874,0.18326614,0.992024442,0.199387038,0.925112402,0.403807864,0.28164279,0.216659088,0.80132461,0.05020463,0.757006161,0.345263434,,
0,0.8,0.392868615,0.128919428,0.856473582,0.761294086,0.65774228,0.327987155,0.271121169,0.052463213,0.705023793,0.337694804,1,0.157125555,,
0,0.6,0.52136203,0.146772829,0.124246868,0.07866485,0.168019047,0.133105917,0.980270664,0.982385445,0.152382355,0.536559488,0.948541925,0.085721372,,
0,0.9,0.628011564,0.103423619,0.255015624,0.810035894,0.397015362,0.57853713,0.616497178,0.02082386,0.340611417,0.184196943,0.118473612,0.118830127,,
0,0.9,0.441053646,0.113435111,0.142691663,0.308307907,0.877323524,0.14446533,0.384948634,0.178563166,0.43572835,0.759080723,0.662426827,0.135123837,,
0,0.9,0.47960167,0.199402335,0.214166614,0.213889968,0.211122963,0.16442246,0.343075637,0.010544221,0.407880914,0.414482694,0.531634589,0.095635166,,
0,0.8,0.719884356,0.15482151,0.099358516,0.455626409,0.796278771,0.6139789,0.785733833,0.086102269,0.731426783,0.059949757,0.941370227,0.688359787,,
0,0.9,0.566977192,0.010453147,0.603111403,0.399691406,0.241150071,0.167139064,0.3460908,0.476960244,0.531351797,0.000319957,0.173843298,0.099176972,,
0,0.9,0.394474783,0.040768381,0.429551547,0.594337725,0.785102744,0.046151266,0.307323905,0.179083176,0.070455338,0.74488834,0.30939409,0.101960252,,
0,0.6,0.540314809,0.163400985,0.826062227,0.061216794,0.953184886,0.218905251,0.319484139,0.348823469,0.095281752,0.797435683,0.297659446,0.103398972,,
0,0.9,0.104079666,0.098220265,0.989861742,0.387560035,0.357962118,0.288957158,0.343627149,0.000634147,0.55317787,0.57938515,0.119363244,0.109940707,,
0,0.6,0.437198844,0.145959407,0.793211529,0.041701926,0.505785194,0.327038714,0.285011763,0.089157168,0.356448359,0.244384327,0.241829481,0.067387453,,
0,0.6,0.032765821,0.177096787,0.507698611,0.4467189,0.9717447,0.231920274,0.837328609,0.216659088,0.493837314,0.264169364,0.128167927,0.095810695,,
0,0.8,0.285255381,0.033563427,0.498587394,0.570486705,0.573851642,0.207698867,0.833659177,0.040437277,0.55194529,0.092016438,0.663324807,0.127345901,,
0,0.9,0.486990042,0.354483506,0.505412218,0.27097217,0.662148358,0.186313788,0.308482964,1,0.846418043,0.004629249,0.437636011,0.111450765,,
0,0.6,0.492129778,0.092752206,0.171321052,0.975564042,0.883054806,0.706592474,0.512179268,0.155874399,0.655860494,0.227831047,0.203532801,0.683227922,,
0,0.6,0.18342435,0.259070472,0.936731334,0.177359446,0.551549814,0.843967651,0.47112612,0.024753728,0.400225314,0.471774115,0.148365934,0.057111314,,
0,0.8,0.023771282,0.049776124,0.720169296,0.067256627,0.793173967,0.163414947,0.911023797,0.086102269,0.969586303,0.212253577,0.586341937,0.086442755,,
0,0.8,0.365563765,0.149994261,0.305334041,0.93858387,0.99630515,0.444699615,0.641309571,0.216659088,0.873001596,0.346287751,0.960405015,0.455995379,,
0,0.6,0.549951815,0.243951978,0.322656993,0.115392419,0.975947789,0.709948543,0.434616355,0.216659088,0.793392211,0.225062706,0.374733575,0.344464306,,
0,0.9,0.448763251,0.27778917,0.48827304,0.072506868,0.428966207,0.168462603,0.355375781,1,0.501623156,0.289437667,0.367983261,0.339390929,,
0,0.8,0.266623836,0.033923619,0.281328285,0.529542444,0.155060151,0.011723086,0.820037117,0.245658375,0.938953142,0.367481578,0.964541264,0.339390929,,
0,0.9,0.507870222,0.287747771,0.614578734,0.400972783,0.962236761,0.097561681,0.367969794,0.216659088,0.364225032,0.095335451,0.26612674,0.310339081,,
0,0.9,0.72566656,0.149703036,0.366706393,0.360175331,0.618678811,0.213031432,0.611724406,0.084355452,0.21131558,0.446038528,0.077996774,0.310339081,,
0,0.8,0.727593961,0.384696225,0.55608462,0.118375558,0.507585593,0.385646123,0.790112939,0.008055553,0.867007984,0.353949819,0.247496451,0.244878229,,
0,0.8,0.648249277,0.10985298,0.194002022,0.531736742,0.522324229,0.376381107,0.344959759,0.02082386,0.946035289,0.265232791,0.253269668,0.701789035,,
0,0.9,0.437520077,0.353583854,0.442536378,0.30212794,0.84461373,0.237681905,0.357256312,0.201311618,0.984254797,0.143339795,0.46321431,0.650589151,,
0,0.6,0.696755541,0.375093637,0.107117499,0.030708654,0.396874633,0.229071548,0.664256547,0.013111379,0.419029532,0.365110957,0.099541467,0.986875589,,
0,0.6,0.201413428,0.079877408,0.405324187,0.091436061,0.709773829,0.636041125,0.985212646,0.084786586,0.669844428,0.267874594,0.268364576,0.820189541,,
0,0.9,0.696755541,0.136569061,0.344052633,0.274836629,0.690668838,0.307466406,0.597434028,0.075714976,0.435416361,0.215360807,0.160493314,0.113390686,,
0,0.9,0.012849341,0.434041357,0.340704646,0.093877567,0.732302856,0.490543606,0.404205697,0.098880565,0.26072913,0.184628453,0.315429511,0.109940707,,
0,0.6,0.318663668,0.418798987,0.592307095,0.39935301,0.765446314,0.008850536,0.989095249,0.086102269,0.820915728,0.176657003,0.616357202,0.052209689,,
0,0.6,0.496627048,0.205440011,0.437724107,0.115051819,0.393385485,0.204760073,0.223426931,0.019295811,0.11444785,0.647342698,0.458876001,0.113830221,,
0,0.6,0.419530999,0.215833863,0.745163197,0.171189069,0.149838047,0.557001575,0.20843055,0.29071125,0.302379809,0.57041607,0.235445721,0.111450765,,
0,0.9,0.490844844,0.078903446,0.543485161,0.605036631,0.732498262,0.539595743,0.302594402,0.061766674,0.59284828,0.42674974,0.395596577,0.091142435,,
0,0.8,0.546418246,0.200539492,0.667495439,0.466155648,0.923709286,0.452234634,0.473779028,0.216659088,0.828389581,0.057615556,0.336267279,0.347706551,,
0,0.8,0.093157726,0.116813944,0.776805264,0.616993455,0.801112462,0.303545988,0.257050492,0.086102269,0.708832,0.156387144,0.812183463,0.084390694,,
0,0.8,0.341150016,0.063029567,0.541559031,0.553628108,0.970651146,0.221712165,0.268785273,0.238007845,0.660608122,0.25494081,0.195126546,0.806674135,,
0,0.8,0.701574044,0.000821304,0.299302295,0.715151773,0.658801957,0.619037496,0.744271155,0.030064505,0.208427891,0.710783633,0.315195766,0.10134106,,
0,0.6,0.415676197,0.071431364,0.58504758,0.490504032,0.51053499,0.652538019,0.243742623,0.022327886,0.092286016,0.354906491,0.346827131,0.07408706,,
0,0.8,0.129778349,0.211490993,0.264226771,0.629870271,0.611555891,0.104382969,0.484599687,0.037472989,0.754219088,0.549735567,0.791036819,0.668442107,,
0,0.6,0.256344362,0.288303782,0.564022907,0.111265278,0.475002546,0.630965148,0.51927951,0.022830433,0.299002984,0.602702529,0.454113462,0.452534315,,
0,0.9,0.480565371,0.057614248,0.301657989,0.33472484,0.880394381,0.933037728,0.396174048,0.087457997,0.144525723,0.163046294,0.29629208,0.391064774,,
0,0.6,0.036620623,0.34907083,0.999817739,0.1227569,0.417535435,0.417961429,0.492920784,0.018522816,0.280402404,0.285415884,0.302624993,0.90595433,,
0,0.9,0.272406039,0.083107056,0.548369731,0.595962743,0.256494057,0.398213241,0.715225466,0.086221331,0.856728443,0.097895028,0.217396188,0.096569731,,
0,0.9,0.161580469,0.282996274,0.12519403,0.150442332,0.51121067,0.305004203,0.267231857,0.014365648,0.34545295,0.556892255,0.779854092,0.540183589,,
0,0.9,0.427883071,0.167292724,0.486628765,0.026405573,0.500071304,0.007971135,0.274025663,0.010360909,0.316319398,0.108321826,0.244891303,0.104414857,,
0,0.9,0.62030196,0.293384818,0.118877319,0.173593455,0.757704479,0.407927985,0.472442077,0.15004067,0.774843289,0.280099573,0.34502434,0.113830221,,
0,0.6,0.660134918,0.309082554,0.511197669,0.045798719,0.180492001,0.27233349,0.437962243,0.773421212,0.073316163,0.723645765,0.546877864,0.801143264,,
0,0.6,0.008352072,0.159165903,0.927752666,0.67728955,0.46982472,0.971596239,0.858008965,0.042151481,0.687350802,0.368774301,0.619384873,0.418446564,,
0,0.6,0.533890138,0.150304666,0.133042518,0.130319426,0.544134375,0.429282798,0.75746869,0.02082386,0.722471509,0.59556957,0.265226863,0.90595433,,
0,0.6,0.226469643,0.24271855,0.813878069,0.038506635,0.535191717,0.458786085,0.474667776,0.02082386,0.252737453,0.259693451,0.106476765,0.664788605,,
0,0.9,0.448120784,0.155632046,0.607794039,0.404286906,0.737989477,0.133246791,0.36582132,0.132783377,0.212980432,0.391617149,0.253422968,0.784026083,,
0,0.6,0.332155477,0.255962414,0.501098027,0.352480622,0.925398312,0.463170088,0.47832904,0.216659088,0.314018642,0.039151408,0.180906662,0.109889384,,
0,0.6,0.547060713,0.087354256,0.306862973,0.060964361,0.330557732,0.670629505,0.619032097,0.01254088,0.462195766,0.051676741,0.11266207,0.095635166,,
0,0.6,0.563443624,0.431500862,0.101676687,0.200865482,0.694266158,0.041200605,0.76237492,0.064044514,0.827079709,0.090390939,0.513592645,0.855609878,,
0,0.8,0.19434629,0.213594495,0.681264743,0.478959921,0.885735266,0.241169367,0.480987631,0.189788946,0.267949951,0.76159929,0.455683078,0.078947414,,
0,0.6,0.32701574,0.401730953,0.201517667,0.034179642,0.866584154,0.337635412,0.867675655,1,0.494831206,0.31741633,0.096414378,0.084390694,,
0,0.8,0.660134918,0.034894326,0.267664851,0.842841549,0.373163218,0.061163083,0.505681522,0.027275191,0.59832045,0.649761628,0.54264068,0.104414857,,
0,0.8,0.266945069,0.115182738,0.476351793,0.111810343,0.94471471,0.127594068,0.472065339,0.216659088,0.712708189,0.464993276,0.444595784,0.098602381,,
0,0.9,0.499196916,0.112391571,0.090228804,0.50141326,0.842669819,0.323452068,0.409267839,0.124814665,0.778558873,0.535440168,0.447944284,0.137877683,,
0,0.9,0.680051397,0.394828084,0.123029845,0.110807735,0.923762016,0.11253667,0.30911985,0.229370242,0.410317728,0.316973446,0.153216127,0.098602381,,
0,0.9,0.553485384,0.108196016,0.376807884,0.115603146,0.938792265,0.442554288,0.470324304,0.216659088,0.488345626,0.055186283,0.106481318,0.085721372,,
0,0.8,0.236749117,0.104432249,0.617833993,0.353218735,0.476342567,0.79718081,0.874507915,0.02082386,0.739332313,0.3194363,0.780163348,0.302156097,,
0,0.8,0.499839383,0.116158004,0.486891116,0.599156726,0.546859704,0.465657087,0.969575768,0.017297739,0.305471703,0.622842033,0.468162023,0.386423253,,
0,0.9,0.619017025,0.242234726,0.196817573,0.325106878,0.378753284,0.134177,0.240647886,1,0.768199275,0.2683792,0.255541845,0.286236417,,
0,0.6,0.280115644,0.074374589,0.6977247,0.122776223,0.824780955,0.121820404,0.412408529,0.216659088,0.32838947,0.449478585,0.455409491,0.283835058,,
0,0.9,0.102794732,0.006724937,0.734418186,0.962329364,0.546402387,0.302619547,0.334083736,0.02082386,0.576745936,0.486861114,0.176546345,0.824955301,,
0,0.6,0.555412785,0.170201951,0.341700723,0.664851228,0.391051735,0.336412151,0.486454489,0.001521423,0.739644747,0.167382875,0.075835209,0.571097738,,
0,0.6,0.525538066,0.055277801,0.459131013,0.11435718,0.983342219,0.067345027,0.596006119,0.239380616,0.261288533,0.742549212,0.305309827,0.750545209,,
0,0.9,0.601027947,0.081418633,0.189859921,0.136525944,0.716819463,0.449169795,0.418547848,0.169560456,0.686111321,0.099716989,0.295259583,0.665124046,,
0,0.9,0.56858336,0.081422741,0.069046264,0.456655477,0.906507232,0.419889914,0.45417727,0.216188305,0.214909036,0.575765215,0.181731787,0.535210702,,
0,0.8,0.096048827,0.010018266,0.967063272,0.700901962,0.435188127,0.404009269,0.928109696,0.005710291,0.865269929,0.157500325,0.268767177,0.397810126,,
0,0.9,0.190491487,0.028225499,0.240199578,0.528766233,0.753114682,0.344111504,0.381323241,0.132055453,0.240547647,0.266515249,0.521982963,0.672058038,,
0,0.8,0.465467395,0.05042304,0.188400597,0.834641519,0.215963715,0.403748548,0.490814771,0.310139244,0.510432024,0.386481076,0.981517319,0.118836718,,
0,0.9,0.457436556,0.281127715,0.504334454,0.122691637,0.958868586,0.237217712,0.359925241,0.216659088,0.251265498,0.541528219,0.628866124,0.886855241,,
0,0.9,0.371667202,0.210773658,0.163818017,0.801529668,0.50949827,0.341997658,0.401444783,0.051176758,0.212916001,0.688055227,0.154130424,0.098602381,,
0,0.6,0.581753935,0.142321917,0.781982338,0.032516875,0.691433074,0.520965312,0.28554242,0.082344527,0.516759365,0.080338727,0.127028803,0.122832219,,
0,0.6,0.446514616,0.267238193,0.123352389,0.81008302,0.780827308,0.462626646,0.780212637,0.168943578,0.357144947,0.295365417,0.348022793,0.020081416,,
0,0.6,0.354320591,0.220458264,0.545107522,0.284984886,0.32337443,0.245567712,0.459402585,0.002513741,0.419616294,0.428961195,0.102814455,0.82002452,,
0,0.9,0.456151622,0.267336149,0.836468328,0.180517132,0.903710599,0.488204289,0.743661951,0.216659088,0.548922406,0.295739977,0.574332188,0.665889181,,
0,0.9,0.726309027,0.091488554,0.408281842,0.153734679,0.545687542,0.074858776,0.241917358,0.06675323,0.491034138,0.380967632,0.147717635,0.82002452,,
0,0.8,0.330549309,0.154020978,0.885817206,0.553586513,0.765955944,0.822015063,0.646164384,0.086102269,0.645863071,0.267547055,0.434931636,0.386423253,,
0,0.9,0.669771924,0.134982009,0.526930935,0.917426547,0.822936035,0.004619563,0.439570807,0.099012979,0.258376121,0.607887376,0.397381533,0.098602381,,
