flood,lulc,Density_River,Density_Road,Distan2river,Distan2road_met,aspect,curvature,dem,flowDir,slope,twi,NDVI,rainfall
1,0.0,0.0,0.3063661754117902,0.937756489260035,0.013369681186615433,0.7909535577838801,0.5476190277040613,0.01639344262295082,0.49606299212598426,0.03955578619959046,0.2210584127371096,0.5882826527538911,0.8075695425657311
1,0.2857142857142857,0.050236220472440946,0.5116964760522467,0.39895088581984894,0.03995163163397483,0.32841176744815886,0.42857140341565636,0.4414086217364906,0.0,0.15576814379847587,0.22164029329952378,0.4875013577515579,0.14079522457674598
1,0.7142857142857143,0.6913385826771653,0.1321520463047289,0.0,0.013529171256359891,0.77722884565436,0.5476190277040613,0.11414693381906496,0.023622047244094488,0.23965388658153036,0.11766506167289074,0.25887933961437787,0.062079754469402004
1,0.0,0.2929133858267716,0.09211219675084606,0.20681468278320195,0.03719371761847544,0.9589518173523686,0.5952380774194233,0.06132361870066788,0.49606299212598426,0.2831867522547015,0.06835277476770456,0.8127829499364497,0.7367931282389194
1,0.0,0.1905511811023622,0.17778094266104685,0.4229040702915411,0.03656414385349227,0.7050315453211473,0.5952380774194233,0.39344262295081966,0.11811023622047244,0.1150036524759986,0.17616086402730324,0.9231960641483927,0.5399476420891239
1,0.2857142857142857,0.1763779527559055,0.354158872788393,0.035564864542579656,0.002390298859427804,0.5144670871969507,0.5952380774194233,0.4098360655737705,0.023622047244094488,0.3058394269909713,0.1658571857687387,0.6708884430506357,0.10935602573488103
1,0.0,0.23622047244094485,0.08633090236388805,0.2621118761909149,0.14601609908640326,0.4580137824860199,0.47619045313101843,0.42926533090467517,0.023622047244094488,0.1390944111332757,0.1969773876359694,0.9196962421054458,0.46609103061428975
1,0.2857142857142857,0.25039370078740153,0.08234219574119178,0.30725718985120093,0.08225685952659852,0.21645892670430203,0.5952380774194233,0.1092896174863388,0.05511811023622047,0.0639593914082526,0.28537205224400103,0.3067897503045028,0.09530415579035283
1,0.0,0.1653543307086614,0.03512508777252718,0.042362371420051184,0.31562039752485355,0.009996829650825928,0.5714285525617423,0.10261080752884032,0.49606299212598426,0.4060058439615977,0.07956004278429797,0.8673416203098671,0.8178678393263973
1,0.0,0.4708661417322834,0.4884827566562794,0.13425141961894135,0.0,0.41972123681634227,0.49999998018982944,0.40012143290831814,0.023622047244094488,0.15387840064521566,0.18285581178317917,0.704366399148255,0.09661302714876485
1,0.0,0.4047244094488189,0.09361318644092798,0.12242055717045722,0.09194504512923035,0.13647022618949836,0.5238095028463804,0.14814814814814814,1.0,0.3558970753748746,0.11726791992854949,0.9302548571948371,0.6386044447729206
1,0.0,0.12283464566929132,0.0022430270910334307,0.2730367096121184,0.35093097227243225,0.1251229845736498,0.7380952221632491,0.644808743169399,1.0,0.4103233267610801,0.0459799627724962,0.7218889772464492,0.2825782106571324
1,0.0,0.0,0.09743839646554879,0.6225419354667476,0.1586158728031219,0.8425705884834048,0.5952380774194233,0.3114754098360656,0.2440944881889764,0.47914940279538365,0.09884444991974013,0.7928991750157759,0.7870218536769116
1,0.0,0.48976377952755906,0.19793987928400505,0.06056726746316612,0.01804654239964107,0.08018769022095043,0.5238095028463804,0.30418943533697634,1.0,0.18313165523270897,0.15563857920038887,0.6761216110049595,0.4634972104135365
1,0.2857142857142857,0.3795275590551181,0.6735485711103069,0.0714236342358646,0.002391642180437005,0.42854504698499096,0.5476190277040613,0.004250151791135397,0.0,0.021457775890022457,0.3579916237546748,0.6845284932725247,0.9276541748850647
1,0.0,0.1368503937007874,0.06142308100199413,0.03081947080389874,0.01870769577106374,0.612974428532421,0.4523809172676871,0.2774741955069824,0.05511811023622047,0.36909645842044464,0.1314466413063209,0.7787617386183007,0.6785449600307023
1,0.42857142857142855,0.3480314960629921,0.27305065514355276,0.20554348565859265,0.00552087158077687,0.5022610070083448,0.7142857017078282,0.013357619914996965,0.0,0.09576310718281715,0.11907705917550084,0.3788064852862091,0.6944319355564096
1,0.2857142857142857,0.20314960629921258,0.0,0.18969839033705535,0.6440933361901913,0.506802389985415,0.47619045313101843,0.5470552519732848,0.023622047244094488,0.4765303626528545,0.11964679966078061,0.46773988482432777,0.26580569449820135
1,0.42857142857142855,0.0478740157480315,0.2715206410719731,0.5300693235479962,0.014721353313719179,0.9754899403502617,0.5476190277040613,0.006071645415907711,0.0,0.05833059122182759,0.18329743486129102,0.2933450029625498,0.7680869988145007
1,0.0,0.25354330708661416,0.22865138163685558,0.25699249890660003,0.1388924311199921,0.15667187982142816,0.3333332819736318,0.1973284760170006,0.0,0.4287692602000763,0.3014693615603735,0.9335813291869076,0.9839493977246774
1,0.0,0.29133858267716534,0.14990487759658538,0.10821705946598098,0.06953931593355854,0.4378866854769426,0.47619045313101843,0.1493624772313297,0.007874015748031496,0.28662532702881816,0.2290430286308343,0.6307443558117007,0.1493516402119604
1,0.0,0.2062992125984252,0.07777144377255668,0.1706176937232681,0.1506530028313727,0.8329122480647689,0.7380952221632491,0.2665452337583485,0.05511811023622047,0.49164421743635844,0.14618584571965673,0.8025351683548547,0.6700384271206509
1,0.2857142857142857,0.305511811023622,0.038926235217911116,0.18472838276714457,0.1473324404079266,0.43635798056666136,0.42857140341565636,0.5719489981785064,0.023622047244094488,0.13053324496875562,0.2177049656677707,0.4549686255423392,0.18387663985765654
1,0.0,0.1289763779527559,0.023219369772273367,0.25520994890641996,0.2513093722243565,0.17487709034926285,0.5714285525617423,0.3582270795385549,1.0,0.3382422293986305,0.1598273273817643,0.7401879588856286,0.4522826853627446
1,0.0,0.11999999999999998,0.0,0.4716251857168504,0.6400244767907041,0.13985251008406904,0.4523809172676871,0.3363691560412872,1.0,0.3439134627620982,0.20433565302729362,0.4227772289055188,0.2741885190649259
1,0.0,0.37165354330708655,0.5496048614980675,0.15338514162823416,0.0,0.0,0.5714285525617423,0.01153612629022465,0.0,0.0,0.32485988915370123,0.4244916211771584,0.8283248723734276
1,0.0,0.012803149606299212,0.1004893072016834,0.38247048104479553,0.0471142982276469,0.8206654320110642,0.6904761878557976,0.5063752276867031,0.49606299212598426,0.5613725459410414,0.1444246743044611,0.7916131875653116,0.17200208566031508
1,0.0,0.0,0.06893005766219511,0.722500834623896,0.038266274257728224,0.47835324432861304,0.5714285525617423,0.5561627200971463,0.0,0.3128311605783803,0.12242037147373601,0.5269093449884923,0.380395626454639
1,0.0,0.0,0.1905223854595542,0.6164064782359852,0.04984523255546882,0.7520040491671902,0.38095235370029445,0.071645415907711,0.05511811023622047,0.23672409675590717,0.2852270663392288,0.8566435429169924,0.7228800863199367
1,0.0,0.0,0.020284758747306425,0.6278398777136177,0.123327172840217,0.837926061629923,0.4523809172676871,0.42987249544626593,0.11811023622047244,0.11159054793750796,0.17434810725384775,0.8040844506163844,0.5113393082771874
1,0.0,0.39370078740157477,0.17570385237786298,0.11249609703135513,0.022318287477303238,0.5807934003458664,0.4047618829602356,0.022465088038858532,0.11811023622047244,0.210311303338958,0.24956089266945386,0.7719509507012738,0.7607701933519022
1,0.0,0.20472440944881887,0.0029598279671183324,0.005764277187269128,0.2669468621286045,0.5572013406206503,0.3571428310437435,0.2956891317547055,0.11811023622047244,0.6791606825006735,0.12748048209434673,0.8188998738578074,0.3462245944636838
1,0.0,0.4913385826771653,0.06832748225538963,0.1329777958763039,0.03139345446033231,0.5004746782754632,0.6666666519924662,0.381906496660595,0.007874015748031496,0.4098942847840494,0.1250203020144926,0.6979465107261369,0.4259859512681027
1,0.42857142857142855,0.7937007874015748,0.6030096598736686,0.0565977374441001,0.005622035970609603,0.326233924872853,0.5476190277040613,0.0024286581663630845,0.023622047244094488,0.021457775890022457,0.25591701206885686,0.6628119663201553,0.9100818030844579
1,0.42857142857142855,0.28976377952755905,0.026814265448537006,0.08731677849015447,0.0535324040994023,0.4378866854769426,0.5714285525617423,0.23193685488767457,0.0,0.07299787296985963,0.2361730765233304,0.5891156080193127,0.4036464170209476
1,0.0,0.23464566929133857,0.27944197654194175,0.002882138593634564,0.007174927013258904,0.9583410846173824,0.4523809172676871,0.01639344262295082,0.007874015748031496,0.1241227136905047,0.31282182626674804,0.9624928958635398,0.8146725328995981
1,0.0,0.25984251968503935,0.39587158214860024,0.2166027404479878,0.0023101489719244495,0.8031595824740322,0.4523809172676871,0.4098360655737705,0.49606299212598426,0.04550137463661169,0.4003729634505038,0.5041820139358414,0.21248354728447807
1,0.0,0.059527559055118105,0.18692219227734008,0.4986100028607552,0.1077260937156363,0.7008484881111212,0.6666666519924662,0.28051001821493626,0.007874015748031496,0.19547322288862923,0.0865947474900644,0.7823222092164593,0.7228800863199367
1,0.0,0.3669291338582677,0.32125420805846533,0.27338195290048156,0.011958210902185025,0.7683931033181416,0.5952380774194233,0.29022465088038857,0.023622047244094488,0.1392568326918087,0.17221331656192596,0.5536918737398187,0.16854520058036349
1,0.0,0.1811023622047244,0.037469488476589374,0.25608124696317286,0.12773554368554177,0.6893625558591937,0.6190476022771042,0.6114146933819065,0.11811023622047244,0.440920828864146,0.2698006230403802,0.9437025882663735,0.2946222194061304
1,0.0,0.07070866141732284,0.04562406425775532,0.4140859963096448,0.2898342896570732,0.7779778805362483,0.30952376812160115,0.4729811778992107,0.11811023622047244,0.42351843343486445,0.0835064109930038,0.7075388457629169,0.6056892429910313
1,0.0,0.05905511811023621,0.20349069528557573,0.5457980928678093,0.10436951380243066,0.2673799790437838,0.30952376812160115,0.15482695810564662,0.0,0.5687010489712743,0.13735472862396297,0.8073458371082151,0.6571601257179162
1,0.0,0.47401574803149604,0.2637658858419258,0.2947801171260273,0.030498331349579036,0.9941817640960523,0.5238095028463804,0.042501517911353974,0.49606299212598426,0.10064218502352623,0.21994123509924882,0.765687715812156,0.7228303462332852
1,0.42857142857142855,0.705511811023622,0.49396019469796715,0.030550260283220446,0.0071042056220320384,0.9505915580191936,0.5476190277040613,0.0036429872495446266,1.0,0.015173769437865763,0.2089558610312165,0.5762443860664096,0.9360593325673033
1,0.0,0.31968503937007875,0.1023903755786756,0.19007025059191468,0.07628413874386979,0.14943878021058332,0.47619045313101843,0.06071645415907711,0.0,0.1968310432363912,0.10275240968168861,0.6647171936072248,0.7367931282389194
1,0.0,0.34330708661417325,0.12577918860926862,0.0883147535911577,0.0695000136864888,0.4226042149965702,0.4047618829602356,0.1706132361870067,0.007874015748031496,0.43836219505543994,0.198846771517222,0.8967076569272476,0.8142338787228892
1,0.2857142857142857,0.6866141732283465,0.23091675845534593,0.037606923330813814,0.0023916418658050786,0.03576502953627712,0.7142857017078282,0.2756527018822101,0.49606299212598426,0.18482809398597513,0.07764890638060624,0.6123259786099672,0.08782955138017992
1,1.0,0.30236220472440944,0.07204226611180611,0.005362826600510993,0.026308066501862463,0.9850052612534215,0.16666664098681588,0.08378870673952642,0.49606299212598426,0.5501516975749873,0.3782610748118564,0.33029664641471806,0.1875225820961302
1,0.42857142857142855,0.44566929133858263,0.5634962547421325,0.2342303288958452,0.018541197275161667,0.6271325280877674,0.49999998018982944,0.0012143290831815423,1.0,0.020356855994936113,0.27778940336225383,0.24807981232371842,0.8774882918998513
1,0.42857142857142855,0.3228346456692913,0.17007338940432687,0.14900038503603244,0.0739077049268528,0.6415466697597805,0.5476190277040613,0.4183363691560413,0.023622047244094488,0.07485704316367224,0.30176098546863644,0.8191601385600732,0.16544872226510038
1,0.0,0.30866141732283464,0.002356654524535489,0.0,0.357449138962539,0.041724410495423594,0.49999998018982944,0.11050394656952034,1.0,0.07902342129575304,0.3574189949450838,0.4970301532619755,0.7415087574289575
1,0.0,0.5826771653543307,0.8413370264130137,0.0809135088877729,0.027479024276055537,0.7300075144906463,0.8809523647059447,0.09289617486338798,0.11811023622047244,0.37018786287183775,0.040780654289519824,0.6671441716181892,0.9369509047718705
1,0.0,0.4015748031496063,0.0,0.024364626089442485,0.6636654713799788,0.42979695335687945,0.5714285525617423,0.3321190042501518,0.11811023622047244,0.2678827745265416,0.07163507335120058,0.8296910343378423,0.45869190235362806
1,0.0,0.49921259842519683,0.23314521422600334,0.05227248986744788,0.02020314524951413,0.23189637661694745,0.6666666519924662,0.4474802671523983,0.0,0.11097707451546847,0.10259487922044057,0.8523576395365876,0.15958173538720155
1,0.2857142857142857,0.06409448818897637,0.26941032375314694,0.42842118543703106,0.0023101489719244495,0.22113378346279272,0.47619045313101843,0.007285974499089253,0.023622047244094488,0.024464825499240582,0.4191073356505526,0.606605921642685,0.7680869988145007
1,0.42857142857142855,0.2141732283464567,0.4387525339906344,0.20625811518890366,0.027507234961144527,0.6816703591637937,0.5476190277040613,0.40255009107468126,0.023622047244094488,0.10064218502352623,0.12825330539036606,0.6816237320347401,0.13186479038746032
1,0.0,0.12362204724409448,0.16322095864257705,0.509494948748121,0.07285557891173221,0.027785866985745776,0.42857140341565636,0.08014571948998178,0.11811023622047244,0.635476305181723,0.0570218557073751,0.788826662409673,0.6498927750649461
1,0.0,0.0,0.25498644596353187,0.7264981190866588,0.019133137128864112,0.17472619837811318,0.42857140341565636,0.031572556162720096,0.0,0.402360722496112,0.24844867132774837,0.6920670020131363,0.7703262196756765
1,0.0,0.014929133858267716,0.1826558688761734,0.5764565158580436,0.09177692942522725,0.6021533677571743,0.8809523647059447,0.1572556162720097,0.11811023622047244,0.6276642829164938,0.06264930272478568,0.8098638729805601,0.7228800863199367
1,0.2857142857142857,0.0,0.01693161932015425,0.7051828769490435,0.09339088108580737,0.35631494706557476,0.5238095028463804,0.19914996964177292,0.0,0.20336539097193873,0.12724042075677508,0.3520491868285623,0.12807296970558726
1,0.0,0.22834645669291337,0.0,0.1851906250645755,0.6851125139499931,0.469116830905091,0.42857140341565636,0.9131754705525197,0.0,0.48163343767405037,0.13598243845951644,0.8953293748363007,0.221610598473395
1,1.0,0.5700787401574803,0.07346546537305454,0.005362826600510993,0.06524774747138187,0.6745913093861206,0.5476190277040613,0.12689738919247115,0.023622047244094488,0.09211707673009192,0.21429563208661195,0.11120936496556669,0.35780407033460165
1,0.2857142857142857,0.21259842519685038,0.06159043692089524,0.41098413389926614,0.2064254839904264,0.048254629126032546,0.5238095028463804,0.25258044930176077,0.0,0.08488612455769508,0.1774804636364162,0.372233622748919,0.07809964871089276
1,0.0,0.15464566929133858,0.0063658734056300055,0.40071776707158957,0.27720824417451123,0.29395150101118184,0.6428571249336552,0.6618093503339405,0.007874015748031496,0.4273746465279166,0.043454891103428345,0.9274981538752943,0.2946222194061304
1,0.2857142857142857,0.1732283464566929,0.16282511439993347,0.432703208880057,0.10762390126598449,0.1935494702117599,0.49999998018982944,0.3381906496660595,1.0,0.5198422617916304,0.12270134219371118,0.8911069491433032,0.8600356549411797
1,0.42857142857142855,0.12614173228346456,0.0006290724100142445,0.33078867360869,0.4756530736235561,0.35482907586194645,0.5714285525617423,0.273224043715847,0.0,0.0479600384418967,0.28089987798214133,0.2867197628302923,0.1677124361963929
1,0.0,0.06393700787401574,0.02885741977635522,0.43012550544273365,0.013225767756960681,0.4417638074603241,0.4047618829602356,0.663023679417122,0.007874015748031496,0.3511062994468399,0.15882384262019195,0.8862269898407564,0.33580896733884763
1,0.0,0.1748031496062992,0.04167421152231705,0.2234187218509939,0.10840197815384682,0.906801169019431,0.6190476022771042,0.21979356405585915,0.2440944881889764,0.1443543112438416,0.16122793679700154,0.6274398211889511,0.18215099914558514
1,0.0,0.04,0.12466476680419497,0.2780985021131483,0.14165188683193025,0.271137252116156,0.5476190277040613,0.2034001214329083,0.0,0.3204887789657047,0.04956095510739163,0.9476068679951344,0.8594062115668808
1,0.0,0.2110236220472441,0.1702631446432754,0.21359886221947202,0.022800276844631925,0.060416324426201484,0.3571428310437435,0.07953855494839102,0.49606299212598426,0.29162248437781474,0.229289282490154,0.7732995810132517,0.6722123195435615
1,0.0,0.305511811023622,0.007776168420506511,0.137438327408025,0.33492030530623595,0.1573745318705421,0.5952380774194233,0.3570127504553734,0.49606299212598426,0.2516838368847189,0.3878771438869196,0.8356758084121572,0.5405460513987077
1,0.0,0.124251968503937,0.33057202637105076,0.3835770283446048,0.03615340288586696,0.38687028679380986,0.5714285525617423,0.1493624772313297,0.0,0.43481553343502966,0.13406684138928496,0.8679524964277955,0.9354858238664409
1,0.0,0.20157480314960627,0.05422374180418862,0.3238029332124574,0.07674669880317161,0.3715035974097761,0.5238095028463804,0.21979356405585915,0.0,0.35561076505324185,0.054729893458409624,0.7808889986736472,0.45223039815981647
1,0.42857142857142855,0.5889763779527558,0.6470992530847227,0.02413202432457078,0.007174927013258904,0.8571041628280236,0.5238095028463804,0.00546448087431694,0.023622047244094488,0.054673884300798746,0.2820170385293257,0.5954293498750065,0.6495418028189466
1,0.0,0.2629921259842519,0.05221629668474804,0.020117649266867505,0.11644383647068558,0.7271056945853489,0.7380952221632491,0.2434729811778992,0.11811023622047244,0.2720183979017269,0.04779440012913077,0.59654557393399,0.4368932125882032
1,0.0,0.03385826771653543,0.00932151868280045,0.5706520265767756,0.30655821146852247,0.5022610070083448,0.5952380774194233,0.4936247723132969,0.2440944881889764,0.0575382001887388,0.16019851978244198,0.5675368427991613,0.5232909484015271
1,0.0,0.27401574803149603,0.0007864492188404031,0.3050816225202286,0.4651307987843881,0.10095244226495849,0.8571428288426135,0.4335154826958106,1.0,0.3912059409753268,0.048475400917758385,0.8208129392324358,0.3744849921922226
1,0.2857142857142857,0.41417322834645665,0.07865601663666104,0.09815255692552045,0.1723687332006216,0.48163941877579286,0.5238095028463804,0.23375834851244687,0.05511811023622047,0.22003668176687285,0.14141004419781084,0.8562639135716502,0.763327620355294
1,0.0,0.0,0.8367125491379916,0.6483952376862879,0.004450154594396972,0.19581844124822684,0.5714285525617423,0.4602307225258045,1.0,0.2570435975070612,0.1417817948939175,0.5264734576537503,0.10375917582082425
1,0.0,0.49291338582677163,0.0705511949398264,0.018335558049158353,0.0033822928927479544,0.17880199927630014,0.5714285525617423,0.08136004857316333,1.0,0.04290145628019283,0.17694130976499586,0.551779859627427,0.6323629910484859
1,0.0,0.01779527559055118,0.019585032727294924,0.5342905298766918,0.1226553707512498,0.7022554571629634,0.5714285525617423,0.31633272616879177,0.11811023622047244,0.3338182917981255,0.058544606489933246,0.8712078845409816,0.7995677258401411
1,0.0,0.3275590551181102,0.04063547563999238,0.32014185857328886,0.15545674802104384,0.32137542373069483,0.6190476022771042,0.5822707953855495,0.0,0.4659983406851119,0.2444235891604477,0.855919285074893,0.1893874176184909
1,0.7142857142857143,0.39999999999999997,0.16413289008577991,0.0040759595899849685,0.009156227965932913,0.6271325280877674,0.5476190277040613,0.012750455373406194,0.49606299212598426,0.0948047784632827,0.13167280792398137,0.38748790159492874,0.7305587453092688
1,0.0,0.06913385826771654,0.05262109556899105,0.4195444365895324,0.16211096942186698,0.609538963244484,0.5238095028463804,0.4972677595628415,0.05511811023622047,0.06139732823859758,0.21805728996170556,0.8006430200067881,0.4278412503871235
1,0.0,0.2992125984251969,0.21146107019793037,0.0020379797949924843,0.044890711027251215,0.7769024037490314,0.5476190277040613,0.2647237401335762,0.05511811023622047,0.2720183979017269,0.07073128420194706,0.3518453501728229,0.1011715094529955
1,0.0,0.11795275590551181,0.06690210854978804,0.3195405122931901,0.03689669564112076,0.32897488250977325,0.6666666519924662,0.08743169398907104,0.0,0.24539707454852253,0.07437643493603878,0.810463138834669,0.6439982793312589
1,0.42857142857142855,0.7039370078740157,0.6442799143141764,0.023574220671714413,0.0023101489719244495,0.2525179648494993,0.5476190277040613,0.0036429872495446266,0.023622047244094488,0.019192837924269793,0.32485988915370123,0.3312204570189425,0.8958143655951997
1,0.0,0.0,0.14106819642429794,0.6712094377999978,0.050734393391219317,0.7145544417632524,0.5476190277040613,0.10018214936247723,0.11811023622047244,0.4675523783237944,0.12611366664323953,0.8634048596699414,0.7699041115663011
1,0.0,0.3480314960629921,0.003142527134140836,0.17725420018195842,0.21601513473954925,0.25942628750863,0.5476190277040613,0.2568306010928962,0.0,0.11015366842459288,0.09153837375724178,0.8241785243636054,0.4525812073903743
1,0.0,0.1622047244094488,0.00655006982382423,0.20779994657648748,0.1997491596967829,0.24722022119463752,0.5714285525617423,0.5112325440194293,0.0,0.5361953140881454,0.32021555481159714,0.8077286820792224,0.4036464170209476
1,0.0,0.0,0.2118993097474364,0.753812747744904,0.032176181608064895,0.027310272985794613,0.30952376812160115,0.029143897996357013,0.49606299212598426,0.21610184127760632,0.21633042523093185,0.7759506943169661,0.7703262196756765
1,0.0,0.13700787401574802,0.07688975109351662,0.3647615724560654,0.016318499696537505,0.8903172957601401,0.42857140341565636,0.08743169398907104,0.49606299212598426,0.387376749593848,0.17469381745601673,0.7613057301552687,0.6439982793312589
1,1.0,0.1274015748031496,0.41251310706735106,0.44918097849959554,0.05171865015352465,0.15390365579414958,0.5476190277040613,0.0024286581663630845,0.11811023622047244,0.04126265558142955,0.2275077731700453,0.20913010739911445,0.8774882918998513
1,0.0,0.1500787401574803,0.009811805656047664,0.2684971518518792,0.05450490778610189,0.7553863191871474,0.6428571249336552,0.2938676381299332,0.11811023622047244,0.22291341979179236,0.12189718029407093,0.6943326731097292,0.4503619559208079
1,0.42857142857142855,0.5181102362204724,0.42128138861288,0.14033683733185007,0.00478328436087401,0.8257200369397709,0.5714285525617423,0.10321797207043108,1.0,0.06431700764706173,0.18157057582740943,0.47422340553124104,0.16571229785741365
1,0.2857142857142857,0.46929133858267713,0.1923968073561834,0.08343377257015437,0.0023101489719244495,0.3108954287033563,0.47619045313101843,0.4444444444444444,0.0,0.1331103973265859,0.14087528263022467,0.5001679236825667,0.19781119981494488
1,0.0,0.21732283464566926,0.07240831665199658,0.3000944295656107,0.22766550661875454,0.7452901237171531,0.6666666519924662,0.8087431693989071,0.11811023622047244,0.33201605932546535,0.16094449932273294,0.8675412673763986,0.18822434319575734
1,0.42857142857142855,0.23149606299212597,0.02611978161966349,0.02001636450532728,0.23128549638063162,0.08531466513342938,0.6190476022771042,0.08318154219793564,0.0,0.0772656548261438,0.2814415954550213,0.3708575668603556,0.2062092663254692
1,0.42857142857142855,0.04771653543307087,0.40389449977479874,0.3865783093335123,0.008925577593424444,0.4378866854769426,0.5952380774194233,0.015179113539769277,0.49606299212598426,0.03653367219275818,0.1996863680859264,0.5491042271780168,0.7988533106668513
1,0.42857142857142855,0.23149606299212597,0.25385108718402843,0.03753968041819728,0.012434956141882638,0.03415910962720579,0.5238095028463804,0.26958105646630237,1.0,0.048908760819014026,0.18866935917588232,0.5035606715747627,0.4030425670709969
1,0.0,0.384251968503937,0.027009398304543776,0.14693343729874947,0.14034627445909267,0.5897676113243484,0.5952380774194233,0.25440194292653306,0.023622047244094488,0.46921766360530776,0.07707671623170947,0.8529251665469928,0.6364313674272183
1,0.42857142857142855,0.8551181102362204,0.663298545614629,0.04647611269441618,0.006764585628179946,0.5534165680644136,0.5238095028463804,0.0030358227079538553,0.05511811023622047,0.04550137463661169,0.17358633592856546,0.4611756952004901,0.9360593325673033
1,0.0,0.10377952755905512,0.05302701728034742,0.3377398726139283,0.050569869210654574,0.919953747588592,0.5952380774194233,0.49666059502125076,0.11811023622047244,0.12629683556751378,0.11419674816748412,0.8108280968879145,0.4944971030169257
1,0.0,0.07732283464566929,0.02825821221508739,0.2870120767850193,0.025675061675723348,0.8284609390782373,0.3571428310437435,0.2434729811778992,0.49606299212598426,0.24539707454852253,0.18843149114178165,0.8507735110238606,0.6094529435092095
1,0.0,0.24409448818897636,0.06345598301542787,0.0662891901181289,0.21241361387174407,0.37217851410659697,0.5952380774194233,0.20886460230722526,0.007874015748031496,0.3984239194207603,0.25194360071319805,0.8638328779976473,0.7993759177960401
1,0.5714285714285714,0.3228346456692913,0.2899922915311878,0.21760376777947957,0.0,0.22113378346279272,0.5476190277040613,0.009107468123861567,0.49606299212598426,0.024464825499240582,0.15416066295891354,0.3702837786557467,0.9047328589033801
1,0.7142857142857143,0.26141732283464564,0.15288777654545135,0.16144538090414648,0.02952318160837953,0.146940361916517,0.8095238231498527,0.15846994535519127,0.0,0.5235532021967743,0.02165615321934496,0.5316756442915703,0.8112318067253059
1,0.0,0.4661417322834645,0.01800056090491473,0.07461437437521695,0.23487320490687366,0.5376621942312687,0.49999998018982944,0.39344262295081966,0.023622047244094488,0.4912377761875092,0.1367404612297755,0.38095404397856625,0.05144040902775032
1,0.42857142857142855,0.6456692913385826,0.7963290165738437,0.18749413962267228,0.008846718247424659,0.7008484881111212,0.5476190277040613,0.0036429872495446266,0.0,0.015173769437865763,0.3278610119291053,0.3499254670533951,0.902518192243112
1,0.0,0.4236220472440944,0.1240574101630223,0.2691653817913787,0.012666305783847236,0.9669806399193718,0.5714285525617423,0.2926533090467517,0.2440944881889764,0.08831810917432556,0.13572660242762985,0.48470152176083464,0.3604754451317481
1,0.0,0.46771653543307085,0.02897422685787196,0.14531408683993857,0.15994079571043418,0.6379561140426627,0.5714285525617423,0.2817243472981178,0.05511811023622047,0.2931457197443597,0.05334941116307654,0.7317651840066035,0.22794586758453325
1,0.2857142857142857,0.10362204724409448,0.33761211422368903,0.517979561809658,0.010205551397170264,0.26087822418267426,0.5476190277040613,0.03217972070431087,0.007874015748031496,0.0911197400627036,0.13394067231922635,0.7449362012138184,0.7988533106668513
1,0.42857142857142855,0.1763779527559055,0.11930015190591955,0.2824216548359559,0.002391642180437005,0.014980987617184985,0.6428571249336552,0.4353369763205829,0.2440944881889764,0.0625083110356009,0.15547052657937208,0.38179004481252643,0.13100893894155763
1,0.0,0.5464566929133857,0.12226985795410472,0.12128984795910996,0.11807724811590536,0.21184661670325863,0.49999998018982944,0.5306618093503339,0.007874015748031496,0.3147664357288177,0.08496994827873668,0.8749783602306507,0.05144040902775032
1,0.2857142857142857,0.28818897637795277,0.04587796179030778,0.07964961341889437,0.13076350628335687,0.18551594137587327,0.5714285525617423,0.22404371584699453,0.05511811023622047,0.1516673222392818,0.1025425703568799,0.45201281624712186,0.3951405361726629
1,0.0,0.18582677165354328,0.04556856506255406,0.32537341954652194,0.1609728356233818,0.3310503859362478,0.7619047514231901,0.5919854280510018,0.0,0.5848936237024207,0.06270087668926125,0.6983802336974504,0.23208134519445914
1,0.2857142857142857,0.0,0.07781167735111477,0.976934806062981,0.0892106813134121,0.9791866923587508,0.5476190277040613,0.5270188221007893,0.49606299212598426,0.5090166162867374,0.06663517318353832,0.7083104877043596,0.4083055002296429
1,0.0,0.027086614173228347,0.012153928915761008,0.9990115323125992,0.27503158904539726,0.7943358555530643,0.38095235370029445,0.575591985428051,0.11811023622047244,0.2164072816488698,0.19499260181078862,0.7707498526764195,0.5775698332426407
1,0.0,0.16062992125984252,0.05160120868587519,0.22526452506250907,0.037293405597994156,0.9349394400871992,0.5952380774194233,0.461445051608986,1.0,0.24352920906541234,0.11672533652806537,0.8343296980375995,0.4944971030169257
1,0.0,0.3811023622047244,0.3105416998661509,0.13842635906249887,0.03400030896855159,0.7664181908392033,0.6666666519924662,0.035215543412264724,0.11811023622047244,0.2607134268984198,0.07323308577572125,0.7611450261707097,0.6687228925060589
1,0.0,0.1552755905511811,0.014689824414254283,0.06411154215177699,0.3328453392156918,0.23105782272905878,0.0,0.374013357619915,0.0,0.3787752719111374,0.12729294610223676,0.8748492714118851,0.6432018877677196
1,0.42857142857142855,0.03228346456692913,0.6658779325433954,0.4902189757359051,0.021355810323513986,0.377389485928922,0.5714285525617423,0.4602307225258045,0.023622047244094488,0.00678621363844454,0.3081171219587158,0.29844173872219015,0.1257728218230728
1,0.42857142857142855,0.1905511811023622,0.13263235690185168,0.1141268696570563,0.007602172785156421,0.7008484881111212,0.5714285525617423,0.013964784456587736,0.05511811023622047,0.030342553907075062,0.24844371503159307,0.4301189351715334,0.7933603015891632
1,0.2857142857142857,0.6015748031496063,0.11723694754807874,0.04312517784929982,0.027058343299299598,0.26185963109067784,0.6904761878557976,0.23800850030358228,0.007874015748031496,0.3189224906580902,0.16335638684797982,0.4258082189103958,0.2985196333403705
1,0.2857142857142857,0.0,0.00253216728013125,0.6413616853317197,0.4126319055021887,0.035212015193256715,0.47619045313101843,0.5221615057680632,0.05511811023622047,0.2789344066544477,0.15281056788621528,0.49405345785967403,0.12807296970558726
1,0.2857142857142857,0.0,0.09849941086545683,0.6156615254592991,0.01559503111237803,0.6117940319182708,0.4047618829602356,0.474802671523983,0.05511811023622047,0.20915339820747714,0.11672533652806537,0.6803994598614629,0.20527490256745345
1,0.0,0.12141732283464567,0.0623289850380426,0.26844922614582345,0.19812104173372258,0.37161051518104704,0.4523809172676871,0.4632665452337584,0.007874015748031496,0.3617884902383034,0.15645238593840946,0.7853572651326339,0.6094529435092095
1,0.0,0.11795275590551181,0.04267565759139215,0.3703092573013239,0.17560467536749796,0.1299505037039668,0.28571427628087115,0.3800850030358227,0.0,0.44593447193625846,0.14287319979177085,0.9021550041025509,0.49994628131772423
1,0.5714285714285714,0.4913385826771653,0.6777515431561081,0.0327580476038,0.0,0.3511322794546944,0.5238095028463804,0.00546448087431694,0.0,0.04126265558142955,0.22869976809228235,0.5042901238890902,0.9369509047718705
1,0.0,0.23622047244094485,0.010766550764120092,0.1938959087030466,0.22606429755118826,0.04628438684198258,0.28571427628087115,0.18882817243472982,1.0,0.5297361747172636,0.13185910769049858,0.7396753757868272,0.7415087574289575
1,0.0,0.2677165354330709,0.352894166359998,0.25741692956608464,0.03392430333412306,0.5228825952408965,0.42857140341565636,0.09957498482088646,0.023622047244094488,0.32545294420966864,0.20134015878131648,0.7843488109126463,1.0
1,0.0,0.11622047244094488,0.3461248349774761,0.44754442369812414,0.004761578612202622,0.5957483189518339,0.5714285525617423,0.44990892531876137,0.05511811023622047,0.06912812836221983,0.2863295858736326,0.6529162802891454,0.1117221133635668
1,0.0,0.0,0.29278734264843254,0.8723618823048548,0.02391642180437005,0.4900549268197388,0.5238095028463804,0.022465088038858532,0.007874015748031496,0.0625083110356009,0.30176098546863644,0.7263874674947397,0.7699041115663011
1,0.0,0.157007874015748,0.18957316420310175,0.2578532847782232,0.010205551397170264,0.06243973977884976,0.5238095028463804,0.026108075288403157,0.49606299212598426,0.16904057636401798,0.19668522821984594,0.7753723145699412,0.7870218536769116
1,0.42857142857142855,0.768503937007874,0.7444526236896429,0.018793743344573503,0.0023101489719244495,0.12764644377007656,0.5476190277040613,0.006071645415907711,0.2440944881889764,0.00678621363844454,0.3121709164623644,0.44804277078961513,0.9702820608302105
1,0.0,0.384251968503937,0.0,0.18943444823161157,0.541506401029224,0.5022610070083448,0.5714285525617423,0.43776563448694594,0.023622047244094488,0.3712208855518957,0.11470839744368874,0.7212993737290742,0.37136349100665716
1,0.2857142857142857,0.16692913385826771,0.055674511366748905,0.42586052519976464,0.05242553999490926,0.5534165680644136,0.47619045313101843,0.3302975106253795,0.007874015748031496,0.0908686715895212,0.13039398097186072,0.41915051332671227,0.23208134519445914
1,0.2857142857142857,0.14740157480314958,0.10177114214787798,0.022268415803274075,0.0016911464463739772,0.350244054450643,0.5714285525617423,0.366120218579235,0.0,0.19784282866912697,0.1677411536938505,0.3428573208649922,0.12654516860896
1,0.0,0.26614173228346455,0.036470108765452224,0.2284630066821098,0.17924742874924054,0.226860696660991,0.5476190277040613,0.21918639951426835,0.0,0.40192040081379143,0.08674443902773812,0.5198945039793832,0.3161472266218562
1,0.0,0.12204724409448818,0.021049153505344174,0.3777453723161936,0.1580338037395263,0.35260778909699575,0.42857140341565636,0.2756527018822101,0.007874015748031496,0.4567606545699746,0.12883198999629386,0.8652046824580477,0.7360277096093049
1,0.0,0.4283464566929134,0.06658608930379378,0.02049208401179109,0.28737004521575416,0.37668287961497393,0.7142857017078282,0.09836065573770492,0.0,0.2506723303457952,0.07123177326646409,0.4991532855670693,0.290453119861352
1,0.0,0.2960629921259842,0.14474246059105722,0.30497441529406344,0.09931392148737837,0.377389485928922,0.6190476022771042,0.39829993928354585,0.0,0.16185452402949085,0.11304025627701692,0.9218400440812807,0.46609103061428975
1,0.0,0.45669291338582674,0.0,0.03359650953746196,0.6640593905516662,0.1474178095648255,0.3571428310437435,0.3193685488767456,1.0,0.10911546245138984,0.3767171031061047,0.7614893145532138,0.45869190235362806
1,0.0,0.06929133858267716,0.26536906170055785,0.4800313981623297,0.061568064167293574,0.23612888294932105,0.5476190277040613,0.4681238615664845,0.0,0.27476201061366556,0.13272546256154938,0.700658798216181,0.10702135933258461
1,0.0,0.4440944881889764,0.1385544878878363,0.09159786730608052,0.027473659801712666,0.4511054459522758,0.5476190277040613,0.3800850030358227,0.007874015748031496,0.1359701641465684,0.1370118383833996,0.8313728220204067,0.39316024496371177
1,0.0,0.37007874015748027,0.14822993235824974,0.12411216586844204,0.022030987626470235,0.9200575851956764,0.7142857017078282,0.11050394656952034,0.2440944881889764,0.5202152151242254,0.07045462033242404,0.8403750588281711,0.7607701933519022
1,0.0,0.0615748031496063,0.07330554198470564,0.441190684592549,0.12527164533934154,0.377389485928922,0.3333332819736318,0.41894353369763204,0.0,0.2147727573218922,0.3875453739797989,0.9016694137076495,0.450002649510351
1,0.42857142857142855,0.24566929133858265,0.13632139711737346,0.39373233000261054,0.048088952423562537,0.3130151921467468,0.5476190277040613,0.1135397692774742,0.023622047244094488,0.05165002255941058,0.1568435345522273,0.3110717578307365,0.25203009497350953
1,0.0,0.0,0.17898747316595792,0.6792464346251094,0.009561224147874489,0.24770153153533142,0.47619045313101843,0.033394049787492414,0.0,0.15749148031051002,0.2604939521770334,0.8114723969610731,0.6498927750649461
1,0.0,0.33385826771653543,0.0,0.03170352756325274,0.5466378904306902,0.03415910962720579,0.47619045313101843,0.3254401942926533,0.49606299212598426,0.21772551973411294,0.1403558798838277,0.6026336499827949,0.45869190235362806
1,0.0,0.0,0.23808480154952683,0.9150529182830691,0.029576505427243414,0.5534165680644136,0.49999998018982944,0.037037037037037035,0.023622047244094488,0.1059384260307502,0.16480453113117066,0.7953311929015806,0.8086880322651572
1,0.0,0.2062992125984252,0.016434952705199516,0.4976548063814746,0.2745935348802527,0.1175652883810657,0.5476190277040613,0.6745598057073466,1.0,0.4110370263556718,0.04587254787133779,0.8417283734409975,0.34421948415373244
1,0.2857142857142857,0.552755905511811,0.5910816245718824,0.26879121814518797,0.03130542831316071,0.9010049105031933,0.6428571249336552,0.04978749241044323,0.49606299212598426,0.5421521760328161,0.06643217582618073,0.6701373007228079,0.8711861760541707
1,0.0,0.03259842519685039,0.009398127154893429,0.5004286393251272,0.12514484080725743,0.9918230798089964,0.42857140341565636,0.046751669702489375,0.11811023622047244,0.1529979783297442,0.3129198299021036,0.9427145563613067,0.7229154810477177
1,0.0,0.2677165354330709,0.16402753762106634,0.0027839321297687073,0.01283843619122951,0.7322327249962816,0.6428571249336552,0.025500910746812388,0.007874015748031496,0.0772656548261438,0.1277423625287859,0.7730370901086026,0.8733258963651132
1,0.0,0.03858267716535433,0.03412424825898217,0.37057536061344903,0.0824355311317279,0.7568205379798119,0.47619045313101843,0.46387370977534914,0.11811023622047244,0.5818290971773467,0.13442328453623156,0.6874605718687234,0.5591214775890803
1,0.0,0.29133858267716534,0.03646373103115203,0.23346613379651404,0.1614897522808455,0.2795112473166498,0.7142857017078282,0.6162720097146327,0.0,0.6184286007050436,0.1185111640924105,0.8435071864441095,0.34421948415373244
1,0.0,0.4944881889763779,0.1757960691641156,0.055453326371972866,0.019478742208533635,0.9763222784113234,0.3571428310437435,0.22950819672131148,0.11811023622047244,0.14987392966752552,0.2633502827419977,0.7072258169722144,0.10563695069387066
1,0.5714285714285714,0.27244094488188975,0.5313857517689932,0.255383916565289,0.0016911464463739772,0.4344309355041368,0.6666666519924662,0.007893139040680024,0.11811023622047244,0.05793575815320236,0.1705852017593771,0.26288147948958007,0.9233459620377178
1,0.42857142857142855,0.3259842519685039,0.10757273770682335,0.026355032037993255,0.009596664681339212,0.837926061629923,0.47619045313101843,0.3145112325440194,0.2440944881889764,0.027975373469802615,0.41146598029537984,0.3548619780803785,0.43798861522569726
1,0.5714285714285714,0.03952755905511811,0.5081234952145693,0.4014125381457719,0.002391642180437005,0.043687167425515525,0.6428571249336552,0.453551912568306,0.2440944881889764,0.09407950787430854,0.13211216363902448,0.4332668935599768,0.15933293306929316
1,0.0,0.14818897637795275,0.003992621894136859,0.3034206119589424,0.41806548088186296,0.3122925190304198,0.3571428310437435,0.7091681845780207,0.0,0.37861652968504417,0.35000437589678485,0.8700907947366269,0.24942184790616498
1,0.0,0.0,0.20900643406639657,0.7542614161477401,0.019133137128864112,0.7271056945853489,0.5238095028463804,0.08925318761384335,0.11811023622047244,0.35789333530556017,0.09932146209177911,0.8378668089704702,0.8086880322651572
1,0.0,0.05606299212598424,0.12711419571372512,0.5410027828379714,0.12659339832999666,0.8511448221052561,0.49999998018982944,0.2143290831815422,0.11811023622047244,0.32824905093468676,0.13017771555272653,0.7956654942928365,0.7870218536769116
1,0.0,0.06850393700787401,0.046797868103546275,0.45403885925444815,0.22985972607515237,0.08554277487829189,0.5714285525617423,0.39162112932604737,1.0,0.7236590992101727,0.008214944660777214,0.9460512317809684,0.7063930509532985
1,0.0,0.0,0.22750094162341727,0.7181508279601754,0.04328186112335554,0.06554329656375774,0.3571428310437435,0.058287795992714025,0.2440944881889764,0.24592784046117055,0.5443686629167658,0.7375553045100108,0.8086880322651572
1,0.0,0.20157480314960627,0.05999396623482117,0.3604875397903743,0.11728475322002178,0.04027114879579455,0.6428571249336552,0.172434729811779,1.0,0.5841090231031503,0.0718789288189325,0.8430136188240006,0.7367931282389194
1,0.0,0.3763779527559055,0.05378983397672302,0.04010271893071077,0.16901599179691643,0.8198340929221711,0.5476190277040613,0.37340619307832423,0.11811023622047244,0.4914964656923425,0.03463211596688422,0.788293718834906,0.6364313674272183
1,0.0,0.27716535433070866,0.049513146995744446,0.08695890920486363,0.09339088108580737,0.7860378377358407,0.49999998018982944,0.2459016393442623,0.2440944881889764,0.33001347780170526,0.05283368860899718,0.8521694945157041,0.4368932125882032
1,0.42857142857142855,0.3511811023622047,0.11301705679928403,0.35299197263381515,0.024284077076012243,0.4559218792664436,0.6190476022771042,0.3861566484517304,0.05511811023622047,0.0999600314179044,0.20761831621188612,0.250671867879341,0.17190044553240952
1,0.0,0.3574803149606299,0.046738873902318866,0.06787176688693912,0.09648641875558668,0.5116026732495232,0.5952380774194233,0.6757741347905283,0.007874015748031496,0.16240854348842856,0.07666288829031212,0.823365218426166,0.3357238936552056
1,0.0,0.14818897637795275,0.004558638660501587,0.34427649909542124,0.37417041000000945,0.6645821354917052,0.4047618829602356,0.6721311475409836,0.023622047244094488,0.17322749554183073,0.13653383495212953,0.7843229158501993,0.2946222194061304
1,0.0,0.2094488188976378,0.10857823383745685,0.32181641459224003,0.11551655325758885,0.952507031654098,0.30952376812160115,0.2119004250151791,0.2440944881889764,0.47633697561765675,0.19138942008103707,0.8101162995952672,0.6664767638655407
1,0.0,0.5543307086614173,0.028473397644326517,0.0327842560264016,0.07858047985773603,0.8074556067867948,0.49999998018982944,0.44019429265330906,0.2440944881889764,0.32831226686543186,0.12175574924998933,0.7836307988050117,0.3707377766105872
1,0.0,0.018425196850393698,0.25446066277572527,0.5736832706109447,0.10510433666622931,0.48466744216506125,0.5714285525617423,0.13357619914996965,0.023622047244094488,0.4164545696441232,0.10764892265093016,0.7987377772599796,0.9088616325032657
1,0.2857142857142857,0.0,0.2797954064036496,1.0,0.0070455244080436285,0.42854504698499096,0.6190476022771042,0.022465088038858532,0.2440944881889764,0.021457775890022457,0.25591701206885686,0.7834640036833755,0.7699041115663011
1,0.0,0.22047244094488186,0.040553584285405106,0.10523568432808558,0.16601174458054374,0.7159449555235392,0.5714285525617423,0.2161505768063145,0.11811023622047244,0.5362276244527483,0.10796285558878403,0.8085348765368257,0.6700384271206509
1,0.0,0.07448818897637795,0.02808640567908914,0.31638179498073016,0.019642147086020682,0.7833882583031236,0.6428571249336552,0.21797207043108682,0.11811023622047244,0.17009752193551478,0.09809945024489596,0.7680797548134902,0.6094529435092095
1,0.42857142857142855,0.5622047244094488,0.546770390629391,0.1324782348477136,0.017209412245537497,0.20136240379343032,0.5714285525617423,0.0018214936247723133,0.0,0.015173769437865763,0.29875983990566385,0.4138497553944672,0.8774882918998513
1,0.0,0.26614173228346455,0.36258876755800235,0.29143111883584516,0.0033822928927479544,0.5285182412317992,0.5714285525617423,0.43412264723740135,1.0,0.05833059122182759,0.19890593374201807,0.5064649844801229,0.04936595602428203
1,0.42857142857142855,0.21732283464566926,0.2555126360649017,0.3028815141186514,0.022896280484294044,0.767850522684438,0.5714285525617423,0.26836672738312084,0.2440944881889764,0.09623864385714687,0.130813910284732,0.7876009215612123,0.45056986173977764
1,0.0,0.08645669291338583,0.0,0.5081870869417427,0.5607624255226901,0.7364663412977314,0.47619045313101843,0.3649058894960534,0.11811023622047244,0.24245466219555123,0.29333302603537587,0.653285675287419,0.2825782106571324
1,0.2857142857142857,0.07354330708661416,0.17861903200858384,0.4784631488667599,0.0,0.7880631428108412,0.6190476022771042,0.22404371584699453,0.49606299212598426,0.1275474511997805,0.22698956107410406,0.6045563467746795,0.1192530803627106
1,0.0,0.5700787401574803,0.6612615617495147,0.042257240089777284,0.002391642180437005,0.6660820089552304,0.5238095028463804,0.009714632665452338,0.05511811023622047,0.027975373469802615,0.26390124057391656,0.7698785417990988,0.5946873919608792
1,0.0,0.12488188976377952,0.055943093392512126,0.2405664276258329,0.12133451446158454,0.5100739405900151,0.47619045313101843,0.20218579234972678,0.007874015748031496,0.28729252366259056,0.1589172830449493,0.8828931744727682,0.6298389007029236
0,0.2857142857142857,0.3543307086614173,0.07411576411119015,0.02494160666000484,0.009566568564432056,0.6271325280877674,0.49999998018982944,0.1554341226472374,0.11811023622047244,0.14182935128059773,0.10857390423891661,0.35630213004590033,0.08489138143574647
0,0.2857142857142857,0.4913385826771653,0.3993754894089301,0.07226441946670897,0.00478328436087401,0.0027749226906538384,0.5476190277040613,0.3673345476624165,0.2440944881889764,0.07667067722854748,0.3699928334464227,0.7001649523207742,0.12685055766207165
0,0.0,0.3732283464566929,0.1985511206781011,0.11701341711232076,0.08034386123221818,0.16892531406575012,0.5238095028463804,0.09714632665452337,0.0,0.4294866783788295,0.10538445360339617,0.7947057382499878,0.6898524242601984
0,0.0,0.04488188976377953,0.17515856277112204,0.40945791438626183,0.06424093317312277,0.9841535819812061,0.47619045313101843,0.18822100789313903,0.2440944881889764,0.08675122795912532,0.27831257745124244,0.9105598147651205,0.14714406472340644
0,0.0,0.4078740157480315,0.10156325382327082,0.04406300031223749,0.014009149339099906,0.27150612258942464,0.49999998018982944,0.05585913782635094,0.0,0.12040935413977578,0.21470229903459875,0.6750851437383127,0.5616053234974706
0,0.0,0.2220472440944882,0.15600489338991805,0.08119616533686103,0.002391642180437005,0.2588742305139379,0.5238095028463804,0.16454159077109898,1.0,0.11965246112426847,0.10989592502718591,0.7011694333878968,0.1603354780358037
0,0.2857142857142857,0.662992125984252,0.21111331169400915,0.08860977346951969,0.08376375767426597,0.3334558276706411,0.7142857017078282,0.3242258652094718,0.0,0.44965408903777915,0.07976486884403008,0.698239766510947,0.08782955138017992
0,0.0,0.24409448818897636,0.0002448872582393003,0.21016284692343698,0.48987422431431477,0.0813073299027889,0.47619045313101843,0.5622343655130541,1.0,0.14103067170851588,0.2786730198164661,0.8838730590955007,0.4711505001247526
0,0.42857142857142855,0.47401574803149604,0.19360071199700715,0.12211318239390039,0.004503948945306588,0.8768755702466129,0.5238095028463804,0.21372191863995144,0.023622047244094488,0.027140394318664482,0.2030413533161411,0.24923875937080475,0.28020582655701065
0,0.0,0.10157480314960629,0.0,0.4711128185907757,0.5017079794117453,0.27439306890910015,0.42857140341565636,0.29143897996357016,0.007874015748031496,0.30775875354711607,0.08917928502827899,0.7892929281311066,0.18941390762776864
0,0.0,0.1795275590551181,0.003849687147050169,0.29433979022266304,0.38132598164374415,0.8478501563946428,0.5714285525617423,0.7972070431086824,0.2440944881889764,0.4287692602000763,0.2675956979094151,0.8383608558424811,0.22664378174388236
0,0.0,0.25984251968503935,0.030593408407190263,0.160606017519803,0.129270491269436,0.8226029107829055,0.4047618829602356,0.6533090467516697,0.49606299212598426,0.512675847713236,0.09367424685866874,0.621518493882566,0.16759506507836236
0,0.0,0.28031496062992123,0.6129921397015644,0.14298784169578135,0.0023101489719244495,0.5923660489318767,0.4523809172676871,0.009714632665452338,0.023622047244094488,0.0625083110356009,0.15547052657937208,0.649352300330285,0.5946873919608792
0,0.0,0.6031496062992125,0.12586224348232558,0.12552019202131784,0.008925577593424444,0.6429790016050152,0.5714285525617423,0.23193685488767457,0.05511811023622047,0.06812602364358444,0.14448514681444763,0.37327679954219384,0.2189323974046271
0,0.0,0.1795275590551181,0.1569600148930364,0.34766111937993843,0.006764585628179946,0.06926897436637415,0.6190476022771042,0.25743776563448695,1.0,0.09432189758523409,0.26920385649882383,0.5604075069646898,0.10074206564874322
0,0.0,0.30866141732283464,0.21088934392563247,0.17123934397139928,0.04838361230173076,0.32327169490058005,0.4047618829602356,0.18639951426836673,0.0,0.6255588618818679,0.14138291559747584,0.8697407244118212,0.5887746588746507
0,0.0,0.4834645669291338,0.05230217452064946,0.2162359135297415,0.20954695519672834,0.8856993804152616,0.5476190277040613,0.22343655130540377,0.11811023622047244,0.12190865835136157,0.11726791992854949,0.4727552250593214,0.18541460904246046
0,0.0,0.168503937007874,0.10741519857763364,0.25744509160577844,0.1992531739282142,0.40751518437696327,0.6190476022771042,0.13296903460837886,0.007874015748031496,0.476839604243483,0.14742175228645107,0.8998535127912178,0.9351097676193482
0,0.42857142857142855,0.0,0.7319515396464785,0.6213632247175311,0.0,0.12764644377007656,0.5476190277040613,0.46569520340012144,1.0,0.10154447261386718,0.3539256037205099,0.6254736052324166,0.1058078112537119
0,0.0,0.5228346456692913,0.5523210731124488,0.10440723124589205,0.0023916418658050786,0.6271325280877674,0.47619045313101843,0.3193685488767456,0.11811023622047244,0.020356855994936113,0.1799424610248606,0.5780428793169814,0.1781513745293935
0,0.42857142857142855,0.5259842519685038,0.15822737261761646,0.09945223837503041,0.021693879181969578,0.35482907586194645,0.5476190277040613,0.23497267759562843,0.007874015748031496,0.0479600384418967,0.15649403021989808,0.5000412465830499,0.2932401337374608
0,0.2857142857142857,0.048031496062992125,0.5097294304558017,0.3829825732805468,0.0033822928927479544,0.5022610070083448,0.5476190277040613,0.45658773527625984,0.007874015748031496,0.10529127049972813,0.3358191144868453,0.5817768700231429,0.10328388392359135
0,0.2857142857142857,0.3480314960629921,0.1286424168224171,0.02964747496175707,0.029785241686087323,0.607361148418405,0.5476190277040613,0.3406193078324226,0.007874015748031496,0.054673884300798746,0.16311188763143694,0.28548067095142604,0.21103868029382028
0,0.0,0.42677165354330704,0.06755104031267238,0.10005731937193817,0.07706126858963408,0.5896829206838297,0.7380952221632491,0.28415300546448086,0.05511811023622047,0.17322749554183073,0.07355240227664035,0.6460285647119776,0.35565966332970994
0,0.0,0.1732283464566929,0.0006235172133338454,0.31322991201045114,0.4438499998584156,0.660907388620153,0.5238095028463804,0.2799028536733455,0.05511811023622047,0.34403287063128335,0.0962178237424506,0.6440837295741679,0.23789048196748147
0,0.0,0.31338582677165355,0.0037819682739667635,0.19401225366272398,0.17342886974458493,0.5317297425093737,0.3333332819736318,0.3594414086217365,0.023622047244094488,0.15533418502683163,0.4621517423185762,0.9030778268294677,0.4503619559208079
0,0.42857142857142855,0.552755905511811,0.12112306108866162,0.0788946849671582,0.012416219024093568,0.4357669220335521,0.47619045313101843,0.1305403764420158,0.023622047244094488,0.1874608928899018,0.2522125111125287,0.31199363751358794,0.09871079136039758
0,0.0,0.2377952755905512,0.11894551401957101,0.22642384182545375,0.004450154594396972,0.6816703591637937,0.5714285525617423,0.19914996964177292,0.11811023622047244,0.10064218502352623,0.13585254931889532,0.773635768492638,0.09370599315369786
0,0.0,0.30078740157480316,0.03447056349135907,0.05243876438884961,0.10137034002586903,0.7898178651742762,0.6190476022771042,0.17547055251973284,0.11811023622047244,0.318004537499029,0.14042989390641322,0.8739347041854739,0.6264717352467026
0,0.42857142857142855,0.0505511811023622,0.16233651293896117,0.3335968488848268,0.0016911464463739772,0.377389485928922,0.5476190277040613,0.42987249544626593,0.2440944881889764,0.03392214978787543,0.19032910882044296,0.4122862656330038,0.13221553848722747
0,0.2857142857142857,0.22677165354330708,0.1447187960241493,0.04584414458017707,0.05749897980597908,0.6127183864157544,0.7142857017078282,0.33515482695810567,0.007874015748031496,0.07485704316367224,0.10909536926026553,0.5368016917159267,0.19143407648914784
0,0.2857142857142857,0.2866141732283464,0.41641629190351365,0.17229465740229402,0.0023101489719244495,0.6752885919598279,0.47619045313101843,0.25318761384335153,0.05511811023622047,0.11341059862594183,0.16089940272461203,0.5225112812032797,0.1167072682095406
0,0.0,0.49606299212598426,0.041867766316661656,0.2055756573054189,0.016681708432481717,0.8257200369397709,0.5476190277040613,0.21554341226472373,0.11811023622047244,0.04290145628019283,0.46873524177366394,0.3813393779675162,0.3951405361726629
0,0.42857142857142855,0.27244094488188975,0.13975958783725187,0.14671186621903148,0.02844671645402268,0.416338966796385,0.6666666519924662,0.34547662416514874,0.2440944881889764,0.05591952322792937,0.2535146041721185,0.24878663467242806,0.17190044553240952
0,0.0,0.09007874015748031,0.0,0.42843784947802116,0.839079062912856,0.9443771186534743,0.23809520455420854,0.6757741347905283,0.2440944881889764,0.5096467510317005,0.2100173800329427,0.6054359286122445,0.2721646008483874
0,0.0,0.49606299212598426,0.13608630280625394,0.043125138037597786,0.04328186112335554,0.3615430401609011,0.5238095028463804,0.151183970856102,0.0,0.13580366454073833,0.11106999752677403,0.6920452037814645,0.10029079815223217
0,0.0,0.33228346456692914,0.06692629447469875,0.17469196643456444,0.15237883760493368,0.39520115969569086,0.6904761878557976,0.6484517304189436,0.023622047244094488,0.5118429881550699,0.10668581746079299,0.5408522514929702,0.0
0,0.0,0.2866141732283464,0.050599409110642084,0.06302533104852079,0.2123400057325937,0.5144670871969507,0.5238095028463804,0.41044323011536127,0.007874015748031496,0.3635214537515556,0.1323716171974152,0.5115846006531493,0.16220455195964886
0,0.2857142857142857,0.059685039370078734,0.1526351849511157,0.45370363524442775,0.1233077364529718,0.9916124631767759,0.5714285525617423,0.5057680631451124,0.2440944881889764,0.22330703192528456,0.16707239552641565,0.6047575552748273,0.08748968456114681
0,0.42857142857142855,0.21732283464566926,0.08368387877129398,0.08894554726018711,0.03619560289297764,0.5606384431129748,0.5476190277040613,0.14207650273224043,0.007874015748031496,0.06676628202733903,0.22558932195685547,0.2748950167789183,0.1278841163163674
0,0.0,0.2944881889763779,0.062127524676128594,0.1743568466932874,0.05003608828194293,0.2493172302719646,0.5952380774194233,0.18518518518518517,0.0,0.6433023547727614,0.11875460938390886,0.9441537498230246,0.6438087942572023
0,0.42857142857142855,0.184251968503937,0.061048326326366545,0.3908632333434,0.017716723976872035,0.4708767978724112,0.5238095028463804,0.21554341226472373,0.007874015748031496,0.07331103973265858,0.14636908625509878,0.3889487541506693,0.401423619965524
0,0.2857142857142857,0.37007874015748027,0.1944735924541949,0.2031208582796302,0.00827683251859396,0.4016594315182379,0.6904761878557976,0.4068002428658166,0.007874015748031496,0.0890910582098901,0.3869649119435257,0.5466309472494234,0.16544872226510038
0,0.2857142857142857,0.352755905511811,0.36415760372671785,0.14122688480446102,0.008925577593424444,0.4939007476751698,0.5476190277040613,0.23254401942926534,0.007874015748031496,0.0911197400627036,0.13394067231922635,0.37208924424850565,0.11900548028368478
0,0.0,0.3590551181102362,6.262654058110818e-05,0.18354658187153294,0.490505116387069,0.7724657186050796,0.5714285525617423,0.29022465088038857,0.05511811023622047,0.39583731359563945,0.12717052558720135,0.8060688317659787,0.26355695761061576
0,0.0,0.1184251968503937,0.06075105689440008,0.1522808692828263,0.032457209271447754,0.11928619276166964,0.5714285525617423,0.25440194292653306,1.0,0.3743519334158583,0.09109783878552724,0.6686013911353178,0.4121610599492241
0,0.2857142857142857,0.368503937007874,0.1847448105168845,0.0475322052971934,0.01782938659045023,0.44571798904682514,0.4523809172676871,0.13904068002428657,0.0,0.34794527566277567,0.18122108288886446,0.3119440426715999,0.13921230388389078
0,0.2857142857142857,0.1905511811023622,0.07623653402217018,0.14341683174304543,0.004503948945306588,0.8031595824740322,0.5476190277040613,0.3302975106253795,0.11811023622047244,0.0908686715895212,0.13409847623129675,0.6233666438140808,0.3727966208855119
0,0.0,0.14818897637795275,0.1239516952909165,0.5132992222878799,0.12794456153995967,0.9880411931723581,0.4523809172676871,0.17972070431086826,0.2440944881889764,0.37686486995698004,0.24609861786970771,0.8601995147311677,0.7870218536769116
0,0.2857142857142857,0.0,0.2546236825219689,0.7397106466538927,0.01674149636427078,0.7369075262563185,0.47619045313101843,0.27140255009107467,0.11811023622047244,0.3901387073209832,0.11961323926922802,0.31742487564108834,0.10853992967982512
0,0.0,0.29133858267716534,0.0,0.18193055853353407,0.5287163300577004,0.5964518451015954,0.5952380774194233,0.4080145719489982,0.05511811023622047,0.5565699325200927,0.0929541938744728,0.4381648170789795,0.26355695761061576
0,0.0,0.3228346456692913,0.27100386084675154,0.16611607082767202,0.035189696307825806,0.8856993804152616,0.49999998018982944,0.03642987249544627,0.49606299212598426,0.12190865835136157,0.11726791992854949,0.7198262461407469,0.7570552344507949
0,0.2857142857142857,0.3464566929133858,0.049213728551522506,0.018341817965352822,0.0033822928927479544,0.8835894956966499,0.47619045313101843,0.45476624165148755,0.2440944881889764,0.4579504155724388,0.13914785960402198,0.7107842778043325,0.21138720730819413
0,0.0,0.15181102362204724,0.01807116040812413,0.12270729621479817,0.37768436093693614,0.24927370283463904,0.5238095028463804,0.3430479659987857,0.0,0.23215831582844268,0.23870983422722963,0.4132035228539618,0.12814498177696226
0,0.0,0.0,0.14018766090570312,0.7862618726552567,0.02874948990298954,0.7020905712566848,0.6428571249336552,0.4996964177292046,0.11811023622047244,0.3753704123000848,0.054026538065054044,0.6120119449362446,0.16428972322840957
0,0.42857142857142855,0.3574803149606299,0.20870206272114797,0.21464246911417634,0.0,0.12764644377007656,0.6190476022771042,0.10868245294474803,1.0,0.027140394318664482,0.24252920161962552,0.5028866888031575,0.1273097110305754
0,0.0,0.40629921259842516,0.05251315538833669,0.0468735339577704,0.02766529738852355,0.6328083827084577,0.5714285525617423,0.18882817243472982,0.023622047244094488,0.18852665976938165,0.2648975358576177,0.5622826959793209,0.18541460904246046
0,0.0,0.3259842519685039,0.2789653790310828,0.21279639101233763,0.016740623260675384,0.9841535819812061,0.6190476022771042,0.3691560412871888,0.49606299212598426,0.17258037926253036,0.09303310152740013,0.30999565179387234,0.1700149681797424
0,0.0,0.26456692913385826,0.2746937085313752,0.07132929377263461,0.01674149636427078,0.21645892670430203,0.49999998018982944,0.023679417122040074,1.0,0.1275474511997805,0.3172171665444167,0.773116383108776,0.736216501867734
0,0.42857142857142855,0.39370078740157477,0.12396073004362368,0.45632483770570087,0.009798804681848915,0.7769024037490314,0.47619045313101843,0.12082574377656345,0.11811023622047244,0.09211707673009192,0.21923318546677606,0.2876892430488299,0.052184635649942704
0,0.0,0.38740157480314963,0.0313338238761111,0.06893991959173669,0.17388274989562086,0.8083992192477517,0.21428569070217787,0.48148148148148145,0.11811023622047244,0.2714658782717343,0.20202707294397762,0.8825026923908063,0.2946222194061304
0,0.2857142857142857,0.28346456692913385,0.2834426171764827,0.42779926977755306,0.002391642180437005,0.7887454130527923,0.6190476022771042,0.2659380692167577,0.11811023622047244,0.16650198159218205,0.10610080930459811,0.3482564491150583,0.13056741161768873
0,0.0,0.1637795275590551,0.19573116517918565,0.22467334024540314,0.1652930072739755,0.377389485928922,0.5238095028463804,0.1760777170613236,0.0,0.24092324594385103,0.1240533172408132,0.8694464946634683,0.9047328589033801
0,0.42857142857142855,0.352755905511811,0.10529791286403822,0.284300824045358,0.012528264172516462,0.5317297425093737,0.7142857017078282,0.30965391621129323,0.11811023622047244,0.15533418502683163,0.22851105854039308,0.2604792988996098,0.21103868029382028
0,0.0,0.384251968503937,0.07605117853612336,0.08729144687289507,0.07428523806782017,0.7123218777124869,0.5476190277040613,0.20704310868245293,0.11811023622047244,0.2488244729113539,0.06773013863897447,0.5564549000925204,0.23143604856845393
0,0.42857142857142855,0.2992125984251969,0.08684310481152399,0.17058965491027106,0.13786472526182883,0.8287194786253254,0.5476190277040613,0.12629022465088038,0.2440944881889764,0.11341059862594183,0.4156832926939077,0.32386864935961285,0.28039810327050646
0,0.0,0.1984251968503937,0.042070707462464135,0.13811414052886242,0.2368444525829236,0.3692432286336503,0.5952380774194233,0.16879174256223436,0.007874015748031496,0.2607134268984198,0.25428339976540015,0.4969066299491687,0.1693531254864037
0,0.0,0.1984251968503937,0.12085718758130323,0.20151172615767216,0.007174927013258904,0.8823559038145197,0.49999998018982944,0.294474802671524,0.49606299212598426,0.1951321874034201,0.06774554873219288,0.810786958523036,0.6356059794919849
0,0.0,3.511811023622047e-05,0.7983937214254487,0.6090895139578879,0.0023101489719244495,0.5022610070083448,0.5952380774194233,0.44869459623557983,0.2440944881889764,0.03837559022194163,0.32485988915370123,0.5090659618509921,0.10375917582082425
0,0.42857142857142855,0.2141732283464567,0.19544859549968857,0.3236076568140287,0.054722440367024436,0.416338966796385,0.5238095028463804,0.12446873102610807,0.0,0.05591952322792937,0.20131451137293593,0.3881157525060314,0.20851787063402236
0,0.2857142857142857,0.6236220472440944,0.155202587003842,0.07205346484086408,0.0023101489719244495,0.327943454845348,0.5476190277040613,0.1870066788099575,0.007874015748031496,0.19773069269785756,0.10755874654536474,0.4242375249106636,0.0770321420908611
0,0.0,0.06456692913385827,0.1903398910844984,0.44275522760823993,0.020133665867816206,0.326233924872853,0.5714285525617423,0.1930783242258652,0.0,0.10700815320236204,0.13167280792398137,0.8923106134847942,0.14714406472340644
0,0.42857142857142855,0.2992125984251969,0.20148733265361812,0.12626485094972711,0.0016911464463739772,0.48784686533633165,0.5238095028463804,0.13782635094110504,0.05511811023622047,0.05296721737520844,0.2566089850717317,0.2381888044096617,0.2331116842937811
0,0.2857142857142857,0.0,0.07635266333828326,0.7232486690094906,0.009566568564432056,0.6496929270550522,0.5952380774194233,0.16029143897996356,1.0,0.0479600384418967,0.30674409119829205,0.38366886686576956,0.19836325160829252
0,0.0,0.4944881889763779,0.04812346342444721,0.16928718664161943,0.1657566960753128,0.22995755478252375,0.5952380774194233,0.16089860352155433,0.0,0.20161591074736931,0.24252920161962552,0.6288154442048289,0.21176277450896155
0,0.0,0.22834645669291337,0.13375933580516366,0.28897648095265993,0.01691146446373977,0.08998953576653353,0.6904761878557976,0.18032786885245902,0.49606299212598426,0.2005141149191249,0.08857277110428388,0.6351635066806016,0.12109786498574109
0,0.42857142857142855,0.5590551181102362,0.19469685448186042,0.0604206845679037,0.06543725814637118,0.30367352590556823,0.5238095028463804,0.0947176684881603,0.0,0.0908686715895212,0.21307416144448138,0.33348936847678257,0.21211641613281912
0,0.0,0.3511811023622047,0.05862001241595009,0.006653134479569109,0.04807490882753357,0.774564448134475,0.47619045313101843,0.201578627808136,0.49606299212598426,0.03392214978787543,0.4377910112075141,0.5426930425888284,0.044631315158354584
0,0.0,0.46929133858267713,0.09641998082928475,0.04120317124851962,0.014245351391947374,0.8768755702466129,0.47619045313101843,0.14511232544019428,0.11811023622047244,0.061022472230439835,0.12825330539036606,0.887521031815122,0.18278366207485788
0,0.2857142857142857,0.352755905511811,0.15245628285985974,0.10923205880908791,0.019133137128864112,0.377389485928922,0.5714285525617423,0.05768063145112325,0.023622047244094488,0.0948047784632827,0.13167280792398137,0.591184182906272,0.7988444670791385
0,0.2857142857142857,0.1464566929133858,0.15367044935210458,0.4499823406664593,0.013529171256359891,0.7833882583031236,0.42857140341565636,0.5336976320582878,0.11811023622047244,0.09765109433800112,0.31014597894143364,0.5063703554190853,0.1207042642017346
0,0.42857142857142855,0.5448818897637795,0.1318039826156353,0.019638358081993528,0.014275981596549369,0.377389485928922,0.5714285525617423,0.13539769277474195,1.0,0.04070167823834967,0.2243872321417597,0.33810788813691695,0.11099321019289507
0,0.0,0.2566929133858268,0.0,0.008151918990390403,0.6441912496456458,0.4152033574344619,0.5238095028463804,0.5452337583485124,0.007874015748031496,0.22758751481236023,0.1511595401835095,0.8879949964864652,0.47052386876682306
0,0.0,0.12062992125984252,0.0,0.08610420314887814,1.0,0.6580858472282962,0.5476190277040613,0.3843351548269581,0.11811023622047244,0.46551868464588336,0.1401648687875169,0.5203768169096644,0.21180581058557274
0,0.2857142857142857,0.30866141732283464,0.3703075554438804,0.020174971482498683,0.009419128110883843,0.9505915580191936,0.5714285525617423,0.3709775349119611,0.2440944881889764,0.015173769437865763,0.2227852945585597,0.5740242129810295,0.1561022930455035
0,0.0,0.46929133858267713,0.3383273919714428,0.12258758621840206,0.0,0.6067302697446849,0.6190476022771042,0.30965391621129323,0.023622047244094488,0.20989104135230854,0.09492890189747115,0.5647728888621332,0.08855554064983111
0,0.42857142857142855,0.44724409448818897,0.1827807722659923,0.10060591514685495,0.014349853239937992,0.2525179648494993,0.5238095028463804,0.026108075288403157,1.0,0.06710882560501363,0.3850492066323437,0.4410665791274418,0.646330154094116
0,0.0,0.28346456692913385,0.27482338043951243,0.045369349273938826,0.00478328436087401,0.22995755478252375,0.5714285525617423,0.26836672738312084,0.007874015748031496,0.03392214978787543,0.38166707571111763,0.5998776887307131,0.45531894984922644
0,0.0,0.002425196850393701,0.021135044693096888,0.5895836947193189,0.10263436592385215,0.6415466697597805,0.6190476022771042,0.4365513054037644,0.023622047244094488,0.14912003837578852,0.1451771084235382,0.814134424840362,0.5113393082771874
0,0.2857142857142857,0.21889763779527557,0.14979312895930078,0.32159402832052814,0.08143596909936925,0.7695975585120197,0.5714285525617423,0.4037644201578628,0.11811023622047244,0.04343394100507545,0.21572580267512473,0.576993364030809,0.46609103061428975
0,0.0,0.4409448818897637,0.044145343548220146,0.31915477481648225,0.30721428196117634,0.6920247056916994,0.5476190277040613,0.49483910139647846,0.05511811023622047,0.26884360502686466,0.0714239465287699,0.8792723335946957,0.14786023231269466
0,0.0,0.22519685039370077,0.054660120359945566,0.12232761580418407,0.20293572824862968,0.5593024565835596,0.49999998018982944,0.1912568306010929,0.023622047244094488,0.16296058176836029,0.48603949465722907,0.809687137246892,0.504182176439743
0,0.5714285714285714,0.37007874015748027,0.3749419194468824,0.06115888831319904,0.0016911464463739772,0.42854504698499096,0.5476190277040613,0.37158469945355194,0.023622047244094488,0.08569049562942407,0.19929348192000815,0.5112243887397075,0.1603366191438957
0,0.42857142857142855,0.5779527559055118,0.08785049563343598,0.008151918990390403,0.01183802465266995,0.5465082592798964,0.47619045313101843,0.11900425015179114,0.11811023622047244,0.06978812953563973,0.3742796137476143,0.34825341900625856,0.2652281715420866
0,0.0,0.4645669291338583,0.4439548412414017,0.15681337468442116,0.013529171256359891,0.3299307323797959,0.5714285525617423,0.4049787492410443,0.2440944881889764,0.09211707673009192,0.13331804188738838,0.8981818512375507,0.12685055766207165
0,0.7142857142857143,0.3291338582677165,0.3621418175150348,0.25825210324273895,0.002391642180437005,0.2525179648494993,0.6428571249336552,0.02185792349726776,0.023622047244094488,0.1243053891374372,0.11615073089690445,0.2475269133181414,0.8291060219931672
0,0.2857142857142857,0.22047244094488186,0.11686432281063336,0.3946074291290091,0.02367605009191972,0.9119565591402623,0.3571428310437435,0.5470552519732848,0.49606299212598426,0.6643413809003601,0.15487037038699686,0.7062846744548503,0.20527490256745345
0,0.5714285714285714,0.2866141732283464,0.1993045847205483,0.05284301525489632,0.002391642180437005,0.5271593615901861,0.5476190277040613,0.2143290831815422,0.05511811023622047,0.09211707673009192,0.13331804188738838,0.4123044462858024,0.093695417526917
0,0.0,0.12645669291338582,0.10802612207050846,0.3435666185324231,0.01014687804898001,0.7833882583031236,0.4523809172676871,0.15421979356405585,0.11811023622047244,0.048908760819014026,0.3155904189959796,0.8812453982155071,0.24440677972663757
0,0.0,0.3905511811023622,0.43533564901060234,0.12104982131181073,0.006423980836398635,0.5759769670316985,0.49999998018982944,0.32604735883424407,0.05511811023622047,0.08569049562942407,0.36974638589277053,0.6155649948597915,0.1911789573228732
0,0.0,0.3763779527559055,0.013974756481306517,0.1413384144439888,0.3058649042873949,0.37369270617120603,0.7142857017078282,0.18032786885245902,0.05511811023622047,0.28617953076425995,0.06773013863897447,0.4830171832213724,0.27190846283560205
0,0.0,0.07070866141732284,0.0655462598412681,0.5617886146494552,0.041328736246258636,1.0,0.49999998018982944,0.5980570734669095,0.49606299212598426,0.41836333955300964,0.08426658718848898,0.7777487856143297,0.380395626454639
0,0.0,0.48503937007874015,0.3549472296688817,0.04691067353627064,0.0,0.6008752938643129,0.5238095028463804,0.323618700667881,0.007874015748031496,0.04126265558142955,0.1649210325752804,0.8146602723950317,0.13856291149491262
0,0.2857142857142857,0.5606299212598425,0.11526518429751079,0.15823378985980785,0.05128082724284582,0.5022610070083448,0.5952380774194233,0.14268366727383122,0.05511811023622047,0.03837559022194163,0.24588421533430085,0.6186630337517327,0.09871079136039758
0,0.0,0.5937007874015747,0.0,0.13186713470061884,0.5561401993570811,0.1839289797386245,0.4523809172676871,0.42805100182149364,1.0,0.3244289700844036,0.21545690936647047,0.774703804545862,0.45869190235362806
0,0.42857142857142855,0.1637795275590551,0.20420830007026888,0.40267887255534823,0.02483874956462807,0.7271056945853489,0.49999998018982944,0.11293260473588343,0.023622047244094488,0.09211707673009192,0.13331804188738838,0.31188323951900054,0.19075185686559554
0,0.0,0.2094488188976378,0.043141423571841475,0.26246779280701127,0.1427013573535931,0.5263903750141521,0.5714285525617423,0.286581663630844,0.11811023622047244,0.3970338920023997,0.11059608446405515,0.6982228535567279,0.2657241664004167
0,0.0,0.0,0.38255879455926045,0.6474012153185571,0.0,0.5721921944754619,0.6428571249336552,0.025500910746812388,0.05511811023622047,0.1789403977067078,0.1684516643837245,0.5192633137647051,0.7774043501546828
0,0.2857142857142857,0.25196850393700787,0.05913801973988559,0.05356266390335539,0.08432362158966522,0.644726092931051,0.49999998018982944,0.12082574377656345,0.11811023622047244,0.35743830455700093,0.07184777821275196,0.3974501263416232,0.21294673528516406
0,0.0,0.368503937007874,0.38325573576457406,0.3200495522984528,0.02485356715519566,0.7096722982797699,0.3571428310437435,0.3224043715846995,0.11811023622047244,0.419243920941248,0.08413619672136019,0.6483290975195066,0.38115036757282156
0,0.2857142857142857,0.5023622047244094,0.14248485327841356,0.12202469614666328,0.020194961673111904,0.30367352590556823,0.49999998018982944,0.24833029751062538,0.0,0.075769344074808,0.3873254226714549,0.4303812405593173,0.22396700706022932
0,0.2857142857142857,0.29763779527559053,0.08644036847040429,0.01075610384484356,0.0016911464463739772,0.7954100558758433,0.47619045313101843,0.08864602307225258,0.11811023622047244,0.1241227136905047,0.19521082696081637,0.4939151859560765,0.21294673528516406
0,0.0,0.24881889763779524,0.03967440302601272,0.060770525159952994,0.08277339862575067,0.9594152849401615,0.42857140341565636,0.5258044930176078,0.49606299212598426,0.5125025203737094,0.15858969465665382,0.8119058416570886,0.14049806780344057
0,0.0,0.24251968503937008,0.14246183722999695,0.17649314262390586,0.017918187518740265,0.694014353010125,0.4523809172676871,0.18518518518518517,0.2440944881889764,0.27732037585796,0.23099618531089544,0.5148649871639335,0.07652732402174865
0,0.42857142857142855,0.9527559055118109,0.19490488904102934,0.031697897051109314,0.023156817743478702,0.8768755702466129,0.49999998018982944,0.11657559198542805,0.05511811023622047,0.027140394318664482,0.2749853873577423,0.28151474706027657,0.07115129890041706
0,0.0,0.1952755905511811,0.020919994053975557,0.31990366136848747,0.29196751771456403,0.45959310198617864,0.49999998018982944,0.5452337583485124,0.023622047244094488,0.3840699366518529,0.14267530115287186,0.7646223852132176,0.15929576554858346
0,0.42857142857142855,0.9228346456692913,0.2014196387675707,0.0665161784330152,0.008821850526552261,0.16659593296230765,0.5476190277040613,0.12325440194292653,0.023622047244094488,0.05591952322792937,0.45811042400869784,0.4123449353416524,0.07115129890041706
0,0.0,0.4299212598425197,0.3660729395105186,0.21984810508621033,0.014349853239937992,0.900547769739135,0.49999998018982944,0.31997571341833636,0.49606299212598426,0.1366340553721972,0.23695743602591807,0.5771721713694729,0.08855554064983111
0,0.2857142857142857,0.43779527559055115,0.10916718399792068,0.19619165050027193,0.02904661492230007,0.39060821865502826,0.7142857017078282,0.38372799028536736,0.0,0.46483791517992157,0.03500060120442053,0.40817666511358136,0.11968411356751946
0,0.2857142857142857,0.45354330708661417,0.0918654227488588,0.26147736297143925,0.14501279293412203,0.2282480470094103,0.49999998018982944,0.2938676381299332,1.0,0.1257569384648693,0.4400416766854111,0.42964702664544724,0.35599781848660517
0,0.0,0.0,0.0707371480801691,0.8554931902083688,0.1307250975909577,0.3597959210856385,0.7380952221632491,0.25136612021857924,0.023622047244094488,0.35743830455700093,0.05441942992786445,0.5355896018168038,0.10142161589443757
0,0.2857142857142857,0.12598425196850394,0.06777601900693253,0.1885718044805606,0.06005593054437302,0.1925386213740085,0.6190476022771042,0.30783242258652094,0.0,0.26884360502686466,0.12088430135737205,0.4390170197191751,0.26946901825814723
0,0.0,0.15448818897637795,0.1425110165489203,0.530409656726443,0.12228173747300851,0.05393047819687743,0.42857140341565636,0.13357619914996965,0.49606299212598426,0.3533097051741206,0.24073302849916775,0.9040526870370986,0.7870218536769116
0,0.0,0.1373228346456693,0.06799879782474182,0.07205346484086408,0.11489497428985214,0.3176149317480015,0.38095235370029445,0.445658773527626,0.0,0.27233354790941194,0.2482111508040678,0.7523514649169212,0.30368381989520116
0,0.0,0.5480314960629921,0.18866342627832533,0.014388488465317656,0.009566568564432056,0.509169315792862,0.7142857017078282,0.14511232544019428,0.023622047244094488,0.11015366842459288,0.12308146162436051,0.6204336376335555,0.09372467879870373
0,0.0,0.27401574803149603,0.3769174530059341,0.018345571640115105,0.005622035970609603,0.17072464886128272,0.4523809172676871,0.3570127504553734,0.05511811023622047,0.12629683556751378,0.19421417846980302,0.6696987697727355,0.1603366191438957
0,0.0,0.2377952755905512,0.1062527546140819,0.14345722166264663,0.0646058904759972,0.9012877306238247,0.5714285525617423,0.16879174256223436,0.49606299212598426,0.5367441357927774,0.03037573086397639,0.8162391600563144,0.9022855080770026
0,0.0,0.4582677165354331,0.2838748229608099,0.07927665360274101,0.019631647818641126,0.5052604764431262,0.11904754724885268,0.3466909532483303,0.023622047244094488,0.2505617954315954,0.29204986374834235,0.6702745059044298,0.08855554064983111
0,0.42857142857142855,0.29133858267716534,0.12311217538788399,0.37011043576561975,0.004450154594396972,0.5759769670316985,0.5952380774194233,0.416514875531269,0.05511811023622047,0.08569049562942407,0.1374534728552957,0.33960744414867905,0.10882822248848754
0,0.0,0.46299212598425193,0.3176347309881718,0.09924537866710802,0.03311373598039465,0.45918280191713856,0.6428571249336552,0.4584092289010322,0.007874015748031496,0.1779389829920224,0.07928152172793976,0.7283299836717331,0.1377631984917485
0,0.2857142857142857,0.28976377952755905,0.12909756235886774,0.20868728306177015,0.023315118504541873,0.4613487678233284,0.5714285525617423,0.36429872495446264,0.05511811023622047,0.18698516202284365,0.24689900272986415,0.4736026815597133,0.17190044553240952
0,0.2857142857142857,0.305511811023622,0.13680946450429407,0.24659555917526077,0.014139089964909101,0.08869695457784546,0.5238095028463804,0.18518518518518517,1.0,0.1392568326918087,0.24080235967642039,0.47133860281621404,0.14951192514502085
0,0.0,0.058740157480314956,0.029597306257643934,0.4284330625948016,0.03713125295557366,0.2674220607463876,0.4047618829602356,0.129933211900425,0.0,0.5262597943375052,0.23892355313558059,0.8137880648528621,0.8033598725528975
0,0.0,0.2220472440944882,0.040628795263729575,0.09327769932344751,0.07605658120319653,0.6612863043135618,0.23809520455420854,0.08257437765634487,0.2440944881889764,0.6784806774103449,0.1294898784935399,0.8736076379519644,0.7261300844274293
0,0.0,0.012314960629921259,0.07612350742197622,0.584188318071233,0.0903351128915083,0.6359562827579623,0.6190476022771042,0.6508803885853066,0.023622047244094488,0.46403521747106524,0.12998016442424762,0.3663182319822233,0.05627230898158742
0,0.2857142857142857,0.5322834645669291,0.14877758079205217,0.2673479396780674,0.002391642180437005,0.4916772576216027,0.7142857017078282,0.25258044930176077,0.05511811023622047,0.21405335589825292,0.11777639033894417,0.5312037976044394,0.32225376469134637
0,0.2857142857142857,0.2078740157480315,0.0748538671666278,0.33426305980229504,0.0,0.16997822240672372,0.42857140341565636,0.10382513661202186,0.11811023622047244,0.0772656548261438,0.21434265993116577,0.6016982275687771,0.22939000100570336
0,0.0,0.0,0.1931701974471769,0.7181327705096144,0.010064193565336624,0.5687550919831373,0.5476190277040613,0.5063752276867031,0.05511811023622047,0.1874608928899018,0.2536811528136123,0.6375926026757779,0.12434533635388723
0,0.2857142857142857,0.4299212598425197,0.1764102606815446,0.044835556816891387,0.016270062111488567,0.6713797803593192,0.5952380774194233,0.33879781420765026,0.11811023622047244,0.0985812775071934,0.1689254350241401,0.5356512552550358,0.07005251369250752
0,0.2857142857142857,0.25984251968503935,0.04207049446864591,0.40856527915301927,0.12688455084876682,0.7994627749670893,0.5952380774194233,0.15239829993928355,0.2440944881889764,0.1300114821615386,0.3109210980849824,0.47233379258033337,0.1908848774660301
0,0.0,0.8677165354330707,0.7872483589303158,0.0774106412129602,0.005622035970609603,0.377389485928922,0.6190476022771042,0.013964784456587736,0.0,0.08130732817248941,0.14045461272137616,0.4104726991371271,0.9309135463804554
0,0.0,0.45354330708661417,0.13635218267163676,0.26338274155134067,0.12756554805577922,0.4511054459522758,0.47619045313101843,0.15786278081360047,0.007874015748031496,0.36712160100748836,0.11538396909411408,0.3710969299957984,0.2535428782725694
0,0.0,0.18582677165354328,0.13654410599691408,0.43740117929844574,0.044703564811187806,0.6174105309426079,0.7380952221632491,0.5707346690953249,0.05511811023622047,0.3247493880863174,0.07508512831732252,0.5459622826279564,0.031246911939904042
0,0.42857142857142855,0.5338582677165354,0.13533935573884187,0.054760635933170175,0.01014687804898001,0.886799581763652,0.47619045313101843,0.25136612021857924,0.11811023622047244,0.1084876683485685,0.22602921887665117,0.5318440626857778,0.3431360223973436
0,0.0,0.24724409448818896,0.048020649083083865,0.18166411397824878,0.14625709141032817,0.31729578788934937,0.6190476022771042,0.20218579234972678,0.0,0.4701259897631509,0.07695406784098878,0.8970997313623033,0.7993759177960401
0,0.2857142857142857,0.27716535433070866,0.05545235945014788,0.15089000955670429,0.013369681186615433,0.9911632586916128,0.5476190277040613,0.22768670309653916,0.2440944881889764,0.07205010916110394,0.20994671578293111,0.37763947598535197,0.1908848774660301
0,0.0,0.39842519685039374,0.008978169468817578,0.08446059788455781,0.2009633243002507,0.8526056801557508,0.6666666519924662,0.22647237401335762,0.2440944881889764,0.17718396579563653,0.09049231042387106,0.3852683314393608,0.2139399272407066
0,0.2857142857142857,0.3228346456692913,0.07739438749208744,0.25759194939136437,0.06906615199176168,0.18293838783651487,0.5714285525617423,0.27140255009107467,1.0,0.5372598827571731,0.09144774759719787,0.22612118895409083,0.06755951854245122
0,0.2857142857142857,0.337007874015748,0.08773493853952109,0.030185755714258904,0.015549817717993516,0.5225339262048159,0.47619045313101843,0.1305403764420158,0.0,0.1871042186924136,0.18157057582740943,0.3448591251401851,0.24960511801650634
0,0.42857142857142855,0.7590551181102362,0.11402352570765448,0.032116796727705586,0.019133137128864112,0.39656758712702256,0.6428571249336552,0.14996964177292046,0.007874015748031496,0.22291341979179236,0.08240933199058649,0.3776382237465113,0.2329963101149115
0,0.2857142857142857,0.4976377952755905,0.22086640035869431,0.20292413159777062,0.10251541145832842,0.09211558995966372,0.4523809172676871,0.25986642380085,1.0,0.15226022569326803,0.2460515900251539,0.2933581282807691,0.23143604856845393
0,0.0,0.07370078740157479,0.13017009749903294,0.5271587563658438,0.03946226886745406,0.3430845180403274,0.38095235370029445,0.3503339404978749,0.0,0.47914940279538365,0.2842377440514978,0.7206798246976933,0.3329373484484918
0,0.2857142857142857,0.4645669291338583,0.2892732371169258,0.15299507225918707,0.03946226886745406,0.42372861367082315,0.38095235370029445,0.10018214936247723,0.49606299212598426,0.07076648902852402,0.2735600591275421,0.3532253019155575,0.17309822186729684
0,0.2857142857142857,0.05937007874015748,0.14358628563958803,0.39312321096164027,0.025081598216917945,0.5972069293149492,0.49999998018982944,0.24711596842744385,0.023622047244094488,0.1443543112438416,0.17485481162768135,0.6732369010483652,0.4536238949094057
0,0.42857142857142855,0.2692913385826772,0.3768095509734263,0.005362826600510993,0.037814135594404205,0.2349244138808293,0.49999998018982944,0.41044323011536127,0.49606299212598426,0.04343394100507545,0.25479983443099613,0.7397924523885653,0.05695611800569638
0,0.0,0.31496062992125984,0.05956857879588682,0.1751979352513853,0.1733387041003147,0.5375700945471659,0.4523809172676871,0.5804493017607771,0.11811023622047244,0.2985118432773783,0.12781277611554367,0.4705888054856595,0.22664378174388236
0,0.0,0.3511811023622047,0.08503939686254383,0.002882138593634564,0.03139345446033231,0.23304771979052663,0.5476190277040613,0.1050394656952034,0.0,0.5777950118085706,0.04042421911822218,0.8341981665801077,0.6323629910484859
0,0.0,0.1748031496062992,0.3815234538619785,0.38361589214896175,0.002391642180437005,0.4633115261408817,0.5952380774194233,0.25925925925925924,0.0,0.03955578619959046,0.19668522821984594,0.45609948997394206,0.09582368600307949
0,0.0,0.08976377952755905,0.06087442800033265,0.2633952158846416,0.10294918662927581,0.22474659405988948,0.49999998018982944,0.34790528233151186,0.0,0.24495379865767372,0.12316518315113982,0.8915375956266007,0.3727966208855119
0,0.0,0.34330708661417325,0.13276921973561298,0.09253916950135464,0.05940744425430188,0.7172375977605264,0.5952380774194233,0.3849423193685489,0.05511811023622047,0.2611267681867688,0.07313985043908068,0.7339778591186781,0.48184451687016755
0,0.0,0.24881889763779524,0.010638789442322417,0.24827841877777695,0.3739905427935602,0.24144349813414198,0.09523805540812266,0.44505160898603524,1.0,0.20477497194534836,0.2350768406609487,0.9331754337453879,0.09426758135038549
0,0.2857142857142857,0.45669291338582674,0.18564992615790432,0.11345621309952869,0.018025624882602963,0.30561234773999196,0.5238095028463804,0.15664845173041894,0.0,0.24530851026907674,0.07681074542871918,0.5780547678560988,0.11099321019289507
0,0.0,0.2692913385826772,0.023022236045980214,0.06917132795344534,0.03587463349313489,0.8900943029727192,0.47619045313101843,0.5931997571341834,0.11811023622047244,0.3189224906580902,0.2388545922563166,0.8167115632940412,0.28560216747776523
0,0.42857142857142855,0.5480314960629921,0.28864136393357237,0.055785981579315046,0.017952111919610284,0.12764644377007656,0.6190476022771042,0.0947176684881603,1.0,0.013571981046789703,0.18921193118258214,0.6092683050959659,0.17309822186729684
0,0.2857142857142857,0.2866141732283464,0.14187213682265104,0.24724184528376358,0.09563910711234909,0.26008326433025575,0.6190476022771042,0.3211900425015179,0.0,0.10064218502352623,0.41738563230405096,0.3967402924358003,0.31421971166215823
0,0.0,0.39212598425196843,0.1444917764040489,0.10827737419454765,0.022043649988342885,0.7294436501999053,0.6904761878557976,0.11900425015179114,0.023622047244094488,0.20161591074736931,0.08825450852840931,0.5014306596859144,0.1493516402119604
0,0.0,0.1826771653543307,0.09464988775543681,0.19191379780698187,0.054722440367024436,0.09587541873583401,0.8333333370018835,0.15604128718882818,1.0,0.5123985033111925,0.0319492466523273,0.8860264461093759,0.9502310799922783
0,0.2857142857142857,0.41417322834645665,0.14472629849297017,0.046143830958754885,0.014671974979210696,0.5022610070083448,0.6190476022771042,0.16332726168791742,0.2440944881889764,0.03837559022194163,0.15170888009806277,0.6918682825309311,0.18278366207485788
0,0.0,0.28976377952755905,0.0,0.2096401097968826,0.7062172369842278,0.5501047255823452,0.5476190277040613,0.3770491803278688,0.11811023622047244,0.14497841361894262,0.293663565413796,0.8011517690903733,0.5060916374392715
0,0.0,0.1826771653543307,0.03693823993098746,0.2853073870992265,0.3044500438439589,0.2057372081613806,0.6190476022771042,0.2604735883424408,0.0,0.3226920813989809,0.21416708171564194,0.5003008465165483,0.25203009497350953
0,0.0,0.42047244094488184,0.028874457374405492,0.13105851163762403,0.0876524588327722,0.17627854562971876,0.3333332819736318,0.7134183363691561,0.0,0.2658683348510666,0.07208001202053355,0.8744979179287611,0.30140262255778544
0,0.42857142857142855,0.3811023622047244,0.06769083419569337,0.1605328587778452,0.0,0.26008326433025575,0.5714285525617423,0.24893746205221615,0.11811023622047244,0.10064218502352623,0.1136512023830911,0.3044871613517167,0.06755951854245122
0,1.0,0.4708661417322834,0.15555278698914227,0.007980682224700658,0.09552402261951844,0.1608792786532967,0.5952380774194233,0.2956891317547055,0.49606299212598426,0.2261382586118277,0.07876084287770513,0.09818730543339013,0.4634972104135365
0,0.2857142857142857,0.24409448818897636,0.391764590839511,0.2472631540233232,0.012154777984700708,0.9703628821901021,0.5476190277040613,0.2641165755919854,1.0,0.07331103973265858,0.30176098546863644,0.5101730182848824,0.38115036757282156
0,0.42857142857142855,0.1984251968503937,0.07581809971874644,0.25337535932430816,0.0065896848866868855,0.9859006178087878,0.5952380774194233,0.09714632665452337,0.2440944881889764,0.09623864385714687,0.12543318427179598,0.4476057239744651,0.1875225820961302
0,0.2857142857142857,0.27716535433070866,0.13876693491595582,0.21806383939125254,0.0414585801227505,0.20136240379343032,0.4047618829602356,0.25197328476017,0.0,0.12097382695196744,0.3382476825122562,0.28899100870868727,0.09091211225210712
0,0.2857142857142857,0.08944881889763778,0.08959071235051332,0.5526084153217421,0.0440653496803497,0.3515551221742962,0.42857140341565636,0.20461445051608987,0.023622047244094488,0.40314203834603984,0.1886320616230908,0.40826211108978694,0.19836325160829252
0,0.42857142857142855,0.06503937007874015,0.22751576853637515,0.3206989380323275,0.03561005714659676,0.30367352590556823,0.49999998018982944,0.41408621736490586,0.0,0.06064528177778071,0.37036096661602524,0.5949129482207279,0.14541300374789823
0,0.0,0.4110236220472441,0.10963716280535367,0.014265857996208787,0.10189295938699632,0.5198545718516282,0.6190476022771042,0.17364905889496055,0.11811023622047244,0.08675122795912532,0.10755874654536474,0.5120264709067969,0.14951192514502085
0,0.42857142857142855,0.23622047244094485,0.09473362293710719,0.43918421272643615,0.005622035970609603,0.05393047819687743,0.5714285525617423,0.03946569520340012,0.007874015748031496,0.015173769437865763,0.6306047409144381,0.4069219990938738,0.6439982793312589
0,0.0,0.40629921259842516,0.06713086391055632,0.19310328615267486,0.14334138948380543,0.39818991792888647,0.4523809172676871,0.3284760170006072,0.007874015748031496,0.4901266219224584,0.28380925230975135,0.5098123734987551,0.10289814863464734
0,0.2857142857142857,0.05385826771653543,0.07215774055140348,0.2886002414105779,0.00478328436087401,0.014980987617184985,0.5238095028463804,0.22768670309653916,0.49606299212598426,0.12466990128398578,0.1159826896696719,0.7005978559259328,0.4121610599492241
0,0.0,0.368503937007874,0.366198554999073,0.3403689426258396,0.0033822928927479544,0.7520040491671902,0.5238095028463804,0.3551912568306011,0.11811023622047244,0.2642442225597411,0.1802518250552242,0.599590261267421,0.1343584172223532
0,0.0,0.4393700787401575,0.35634256170907763,0.18649772855281999,0.014314696268496817,0.014530588527803614,0.5952380774194233,0.37279902853673347,0.11811023622047244,0.2557789276925441,0.13694375482552398,0.8214827169550944,0.1603366191438957
0,0.2857142857142857,0.2944881889763779,0.11939547776611574,0.10952127186634035,0.01881560744255529,0.3219379005600904,0.49999998018982944,0.2896174863387978,0.023622047244094488,0.07931254947782815,0.2044608023536605,0.606243344389211,0.07262546791672204
0,0.0,0.25354330708661416,0.1326645984437082,0.2135950611498264,0.085038370936568,0.19782984396054723,0.21428569070217787,0.17911353976927746,1.0,0.6194924876336417,0.14447107549088034,0.8651879086414778,0.6175560947087521
0,0.0,0.0,0.016871174217753183,0.7274014466055879,0.1445880005046696,0.21050291588876333,0.7380952221632491,0.5245901639344263,1.0,0.40586083983810106,0.08614302951909375,0.8945704562598694,0.11145542010093078
0,0.42857142857142855,0.0,0.18096575974958537,0.7630058669178216,0.0016911464463739772,0.03415910962720579,0.4047618829602356,0.5142683667273831,0.05511811023622047,0.048908760819014026,0.311030455626358,0.4427435124520311,0.12434533635388723
0,0.0,0.2677165354330709,0.37806135697026405,0.15295291924992477,0.0,0.377389485928922,0.4047618829602356,0.4074074074074074,0.05511811023622047,0.06778866955669519,0.11357411773564617,0.5117944202277943,0.14962768648556443
0,0.2857142857142857,0.8047244094488187,0.17374859455870095,0.12092470829871137,0.009906840632951339,0.28028933563910907,0.6190476022771042,0.12325440194292653,0.023622047244094488,0.08270235708654716,0.12825330539036606,0.5037156399962366,0.09871079136039758
0,0.0,0.34488188976377954,0.018875978213847826,0.19649166959093098,0.11151240577953679,0.8440718216590485,0.42857140341565636,0.6369156041287188,0.2440944881889764,0.29205865364115496,0.29162236896271915,0.8776622481805665,0.21232281405895298
0,0.0,0.37007874015748027,0.03981153289679985,0.09742989870196789,0.07383323784254371,0.18086671380335345,0.5238095028463804,0.2586520947176685,0.0,0.721362357020439,0.1562926963550432,0.9265178518396147,0.5933516434315154
0,0.0,0.23307086614173225,0.4472965298665654,0.22032791192741533,0.02192086251937739,0.09987507298046674,0.6666666519924662,0.42926533090467517,1.0,0.2313088879119571,0.08025056877657114,0.6260385040872304,0.15779092925230695
0,0.42857142857142855,0.0,0.05181622372005974,0.6522772672716908,0.049279547949433615,0.9645839391914541,0.49999998018982944,0.5075895567698846,0.49606299212598426,0.10332493690802205,0.3077974693411609,0.7005636744435028,0.41620586021969935
0,0.5714285714285714,0.5118110236220472,0.30245141261315056,0.03419845488888649,0.0,0.041724410495423594,0.49999998018982944,0.10200364298724955,0.49606299212598426,0.07902342129575304,0.2046694795124742,0.45954150805361177,0.17309822186729684
0,0.0,0.33385826771653543,0.010215126935414424,0.16423460770591514,0.1465187314544144,0.8842651893718241,0.16666664098681588,0.2847601700060716,0.11811023622047244,0.28640252186114307,0.29900304592769267,0.7120358209568076,0.22047959733881775
0,0.2857142857142857,0.27874015748031494,0.08967012407557504,0.16682226406874456,0.0,0.3130151921467468,0.4047618829602356,0.1469338190649666,1.0,0.2046669264166566,0.06405195162740633,0.35918625253242115,0.1875225820961302
0,0.0,0.28031496062992123,0.27226529289256796,0.04611421673983489,0.0033822928927479544,0.48466744216506125,0.4523809172676871,0.008500303582270795,0.05511811023622047,0.08675122795912532,0.1752144507311143,0.6743579640055849,0.9839493977246774
0,0.2857142857142857,0.2677165354330709,0.10108436106559472,0.23413489455870717,0.044738913708104004,0.17880199927630014,0.42857140341565636,0.1323618700667881,1.0,0.10700815320236204,0.25591701206885686,0.33629425980208505,0.0984746227392216
0,0.0,0.0,0.17304423989690845,0.6531388872932612,0.011958210902185025,0.1321238842035861,0.5952380774194233,0.02671523982999393,0.0,0.45774558356154416,0.17374304603734642,0.8689551687054815,0.75719974763987
0,0.2857142857142857,0.4645669291338583,0.09272589870039437,0.27643399380946987,0.11335220810259014,0.30093256826864806,0.6666666519924662,0.28111718275652703,0.0,0.1747702844634248,0.09383018788701182,0.5126842054929504,0.35599781848660517
0,0.2857142857142857,0.39842519685039374,0.28422687313121764,0.0040759595899849685,0.007174927013258904,0.9158250788633028,0.5714285525617423,0.10564663023679417,0.49606299212598426,0.1392568326918087,0.10962656457337679,0.46899942066174916,0.13764670358171724
0,0.42857142857142855,0.1984251968503937,0.1785662731219095,0.17029483029882853,0.01304301458916779,0.5336452161442782,0.5238095028463804,0.18518518518518517,0.023622047244094488,0.048908760819014026,0.37201234752604323,0.5741007386879624,0.11614614868224787
0,0.42857142857142855,0.30236220472440944,0.16222910683235847,0.046114200625574545,0.02424649114610028,0.0027749226906538384,0.38095235370029445,0.14632665452337584,1.0,0.06710882560501363,0.21400349545805705,0.3836733347302753,0.23143604856845393
0,0.2857142857142857,0.5244094488188976,0.07265264917260485,0.07763267676253514,0.02530263186460004,0.20554543325422953,0.5952380774194233,0.3588342440801457,0.11811023622047244,0.1150036524759986,0.1114068718492455,0.4859541007158076,0.4034987657846197
0,0.0,0.14314960629921258,0.025498607084009084,0.3089978617324422,0.1224086049314779,0.8336629756494983,0.5714285525617423,0.23436551305403763,0.11811023622047244,0.4122228828447664,0.04601586458671524,0.5978051870701052,0.18215099914558514
0,0.0,0.2960629921259842,0.34066563174983766,0.17978311532634883,0.004450154594396972,0.025335324432861298,0.5238095028463804,0.3600485731633273,0.49606299212598426,0.03392214978787543,0.16311188763143694,0.31428379683639945,0.07005251369250752
0,0.0,0.43779527559055115,0.3302005015718308,0.20484008871563847,0.024284077076012243,0.7444387219372068,0.5952380774194233,0.3618700667880996,0.11811023622047244,0.10064218502352623,0.12825330539036606,0.7735807163628627,0.09988676437995636
0,0.2857142857142857,0.34015748031496057,0.13476824619491312,0.10597494971876824,0.10276541798694089,0.8355473701502676,0.8333333370018835,0.4383727990285367,0.05511811023622047,0.6021391775152917,0.0024129722135088896,0.520294911213638,0.13697699539331606
0,0.2857142857142857,0.14393700787401573,0.5865081704428668,0.42717463365177005,0.02437469264393703,0.805723722037104,0.3571428310437435,0.4268366727383121,0.2440944881889764,0.3644118274114192,0.20752207291619956,0.6148389282282556,0.08602099693906924
0,0.42857142857142855,0.2692913385826772,0.742297253409745,0.2870032992526206,0.004783186589002922,0.5336452161442782,0.42857140341565636,0.45112325440194295,1.0,0.048908760819014026,0.28032440642337625,0.2899360130687974,0.0769975624402886
0,0.2857142857142857,0.28031496062992123,0.15214882151474082,0.07885763543893633,0.05547946444612038,0.25546190808124086,0.6428571249336552,0.4074074074074074,0.2440944881889764,0.4885647959158376,0.036565358590806916,0.6463187130892939,0.10621789697426123
0,0.5714285714285714,0.40629921259842516,0.19340148330166612,0.05427870580119059,0.0,0.7206198400312568,0.5714285525617423,0.04068002428658166,0.05511811023622047,0.07331103973265858,0.15547052657937208,0.5471336979543644,0.6484503736828441
0,0.2857142857142857,0.5039370078740157,0.17300553860223666,0.1067869946923418,0.0033822928927479544,0.2525179648494993,0.5714285525617423,0.44505160898603524,0.023622047244094488,0.019192837924269793,0.29762553741005277,0.5127880176388199,0.15958173538720155
0,0.0,0.24566929133858265,0.12550848300334763,0.029264442784991594,0.04304951724450393,0.515479739734451,0.8095238231498527,0.2185792349726776,0.023622047244094488,0.4407047791243643,0.10412461439275315,0.7572018651989314,0.19968730377971372
0,0.0,0.42519685039370075,0.0592115146874179,0.03976614416651453,0.09831956661339948,0.03054629070534095,0.5714285525617423,0.6369156041287188,0.49606299212598426,0.1646050388468092,0.26139958711933786,0.4986337610455583,0.35071312276649097
0,0.0,0.01874015748031496,0.015168289912689065,0.4947882690459656,0.13455287027694218,0.4633115261408817,0.4047618829602356,0.6429872495446266,0.0,0.1960402036792498,0.18157057582740943,0.8200641004056852,0.3627917926737824
0,0.0,0.11370078740157481,0.1592500735623426,0.4110304197423576,0.033482991941961734,0.5593024565835596,0.4523809172676871,0.23618700667880996,0.023622047244094488,0.08186822907800598,0.17954955776826592,0.6393965222946594,0.11597977104705359
0,0.0,0.024881889763779527,0.016327200086265675,0.4550448440907396,0.21468870159899092,0.8550832698801011,0.5952380774194233,0.6454159077109897,0.11811023622047244,0.1968310432363912,0.12578556553465212,0.8311055540564762,0.3881839133285205
0,0.0,0.21574803149606298,0.07884901446806607,0.25392646702804317,0.07391599075863106,0.3962283528280902,0.4523809172676871,0.11171827565270188,0.0,0.281600796768633,0.0686851941205284,0.5437990786799597,0.1875225820961302
0,0.0,0.2944881889763779,0.07614153877924404,0.0,0.012528264172516462,0.1746189836901144,0.5714285525617423,0.1366120218579235,0.49606299212598426,0.1621317775328103,0.22835026375995307,0.6201800360787016,0.08489138143574647
0,0.0,0.24724409448818896,0.10826566064070066,0.05397986779102497,0.13728282924579266,0.6008752938643129,0.5952380774194233,0.1092896174863388,0.05511811023622047,0.24415362132252685,0.08915476560454068,0.8082100055862221,0.7993759177960401
0,0.0,0.4110236220472441,0.05378093719314585,0.03143959967627399,0.010958233555683717,0.04544282771281991,0.4523809172676871,0.14571948998178508,0.49606299212598426,0.3840699366518529,0.14173301810347902,0.9241389072370222,0.5933516434315154
0,0.0,0.24409448818897636,0.08951653327955292,0.24649981203189258,0.11905267787951926,0.12083669191476325,0.4047618829602356,0.273224043715847,1.0,0.45212389000262776,0.22769287658921475,0.5649694903601263,0.08843884197049767
0,0.0,0.5811023622047244,0.17636164722679504,0.11594275721819333,0.015208564784444094,0.42163671045124684,0.6190476022771042,0.23800850030358228,0.05511811023622047,0.19581361795101054,0.08994973841717122,0.5907784575218787,0.11844050951658167
0,0.42857142857142855,0.4661417322834645,0.10905057782997574,0.048092943641227556,0.00478328436087401,0.6496929270550522,0.49999998018982944,0.3132969034608379,0.11811023622047244,0.0479600384418967,0.24956089266945386,0.34955197522434633,0.21103868029382028
0,0.0,0.4330708661417323,0.0007001823990046895,0.2601796721070305,0.4911066375695061,0.6742123104450309,0.47619045313101843,0.31997571341833636,0.11811023622047244,0.402360722496112,0.24095167521921335,0.592592054937233,0.22659701668904206
0,0.0,0.0,0.02085262506297623,0.7013680627872249,0.34701895688818957,0.40785994077205007,1.0,0.3339404978749241,0.007874015748031496,0.44148181860250646,0.09910929843498033,0.8820835634128956,0.6150764260710555
0,0.42857142857142855,0.27401574803149603,0.1208694394943692,0.13469070383487167,0.0,0.7520040491671902,0.5476190277040613,0.10200364298724955,0.11811023622047244,0.019192837924269793,0.31054277317535484,0.27612679620134434,0.08162055810557557
0,0.42857142857142855,0.6220472440944882,0.1604457127714145,0.0344781055544718,0.004761578612202622,0.7520040491671902,0.5238095028463804,0.12568306010928962,0.05511811023622047,0.009597050088502304,0.14025747746602293,0.2603520961689747,0.09871079136039758
0,0.0,0.4110236220472441,0.30317529276795063,0.29620348974213584,0.01773419391457806,0.6271325280877674,0.5476190277040613,0.3885853066180935,0.11811023622047244,0.07455043557015811,0.37159479951408336,0.3888035872035785,0.16538492209660152
0,0.42857142857142855,0.27401574803149603,0.0832590991594946,0.1152025249718901,0.016833578903551787,0.06243973977884976,0.3571428310437435,0.1153612629022465,0.49606299212598426,0.16904057636401798,0.10086802588345113,0.3533909220970468,0.06869577692502365
0,0.2857142857142857,0.5448818897637795,0.10216876663736041,0.02101867623815815,0.031066266360466877,0.4016594315182379,0.49999998018982944,0.2738312082574378,0.007874015748031496,0.0890910582098901,0.36186036611118305,0.5539201213230828,0.14050790986073375
0,0.0,0.5401574803149606,0.028696818622602677,0.014410692968172819,0.049287190358922664,0.6834150640563154,0.5714285525617423,0.13904068002428657,0.11811023622047244,0.3244289700844036,0.12163771534189596,0.3424253061948132,0.30738361836022954
0,0.0,0.305511811023622,0.05056722161199317,0.09814082195239998,0.04705928483533895,0.8916230078830004,0.6190476022771042,0.6211293260473588,0.11811023622047244,0.28729252366259056,0.06405195162740633,0.7655171021350426,0.36490640860670176
0,0.2857142857142857,0.28503937007874014,0.09824683198717,0.04899635647094665,0.00478328436087401,0.9183091341575222,0.7380952221632491,0.3302975106253795,0.49606299212598426,0.40484413761075183,0.1880247786186578,0.5732587703948353,0.43798861522569726
0,0.0,0.4188976377952756,0.027520604449752406,0.10299691118066151,0.11335220810259014,0.0027749226906538384,0.42857140341565636,0.3849423193685489,0.11811023622047244,0.2551015669287304,0.19297640901928134,0.706564109233196,0.429274930443094
0,0.0,0.31496062992125984,0.20918426165152482,0.0,0.014863990910912913,0.467671762164706,0.4047618829602356,0.32604735883424407,0.0,0.4446991169602144,0.12653282117878079,0.4057709287836931,0.20542074025699242
0,0.2857142857142857,0.41732283464566927,0.13965131068130301,0.09782302978048017,0.017716723976872035,0.5022610070083448,0.5238095028463804,0.12507589556769885,0.023622047244094488,0.009597050088502304,0.18157057582740943,0.3109999241545216,0.10262002391416154
0,0.0,0.0,0.15113561310048043,0.6380387352694332,0.030675631159509893,0.4679053829060322,0.4523809172676871,0.1912568306010929,0.023622047244094488,0.1995168939410216,0.3775600152660302,0.7041138179361601,0.09370599315369786
0,0.0,0.2078740157480315,0.09492885243508521,0.35561760177719437,0.03915797259996407,0.8062167425515525,0.49999998018982944,0.05525197328476017,0.49606299212598426,0.1569192315256607,0.11304025627701692,0.6051805646471703,0.7129613302614296
0,0.42857142857142855,0.42519685039370075,0.19930588175753086,0.03783186608253421,0.0023101489719244495,0.8768755702466129,0.6190476022771042,0.09957498482088646,0.2440944881889764,0.0880589238582707,0.1358946607455388,0.3768775582195984,0.17309822186729684
0,0.0,0.1952755905511811,0.14079694402827642,0.08160061431352018,0.011958210902185025,0.3962283528280902,0.5476190277040613,0.07710989678202793,0.007874015748031496,0.281600796768633,0.18360507273333845,0.820591184739457,0.7496661723936588
0,0.0,0.1732283464566929,0.02221601629587092,0.20549179679879792,0.2011215998907598,0.27839020629885247,0.4047618829602356,0.17182756527018822,0.0,0.3179388425121763,0.16976016075007122,0.4594917122350197,0.15301211120167635
0,0.0,0.6866141732283465,0.06445714297340388,0.18468689328624935,0.03324000406504449,0.3108954287033563,0.5476190277040613,0.13782635094110504,0.0,0.06676628202733903,0.3278022370929742,0.3280726625037301,0.28508426741945564
0,0.2857142857142857,0.3417322834645669,0.09802916502099801,0.2830936194922643,0.09860952353084983,0.18468788224560062,0.5238095028463804,0.16272009714632665,0.0,0.33836409566512243,0.18224612469026624,0.5081529405984583,0.21294673528516406
0,0.0,0.03590551181102362,0.060621690171435226,0.5602001277386895,0.11108425465427142,0.30623766546864006,0.6666666519924662,0.2034001214329083,0.05511811023622047,0.18662749620291239,0.08432856367799851,0.5367395435660541,0.07812591457393812
0,0.0,0.27244094488188975,0.06964794855798734,0.11651936336917713,0.011897000834089237,0.5944764053873458,0.5714285525617423,0.14754098360655737,0.11811023622047244,0.16528513690174176,0.13924437635053089,0.5871031519841045,0.15547488736422585
0,0.0,0.0,0.05080360342305862,0.6213755663451588,0.22381398708813502,0.5046698063991938,0.49999998018982944,0.2859744990892532,0.023622047244094488,0.5816596330335878,0.028392817607239586,0.8838493283964822,0.6150764260710555
0,0.0,0.23937007874015748,0.0881541167318025,0.12374295972705097,0.08088559920234514,0.9143251776505505,0.5238095028463804,0.21311475409836064,0.49606299212598426,0.17322749554183073,0.33907816975044075,0.4607804978982021,0.1273097110305754
0,0.0,0.505511811023622,0.04306802399467553,0.1498942430572657,0.11287606774277077,0.6782880891438364,0.5714285525617423,0.41712204007285975,0.05511811023622047,0.23300435570158112,0.13471837785180324,0.6071735104920455,0.16397304535595958
0,0.2857142857142857,0.26614173228346455,0.03146550237675669,0.051484701595179067,0.035291556820795406,0.8354420063357035,0.5714285525617423,0.17486338797814208,0.11811023622047244,0.10507464024764118,0.3601962868286017,0.4386711389835773,0.2062092663254692
0,0.2857142857142857,0.4598425196850393,0.1885923562813085,0.10989757776125908,0.0,0.6660820089552304,0.5476190277040613,0.14814814814814814,0.05511811023622047,0.1392568326918087,0.09845945964631753,0.3634181705050261,0.08185320151782458
0,0.0,0.21574803149606298,0.19981566815588553,0.08559515366463874,0.012256895709270032,0.08339920259821561,0.6190476022771042,0.2501517911353977,0.49606299212598426,0.0985812775071934,0.2866463330761999,0.880301843978894,0.09345268753421222
0,0.0,0.28031496062992123,0.06994420706407031,0.10203290873205227,0.002390298859427804,0.03415910962720579,0.8333333370018835,0.08743169398907104,1.0,0.42164118885614693,0.03205906564196562,0.7211201953566799,0.6882410573727651
0,0.2857142857142857,0.37007874015748027,0.11662077868505373,0.051298079502452305,0.08038681320963265,0.36297534425690897,0.5238095028463804,0.09593199757134184,0.05511811023622047,0.07485704316367224,0.2077638604120874,0.6002392920206445,0.20435182762877604
0,0.0,0.1889763779527559,0.09285578678136204,0.3748483316337528,0.1882571420660683,0.6354927874209424,0.6190476022771042,0.7061323618700668,0.11811023622047244,0.4869954707644913,0.03522104586362312,0.8304129268399091,0.15438633137528357
0,0.2857142857142857,0.352755905511811,0.062261345195202794,0.1589567893265206,0.1042648042973687,0.6694643344736415,0.4523809172676871,0.1912568306010929,0.2440944881889764,0.0772656548261438,0.38776833324718873,0.4071741938124993,0.35780407033460165
0,0.42857142857142855,0.08062992125984252,0.04261507579146595,0.11528554184958723,0.052616133003724926,0.4669519194695236,0.5714285525617423,0.29811778992106863,0.007874015748031496,0.1516673222392818,0.27815702950845655,0.5810096031877734,0.29700915263442473
0,0.0,0.384251968503937,0.01788478573076208,0.04932255649517492,0.06848523448101622,0.47218001256484987,0.5952380774194233,0.33515482695810567,0.023622047244094488,0.22681582596365044,0.11162171874223871,0.6168052524029614,0.1038649117117028
0,0.42857142857142855,0.24881889763779524,0.3268079678253446,0.4343861822302933,0.0023101489719244495,0.377389485928922,0.6428571249336552,0.2835458409228901,0.007874015748031496,0.020356855994936113,0.1568435345522273,0.3069314233506306,0.36836056317800475
0,0.0,0.08913385826771653,0.02314659773211812,0.45892687367614243,0.257957639215975,0.5656226205037928,0.47619045313101843,0.6320582877959927,0.11811023622047244,0.38187969058074367,0.11612441125525226,0.8811618228676932,0.14049806780344057
0,0.0,0.007732283464566928,0.4779727261097868,0.5877301566628391,0.006764585628179946,0.07901434746027976,0.5714285525617423,0.4219793564055859,0.49606299212598426,0.1346322175652694,0.1925498086457229,0.5815861896051004,0.16272736285813996
0,0.0,0.44566929133858263,0.3646624817302168,0.0661543374564986,0.02483874956462807,0.3615430401609011,0.5238095028463804,0.35579842137219186,0.0,0.13580366454073833,0.2164291751591567,0.42884233178250514,0.1603366191438957
0,0.0,0.184251968503937,0.02210854088680199,0.2969156736964654,0.2371061476875969,0.6190551721229046,0.5476190277040613,0.9052823315118397,0.05511811023622047,0.386553496378099,0.08913844970547317,0.7357323075734817,0.24503153640698747
0,0.0,0.4551181102362204,0.06579160328775986,0.16639944483529426,0.21461938031983593,0.8074556067867948,0.30952376812160115,0.19672131147540983,0.49606299212598426,0.11199761927978462,0.3929370380256293,0.5465034662434903,0.20114651612924195
0,0.2857142857142857,0.16062992125984252,0.18394803561205778,0.14090767078604033,0.03213178311036942,0.9505915580191936,0.7142857017078282,0.1973284760170006,0.2440944881889764,0.1359701641465684,0.12061195003519334,0.37489427471145714,0.13897411794662365
0,0.0,0.2755905511811023,0.06139196483046073,0.21878035523792133,0.0314813044136252,0.5759769670316985,0.6666666519924662,0.5349119611414693,0.023622047244094488,0.08569049562942407,0.17694132115878014,0.8026971709574708,0.3832609896274191
0,0.42857142857142855,0.5102362204724409,0.11952038115593462,0.07589208071310721,0.0016911464463739772,0.6496929270550522,0.5714285525617423,0.23497267759562843,0.11811023622047244,0.09576310718281715,0.13109734775900056,0.3711237526425718,0.32225376469134637
0,0.2857142857142857,0.2960629921259842,0.16995456428585778,0.21471983652177673,0.0277208031797961,0.8031595824740322,0.6428571249336552,0.4517304189435337,0.11811023622047244,0.23947193419262927,0.1093431270991082,0.421118692670071,0.2057914781252992
0,0.2857142857142857,0.28976377952755905,0.35433330518847855,0.4127009945911063,0.010959422864365008,0.7633412733121255,0.47619045313101843,0.2774741955069824,0.49606299212598426,0.13412692602000761,0.15127176895851985,0.43222952962848116,0.38115036757282156
0,0.2857142857142857,0.27716535433070866,0.12143331360650288,0.23562783338461457,0.005073439024490005,0.8282434683869706,0.3333332819736318,0.16332726168791742,0.2440944881889764,0.1346322175652694,0.25228208155925086,0.34396516574555996,0.10361617052458501
0,0.0,0.43622047244094486,0.11605223778299249,0.07953396042451408,0.017918187518740265,0.03415910962720579,0.38095235370029445,0.3800850030358227,0.49606299212598426,0.3558970753748746,0.1858569345585832,0.7844383691793659,0.11968411356751946
0,0.0,0.2960629921259842,0.22637434420157074,0.26055955157615474,0.013205566027554834,0.654509388118447,0.6190476022771042,0.36854887674559805,0.05511811023622047,0.15749148031051002,0.26720392263746273,0.7864450432722727,0.1700149681797424
0,0.2857142857142857,0.4724409448818897,0.025718018056280722,0.017912412738910498,0.1327624415689184,0.8636568375205066,0.4523809172676871,0.3175470552519733,0.49606299212598426,0.3189224906580902,0.1864552962299367,0.5369921402378877,0.05144040902775032
0,0.0,0.3354330708661417,0.04884044257953698,0.0,0.16030992188633167,0.05061863848973167,0.3333332819736318,0.37462052216150576,0.05511811023622047,0.14497841361894262,0.2709424910087433,0.6258571922708851,0.4259859512681027
0,0.0,0.08220472440944881,0.10644420108752736,0.26245573554868395,0.2538514880674269,0.36931212996405915,0.4047618829602356,0.40922890103217974,0.007874015748031496,0.386553496378099,0.15390577261112098,0.9147606741225277,0.9047328589033801
0,0.0,0.28031496062992123,0.052075320209184095,0.13864529498670194,0.12218625454918437,0.2683644217172109,0.49999998018982944,0.14996964177292046,0.05511811023622047,0.2837882332428202,0.06822715259929066,0.38437839157681697,0.3626804735040253
0,0.2857142857142857,0.09779527559055118,0.07252213164721916,0.2231462391875683,0.05087626957915148,0.5862202889027511,0.5714285525617423,0.3928354584092289,0.023622047244094488,0.13276976055623407,0.39073051206797504,0.6889162608717134,0.17200208566031508
0,0.0,0.39999999999999997,0.03986185920332937,0.35074611869081684,0.3027520539958726,0.5345777011652455,0.6666666519924662,0.37522768670309653,0.023622047244094488,0.5881249493859377,0.022841219011681187,0.5788789265301578,0.2501365279795476
0,0.0,0.28346456692913385,0.0009040606540270836,0.1671640475306223,0.4515548873822215,0.41162947900271496,0.6190476022771042,0.37462052216150576,0.0,0.42529366485475206,0.10634530282424887,0.8527496521326879,0.3744849921922226
0,0.0,0.1795275590551181,0.0,0.3217239566537772,0.5554449886527996,0.13521174325083302,0.5476190277040613,0.5209471766848816,1.0,0.4107041924144188,0.12489830876636715,0.6715943347230711,0.363262092223113
0,0.2857142857142857,0.2992125984251969,0.1292487180315353,0.11654052044510999,0.11422827710388862,0.809873563422523,0.3571428310437435,0.12629022465088038,0.49606299212598426,0.2133313101480988,0.4082274680248143,0.32166702796076185,0.2331116842937811
0,0.0,0.23149606299212597,0.05946191657814177,0.0692913137880626,0.03511841015229129,0.1089545367766054,0.30952376812160115,0.3333333333333333,1.0,0.7488504823416833,0.13828611921559847,0.837229883192707,0.5194608190908525
0,0.42857142857142855,0.505511811023622,0.12624125803431757,0.24634710571769977,0.0071042056220320384,0.025335324432861298,0.5476190277040613,0.1955069823922283,0.2440944881889764,0.03392214978787543,0.3975689474459923,0.3162020025741702,0.34774308330320347
0,0.42857142857142855,0.4881889763779527,0.127358223049161,0.028821385936345638,0.01172001565608465,0.09287996461418585,0.4523809172676871,0.12568306010928962,0.49606299212598426,0.0625083110356009,0.32321205171058964,0.3532844663358468,0.09871079136039758
0,0.0,0.009007874015748032,0.4076350336301344,0.5586403905641716,0.010940824184623497,0.9819756839074464,0.5952380774194233,0.4408014571948998,0.49606299212598426,0.0772656548261438,0.14336796347969472,0.7391840962080569,0.15933293306929316
0,0.0,0.3763779527559055,0.04220433724080559,0.04674206149922149,0.08669970616524406,0.7408650654992751,0.3333332819736318,0.42926533090467517,0.05511811023622047,0.513541224224014,0.16136211569739842,0.724575756167516,0.4259859512681027
0,0.42857142857142855,0.415748031496063,0.05524774805132909,0.06574618219996053,0.02149665215898855,0.5941424156922989,0.5714285525617423,0.22586520947176686,0.05511811023622047,0.13122559162674008,0.11304025627701692,0.36012802889907525,0.401423619965524
0,0.0,0.2377952755905512,0.00037228134054621533,0.09302968189881343,0.4956481685118256,0.22304925709769727,0.5238095028463804,0.4644808743169399,0.11811023622047244,0.15533418502683163,0.1448867435284365,0.9175147183670014,0.09426758135038549
0,0.42857142857142855,0.2141732283464567,0.2461284526933736,0.30357958387671563,0.017716723976872035,0.5228825952408965,0.49999998018982944,0.26836672738312084,0.05511811023622047,0.11097707451546847,0.16214256143509106,0.49276057536571644,0.43237856106086203
0,0.42857142857142855,0.2629921259842519,0.21676302676550258,0.0345856644506715,0.005622035970609603,0.5759769670316985,0.49999998018982944,0.28536733454766244,0.11811023622047244,0.10700815320236204,0.12825330539036606,0.40665479296889845,0.32469386133056805
0,0.0,0.1921259842519685,0.37472905278915086,0.0,0.002390298859427804,0.9505915580191936,0.6190476022771042,0.3782635094110504,0.49606299212598426,0.04550137463661169,0.11993024283194131,0.7362011086920742,0.14881725521710798
0,0.42857142857142855,0.3070866141732283,0.11540326787196159,0.1283832126564813,0.03834570623383382,0.6149264756483884,0.5238095028463804,0.30601092896174864,0.023622047244094488,0.08831810917432556,0.227414549227189,0.27429221992047326,0.21103868029382028
0,0.0,0.8031496062992126,0.1521704197237108,0.16651846286639327,0.038266274257728224,0.41292031753995334,0.5476190277040613,0.14207650273224043,0.023622047244094488,0.15226022569326803,0.1044891414296358,0.500587825647416,0.052184635649942704
0,0.0,0.1732283464566929,0.1412104508627712,0.3136287020380369,0.0023916418658050786,0.609538963244484,0.5952380774194233,0.26958105646630237,0.11811023622047244,0.06139732823859758,0.19781509283648585,0.5789064294054374,0.10074206564874322
0,0.0,0.22677165354330708,0.2792898925977082,0.17509849130711486,0.10943707786227742,0.2976387905332957,0.28571427628087115,0.11657559198542805,0.0,0.4558963523168432,0.16832794497728287,0.8282951745239089,0.8283248723734276
0,0.0,0.40314960629921254,0.10949883126795029,0.2836577323519938,0.03299854765902835,0.34439937353345335,0.5952380774194233,0.1912568306010929,0.023622047244094488,0.13122559162674008,0.15252810458050134,0.6814065381646995,0.08058659191267553
0,0.42857142857142855,0.1590551181102362,0.027362861227978662,0.34973392512480495,0.12024890059739163,0.06714921647282907,0.49999998018982944,0.24286581663630843,0.49606299212598426,0.07299787296985963,0.23549754475114998,0.25827334877390207,0.1540705093339025
0,0.0,0.3275590551181102,0.015713959093488137,0.10861400109311557,0.42655248044798555,0.9054707045861702,0.4523809172676871,0.7565270188221008,0.49606299212598426,0.075769344074808,0.14448514681444763,0.8273523468950182,0.2833671035103531
0,0.0,0.39212598425196843,0.13909136582826365,0.31757207008148697,0.03677404425046337,0.30955940332502335,0.5476190277040613,0.30783242258652094,1.0,0.3199677020306775,0.35576260646688135,0.8319253376244622,0.6298389007029236
0,0.0,0.4346456692913385,0.44718401826634985,0.23883722530636525,0.0016911464463739772,0.9958612028068897,0.5714285525617423,0.4074074074074074,0.49606299212598426,0.12913704056892683,0.14838654375665947,0.49092038719967024,0.1623364722058519
0,0.0,0.25826771653543307,0.055084711138419534,0.11255654446559521,0.11062263455784932,0.37271462917043136,0.7619047514231901,0.2610807528840316,0.023622047244094488,0.6265760392616379,0.10131504391841246,0.8602298312789041,0.6395598578998469
0,0.0,0.46771653543307085,0.11258648502723397,0.062260089470165016,0.06333314140785831,0.3211343661965578,0.6428571249336552,0.4007285974499089,0.0,0.7055767606669652,0.020896603681994357,0.8002656787027845,0.43798861522569726
0,0.2857142857142857,0.12047244094488188,0.002431521279417625,0.40310533171584073,0.4192191968264965,0.6496929270550522,0.5476190277040613,0.30418943533697634,0.023622047244094488,0.14325533534191967,0.2659498258940893,0.34045828478588863,0.18941390762776864
0,0.0,0.03196850393700787,0.0944298810362766,0.41629940371549345,0.07482355441574896,0.7306481331430107,0.23809520455420854,0.4820886460230723,0.05511811023622047,0.34794527566277567,0.21745266170900632,0.7771358069719279,0.6185627965690261
0,0.0,0.44724409448818897,0.10217825280980174,0.07203417512333571,0.02437469264393703,0.32875739516897057,0.5238095028463804,0.04189435336976321,0.0,0.1346322175652694,0.24844371503159307,0.43238822384699954,0.6386044447729206
0,0.0,0.3480314960629921,0.14406304210105747,0.1510169709702548,0.06985152362083455,0.9243342960465121,0.6904761878557976,0.16150576806314512,0.49606299212598426,0.35789333530556017,0.1770081457034944,0.5141684950126728,0.04914943076383196
0,0.0,0.3385826771653543,0.10088015403712933,0.08432323234621165,0.009566568564432056,0.4417638074603241,0.5476190277040613,0.10625379477838494,0.023622047244094488,0.05165002255941058,0.29348237575952163,0.3937161820146779,0.06407547101452486
0,0.42857142857142855,0.0,0.48661968383324783,0.6475348120157783,0.006423980836398635,0.3597959210856385,0.5238095028463804,0.4195506982392228,0.11811023622047244,0.06139732823859758,0.35568630229365855,0.6232862377127155,0.13312115039671182
0,0.0,0.39842519685039374,0.03896123868557763,0.08678974738716747,0.06600220336737965,0.9243342960465121,0.5714285525617423,0.24468731026108076,0.49606299212598426,0.2720183979017269,0.13331804188738838,0.6152925633431103,0.348303999061194
0,0.0,0.2377952755905512,0.04486633398091931,0.08692965708285251,0.23500308496603706,0.16241292292596726,0.6190476022771042,0.4584092289010322,0.0,0.18614947220895467,0.13758730424527252,0.28519925114262157,0.18011141106971232
0,0.2857142857142857,0.39842519685039374,0.1333329666872582,0.01606327956289026,0.017189872816336445,0.31462110928089543,0.5476190277040613,0.0904675166970249,0.11811023622047244,0.0880589238582707,0.2614926914274594,0.5000164955412723,0.17784806392316366
0,0.0,0.0,0.08227849469448294,0.786823881182165,0.09842426825266329,0.18814367106732408,0.38095235370029445,0.1870066788099575,0.0,0.251941968601928,0.11714160273929544,0.44632500829492294,0.07812591457393812
0,0.0,0.28976377952755905,0.022389093165149178,0.27487563108656937,0.327689725411279,0.5916016964767361,0.5238095028463804,0.5003035822707954,0.023622047244094488,0.29964206561565704,0.09923989968711802,0.8832757720879549,0.09426758135038549
0,0.0,0.03354330708661417,0.09434691517556158,0.38956173193036897,0.0550899737187952,0.9162547756419506,0.21428569070217787,0.4329083181542198,0.11811023622047244,0.562450604807055,0.18148795380081173,0.7963079546570809,0.6185627965690261
0,0.0,0.050708661417322824,0.0,0.45344226194166215,0.5136510140429668,0.3325901905372916,0.3571428310437435,0.46690953248330297,0.007874015748031496,0.26399962235711955,0.07249558890781559,0.8439697263684983,0.2741885190649259
0,0.0,0.14866141732283464,0.002533294748602443,0.12155298435153658,0.3586625720467782,0.8369682970632438,0.42857140341565636,0.3442622950819672,0.2440944881889764,0.5119471911467948,0.05811842768639262,0.5138291382868377,0.1674294210126558
0,0.0,0.0046771653543307085,0.49059349360471755,0.6027476235731534,0.0047017910737034724,0.5534165680644136,0.47619045313101843,0.45051608986035213,0.11811023622047244,0.015173769437865763,0.14541154123168296,0.6813966748513616,0.08112872014100916
0,0.2857142857142857,0.28818897637795277,0.08304035132917044,0.20594146049418455,0.07993974483980043,0.725198628966197,0.3333332819736318,0.15846994535519127,0.11811023622047244,0.43661572068640103,0.2667832071534772,0.3992817343526496,0.3038826376032956
0,0.2857142857142857,0.1763779527559055,0.506057270795127,0.136025561766813,0.0016911464463739772,0.2878270801375474,0.6666666519924662,0.4371584699453552,0.0,0.1516673222392818,0.26632694306258475,0.6794974304831976,0.16981252337806996
0,0.0,0.3858267716535433,0.00016008494574952078,0.12211849062083695,0.48691076126138455,0.6573390322845605,0.5714285525617423,0.5349119611414693,0.023622047244094488,0.3488856023032084,0.14757249205227718,0.6231846053900133,0.4673560711958123
0,0.0,0.21732283464566926,0.08715359893429338,0.21806383939125254,0.16939134768495404,0.8725795459338502,0.7142857017078282,0.31208257437765635,0.2440944881889764,0.24751253576038434,0.1352283294541524,0.7394740281490305,0.07276851396682173
0,0.0,0.4188976377952756,0.012537328597198553,0.16387241600726166,0.2974777688946697,0.35280934283170867,0.5714285525617423,0.5573770491803278,0.007874015748031496,0.49735544623836286,0.15020746417654085,0.9094524027572384,0.009329893340728524
0,0.0,0.23307086614173225,0.00559412686395023,0.33922070678662497,0.30113977775029993,0.36680573654217996,0.6428571249336552,0.5895567698846388,0.007874015748031496,0.20205480697242795,0.2193039750484146,0.9252588725527892,0.4845648981844776
0,0.0,0.34330708661417325,0.029351546360552375,0.14526709007359667,0.14646571597483826,0.7621386773164499,0.4523809172676871,0.2167577413479053,0.11811023622047244,0.22330703192528456,0.3542547359665733,0.4850905197078741,0.3631874719046706
0,0.2857142857142857,0.16692913385826771,0.015218332651329245,0.057559948366118274,0.063354961131945,0.27414037334919844,0.6904761878557976,0.5567698846387371,0.0,0.4388407974958228,0.04718912812762055,0.48217759572801666,0.23672816149116582
0,0.0,0.0,0.14625887484839292,0.8037770309608022,0.011939763245768122,0.5128447563950868,0.5476190277040613,0.5276259866423801,0.11811023622047244,0.47730287785360015,0.07599141270533007,0.8474077403758257,0.12434533635388723
0,0.2857142857142857,0.5952755905511811,0.09743887331738062,0.10223387251648441,0.06696598388392347,0.9211228225181646,0.5476190277040613,0.22890103217972071,1.0,0.0985812775071934,0.48803426143742595,0.4321865670144273,0.26601871492665463
0,0.2857142857142857,0.46771653543307085,0.057126703219372944,0.02792769853669245,0.02301240719538045,0.6808522564561351,0.47619045313101843,0.1700060716454159,0.023622047244094488,0.26178656896981994,0.07299129827983344,0.306293291713243,0.34774308330320347
0,0.2857142857142857,0.4661417322834645,0.05260797260657893,0.07146404311341918,0.11839917163706451,0.5713698183868597,0.5714285525617423,0.45719489981785066,0.11811023622047244,0.2903094523103977,0.10636854614414948,0.5038064505017968,0.19373304250970994
0,0.0,0.168503937007874,0.0017425551348804018,0.23352331098380213,0.4215436188397822,0.377389485928922,0.5952380774194233,0.6363084395871281,0.007874015748031496,0.10827756834344512,0.13498241740836064,0.9079089333574876,0.11436178165730079
0,0.0,0.47401574803149604,0.03591571701094521,0.1212508514490796,0.07331526874128666,0.4231878089876416,0.6190476022771042,0.4711596842744384,0.007874015748031496,0.3696972576681337,0.17083552319967943,0.7339684595975033,0.21138720730819413
0,0.0,0.30866141732283464,0.4066288254007654,0.3257959733686255,0.01014687804898001,0.4059846202684793,0.5238095028463804,0.4426229508196721,0.007874015748031496,0.075769344074808,0.17821558490030262,0.5489890212046704,0.14962768648556443
0,0.0,0.25196850393700787,0.32242727628083034,0.1601491498021453,0.005616076055346273,0.26087822418267426,0.6190476022771042,0.32908318154219796,0.0,0.1811721369794189,0.1844839436764044,0.5956957520935656,0.16892182738150202
0,0.0,0.09007874015748031,0.14823887174059058,0.41117509736330893,0.05312425569884942,0.6271325280877674,0.5238095028463804,0.16514875531268974,0.11811023622047244,0.0948047784632827,0.23374741391290713,0.5783359959641425,0.20709170966530066
0,0.2857142857142857,0.13165354330708662,0.09047875669595343,0.4984895250672486,0.08896625950149088,0.7148408970326087,0.38095235370029445,0.1469338190649666,0.11811023622047244,0.3039057528976034,0.15584835016249202,0.47296254015628497,0.19836325160829252
0,0.2857142857142857,0.47874015748031495,0.13416417029434347,0.11851796768465188,0.052654966449224544,0.7148408970326087,0.5714285525617423,0.25440194292653306,0.2440944881889764,0.10332493690802205,0.14838654375665947,0.43366035937152203,0.22396700706022932
0,0.0,0.2220472440944882,0.8009368676149957,0.23910190677198948,0.00478328436087401,0.9472092047515556,0.5238095028463804,0.4632665452337584,0.2440944881889764,0.14198853353915009,0.26991450391410904,0.6287975263675893,0.10806730716045024
0,0.2857142857142857,0.4188976377952756,0.11059012258016769,0.24922766245970723,0.11826179547225779,0.6097780783327377,0.38095235370029445,0.41226472374013357,0.11811023622047244,0.4716996945802875,0.037254158424763935,0.46110388471388336,0.11968411356751946
0,0.2857142857142857,0.8141732283464567,0.15745969203255614,0.07880882818805,0.0,0.41972123681634227,0.42857140341565636,0.12325440194292653,0.023622047244094488,0.15387840064521566,0.12265471882849875,0.5789829241928928,0.052184635649942704
0,0.0,0.44724409448818897,0.05415239396150445,0.16951863481503007,0.06371355500411068,0.5465082592798964,0.3571428310437435,0.4996964177292046,0.007874015748031496,0.06978812953563973,0.2711887676556315,0.5663846284683113,0.4259859512681027
0,0.2857142857142857,0.352755905511811,0.13702596159397198,0.07020681231303903,0.05076953148474491,0.8135139567511649,0.28571427628087115,0.36065573770491804,0.11811023622047244,0.1392568326918087,0.1072950658930117,0.4743028840482798,0.13491358668602352
0,0.2857142857142857,0.25354330708661416,0.3013258706233585,0.1787833581777312,0.0,0.5257677933592769,0.6190476022771042,0.11050394656952034,0.007874015748031496,0.225263771569854,0.09258744504965848,0.7623562967036775,0.8056174326512655
0,0.0,0.40944881889763773,0.009621589460328345,0.18081327155315496,0.29568249485498144,0.9779683625514193,0.5952380774194233,0.3503339404978749,0.2440944881889764,0.34421192045865845,0.06360886444801643,0.7856282743533478,0.26355695761061576
0,0.0,0.013196850393700785,0.20735891098740372,0.519630391949998,0.1234128943085287,0.31181978320084003,0.5476190277040613,0.14389799635701275,0.007874015748031496,0.3454024871543576,0.42660936781173275,0.8439286807620526,0.9088616325032657
0,0.2857142857142857,0.2677165354330709,0.0921524684775507,0.393724272872439,0.12514484080725743,0.2653810079851175,0.7619047514231901,0.5166970248937462,0.007874015748031496,0.17680518668118841,0.04070901017406143,0.6377457004688599,0.13727026017295063
0,0.0,0.7464566929133858,0.2121290823921126,0.046406218512024366,0.01691146446373977,0.12764644377007656,0.4047618829602356,0.23436551305403763,0.49606299212598426,0.10827756834344512,0.3953615840451946,0.6472673226604861,0.07377391170356222
0,0.0,0.06377952755905511,0.46466725024853517,0.31704705800053123,0.009566568564432056,0.8487804214774576,0.5238095028463804,0.4159077109896782,0.05511811023622047,0.1913377028074484,0.09129083809719227,0.33358453862867726,0.15779092925230695
0,0.2857142857142857,0.4708661417322834,0.19448213128099698,0.03538951958840008,0.0016911464463739772,0.6271325280877674,0.5476190277040613,0.022465088038858532,0.007874015748031496,0.10827756834344512,0.1240656737998486,0.5471021600872646,0.646330154094116
0,0.0,0.11149606299212597,0.01573356024698636,0.5253278256687276,0.32117375327885794,0.906801169019431,0.47619045313101843,0.6642380085003036,0.2440944881889764,0.4170610913796608,0.04497199455681554,0.8344762563611801,0.24503153640698747
0,0.2857142857142857,0.3763779527559055,0.14913299435738048,0.17714946696870476,0.07906515460855541,0.5225339262048159,0.6904761878557976,0.05160898603521554,0.023622047244094488,0.36529941213316164,0.05309959674617403,0.723658158832305,0.6318268740145653
0,0.2857142857142857,0.06141732283464566,0.36623231610876694,0.32016485457069616,0.005622035970609603,0.06813063170560067,0.49999998018982944,0.44383727990285365,0.49606299212598426,0.20216437092298564,0.07435700283697481,0.3211020981864706,0.15813179454092055
0,0.0,0.2110236220472441,0.12927067228987302,0.3408980306667645,0.15741140672878132,0.8768755702466129,0.7142857017078282,0.18154219793564055,0.2440944881889764,0.4749410191234388,0.13889371554909877,0.8759016776692082,0.8532934381567453
0,0.0,0.0,0.7389034035522027,0.8533244003457172,0.0033822928927479544,0.017189058812821473,0.5952380774194233,0.47965998785670916,0.2440944881889764,0.05296721737520844,0.09160950515240825,0.6692954715673297,0.10375917582082425
0,0.0,0.03181102362204724,0.04062265977015996,0.46419585764927823,0.039785712847396904,0.9149538918845721,0.4523809172676871,0.4049787492410443,0.11811023622047244,0.5559305013147261,0.08919472930285022,0.5405071901235273,0.3260914130892698
0,0.0,0.07007874015748031,0.06368332053674951,0.527892362807453,0.07502882028444614,0.27228933064424826,0.5476190277040613,0.5865209471766849,0.2440944881889764,0.0772656548261438,0.18285581178317917,0.838595967549761,0.380395626454639
0,0.0,0.1622047244094488,0.033009940898348154,0.34898951264978917,0.12888645940603155,0.22392280276071508,0.42857140341565636,0.31997571341833636,1.0,0.3143006004273893,0.0847452172778936,0.42238082574360647,0.1540705093339025
0,0.0,0.26614173228346455,0.40256890254649047,0.009521215940377995,0.012188619008110267,0.4328410712977537,0.5238095028463804,0.20947176684881602,0.023622047244094488,0.15791923524424487,0.38117830515371715,0.35538893873623995,0.1167072682095406
0,0.0,0.16062992125984252,0.9521632415141354,0.3372102253133797,0.0,0.658516737223701,0.5238095028463804,0.4711596842744384,0.11811023622047244,0.034593560817030786,0.18921193118258214,0.49494188266781786,0.0769975624402886
0,0.0,0.12661417322834645,0.5008504493470182,0.26759664906799857,0.007065559775818461,0.019164005423308903,0.49999998018982944,0.424408014571949,0.2440944881889764,0.1392568326918087,0.2891474567198104,0.5572597186333726,0.10591778554607491
0,0.0,0.0,0.07492125586750284,0.917810542176612,0.16031103096387175,0.6841739776629823,0.42857140341565636,0.517304189435337,0.007874015748031496,0.11559524616200796,0.19929348192000815,0.8736591498015605,0.4083055002296429
0,0.2857142857142857,0.3511811023622047,0.1927156686390954,0.041225590924145246,0.040484224827164815,0.28907078383796225,0.7857142740797411,0.15907710989678203,0.0,0.2287396561383908,0.07040806532991721,0.35275158460003475,0.14102902947401713
0,0.0,0.20314960629921258,0.05212128491095841,0.1239319610429225,0.0371086962061997,0.9356521512310666,0.5476190277040613,0.23436551305403763,0.2440944881889764,0.5411029568528548,0.12008076041897424,0.6399354951675486,0.21106386617956432
0,0.0,0.1433070866141732,0.06272862756447736,0.03170352756325274,0.009566568564432056,0.2615078818904105,0.5238095028463804,0.28111718275652703,0.11811023622047244,0.25090762375861264,0.10889143191570609,0.8719025369833282,0.6785449600307023
0,0.0,0.03480314960629921,0.12499166462997952,0.5487327461296864,0.08046312718334893,0.8624614285745998,0.5238095028463804,0.1706132361870067,0.11811023622047244,0.14912003837578852,0.21654567660326643,0.6331583940213109,0.09863877928902264
0,0.42857142857142855,0.5118110236220472,0.10372603120162338,0.02322380944526943,0.03259623882702701,0.2669321065215123,0.49999998018982944,0.06860959319975714,0.007874015748031496,0.05296721737520844,0.31526529736197756,0.43476721482880837,0.26015195219498816
0,0.0,0.25826771653543307,0.18622934563975585,0.2053224074856616,0.00870952535571499,0.2525179648494993,0.6428571249336552,0.151183970856102,0.0,0.7461823155706209,0.14028996684185463,0.9020246785046834,0.8112318067253059
0,0.0,0.4283464566929134,0.12801945758930672,0.07218763027668565,0.010155018363492375,0.515479739734451,0.5476190277040613,0.16636308439587127,0.007874015748031496,0.11520119193017656,0.1748399256485391,0.883154521356748,0.18278366207485788
0,0.0,0.3228346456692913,0.49774029453929625,0.11564393247859504,0.002391642180437005,0.6370565951032604,0.4523809172676871,0.009107468123861567,0.11811023622047244,0.1084876683485685,0.30331979188150127,0.5339192852604099,0.583632785058404
0,0.0,0.4976377952755905,0.31384044639435166,0.1429272425979145,0.01113093737975161,0.2779427666645207,0.5714285525617423,0.2926533090467517,0.0,0.2950906838724178,0.10421070012976745,0.5314146839010597,0.13856291149491262
0,0.42857142857142855,0.08440944881889764,0.2971380751818586,0.4677477439561571,0.007900848939863456,0.653389762311222,0.5238095028463804,0.2119004250151791,0.11811023622047244,0.04126265558142955,0.2063963442432479,0.3003972410797539,0.10853992967982512
0,0.42857142857142855,0.5669291338582677,0.17118943886365318,0.0020379797949924843,0.021392359541228895,0.5383200451535419,0.5952380774194233,0.21918639951426835,1.0,0.0639593914082526,0.2044088751818727,0.4630864261545634,0.2932401337374608
0,0.0,0.46929133858267713,0.23816588543501221,0.05319187003337168,0.029062897124484437,0.36902922659574705,0.5476190277040613,0.2665452337583485,0.0,0.1286094230575356,0.16410274238315153,0.5999647888989676,0.35381646810723616
0,0.0,0.39999999999999997,0.13707665412270834,0.21223407915817588,0.06638502704418722,0.6271325280877674,0.6428571249336552,0.1997571341833637,0.05511811023622047,0.20161591074736931,0.07265986448934852,0.5442389391675667,0.06399608249441256
0,0.42857142857142855,0.14614173228346455,0.078063378822031,0.4212502163576426,0.026308066501862463,0.8031595824740322,0.5476190277040613,0.11718275652701882,0.2440944881889764,0.0908686715895212,0.13196495594632052,0.404109115083625,0.15279307957881008
0,0.42857142857142855,0.08236220472440944,0.6191013746303127,0.4660610927629719,0.002390298859427804,0.12764644377007656,0.49999998018982944,0.46873102610807527,0.0,0.12172227878142822,0.17058518466870073,0.4210567145773247,0.10591778554607491
0,0.0,0.4015748031496063,0.007453538736518127,0.36954732767741755,0.3936408797486217,0.7564605750083803,0.4523809172676871,0.4426229508196721,0.05511811023622047,0.4846273111000563,0.09811933809533052,0.83625446643448,0.3744849921922226
0,0.42857142857142855,0.29763779527559053,0.10892958462517793,0.15038572799773112,0.006764585628179946,0.2335298071095739,0.4523809172676871,0.11900425015179114,0.007874015748031496,0.12040935413977578,0.23695743602591807,0.40516362386542143,0.05588867251645544
0,0.0,0.3905511811023622,0.4999647129644441,0.08347341649429146,0.011501406247394454,0.9143251776505505,0.6428571249336552,0.031572556162720096,0.11811023622047244,0.3393372284813798,0.0626654135357364,0.6659523030573828,0.9628189286317478
0,0.0,0.30866141732283464,0.08594531361464115,0.38044229284312614,0.06191862705954126,0.7179702605985397,0.38095235370029445,0.4256223436551305,0.11811023622047244,0.22320869603301438,0.33475096430267687,0.8468997333597015,0.13727026017295063
0,0.2857142857142857,0.43622047244094486,0.15301253370070844,0.3056290049861313,0.0471142982276469,0.7130545682997271,0.7857142740797411,0.5658773527625987,0.11811023622047244,0.3093247836197194,0.06637705839479874,0.591459706370708,0.07444979410181805
0,0.0,0.1507086614173228,0.46487216937573606,0.25667754094870526,0.06163031959996439,0.9997843885069362,0.5952380774194233,0.12082574377656345,0.11811023622047244,0.3755843755009759,0.07186556960688176,0.8553167881353803,0.8984115276125082
0,0.0,0.4598425196850393,0.04199776502725431,0.05029169275754995,0.011942599652583426,0.7380930287282196,0.5238095028463804,0.42319368548876746,0.11811023622047244,0.2698005206844178,0.2169908602389611,0.684961350498467,0.4259859512681027
0,0.0,0.0811023622047244,0.023380482111189642,0.1714828399241606,0.28770718119054833,0.7552047559954979,0.5238095028463804,0.30601092896174864,0.11811023622047244,0.6433023547727614,0.10836795019454225,0.6885393833598731,0.3166093142683106
0,0.0,0.24409448818897636,0.2972292874002521,0.10365139660398598,0.1214455637999608,0.48163941877579286,0.5238095028463804,0.18214936247723132,0.11811023622047244,0.11097707451546847,0.27692942901039136,0.5886667190442617,0.1167072682095406
0,0.2857142857142857,0.3118110236220472,0.3795883636962909,0.2470482561431826,0.009596664681339212,0.21356845623280934,0.5714285525617423,0.012750455373406194,1.0,0.07902342129575304,0.3181760845188365,0.5491321783857206,0.6571601257179162
0,0.2857142857142857,0.3590551181102362,0.16675937725948292,0.04834207484562064,0.014349853239937992,0.4900549268197388,0.5476190277040613,0.20036429872495445,0.007874015748031496,0.0625083110356009,0.3242355382604392,0.4268317927549047,0.28020582655701065
0,0.2857142857142857,0.5811023622047244,0.06877766853278923,0.057842516660723355,0.04758695403888284,0.7322327249962816,0.6666666519924662,0.12507589556769885,0.023622047244094488,0.15387840064521566,0.07040806532991721,0.4812888617250973,0.22794586758453325
0,0.0,0.17007874015748028,0.034590068918441554,0.17992318616463732,0.20411703741319698,0.5396259237717638,0.6904761878557976,0.29508196721311475,0.05511811023622047,0.34060929414661795,0.09682063468655958,0.4930589019448444,0.07212602935718598
0,0.0,0.7196850393700787,0.20981084495855712,0.06058675055181863,0.002391642180437005,0.7520040491671902,0.38095235370029445,0.25258044930176077,0.023622047244094488,0.06710882560501363,0.24310466748149845,0.6296115898322288,0.08782955138017992
0,0.2857142857142857,0.32125984251968503,0.2830198721324992,0.06796002184714543,0.0,0.19202073755225177,0.5238095028463804,0.37158469945355194,0.2440944881889764,0.05165002255941058,0.1663575267140603,0.4059026921372665,0.11135871119013689
0,0.42857142857142855,0.30236220472440944,0.06173563766788681,0.42080836333903404,0.019133137128864112,0.5985373937482101,0.5952380774194233,0.13479052823315119,0.11811023622047244,0.075769344074808,0.14448514681444763,0.40180893785008776,0.3305493759967566
0,0.42857142857142855,0.8629921259842519,0.1694584031338448,0.023468820138503016,0.01522031786004983,0.21895594088748688,0.7380952221632491,0.11900425015179114,0.0,0.13679950137918154,0.10192219589432641,0.41268658010882603,0.052184635649942704
0,0.2857142857142857,0.563779527559055,0.17883364076500766,0.24170126967100936,0.002391642180437005,0.28390214623620585,0.5952380774194233,0.2786885245901639,0.007874015748031496,0.024464825499240582,0.2947293115094845,0.4923670786346936,0.24560459681538535
0,0.2857142857142857,0.6850393700787402,0.1986422120940306,0.11538404737516708,0.11217958277918785,0.23992600391153102,0.5714285525617423,0.3151183970856102,0.023622047244094488,0.29687828991404286,0.10504004798952553,0.6460911148150583,0.08782955138017992
0,0.42857142857142855,0.4393700787401575,0.3690619930270274,0.2558435995390184,0.027879088995842766,0.5881830472203045,0.5238095028463804,0.10746812386156648,0.023622047244094488,0.027975373469802615,0.2130741842320499,0.9181691291093185,0.14200702023962028
0,0.2857142857142857,0.2992125984251969,0.2947692405899331,0.2221354864260106,0.0077850462996611105,0.6977913557828278,0.5714285525617423,0.22890103217972071,0.2440944881889764,0.1569192315256607,0.1951264275038733,0.33232684250017,0.1318216320492678
0,0.2857142857142857,0.30866141732283464,0.1390339274356129,0.2947712921987453,0.0,0.6271325280877674,0.5714285525617423,0.45112325440194295,0.49606299212598426,0.020356855994936113,0.17358633592856546,0.7623058979552734,0.392773001781932
0,0.0,0.1795275590551181,0.005427213781450286,0.3692478678463822,0.28490668174382855,0.3195199883231253,0.7142857017078282,0.5646630236794171,0.0,0.2985118432773783,0.21852922050596232,0.9411257590074699,0.4845648981844776
0,0.42857142857142855,0.30078740157480316,0.14008530307049344,0.07148980128462883,0.028583472007354838,0.6271325280877674,0.5952380774194233,0.08378870673952642,0.023622047244094488,0.07455043557015811,0.14972409427288197,0.2879147542583309,0.24634554275181333
0,0.0,0.31496062992125984,0.054575886073357865,0.1713920502855921,0.06969737128171923,0.051407019000450645,0.4523809172676871,0.6120218579234973,1.0,0.18958604307938434,0.21699745724005054,0.727739081536301,0.36490640860670176
0,0.0,0.337007874015748,0.014361834915676065,0.2017334299430636,0.1657539351801598,0.3567679143459063,0.7857142740797411,0.41226472374013357,0.05511811023622047,0.44931772244157275,0.04032403699131521,0.8766286564253318,0.4525812073903743
0,0.0,0.26456692913385826,0.08812610327618826,0.23081984048398896,0.0,0.2647240311634918,0.6190476022771042,0.30783242258652094,1.0,0.0625083110356009,0.15547052657937208,0.6916823327929537,0.6185627965690261
0,0.42857142857142855,0.5417322834645669,0.5173924393934038,0.018802360682266407,0.0071042056220320384,0.12764644377007656,0.4523809172676871,0.27929568913175473,0.0,0.04747853757174801,0.23374741391290713,0.42615808825859736,0.14749652448531161
0,0.0,0.18740157480314962,0.047822278721040154,0.2619760045392923,0.04929905512886223,0.8305364425047118,0.5476190277040613,0.16089860352155433,0.11811023622047244,0.14103067170851588,0.14838654375665947,0.32885650217906565,0.3626804735040253
0,0.0,0.12960629921259842,0.10369775706700772,0.11169159732321282,0.11576660698099026,0.41320655081549423,0.6666666519924662,0.21797207043108682,0.007874015748031496,0.3257083489651593,0.11825878607404836,0.912973342803351,0.9047328589033801
0,0.2857142857142857,0.26141732283464564,0.1805140157562018,0.13186734323810564,0.0936586249892632,0.11772238785427439,0.3571428310437435,0.2119004250151791,0.49606299212598426,0.41701446446603607,0.062217837205346085,0.33526811964093955,0.1254229295543746
0,0.42857142857142855,0.46299212598425193,0.21338164499385687,0.029536311210728836,0.035848257112176034,0.2525179648494993,0.42857140341565636,0.09107468123861566,1.0,0.028786105386327837,0.40048060622734755,0.480532401247131,0.17309822186729684
0,0.0,0.13653543307086613,0.012170099279279784,0.038403005707671016,0.04370934837525647,0.4266295733500865,0.7619047514231901,0.5895567698846388,0.023622047244094488,0.34605516065109926,0.03205906564196562,0.8949995567692893,0.20087212038698524
0,0.0,0.26456692913385826,0.29354080669087973,0.03029380656934791,0.014349853239937992,0.933916964323374,0.4523809172676871,0.286581663630844,0.2440944881889764,0.11559524616200796,0.24549130068392191,0.4928287837331887,0.13056741161768873
0,0.0,0.07984251968503936,0.07629813056279451,0.5122170738740255,0.16399465503283656,0.5957483189518339,0.5476190277040613,0.6587735276259866,0.05511811023622047,0.20552966893032035,0.15541697009643438,0.34454564801705817,0.05627230898158742
0,0.0,0.2866141732283464,0.1862451453304507,0.023057108369917444,0.005622035970609603,0.03415910962720579,0.49999998018982944,0.23193685488767457,1.0,0.1460639117191593,0.24844371503159307,0.6092302122996259,0.09345268753421222
0,0.0,0.11464566929133857,0.08253426530103083,0.472950602588026,0.17926772250848483,0.9458704155502227,0.5714285525617423,0.6162720097146327,0.11811023622047244,0.30006460007040514,0.06608491037245957,0.9108040167987996,0.38058553944422996
0,0.0,0.009669291338582676,0.02519669438680542,0.5384062541529766,0.008827372631490188,0.8624614285745998,0.5476190277040613,0.2938676381299332,0.11811023622047244,0.07485704316367224,0.2077638604120874,0.7866197383204224,0.5591214775890803
0,0.42857142857142855,0.5102362204724409,0.0510424585056252,0.06891428369932609,0.009566568564432056,0.5022610070083448,0.5714285525617423,0.11657559198542805,0.007874015748031496,0.03837559022194163,0.21805728996170556,0.2957443636961675,0.28508426741945564
0,0.2857142857142857,0.4976377952755905,0.07997777361821691,0.3045311214710007,0.1285271340146373,0.9373728252930873,0.30952376812160115,0.2586520947176685,0.11811023622047244,0.28662532702881816,0.19281142132623183,0.40647644942239786,0.27993562846237785
0,0.0,0.5118110236220472,0.3037457792254858,0.037187045423824956,0.0016911464463739772,0.9129346638902639,0.5476190277040613,0.10139647844565877,0.49606299212598426,0.0903644047207839,0.17390459850444004,0.3284804285736415,0.17309822186729684
1,0.0,0.1889763779527559,0.022679782041836308,0.2418190364771876,0.1615497289917903,0.4290629308067477,0.49999998018982944,0.37644201578627806,0.023622047244094488,0.6011799067544362,0.11492679350048049,0.9230697117033901,0.4522826853627446
1,0.0,0.0,0.23808480154952683,0.9150529182830691,0.029576505427243414,0.5534165680644136,0.49999998018982944,0.037037037037037035,0.023622047244094488,0.1059384260307502,0.16480453113117066,0.7953311929015806,0.8086880322651572
1,0.2857142857142857,0.14740157480314958,0.10177114214787798,0.022268415803274075,0.0016911464463739772,0.350244054450643,0.5714285525617423,0.366120218579235,0.0,0.19784282866912697,0.1677411536938505,0.3428573208649922,0.12654516860896
1,0.0,0.21732283464566926,0.07240831665199658,0.3000944295656107,0.22766550661875454,0.7452901237171531,0.6666666519924662,0.8087431693989071,0.11811023622047244,0.33201605932546535,0.16094449932273294,0.8675412673763986,0.18822434319575734
1,0.2857142857142857,0.4834645669291338,0.2018041657267387,0.002882138214475497,0.007878724022808299,0.6271325280877674,0.6190476022771042,0.0230722525804493,0.023622047244094488,0.04747853757174801,0.4242537086118337,0.572833040108468,0.646330154094116
1,0.0,0.07543307086614173,0.3290685189032967,0.5073593826987064,0.011958210902185025,0.03054629070534095,0.5238095028463804,0.43897996357012753,0.49606299212598426,0.1646050388468092,0.26632694306258475,0.5272992396003806,0.1752058688900832
1,0.0,0.07874015748031496,0.07314210896687444,0.2832856635596477,0.17997810633741065,0.4059846202684793,0.5476190277040613,0.33576199149969643,0.007874015748031496,0.4992374423412867,0.07706068517724861,0.630333528713512,0.25203009497350953
1,0.0,0.38740157480314963,0.49991426204063594,0.17312104406757298,0.004450154594396972,0.8768755702466129,0.5714285525617423,0.31026108075288406,0.05511811023622047,0.04747853757174801,0.425306374643186,0.41196590892612234,0.13254450364859632
1,0.0,0.4913385826771653,0.06832748225538963,0.1329777958763039,0.03139345446033231,0.5004746782754632,0.6666666519924662,0.381906496660595,0.007874015748031496,0.4098942847840494,0.1250203020144926,0.6979465107261369,0.4259859512681027
1,0.2857142857142857,0.06409448818897637,0.22529098134581066,0.1239319610429225,0.005073439024490005,0.8223376836721329,0.5952380774194233,0.009107468123861567,0.11811023622047244,0.10064218502352623,0.20722900199733496,0.6485789578175772,0.7477015917979024
1,0.0,0.32125984251968503,0.19723440560991382,0.27694130864097827,0.10665234147506368,0.350503842712942,0.7142857017078282,0.14389799635701275,0.007874015748031496,0.277088914652709,0.046167128466617545,0.8981173222879066,0.7607701933519022
1,0.7142857142857143,0.13921259842519684,0.0450151371845498,0.3126552964445686,0.10804657779573278,0.19202073755225177,0.5238095028463804,0.13357619914996965,0.0,0.10310409845819236,0.3215753118133522,0.09811630503709519,0.1540705093339025
1,0.0,0.12362204724409448,0.16322095864257705,0.509494948748121,0.07285557891173221,0.027785866985745776,0.42857140341565636,0.08014571948998178,0.11811023622047244,0.635476305181723,0.0570218557073751,0.788826662409673,0.6498927750649461
1,0.0,0.23307086614173225,0.08313208490556681,0.2374484793920412,0.16405840732689658,0.3511322794546944,0.42857140341565636,0.6569520340012144,1.0,0.3220459360833227,0.2717305022191879,0.6906308386602182,0.18011141106971232
1,0.42857142857142855,0.22519685039370077,0.13512166334057216,0.08398745381605591,0.012528264172516462,0.0027749226906538384,0.6190476022771042,0.013964784456587736,0.11811023622047244,0.019192837924269793,0.2164291751591567,0.3868822354089672,0.7496661723936588
1,0.0,0.03590551181102362,0.13929287069634863,0.5360101584297202,0.021025915602502835,0.5637709145923194,0.5714285525617423,0.30297510625379476,0.05511811023622047,0.27476201061366556,0.10614526215390804,0.5283013244079933,0.5320310009318268
1,0.2857142857142857,0.23307086614173225,0.04816058538585197,0.3825638394860423,0.0,0.8592820609017833,0.49999998018982944,0.2222222222222222,0.11811023622047244,0.122466032799565,0.17145280424980497,0.30784600603678064,0.18799141450648538
1,0.42857142857142855,0.2377952755905512,0.4281575348057331,0.18775510532944087,0.007125787799014384,0.06714921647282907,0.5952380774194233,0.01092896174863388,0.11811023622047244,0.07299787296985963,0.1705852017593771,0.37988695096940756,0.8056174326512655
1,0.2857142857142857,0.039842519685039365,0.030076619280734497,0.4661987559411856,0.030141565488904974,0.8947982409210079,0.5476190277040613,0.2580449301760777,0.2440944881889764,0.3512809076320221,0.3794883562839621,0.7852306189525946,0.6094529435092095
1,0.7142857142857143,0.6913385826771653,0.1321520463047289,0.0,0.013529171256359891,0.77722884565436,0.5476190277040613,0.11414693381906496,0.023622047244094488,0.23965388658153036,0.11766506167289074,0.25887933961437787,0.062079754469402004
1,0.0,0.0,0.1879263214327223,0.8836670786229928,0.07674698590480433,0.8107248819547886,0.6190476022771042,0.15421979356405585,0.11811023622047244,0.31162270336110426,0.06719627718034521,0.8669674637120508,0.7699041115663011
1,0.0,0.0,0.02803223976160969,0.648060231692731,0.15647973440031313,0.8257200369397709,0.5952380774194233,0.366120218579235,0.11811023622047244,0.14942207004490396,0.2176506116199345,0.8266965447762116,0.4605903598108413
1,0.0,0.1253543307086614,0.0,0.3873561067643684,0.8524343229451311,0.4633115261408817,0.5238095028463804,0.652701882210079,0.007874015748031496,0.3459365997927509,0.23744734596174505,0.5326917047030351,0.32124388402995896
1,0.0,0.2960629921259842,0.14474246059105722,0.30497441529406344,0.09931392148737837,0.377389485928922,0.6190476022771042,0.39829993928354585,0.0,0.16185452402949085,0.11304025627701692,0.9218400440812807,0.46609103061428975
1,0.0,0.0005889763779527559,0.5431140179433622,0.6024994450059158,0.01183802465266995,0.609538963244484,0.49999998018982944,0.5245901639344263,0.05511811023622047,0.06139732823859758,0.3211553938942652,0.6162550402999832,0.10328388392359135
1,0.0,0.00869291338582677,0.01733426982794423,0.5996939428012006,0.2128561594076362,0.899978605346055,0.5952380774194233,0.6265938069216758,0.49606299212598426,0.2760833475190433,0.1093431270991082,0.8702186931555067,0.3627917926737824
1,0.0,0.5496062992125984,0.03578330161526882,0.10610210071185219,0.025590419394918757,0.34166235628675384,0.47619045313101843,0.5233758348512447,0.007874015748031496,0.24028949590873105,0.3171307446907666,0.44074936074753157,0.3707377766105872
1,0.42857142857142855,0.4803149606299212,0.17180726081302855,0.15119864503715852,0.01659871875586985,0.2525179648494993,0.5238095028463804,0.20704310868245293,1.0,0.019192837924269793,0.17358633592856546,0.5396940078639981,0.28020582655701065
1,0.0,0.09732283464566928,0.03733383621067848,0.42429750829931806,0.08981057427563079,0.5504170708804053,0.5238095028463804,0.49483910139647846,0.023622047244094488,0.15989957343707906,0.13207528765625076,0.8005015015580479,0.4278412503871235
1,0.42857142857142855,0.337007874015748,0.34114685790247756,0.05720508391643258,0.011060849185276358,0.6271325280877674,0.5238095028463804,0.100789313904068,0.11811023622047244,0.04747853757174801,0.23374741391290713,0.8256787683337428,0.11958605977933151
1,0.0,0.09559055118110235,0.251966371645856,0.2278029381415253,0.08823698989119085,0.23644342043630664,0.42857140341565636,0.25197328476017,1.0,0.3244289700844036,0.22402178790524369,0.7873012036055945,0.888706810828965
1,0.0,0.4236220472440944,0.1240574101630223,0.2691653817913787,0.012666305783847236,0.9669806399193718,0.5714285525617423,0.2926533090467517,0.2440944881889764,0.08831810917432556,0.13572660242762985,0.48470152176083464,0.3604754451317481
1,0.0,0.22834645669291337,0.0,0.1851906250645755,0.6851125139499931,0.469116830905091,0.42857140341565636,0.9131754705525197,0.0,0.48163343767405037,0.13598243845951644,0.8953293748363007,0.221610598473395
1,0.0,0.0,0.1905223854595542,0.6164064782359852,0.04984523255546882,0.7520040491671902,0.38095235370029445,0.071645415907711,0.05511811023622047,0.23672409675590717,0.2852270663392288,0.8566435429169924,0.7228800863199367
1,0.0,0.40314960629921254,0.0026348678128574007,0.2431953933690008,0.2648312770563792,0.19100808501475147,0.47619045313101843,0.30601092896174864,1.0,0.27476201061366556,0.2599708065725054,0.9148989305663864,0.4525812073903743
1,0.0,0.15149606299212595,0.02172494029179263,0.4448362042309981,0.10784117820846693,0.6886424356717421,0.4523809172676871,0.3582270795385549,0.11811023622047244,0.38187969058074367,0.15384241177682323,0.41499122520686915,0.5232909484015271
1,0.0,0.23307086614173225,0.04878348485353273,0.15102614661967367,0.08669970616524406,0.4819880878118736,0.6666666519924662,0.28233151183970856,0.023622047244094488,0.5279859404464614,0.1482588422226172,0.8712084410915776,0.6439982793312589
1,0.0,0.305511811023622,0.007776168420506511,0.137438327408025,0.33492030530623595,0.1573745318705421,0.5952380774194233,0.3570127504553734,0.49606299212598426,0.2516838368847189,0.3878771438869196,0.8356758084121572,0.5405460513987077
1,0.42857142857142855,0.3811023622047244,0.19203338268008024,0.18866786443015898,0.005073439024490005,0.8031595824740322,0.47619045313101843,0.4195506982392228,0.2440944881889764,0.15092278112083082,0.1049972814202868,0.5137698656483769,0.16544872226510038
1,0.0,0.0,0.21680926867714181,0.6332816823894453,0.1212799022249826,0.4266295733500865,0.5238095028463804,0.25258044930176077,0.023622047244094488,0.17680518668118841,0.2500003110503104,0.7340545239632599,0.7703262196756765
1,0.0,0.45669291338582674,0.017203388623561463,0.10597908255259741,0.27673287466291124,0.22695806869820606,0.47619045313101843,0.4851244687310261,0.0,0.34923740102368483,0.18099718363427272,0.9152393540141969,0.009329893340728524
1,0.2857142857142857,0.12456692913385825,0.10885843833186801,0.4370381250129151,0.09639534854452844,0.8917375844408975,0.38095235370029445,0.16939890710382513,0.49606299212598426,0.21569382995988887,0.2699388011590541,0.3464128598064818,0.2280057350055009
1,0.0,0.05937007874015748,0.04872388727578745,0.3204750635612781,0.00478328436087401,0.4753753915415916,0.38095235370029445,0.366120218579235,0.49606299212598426,0.19773069269785756,0.3289782066576425,0.815396109581473,0.3260914130892698
1,0.42857142857142855,0.28503937007874014,0.1137141760292815,0.4575519670677601,0.012188619008110267,0.5941424156922989,0.5952380774194233,0.4371584699453552,0.023622047244094488,0.13122559162674008,0.11304025627701692,0.6257076656774598,0.16544872226510038
1,0.0,0.28503937007874014,0.052532788967759474,0.04795497239627203,0.1580338037395263,0.8004185970878852,0.5238095028463804,0.11839708561020036,0.11811023622047244,0.3422362160348654,0.045020514987108094,0.8321563525009669,0.6882410573727651
1,0.0,0.11905511811023621,0.008097616783556826,0.39757933476920865,0.17051880759534055,0.12019917007612167,0.5952380774194233,0.4256223436551305,1.0,0.4166880140942603,0.04502745380172548,0.8994611910003418,0.6210800198891064
1,0.0,0.41732283464566927,0.013378568981640313,0.25080225319067095,0.22576764683950656,0.6732156137130019,0.6190476022771042,0.5179113539769278,0.05511811023622047,0.38901652125625336,0.16094449932273294,0.6696778527461736,0.4036464170209476
1,0.0,0.25826771653543307,0.2274430327369591,0.039932896428340546,0.007174927013258904,0.5022610070083448,0.49999998018982944,0.02671523982999393,0.0,0.028786105386327837,0.3703500285831309,0.4264352349956047,0.779627310225548
1,0.2857142857142857,0.26141732283464564,0.5971811953035054,0.19133758029404166,0.0023101489719244495,0.12764644377007656,0.4523809172676871,0.010321797207043109,0.11811023622047244,0.020356855994936113,0.2756609248268148,0.42983699591550617,0.9128557145944393
1,0.0,0.26456692913385826,0.12110175534881522,0.18089135936298242,0.039157819216900015,0.12290183655483358,0.5714285525617423,0.11657559198542805,1.0,0.43428666813206424,0.039932595557241754,0.7918309070664703,0.7993759177960401
1,0.2857142857142857,0.3653543307086614,0.11218248979727821,0.13630307776685166,0.05722048414302286,0.658516737223701,0.49999998018982944,0.13175470552519733,0.11811023622047244,0.06912812836221983,0.14838654375665947,0.5363024039924713,0.17600003936822917
1,0.0,0.13700787401574802,0.07688975109351662,0.3647615724560654,0.016318499696537505,0.8903172957601401,0.42857140341565636,0.08743169398907104,0.49606299212598426,0.387376749593848,0.17469381745601673,0.7613057301552687,0.6439982793312589
1,0.0,0.2566929133858268,0.10819017181670883,0.3266267014052204,0.009566568564432056,0.09158738620042045,0.5238095028463804,0.13296903460837886,1.0,0.6500059703934592,0.010974041810202334,0.9485447330478786,0.6281929134110573
1,0.0,0.11622047244094488,0.3461248349774761,0.44754442369812414,0.004761578612202622,0.5957483189518339,0.5714285525617423,0.44990892531876137,0.05511811023622047,0.06912812836221983,0.2863295858736326,0.6529162802891454,0.1117221133635668
1,0.0,0.5102362204724409,0.4424759647602681,0.27427300514461983,0.00476850877366858,0.7206198400312568,0.5238095028463804,0.019429265330904676,0.023622047244094488,0.12190865835136157,0.11726791992854949,0.7384258578601317,1.0
1,0.0,0.5543307086614173,0.028473397644326517,0.0327842560264016,0.07858047985773603,0.8074556067867948,0.49999998018982944,0.44019429265330906,0.2440944881889764,0.32831226686543186,0.12175574924998933,0.7836307988050117,0.3707377766105872
1,0.0,0.14944881889763778,0.002619573140042609,0.06986759101855586,0.42949212586409724,0.18814367106732408,0.7619047514231901,0.30722525804493017,0.49606299212598426,0.18129527376216595,0.052552159593593016,0.8775694588284432,0.6432018877677196
1,0.0,0.157007874015748,0.18957316420310175,0.2578532847782232,0.010205551397170264,0.06243973977884976,0.5238095028463804,0.026108075288403157,0.49606299212598426,0.16904057636401798,0.19668522821984594,0.7753723145699412,0.7870218536769116
1,0.0,0.03511811023622047,0.028417325591124604,0.4328121128430465,0.23342042345052427,0.005439330755245158,0.47619045313101843,0.6350941105039466,0.49606299212598426,0.7431240486622186,0.18689764851024152,0.878770324957216,0.3260914130892698
1,0.0,0.03858267716535433,0.03412424825898217,0.37057536061344903,0.0824355311317279,0.7568205379798119,0.47619045313101843,0.46387370977534914,0.11811023622047244,0.5818290971773467,0.13442328453623156,0.6874605718687234,0.5591214775890803
1,0.0,0.12141732283464567,0.2540679276070253,0.4748492890103967,0.06099693642893393,0.12764644377007656,0.49999998018982944,0.10868245294474803,0.11811023622047244,0.20161591074736931,0.16707589911507714,0.8365978272326577,0.8777942515070088
1,0.0,0.01779527559055118,0.024475969719527195,0.535183117715051,0.11263904764691501,0.7633412733121255,0.5952380774194233,0.4383727990285367,0.007874015748031496,0.13412692602000761,0.20920036024775937,0.8323814926767373,0.5113393082771874
1,0.0,0.3181102362204724,0.0,0.1811443342924162,0.6904744712374505,0.4031776749699753,0.6428571249336552,0.3618700667880996,0.11811023622047244,0.36607388991999257,0.05297092104357712,0.8344957356320357,0.6097626932253869
1,0.0,0.09007874015748031,0.024593102967696914,0.5408361613860235,0.16738821992897499,0.005469431451639757,0.6428571249336552,0.46751669702489373,0.49606299212598426,0.27793650393591474,0.10894773430065165,0.819120561628811,0.47668100275403374
1,0.0,0.5181102362204724,0.8205949572219401,0.11808076884358948,0.044139725521400164,0.7541238126105806,0.6428571249336552,0.11839708561020036,0.11811023622047244,0.3494131454429164,0.05579327534386315,0.7490925829027719,0.9369509047718705
1,0.42857142857142855,0.1905511811023622,0.13263235690185168,0.1141268696570563,0.007602172785156421,0.7008484881111212,0.5714285525617423,0.013964784456587736,0.05511811023622047,0.030342553907075062,0.24844371503159307,0.4301189351715334,0.7933603015891632
1,0.0,0.34330708661417325,0.30828781199779554,0.1999516572189706,0.1079816534977474,0.6057766120635878,0.5238095028463804,0.08075288403157256,0.007874015748031496,0.4788039463267825,0.036303631972455334,0.5891439457204862,0.8447954228035229
1,0.42857142857142855,0.352755905511811,0.20673291261861848,0.08182282048467523,0.0033822928927479544,0.22113378346279272,0.49999998018982944,0.026108075288403157,1.0,0.048908760819014026,0.4312441313750542,0.46010662334476826,0.8733258963651132
1,0.0,0.0029606299212598425,0.20776375183460793,0.5859303359671618,0.028053831634792883,0.18468788224560062,0.42857140341565636,0.04007285974499089,0.0,0.05793575815320236,0.09218496531738907,0.7074636495935187,0.8167854167934492
1,0.0,0.31968503937007875,0.00789735427344439,0.17571311763353176,0.312218644332834,0.9580388400379164,0.5952380774194233,0.25561627200971465,0.2440944881889764,0.5419934338067228,0.0277084345737529,0.7493265969685988,0.7113076201130122
1,0.0,0.24094488188976376,0.005717964648875558,0.048806975996008216,0.42460147147059274,0.5377918386193761,0.5714285525617423,0.2647237401335762,0.05511811023622047,0.21415627804432222,0.11898381244507597,0.6684192135736011,0.2593918315672291
1,1.0,0.737007874015748,0.5570288087173093,0.002882138214475497,0.01563398333142981,0.7206198400312568,0.4523809172676871,0.0024286581663630845,0.023622047244094488,0.048908760819014026,0.32728556885480087,0.4381807869891333,0.9100818030844579
1,0.0,0.10377952755905512,0.05302701728034742,0.3377398726139283,0.050569869210654574,0.919953747588592,0.5952380774194233,0.49666059502125076,0.11811023622047244,0.12629683556751378,0.11419674816748412,0.8108280968879145,0.4944971030169257
1,0.2857142857142857,0.39527559055118106,0.22216062073646775,0.020379797949924842,0.0,0.1385940326952491,0.5476190277040613,0.4335154826958106,0.49606299212598426,0.19547322288862923,0.22122648814569496,0.4067758891027177,0.15958173538720155
1,0.0,0.10157480314960629,0.0981511119294595,0.28498946222163324,0.14387079702874195,0.7031305012842342,0.4523809172676871,0.689738919247116,0.11811023622047244,0.5823370970914061,0.16507058738754296,0.784681133457339,0.3329373484484918
1,0.0,0.5401574803149606,0.4014188122243955,0.25089981081858354,0.00552087158077687,0.30367352590556823,0.6190476022771042,0.3910139647844566,0.05511811023622047,0.030342553907075062,0.2361730765233304,0.6670341446573324,0.12685055766207165
1,0.2857142857142857,0.3102362204724409,0.039721220338862356,0.17596308772736036,0.14293825159667836,0.4613487678233284,0.5714285525617423,0.5531268973891925,0.023622047244094488,0.3650777845171377,0.32036063186664354,0.33110570865386396,0.18387663985765654
1,0.0,0.15149606299212595,0.2560646206713616,0.46477754453175846,0.006764585628179946,0.9594152849401615,0.6428571249336552,0.44626593806921677,0.2440944881889764,0.054673884300798746,0.22569864531687825,0.5337861769095631,0.1714133350156527
1,0.0,0.13858267716535433,0.22862045620605492,0.40413793351862837,0.09661601564601643,0.7272658353738265,0.6428571249336552,0.19247115968427445,0.05511811023622047,0.46921766360530776,0.037588865649468194,0.806237188321231,0.9088616325032657
1,0.2857142857142857,0.0,0.2797954064036496,1.0,0.0070455244080436285,0.42854504698499096,0.6190476022771042,0.022465088038858532,0.2440944881889764,0.021457775890022457,0.25591701206885686,0.7834640036833755,0.7699041115663011
1,0.0,0.07385826771653543,0.03141293232340778,0.38937152678446,0.15378785376033918,0.8654021806452471,0.42857140341565636,0.25743776563448695,0.2440944881889764,0.5269247185031789,0.25920391374119595,0.6427773198087828,0.6094529435092095
1,0.0,0.337007874015748,0.15961464268284217,0.11924897688665285,0.2510679787447256,0.5534165680644136,0.49999998018982944,0.21918639951426835,0.023622047244094488,0.5118082607107619,0.21763412481410305,0.8523262253473981,0.7261300844274293
1,0.2857142857142857,0.3795275590551181,0.6735485711103069,0.0714236342358646,0.002391642180437005,0.42854504698499096,0.5476190277040613,0.004250151791135397,0.0,0.021457775890022457,0.3579916237546748,0.6845284932725247,0.9276541748850647
1,0.0,0.21259842519685038,0.0973700095548391,0.07226441946670897,0.06235176510083796,0.36977246188921176,0.6428571249336552,0.16029143897996356,0.007874015748031496,0.825603836091421,0.03752881129136417,0.8156563742837387,0.6356059794919849
1,0.0,0.0,0.009587867134583355,0.6980785735125922,0.3158699793003656,0.7356149950162387,0.6190476022771042,0.554341226472374,0.05511811023622047,0.40333703676770744,0.03998486112442222,0.7005068599035073,0.5232909484015271
1,0.0,0.2062992125984252,0.045491566207761416,0.2872993087361472,0.029513214068955365,0.29146747346618923,0.7619047514231901,0.35397692774741957,0.0,0.3093247836197194,0.04415955906073124,0.7911036191155713,0.45223039815981647
1,0.2857142857142857,0.25039370078740153,0.08234219574119178,0.30725718985120093,0.08225685952659852,0.21645892670430203,0.5952380774194233,0.1092896174863388,0.05511811023622047,0.0639593914082526,0.28537205224400103,0.3067897503045028,0.09530415579035283
1,0.42857142857142855,0.3480314960629921,0.27305065514355276,0.20554348565859265,0.00552087158077687,0.5022610070083448,0.7142857017078282,0.013357619914996965,0.0,0.09576310718281715,0.11907705917550084,0.3788064852862091,0.6944319355564096
1,0.0,0.23937007874015748,0.2732983828492037,0.31703524719559734,0.008827372631490188,0.9594152849401615,0.42857140341565636,0.4177292046144505,0.49606299212598426,0.10911546245138984,0.3839256655659709,0.7156536008066027,0.16027086279009628
1,0.42857142857142855,0.3118110236220472,0.14565816234274379,0.32548688289729094,0.013885231554939296,0.1590306334815512,0.5476190277040613,0.08864602307225258,1.0,0.034593560817030786,0.40855068689684415,0.2497454708608196,0.254399300272518
1,0.0,0.08062992125984252,0.07265415602439346,0.3789494867228922,0.04695282912308621,0.9853580371750842,0.38095235370029445,0.27140255009107467,0.0,0.1392568326918087,0.5140102665561701,0.4467077605074975,0.2780053218632408
1,0.42857142857142855,0.2141732283464567,0.4387525339906344,0.20625811518890366,0.027507234961144527,0.6816703591637937,0.5476190277040613,0.40255009107468126,0.023622047244094488,0.10064218502352623,0.12825330539036606,0.6816237320347401,0.13186479038746032
1,0.0,0.1280314960629921,0.022514991585790477,0.34534528215216753,0.3251201815300362,0.13615570535204888,0.4047618829602356,0.4256223436551305,1.0,0.36822040130960265,0.09217587307754557,0.8416488330850035,0.6664767638655407
1,0.0,0.10204724409448819,0.0286270164156561,0.40904997714618724,0.1838578640834127,0.5300323777979545,0.3571428310437435,0.1323618700667881,0.023622047244094488,0.3984239194207603,0.08790065746738299,0.8280969033741283,0.7063930509532985
1,0.0,0.20157480314960627,0.05422374180418862,0.3238029332124574,0.07674669880317161,0.3715035974097761,0.5238095028463804,0.21979356405585915,0.0,0.35561076505324185,0.054729893458409624,0.7808889986736472,0.45223039815981647
1,0.0,0.25354330708661416,0.22865138163685558,0.25699249890660003,0.1388924311199921,0.15667187982142816,0.3333332819736318,0.1973284760170006,0.0,0.4287692602000763,0.3014693615603735,0.9335813291869076,0.9839493977246774
1,0.0,0.12330708661417324,0.4146107146953527,0.21458149085724262,0.0,0.7642101016065692,0.6190476022771042,0.4426229508196721,0.11811023622047244,0.12466990128398578,0.2471584847727155,0.5189722223433235,0.13258507411665166
1,0.0,0.2755905511811023,0.07828404041770694,0.20875763602663291,0.08455732231869886,0.2477968362551419,0.5238095028463804,0.3551912568306011,0.0,0.46019482901950026,0.10140417749271764,0.9028108835200515,0.661007738434714
1,0.0,0.23622047244094485,0.010766550764120092,0.1938959087030466,0.22606429755118826,0.04628438684198258,0.28571427628087115,0.18882817243472982,1.0,0.5297361747172636,0.13185910769049858,0.7396753757868272,0.7415087574289575
1,0.42857142857142855,0.012803149606299212,0.06489245147365019,0.35286412019645746,0.0033822928927479544,0.865119887759927,0.47619045313101843,0.39162112932604737,0.05511811023622047,0.18227710393360097,0.19590479957282972,0.32941942218731624,0.16469469433947526
1,0.0,0.30236220472440944,0.0,0.24450951129998286,0.6605526604174473,0.6694643344736415,0.5238095028463804,0.6193078324225865,0.023622047244094488,0.15387840064521566,0.13039398097186072,0.8041406003876128,0.5355569841821328
1,0.0,0.368503937007874,0.2273672387277949,0.06401670025068101,0.016602943476059815,0.6472595695983909,0.5952380774194233,0.4408014571948998,0.11811023622047244,0.36430066240379194,0.06011506304720899,0.6173335889755738,0.19365530452094495
1,0.0,0.16062992125984252,0.05160120868587519,0.22526452506250907,0.037293405597994156,0.9349394400871992,0.5952380774194233,0.461445051608986,1.0,0.24352920906541234,0.11672533652806537,0.8343296980375995,0.4944971030169257
1,0.0,0.060944881889763776,0.039398188191927905,0.4007372558476281,0.1019466198620213,0.14047810253006351,0.3333332819736318,0.4098360655737705,1.0,0.7857612107048947,0.04145051594496075,0.8223155330828671,0.3317145492433022
1,0.0,0.07448818897637795,0.02808640567908914,0.31638179498073016,0.019642147086020682,0.7833882583031236,0.6428571249336552,0.21797207043108682,0.11811023622047244,0.17009752193551478,0.09809945024489596,0.7680797548134902,0.6094529435092095
1,0.0,0.384251968503937,0.0,0.18943444823161157,0.541506401029224,0.5022610070083448,0.5714285525617423,0.43776563448694594,0.023622047244094488,0.3712208855518957,0.11470839744368874,0.7212993737290742,0.37136349100665716
1,0.0,0.09259842519685038,0.003292687203763747,0.4083182570209358,0.7704986632862613,0.43862620237400185,0.7857142740797411,0.5282331511839709,0.007874015748031496,0.2663534034961302,0.0634229463732721,0.8613478641273241,0.0969961541906415
1,0.0,0.0,0.020594195530614014,0.9620434285003633,0.24557682572254433,0.28224604462519676,0.023809513852030617,0.5367334547662417,0.49606299212598426,0.17931442529694958,0.1546267712794109,0.8406461608073175,0.6193621427874465
1,0.0,0.0,0.115312983925134,0.6573718949479139,0.07911145269650573,0.39180362760093507,0.6666666519924662,0.3254401942926533,0.0,0.07485704316367224,0.07778006592817292,0.7166086725486025,0.5320310009318268
1,0.0,0.3102362204724409,0.10272828550276333,0.29975655144212204,0.08685429269641763,0.2807542295371651,0.5476190277040613,0.47540983606557374,0.0,0.18852665976938165,0.2233244370361958,0.7153978967272753,0.06273356865223655
1,0.0,0.2929133858267716,0.1356494302319992,0.21638664821678646,0.0361444248638509,0.4629006710873035,0.6666666519924662,0.27929568913175473,0.023622047244094488,0.43038108050486806,0.08250615636927057,0.8994771299910183,0.663616983971639
1,0.42857142857142855,0.0,0.40948926244119144,0.6488126349450817,0.00662248211868105,0.4059846202684793,0.5238095028463804,0.48148148148148145,0.023622047244094488,0.075769344074808,0.14448514681444763,0.3089432455365492,0.13312115039671182
1,0.0,0.1921259842519685,0.0,0.19332352069668204,0.6899709814974403,0.8796165278835331,0.5476190277040613,0.44687310261080754,0.11811023622047244,0.38004202826454503,0.1853010489149697,0.7306490990852689,0.26580569449820135
1,0.0,0.2220472440944882,0.09495653527342938,0.04607840232227345,0.08656376157570185,0.8516507737594431,0.5714285525617423,0.24468731026108076,0.11811023622047244,0.3344370022261924,0.09792114321804064,0.8666170223535147,0.6152929105776451
1,1.0,0.47401574803149604,0.5374179910219609,0.0020379797949924843,0.013335636439033615,0.47970060804105996,0.5476190277040613,0.004857316332726169,0.49606299212598426,0.10154447261386718,0.1677411536938505,0.10887616882195522,0.6389641790989119
1,0.0,0.006503937007874016,0.017213422857708178,0.5622045900617479,0.23815804087509204,0.20759415867673925,0.49999998018982944,0.48451730418943534,0.0,0.15402462363796526,0.27991872503772836,0.9389020920211268,0.47546026161879573
1,0.2857142857142857,0.04173228346456693,0.2049703983098845,0.36105738743099064,0.00478328436087401,0.8768755702466129,0.49999998018982944,0.006071645415907711,0.11811023622047244,0.04747853757174801,0.30064380213388353,0.34267407658130017,0.7477015917979024
1,0.0,0.0,0.12248198708100301,0.6350690666677283,0.21827309862420896,0.4347594031030295,0.7142857017078282,0.5919854280510018,0.05511811023622047,0.3717089497230894,0.052041649695814894,0.8819585559651665,0.43558185524430504
1,0.0,0.09433070866141731,0.003401990290533741,0.5078338054811614,0.7788015638465263,0.49753989228860085,0.49999998018982944,0.4839101396478446,0.007874015748031496,0.46019482901950026,0.14089202009930996,0.37231410614897814,0.09881538614318416
1,0.2857142857142857,0.0,0.022031676822127148,0.966595991416597,0.04807490882753357,0.3876328077999747,0.49999998018982944,0.5015179113539769,0.05511811023622047,0.20862478081012248,0.18834279622817068,0.5629265940992713,0.5488630992347026
1,0.0,0.1732283464566929,0.039953787335273126,0.14904882260682853,0.08228124350088427,0.9594152849401615,0.47619045313101843,0.39162112932604737,0.05511811023622047,0.054673884300798746,0.22894427870260947,0.7599125139566657,0.45223039815981647
1,0.42857142857142855,0.32125984251968503,0.365784984584334,0.2017496863880568,0.014349542540910802,0.8768755702466129,0.5952380774194233,0.0030358227079538553,0.11811023622047244,0.04747853757174801,0.41226645060891826,0.8674713120584447,0.8777942515070088
1,0.2857142857142857,0.3165354330708661,0.21881380118559354,0.0610860139405414,0.054615430116001645,0.21486105684595624,0.30952376812160115,0.3976927747419551,0.0,0.142464950278398,0.12887220435785723,0.5185329957050063,0.20542074025699242
1,0.0,0.012173228346456693,0.019844377179371823,0.5406979579061395,0.3157995646752668,0.34600530454221545,0.42857140341565636,0.596842744383728,0.05511811023622047,0.10354529813955103,0.3816942157052369,0.9179323786697285,0.3260914130892698
1,0.2857142857142857,0.4708661417322834,0.03275850964346996,0.1766842008777153,0.18705219617804014,0.8103814852718203,0.3333332819736318,0.2374013357619915,0.49606299212598426,0.1331103973265859,0.3442412118181016,0.38996452082709726,0.22794586758453325
1,0.0,0.18582677165354328,0.04556856506255406,0.32537341954652194,0.1609728356233818,0.3310503859362478,0.7619047514231901,0.5919854280510018,0.0,0.5848936237024207,0.06270087668926125,0.6983802336974504,0.23208134519445914
1,0.2857142857142857,0.13669291338582676,0.10290281963123966,0.10415249322679722,0.04065791738206101,0.30428034599956044,0.5238095028463804,0.403157255616272,0.0,0.7001727695519022,0.10881258692859219,0.4426236840167914,0.3329373484484918
1,0.2857142857142857,0.06551181102362205,0.0926057193227229,0.49930504882526094,0.04804536017017812,0.08385607141985023,0.38095235370029445,0.2750455373406193,1.0,0.31662163736697796,0.22115716266533447,0.5850422451275774,0.1431034009697646
1,0.7142857142857143,0.31338582677165355,0.6915831073903387,0.08204023977261073,0.0016911464463739772,0.5022610070083448,0.3571428310437435,0.0,0.007874015748031496,0.11480575769044522,0.34013166183115223,0.2975530510984871,0.9178213687181986
1,0.0,0.03259842519685039,0.009398127154893429,0.5004286393251272,0.12514484080725743,0.9918230798089964,0.42857140341565636,0.046751669702489375,0.11811023622047244,0.1529979783297442,0.3129198299021036,0.9427145563613067,0.7229154810477177
1,0.0,0.26141732283464564,0.053786896569438906,0.2580391011579328,0.03644743900624135,0.03981660535937468,0.6428571249336552,0.1657559198542805,0.0,0.5408800070735733,0.02165615321934496,0.8614694858922618,0.45223039815981647
1,0.0,0.0,0.3063661754117902,0.937756489260035,0.013369681186615433,0.7909535577838801,0.5476190277040613,0.01639344262295082,0.49606299212598426,0.03955578619959046,0.2210584127371096,0.5882826527538911,0.8075695425657311
1,0.0,0.5511811023622046,0.7923190105693255,0.0862349239245769,0.0,0.8257200369397709,0.5476190277040613,0.0036429872495446266,0.023622047244094488,0.021457775890022457,0.37961949874085243,0.5363458922376435,0.9276541748850647
1,0.2857142857142857,0.2078740157480315,0.06335681690847929,0.06637978543767563,0.06297835458200048,0.0052983810546038184,0.5952380774194233,0.28901032179720704,0.49606299212598426,0.2960218173464514,0.18418742044090747,0.38505701227005457,0.29700915263442473
1,0.0,0.06393700787401574,0.02885741977635522,0.43012550544273365,0.013225767756960681,0.4417638074603241,0.4047618829602356,0.663023679417122,0.007874015748031496,0.3511062994468399,0.15882384262019195,0.8862269898407564,0.33580896733884763
1,0.0,0.0,0.24755788281855798,0.7224900096325361,0.04735210018383944,0.11841315490950421,0.4047618829602356,0.11596842744383729,1.0,0.5430082147655887,0.13023618275668244,0.9377811991210334,0.7644868842920775
1,0.0,0.07984251968503936,0.1358254966443619,0.3928986540042705,0.010205551397170264,0.14523998086413312,0.5952380774194233,0.018822100789313904,0.49606299212598426,0.06139732823859758,0.14735996949127406,0.8423902821566199,0.6911523297693165
1,0.0,0.45669291338582674,0.19865455301943852,0.11662461792614778,0.1266572056846438,0.4997375478119179,0.49999998018982944,0.09350333940497875,0.0,0.2960218173464514,0.06572388692423842,0.7156026455076024,0.7351869574686904
1,0.0,0.49291338582677163,0.0705511949398264,0.018335558049158353,0.0033822928927479544,0.17880199927630014,0.5714285525617423,0.08136004857316333,1.0,0.04290145628019283,0.17694130976499586,0.551779859627427,0.6323629910484859
1,0.0,0.46771653543307085,0.21296789019640955,0.10827241668974796,0.02370041440171009,0.3426230067730313,0.5952380774194233,0.022465088038858532,0.0,0.0625083110356009,0.31147207870446986,0.536462798782255,0.906010410920054
1,0.0,0.0,0.17898747316595792,0.6792464346251094,0.009561224147874489,0.24770153153533142,0.47619045313101843,0.033394049787492414,0.0,0.15749148031051002,0.2604939521770334,0.8114723969610731,0.6498927750649461
1,0.0,0.19999999999999998,0.05025992875452151,0.06974391217462703,0.03158511643111747,0.08998953576653353,0.8571428288426135,0.5828779599271403,0.49606299212598426,0.3901387073209832,0.049084922800799444,0.8222326070440815,0.1430656221411485
1,0.0,0.3590551181102362,0.0401167180691748,0.1526721330029341,0.1952993360951724,0.5212491647482701,0.23809520455420854,0.17911353976927746,0.2440944881889764,0.12040935413977578,0.5323689572045407,0.8791469241937585,0.6364313674272183
1,0.0,0.24724409448818896,0.0010807617879680237,0.1240604770086473,0.412792399247778,0.7765394438610941,0.5952380774194233,0.5227686703096539,0.11811023622047244,0.5987160761830468,0.06077073545341549,0.6984314672717484,0.3462245944636838
1,0.0,0.004913385826771654,0.026373099936190865,0.5722930270183063,0.03186562259208254,0.9739756650379721,0.5238095028463804,0.2956891317547055,0.49606299212598426,0.32307902073978334,0.110615339959463,0.853334463131043,0.5591214775890803
1,0.0,0.40314960629921254,0.0887919728161394,0.0040759595899849685,0.0023101489719244495,0.4493773350974442,0.6190476022771042,0.058287795992714025,0.0,0.27421581257674743,0.170951500529713,0.6336486532573221,0.5616053234974706
1,0.0,0.1622047244094488,0.00655006982382423,0.20779994657648748,0.1997491596967829,0.24722022119463752,0.5714285525617423,0.5112325440194293,0.0,0.5361953140881454,0.32021555481159714,0.8077286820792224,0.4036464170209476
1,0.0,0.24251968503937008,0.03325581396827448,0.10642042370646566,0.14573661941209767,0.8906661867900361,0.6190476022771042,0.04918032786885246,0.49606299212598426,0.3063205807932649,0.06262676012261735,0.689228794950775,0.8194678970175622
1,0.42857142857142855,0.0,0.2617998893195108,0.7788431515625808,0.00478328436087401,0.4309178833777691,0.47619045313101843,0.029143897996357013,0.007874015748031496,0.1430976260558713,0.3110688241948705,0.5577120705899095,0.7644868842920775
1,0.2857142857142857,0.305511811023622,0.038926235217911116,0.18472838276714457,0.1473324404079266,0.43635798056666136,0.42857140341565636,0.5719489981785064,0.023622047244094488,0.13053324496875562,0.2177049656677707,0.4549686255423392,0.18387663985765654
1,0.0,0.3496062992125984,0.01863340050798072,0.03056358772442188,0.35773999258097916,0.38126658016307663,0.47619045313101843,0.20886460230722526,0.007874015748031496,0.5203168357658382,0.109929764566453,0.8214756673142133,0.6543974215195523
1,0.0,0.07259842519685039,0.025267508791240373,0.47204229860634395,0.2527045288434099,0.8664890901139494,0.5952380774194233,0.24408014571949,0.11811023622047244,0.6524489355759425,0.17511605401020164,0.6289518300202959,0.7229154810477177
1,0.0,0.19370078740157481,0.4058421724708224,0.33928091724644827,0.0016911464463739772,0.33368119301696253,0.5952380774194233,0.37644201578627806,0.023622047244094488,0.2701981096370827,0.16281543845553773,0.47488389195089636,0.15824215599495756
1,0.0,0.1622047244094488,0.01642093771196064,0.4098555384997169,0.3477491389310758,0.6601226404832361,0.6666666519924662,0.5998785670916819,0.05511811023622047,0.38151303818242216,0.07905148122362918,0.6644735790436191,0.15929576554858346
1,0.42857142857142855,0.0647244094488189,0.5512256490843555,0.3496371258150261,0.038522321719325035,0.21645892670430203,0.42857140341565636,0.42319368548876746,0.11811023622047244,0.0639593914082526,0.35159990447633577,0.257180453460729,0.15933293306929316
1,0.42857142857142855,0.30393700787401573,0.41457816161029937,0.15807377525460056,0.007900848939863456,0.9475343979416733,0.5238095028463804,0.02853673345476624,1.0,0.1569192315256607,0.11907705917550084,0.624207916418963,0.8220184977493324
1,0.0,0.22047244094488186,0.0657813287202899,0.30312712388321067,0.1460901555760486,0.19478073115882988,0.6666666519924662,0.4711596842744384,0.11811023622047244,0.4843631470129853,0.0981541575000444,0.8087358995201082,0.6829955872433121
1,0.0,0.0,0.00841084612843362,0.7299619646582042,0.3429962697238822,0.6050175042123326,0.30952376812160115,0.4256223436551305,0.007874015748031496,0.3335083684670674,0.16067503632486543,0.9284019302040412,0.6056892429910313
1,0.0,0.06031496062992126,0.0571714026742868,0.2676476554414729,0.016296206451401795,0.6570581268605856,0.47619045313101843,0.009714632665452338,0.2440944881889764,0.28453802376257914,0.0989504747792182,0.30543076196754615,0.7157547017397649
1,0.0,0.0,0.07840120609180123,0.8807767490560362,0.019865568790023148,0.9664379482887606,0.6190476022771042,0.5525197328476017,0.05511811023622047,0.1516673222392818,0.10471386103669464,0.875580826250686,0.380395626454639
1,0.0,0.39842519685039374,0.011485718987019203,0.23651644005277137,0.22273065430540756,0.6814996181706378,0.5476190277040613,0.4262295081967213,0.49606299212598426,0.40802821661661726,0.1202009648429701,0.8053380499141165,0.4036464170209476
1,0.0,0.46929133858267713,0.08759034434805961,0.1520012773868964,0.16268869656488008,0.02474537975372006,0.19047615483884656,0.18579234972677597,0.2440944881889764,0.6552619618588954,0.07797304814916156,0.6378667038442465,0.21211641613281912
1,0.42857142857142855,0.1637795275590551,0.07433753200311594,0.31252826867818134,0.009566568564432056,0.12764644377007656,0.5952380774194233,0.09957498482088646,1.0,0.05425227949209098,0.24958414738313875,0.777013242162925,0.1875225820961302
1,0.0,0.0626771653543307,0.051110729700290354,0.7171287857374009,0.12631232976446338,0.9621181428885391,0.49999998018982944,0.546448087431694,0.49606299212598426,0.510485147148507,0.0788390726004687,0.6920018082947249,0.10567697098481019
1,0.0,0.47401574803149604,0.2637658858419258,0.2947801171260273,0.030498331349579036,0.9941817640960523,0.5238095028463804,0.042501517911353974,0.49606299212598426,0.10064218502352623,0.21994123509924882,0.765687715812156,0.7228303462332852
1,0.2857142857142857,0.08283464566929133,0.22732919230963883,0.26318947469596654,0.07313927465384983,0.2756716284134324,0.47619045313101843,0.23497267759562843,0.0,0.35290512321735207,0.1863678945108398,0.8095122876013545,0.888706810828965
1,0.2857142857142857,0.22834645669291337,0.10945023052924958,0.0020379797949924843,0.050753097472656133,0.6782880891438364,0.5238095028463804,0.3211900425015179,0.023622047244094488,0.14942207004490396,0.14698434490851728,0.37655859288920657,0.49037601151973065
1,0.0,0.3511811023622047,0.02795919941282373,0.1990971085139979,0.23671356570159613,0.7008484881111212,0.38095235370029445,0.201578627808136,0.023622047244094488,0.4079322358276494,0.27463441892413504,0.6952040149065274,0.283944178174003
1,0.0,0.13118110236220473,0.005336173547617407,0.5043302809132653,0.4283929199006896,0.2317175328495348,0.5238095028463804,0.5324833029751063,1.0,0.3566401724431428,0.2617842013978797,0.9216005263484501,0.4128367793320383
1,0.0,0.25984251968503935,0.20705116988921016,0.1671640475306223,0.024317063873741985,0.5534165680644136,0.49999998018982944,0.3970856102003643,0.023622047244094488,0.1059384260307502,0.1879034462100197,0.5346009051429697,0.10621789697426123
1,0.0,0.1826771653543307,0.11690658459898286,0.25656056089759083,0.15761544553296603,0.7320426982904256,0.19047615483884656,0.2119004250151791,0.49606299212598426,0.4715426670346688,0.03727529104612946,0.8595093765325433,0.6356059794919849
1,0.0,0.2692913385826772,0.2794524863563154,0.0554493755344958,0.0033822928927479544,0.12764644377007656,0.5476190277040613,0.018214936247723135,0.023622047244094488,0.12172227878142822,0.11735570333941928,0.8256901003222645,0.6687228925060589
1,0.0,0.1653543307086614,0.0,0.3010500999937249,0.6260481333359762,0.5341859930782328,0.6190476022771042,0.4256223436551305,0.023622047244094488,0.5176299108035612,0.07077835762163796,0.863392275442579,0.32124388402995896
1,0.0,0.0,0.18299611855324932,0.7016775892914863,0.004450154594396972,0.24415770551632432,0.42857140341565636,0.03217972070431087,1.0,0.0911197400627036,0.2800630785874739,0.721146693348939,0.6498927750649461
1,0.0,0.10141732283464565,0.054226077106559724,0.26398746234713494,0.24902645016214556,0.554577068482872,0.5714285525617423,0.44990892531876137,0.007874015748031496,0.39985695846258856,0.06522602412699446,0.8063535228555078,0.6056892429910313
1,0.0,0.28031496062992123,0.010818504089099828,0.2043047635080631,0.21583233359038762,0.8768755702466129,0.3333332819736318,0.6812386156648452,0.11811023622047244,0.41027568756621147,0.08445984286029998,0.6988514001560754,0.1975409405895215
1,0.0,0.20157480314960627,0.05999396623482117,0.3604875397903743,0.11728475322002178,0.04027114879579455,0.6428571249336552,0.172434729811779,1.0,0.5841090231031503,0.0718789288189325,0.8430136188240006,0.7367931282389194
1,0.0,0.20472440944881887,0.0610358455244213,0.1310169558038921,0.10161646871599025,0.6415466697597805,0.5952380774194233,0.054037644201578625,0.023622047244094488,0.07485704316367224,0.2368650495262052,0.7523648221312221,0.7367931282389194
1,0.0,0.1537007874015748,0.004265903135752214,0.35534564045748573,0.38446515876169685,0.4309178833777691,0.5476190277040613,0.7030965391621129,0.007874015748031496,0.28213059171763877,0.1080617992113414,0.8408766655124427,0.2946222194061304
1,0.0,0.25511811023622044,0.32080194270707896,0.15387059793953586,0.023935634802947598,0.6380801253377081,0.5952380774194233,0.31026108075288406,0.11811023622047244,0.19547322288862923,0.09132606198124756,0.6851342212974413,0.16892182738150202
1,0.0,0.03496062992125984,0.028623939131834652,0.46921943091636487,0.017207928756005145,0.03270051313870396,0.6190476022771042,0.6587735276259866,0.49606299212598426,0.2031475955634812,0.12730268778778336,0.8368890423319495,0.33580896733884763
1,0.0,0.1368503937007874,0.06142308100199413,0.03081947080389874,0.01870769577106374,0.612974428532421,0.4523809172676871,0.2774741955069824,0.05511811023622047,0.36909645842044464,0.1314466413063209,0.7787617386183007,0.6785449600307023
1,0.0,0.12204724409448818,0.021049153505344174,0.3777453723161936,0.1580338037395263,0.35260778909699575,0.42857140341565636,0.2756527018822101,0.007874015748031496,0.4567606545699746,0.12883198999629386,0.8652046824580477,0.7360277096093049
1,0.0,0.0,0.046478140221905224,0.6933571521059159,0.190721315715204,0.9505915580191936,0.47619045313101843,0.4663023679417122,1.0,0.030342553907075062,0.4236782370530686,0.8115595125890662,0.4278412503871235
1,0.0,0.05307086614173228,0.012950527703311182,0.5539254243406092,0.22979854589708956,0.3277775033687561,0.5238095028463804,0.4802671523982999,0.0,0.2185324318383523,0.06774554873219288,0.8700642503651514,0.5232909484015271
1,0.0,0.012929133858267714,0.048966697049546044,0.5935654241813624,0.23612448034604477,0.098683252009599,0.5476190277040613,0.28536733454766244,1.0,0.25805032153357715,0.43883020408897305,0.9753632829905492,0.6150764260710555
1,0.0,0.0,0.20900643406639657,0.7542614161477401,0.019133137128864112,0.7271056945853489,0.5238095028463804,0.08925318761384335,0.11811023622047244,0.35789333530556017,0.09932146209177911,0.8378668089704702,0.8086880322651572
1,0.0,0.06929133858267716,0.26536906170055785,0.4800313981623297,0.061568064167293574,0.23612888294932105,0.5476190277040613,0.4681238615664845,0.0,0.27476201061366556,0.13272546256154938,0.700658798216181,0.10702135933258461
1,0.0,0.10992125984251969,0.005289795319934517,0.15275334887506348,0.3100119025257707,0.353119568088833,0.6428571249336552,0.5761991499696417,0.007874015748031496,0.34676545154354294,0.14794057964674265,0.8626018499185256,0.24942184790616498
1,0.0,0.08755905511811024,0.137254488065861,0.5027738329436526,0.07058321275064759,0.17149719566312882,0.30952376812160115,0.0904675166970249,1.0,0.6667942003308712,0.01851271638157876,0.837167132113022,0.7228800863199367
1,1.0,0.384251968503937,0.2601109119212704,0.007941148256692964,0.013529171256359891,0.6469039077571299,0.5238095028463804,0.09532483302975106,0.023622047244094488,0.054673884300798746,0.25479983443099613,0.30454770168875694,0.19437141097944252
1,0.0,0.07968503937007873,0.03977350300950728,0.43495346106823135,0.2002150194584115,0.5055052801228958,0.4523809172676871,0.445658773527626,0.023622047244094488,0.23215831582844268,0.11192888946913128,0.9028324034764253,0.49037601151973065
1,0.42857142857142855,0.44566929133858263,0.5634962547421325,0.2342303288958452,0.018541197275161667,0.6271325280877674,0.49999998018982944,0.0012143290831815423,1.0,0.020356855994936113,0.27778940336225383,0.24807981232371842,0.8774882918998513
1,0.0,0.11999999999999998,0.0,0.4716251857168504,0.6400244767907041,0.13985251008406904,0.4523809172676871,0.3363691560412872,1.0,0.3439134627620982,0.20433565302729362,0.4227772289055188,0.2741885190649259
1,0.0,0.4236220472440944,0.1288372076167098,0.038683476304738486,0.05261592849297285,0.0395163420747098,0.4523809172676871,0.15482695810564662,0.11811023622047244,0.16650198159218205,0.1783088316307275,0.7821773823836214,0.0770321420908611
1,0.0,0.4755905511811024,0.10001744641902077,0.1210498023538574,0.10561562141221283,0.7029542381949239,0.5476190277040613,0.08378870673952642,0.49606299212598426,0.4372717822264898,0.4365131641208403,0.740745282468443,0.763327620355294
1,0.2857142857142857,0.16692913385826771,0.05561785056048528,0.4430778919741694,0.13847213006128714,0.3319097794935433,0.5238095028463804,0.3582270795385549,0.007874015748031496,0.2372764924330944,0.13326996011779005,0.3154408438815904,0.23208134519445914
1,0.42857142857142855,0.06409448818897637,0.3053874592800326,0.3292576198175828,0.007173815575979363,0.09626225405860192,0.4523809172676871,0.007893139040680024,0.0,0.06912812836221983,0.18921193118258214,0.47383589171912394,0.7680869988145007
1,0.0,0.3511811023622047,0.32739581804758294,0.12430876932360488,0.005073439024490005,0.20136240379343032,0.4523809172676871,0.006071645415907711,0.11811023622047244,0.030342553907075062,0.24252920161962552,0.754786682968652,0.9306002714553512
1,0.2857142857142857,0.3905511811023622,0.16472744802378614,0.17355183512040478,0.005621482611709279,0.34473339097772737,0.49999998018982944,0.3600485731633273,0.05511811023622047,0.16528513690174176,0.2737567158439562,0.6969109555840778,0.46609103061428975
1,0.2857142857142857,0.30393700787401573,0.229788132823708,0.07311172623350397,0.014312251578429715,0.18551594137587327,0.38095235370029445,0.3788706739526412,0.0,0.1516673222392818,0.3584065910744986,0.47897058113745516,0.20542074025699242
1,0.0,0.4440944881889764,0.1385544878878363,0.09159786730608052,0.027473659801712666,0.4511054459522758,0.5476190277040613,0.3800850030358227,0.007874015748031496,0.1359701641465684,0.1370118383833996,0.8313728220204067,0.39316024496371177
1,0.0,0.14818897637795275,0.004558638660501587,0.34427649909542124,0.37417041000000945,0.6645821354917052,0.4047618829602356,0.6721311475409836,0.023622047244094488,0.17322749554183073,0.13653383495212953,0.7843229158501993,0.2946222194061304
1,0.0,0.46771653543307085,0.02897422685787196,0.14531408683993857,0.15994079571043418,0.6379561140426627,0.5714285525617423,0.2817243472981178,0.05511811023622047,0.2931457197443597,0.05334941116307654,0.7317651840066035,0.22794586758453325
1,0.0,0.11795275590551181,0.04267565759139215,0.3703092573013239,0.17560467536749796,0.1299505037039668,0.28571427628087115,0.3800850030358227,0.0,0.44593447193625846,0.14287319979177085,0.9021550041025509,0.49994628131772423
1,0.0,0.05196850393700787,0.02736813075862167,0.6551389039762601,0.1531198272544872,0.2821677640560934,0.5476190277040613,0.6927747419550698,0.007874015748031496,0.4879678392051154,0.14594988044752832,0.9380200520850968,0.33580896733884763
1,0.0,0.17165354330708663,0.0040290247629792076,0.35431504819775267,0.3655335119184147,0.3139581802500982,0.7857142740797411,0.6939890710382514,0.0,0.669360539872312,0.10556577998308168,0.8861626773274552,0.2946222194061304
1,0.0,0.03559055118110236,0.049246287994600256,0.5253758840804568,0.22252957304132975,0.6841739776629823,0.4523809172676871,0.5112325440194293,0.05511811023622047,0.1727100132381596,0.1908400630758074,0.8014988866050732,0.4278412503871235
1,0.0,0.12141732283464567,0.0623289850380426,0.26844922614582345,0.19812104173372258,0.37161051518104704,0.4523809172676871,0.4632665452337584,0.007874015748031496,0.3617884902383034,0.15645238593840946,0.7853572651326339,0.6094529435092095
1,0.0,0.00700787401574803,0.03896624626561435,0.5768579315621676,0.11425540624173108,0.12153439905164243,0.4523809172676871,0.3649058894960534,1.0,0.49808054949104974,0.17990035529510925,0.9055549407732769,0.4605903598108413
1,0.0,0.49921259842519683,0.23314521422600334,0.05227248986744788,0.02020314524951413,0.23189637661694745,0.6666666519924662,0.4474802671523983,0.0,0.11097707451546847,0.10259487922044057,0.8523576395365876,0.15958173538720155
1,0.0,0.552755905511811,0.2636919420178691,0.08596308867525802,0.014349830429123338,0.9247192888206135,0.38095235370029445,0.18518518518518517,0.49606299212598426,0.20401728976364678,0.22336075472354053,0.646556004619741,0.10954471610865918
1,0.0,0.3763779527559055,0.05378983397672302,0.04010271893071077,0.16901599179691643,0.8198340929221711,0.5476190277040613,0.37340619307832423,0.11811023622047244,0.4914964656923425,0.03463211596688422,0.788293718834906,0.6364313674272183
1,0.0,0.1748031496062992,0.19030978583884847,0.16269156300931725,0.04648493998553323,0.026682677045617505,0.5952380774194233,0.03642987249544627,0.49606299212598426,0.3128311605783803,0.06811769251385669,0.8936798207090807,0.6911523297693165
1,0.0,0.5826771653543307,0.8413370264130137,0.0809135088877729,0.027479024276055537,0.7300075144906463,0.8809523647059447,0.09289617486338798,0.11811023622047244,0.37018786287183775,0.040780654289519824,0.6671441716181892,0.9369509047718705
1,0.0,0.37165354330708655,0.36735240927162727,0.023574220671714413,0.0,0.2647240311634918,0.5952380774194233,0.4007285974499089,0.0,0.0625083110356009,0.4739834466818136,0.604347315646712,0.19167489105041252
1,0.2857142857142857,0.05669291338582677,0.30320733721105003,0.5308186176959983,0.08961231683309122,0.8125013042136646,0.42857140341565636,0.5792349726775956,0.11811023622047244,0.254422140284827,0.1767441859034269,0.40895047141845237,0.11906210777274842
1,0.0,0.39370078740157477,0.08229011716313088,0.09099372093627264,0.08221609109475235,0.36636613328952655,0.5476190277040613,0.33272616879174255,0.023622047244094488,0.46439666385156064,0.12183228129889742,0.6463671948300902,0.6323629910484859
1,0.42857142857142855,0.5732283464566928,0.38573423991979733,0.1264148841924983,0.023615359953082088,0.2750783749164748,0.5238095028463804,0.11232544019429265,1.0,0.03392214978787543,0.3087926594277884,0.7555520637158911,0.16571229785741365
1,0.0,0.07732283464566929,0.033610100255872334,0.33758368751529666,0.23916421804370047,0.2585527002217718,0.7142857017078282,0.32179720704310866,1.0,0.36712160100748836,0.1317729023187495,0.8879521884697991,0.49994628131772423
1,0.0,0.08236220472440944,0.07065942123157985,0.306977076611554,0.16479319086170446,0.4633115261408817,0.4523809172676871,0.3151183970856102,0.023622047244094488,0.3459365997927509,0.3386736847121407,0.7027453064001186,0.25203009497350953
1,0.0,0.08377952755905511,0.14323712201226893,0.5087029802471397,0.05405452004944755,0.2831986478356713,0.4047618829602356,0.09775349119611415,0.0,0.4083639634487967,0.22490138235361049,0.8547320080565027,0.7481590335042683
1,0.7142857142857143,0.08440944881889764,0.1120832410360121,0.22259490398839318,0.002390298859427804,0.2525179648494993,0.6190476022771042,0.4304796599878567,0.05511811023622047,0.028786105386327837,0.13799261533293178,0.30645670115208756,0.450002649510351
1,0.42857142857142855,0.768503937007874,0.7444526236896429,0.018793743344573503,0.0023101489719244495,0.12764644377007656,0.5476190277040613,0.006071645415907711,0.2440944881889764,0.00678621363844454,0.3121709164623644,0.44804277078961513,0.9702820608302105
1,0.0,0.34330708661417325,0.12577918860926862,0.0883147535911577,0.0695000136864888,0.4226042149965702,0.4047618829602356,0.1706132361870067,0.007874015748031496,0.43836219505543994,0.198846771517222,0.8967076569272476,0.8142338787228892
1,0.2857142857142857,0.2677165354330709,0.10303196382334966,0.1659974983084766,0.011956828094869077,0.008660799277632126,0.47619045313101843,0.18882817243472982,0.2440944881889764,0.2552710930488919,0.08735115803985,0.49878650326464846,0.1493516402119604
1,0.0,0.01779527559055118,0.019585032727294924,0.5342905298766918,0.1226553707512498,0.7022554571629634,0.5714285525617423,0.31633272616879177,0.11811023622047244,0.3338182917981255,0.058544606489933246,0.8712078845409816,0.7995677258401411
1,0.0,0.31968503937007875,0.1023903755786756,0.19007025059191468,0.07628413874386979,0.14943878021058332,0.47619045313101843,0.06071645415907711,0.0,0.1968310432363912,0.10275240968168861,0.6647171936072248,0.7367931282389194
1,0.0,0.31496062992125984,0.006529675188877832,0.11261601556523801,0.1592485504120577,0.8330528256482774,0.23809520455420854,0.4426229508196721,0.11811023622047244,0.6308105769755185,0.2917259498554724,0.7033971044465825,0.3743588997480606
1,0.2857142857142857,0.24409448818897636,0.17975357696096098,0.024322051265718278,0.05322989336809387,0.9472092047515556,0.6666666519924662,0.4068002428658166,1.0,0.14198853353915009,0.20541214346154404,0.5414630657719436,0.10621789697426123
1,0.0,0.12188976377952755,0.03249476925330598,0.1137041167764427,0.11001554439031726,0.2078044700674639,0.47619045313101843,0.18032786885245902,1.0,0.2221239023979083,0.19945193527778168,0.7921562108897596,0.6434002979372097
1,0.2857142857142857,0.050236220472440946,0.5116964760522467,0.39895088581984894,0.03995163163397483,0.32841176744815886,0.42857140341565636,0.4414086217364906,0.0,0.15576814379847587,0.22164029329952378,0.4875013577515579,0.14079522457674598
1,0.0,0.0,0.29278734264843254,0.8723618823048548,0.02391642180437005,0.4900549268197388,0.5238095028463804,0.022465088038858532,0.007874015748031496,0.0625083110356009,0.30176098546863644,0.7263874674947397,0.7699041115663011
1,0.5714285714285714,0.4913385826771653,0.6777515431561081,0.0327580476038,0.0,0.3511322794546944,0.5238095028463804,0.00546448087431694,0.0,0.04126265558142955,0.22869976809228235,0.5042901238890902,0.9369509047718705
1,0.0,0.22519685039370077,0.03196501547924627,0.3414237631499473,0.16426291021317257,0.6699948719428676,0.4523809172676871,0.3636915604128719,0.11811023622047244,0.5025411977807489,0.1118472587017646,0.7351041320078647,0.6256424756947288
1,0.0,0.15653543307086615,0.34708986864067215,0.3872165477908202,0.045441203630726575,0.28390214623620585,0.6666666519924662,0.44990892531876137,0.023622047244094488,0.048908760819014026,0.130813910284732,0.49449209702791785,0.11906210777274842
1,0.0,0.3480314960629921,0.039797378027023635,0.1360263200849468,0.11051640695374312,0.20703825841412057,0.21428569070217787,0.3910139647844566,1.0,0.48170956535535614,0.10013289892267258,0.9473523233962152,0.5933516434315154
1,0.42857142857142855,0.29763779527559053,0.05508888645305909,0.3371432184272823,0.03614236323815403,0.5022610070083448,0.5476190277040613,0.12629022465088038,0.49606299212598426,0.009597050088502304,0.2622731485589363,0.3997205590377587,0.3038826376032956
1,0.0,0.1905511811023622,0.17778094266104685,0.4229040702915411,0.03656414385349227,0.7050315453211473,0.5952380774194233,0.39344262295081966,0.11811023622047244,0.1150036524759986,0.17616086402730324,0.9231960641483927,0.5399476420891239
1,0.0,0.2629921259842519,0.05221629668474804,0.020117649266867505,0.11644383647068558,0.7271056945853489,0.7380952221632491,0.2434729811778992,0.11811023622047244,0.2720183979017269,0.04779440012913077,0.59654557393399,0.4368932125882032
1,0.0,0.2677165354330709,0.352894166359998,0.25741692956608464,0.03392430333412306,0.5228825952408965,0.42857140341565636,0.09957498482088646,0.023622047244094488,0.32545294420966864,0.20134015878131648,0.7843488109126463,1.0
1,0.0,0.0,0.8367125491379916,0.6483952376862879,0.004450154594396972,0.19581844124822684,0.5714285525617423,0.4602307225258045,1.0,0.2570435975070612,0.1417817948939175,0.5264734576537503,0.10375917582082425
1,0.0,0.23464566929133857,0.27944197654194175,0.002882138593634564,0.007174927013258904,0.9583410846173824,0.4523809172676871,0.01639344262295082,0.007874015748031496,0.1241227136905047,0.31282182626674804,0.9624928958635398,0.8146725328995981
1,0.42857142857142855,0.5181102362204724,0.42128138861288,0.14033683733185007,0.00478328436087401,0.8257200369397709,0.5714285525617423,0.10321797207043108,1.0,0.06431700764706173,0.18157057582740943,0.47422340553124104,0.16571229785741365
1,0.2857142857142857,0.0,0.00253216728013125,0.6413616853317197,0.4126319055021887,0.035212015193256715,0.47619045313101843,0.5221615057680632,0.05511811023622047,0.2789344066544477,0.15281056788621528,0.49405345785967403,0.12807296970558726
1,0.2857142857142857,0.28818897637795277,0.04587796179030778,0.07964961341889437,0.13076350628335687,0.18551594137587327,0.5714285525617423,0.22404371584699453,0.05511811023622047,0.1516673222392818,0.1025425703568799,0.45201281624712186,0.3951405361726629
1,0.0,0.22047244094488186,0.005134222346217828,0.37944665904936103,0.17548517029610322,0.1468245727174041,0.38095235370029445,0.15482695810564662,0.0,0.43105023972472556,0.21636465215886394,0.8295341643684991,0.7113076201130122
1,0.0,0.384251968503937,0.027009398304543776,0.14693343729874947,0.14034627445909267,0.5897676113243484,0.5952380774194233,0.25440194292653306,0.023622047244094488,0.46921766360530776,0.07707671623170947,0.8529251665469928,0.6364313674272183
1,0.0,0.26614173228346455,0.36258876755800235,0.29143111883584516,0.0033822928927479544,0.5285182412317992,0.5714285525617423,0.43412264723740135,1.0,0.05833059122182759,0.19890593374201807,0.5064649844801229,0.04936595602428203
1,0.2857142857142857,0.1152755905511811,0.14105366198046357,0.46517736776780144,0.0016911464463739772,0.387973235315664,0.5238095028463804,0.3345476624165149,0.007874015748031496,0.10176877141284713,0.1705852017593771,0.447485509045756,0.3329373484484918
1,0.0,0.25511811023622044,0.04198889939799682,0.14572285822996034,0.20107780312662332,0.5433208998297308,0.3571428310437435,0.2677595628415301,0.05511811023622047,0.49506085256392246,0.21521892739452717,0.8403837626611009,0.6700384271206509
1,0.42857142857142855,0.5181102362204724,0.592331167112025,0.030838699855976426,0.009566568564432056,0.8031595824740322,0.5476190277040613,0.0030358227079538553,0.11811023622047244,0.04550137463661169,0.2130741842320499,0.3482796541829586,0.8774882918998513
1,0.42857142857142855,0.4299212598425197,0.6666056720190211,0.15878345675908856,0.007174927013258904,0.8768755702466129,0.5238095028463804,0.0024286581663630845,0.0,0.027140394318664482,0.24252920161962552,0.31715870531861085,0.9178213687181986
1,0.0,0.1500787401574803,0.009811805656047664,0.2684971518518792,0.05450490778610189,0.7553863191871474,0.6428571249336552,0.2938676381299332,0.11811023622047244,0.22291341979179236,0.12189718029407093,0.6943326731097292,0.4503619559208079
1,0.0,0.4818897637795275,0.21599326710645544,0.18107890091644643,0.09022496025412192,0.698533259113401,0.5952380774194233,0.08257437765634487,0.11811023622047244,0.5752420178525093,0.08691838793211205,0.7482830336818547,0.8916728767908609
1,0.0,0.29133858267716534,0.14990487759658538,0.10821705946598098,0.06953931593355854,0.4378866854769426,0.47619045313101843,0.1493624772313297,0.007874015748031496,0.28662532702881816,0.2290430286308343,0.6307443558117007,0.1493516402119604
1,0.42857142857142855,0.1653543307086614,0.2680822214632154,0.3784227115522753,0.018744480176143538,0.19414050099564226,0.4523809172676871,0.286581663630844,0.0,0.06676628202733903,0.3364515264824748,0.28561032559663074,0.36836056317800475
1,0.0,0.48976377952755906,0.19793987928400505,0.06056726746316612,0.01804654239964107,0.08018769022095043,0.5238095028463804,0.30418943533697634,1.0,0.18313165523270897,0.15563857920038887,0.6761216110049595,0.4634972104135365
1,0.0,0.0,0.14106819642429794,0.6712094377999978,0.050734393391219317,0.7145544417632524,0.5476190277040613,0.10018214936247723,0.11811023622047244,0.4675523783237944,0.12611366664323953,0.8634048596699414,0.7699041115663011
1,0.2857142857142857,0.1732283464566929,0.11967222349524,0.42935598315851253,0.0286997072664558,0.14523998086413312,0.5952380774194233,0.11414693381906496,1.0,0.06139732823859758,0.19333024298963128,0.46726596653220104,0.09057562800348944
1,0.0,0.21732283464566926,0.09366628230289678,0.08680535452225863,0.10879405672876556,0.2869989877082024,0.5238095028463804,0.2537947783849423,0.11811023622047244,0.28431331798522147,0.06811769251385669,0.872399536665445,0.663616983971639
1,0.0,0.22047244094488186,0.040553584285405106,0.10523568432808558,0.16601174458054374,0.7159449555235392,0.5714285525617423,0.2161505768063145,0.11811023622047244,0.5362276244527483,0.10796285558878403,0.8085348765368257,0.6700384271206509
1,0.0,0.0,0.033483588285874076,0.8196125145999938,0.04881550125428018,0.9150606431604814,0.5238095028463804,0.1827565270188221,0.49606299212598426,0.3332602149506915,0.3162465870318017,0.7147266967086494,0.09993509845842308
1,0.2857142857142857,0.07354330708661416,0.17861903200858384,0.4784631488667599,0.0,0.7880631428108412,0.6190476022771042,0.22404371584699453,0.49606299212598426,0.1275474511997805,0.22698956107410406,0.6045563467746795,0.1192530803627106
1,0.0,0.0,0.26894265290858,0.8804072585453449,0.09808649514821838,0.6979315448771597,0.5714285525617423,0.11596842744383729,0.11811023622047244,0.3226275433049784,0.1853711890509051,0.8839331356403778,0.7699041115663011
1,0.0,0.31338582677165355,0.12225300918937985,0.25616892749739284,0.1839160473923778,0.5285182412317992,0.5952380774194233,0.3205828779599271,0.05511811023622047,0.28617953076425995,0.06773013863897447,0.8881346906860299,0.7491089856138974
1,0.0,0.22047244094488186,0.009352466366686598,0.26906054430938164,0.2376394330710247,0.18814367106732408,0.49999998018982944,0.40862173649058897,0.11811023622047244,0.03653367219275818,0.19032910882044296,0.8195814473611509,0.4128367793320383
1,0.0,0.3244094488188976,0.0046367613596914985,0.036683636878603314,0.42742278381923515,0.8900943029727192,0.49999998018982944,0.5130540376442015,0.49606299212598426,0.39342984023309735,0.04856953636335591,0.9397166038181907,0.2946222194061304
1,0.0,0.3275590551181102,0.04063547563999238,0.32014185857328886,0.15545674802104384,0.32137542373069483,0.6190476022771042,0.5822707953855495,0.0,0.4659983406851119,0.2444235891604477,0.855919285074893,0.1893874176184909
1,1.0,0.6,0.5468471319841944,0.02628488002743595,0.013216179349007666,0.20136240379343032,0.6190476022771042,0.0030358227079538553,1.0,0.04550137463661169,0.17358633592856546,0.416933432189087,0.9100818030844579
1,0.42857142857142855,0.7984251968503936,0.19903703269474182,0.01790048249887058,0.0,0.1117999869023649,0.5714285525617423,0.122040072859745,0.023622047244094488,0.13580366454073833,0.1505578458302585,0.33829224552180065,0.10262002391416154
1,0.0,0.1779527559055118,0.049675079519811476,0.05939538726453985,0.03635089734598531,0.9993012744664933,0.6666666519924662,0.6314511232544019,0.49606299212598426,0.3050124861792622,0.17319342127818654,0.8202967694742388,0.36490640860670176
1,0.42857142857142855,0.3763779527559055,0.4408321611255636,0.04780953171769863,0.002391642180437005,0.2647240311634918,0.5952380774194233,0.010321797207043109,0.0,0.0625083110356009,0.4311270545448391,0.6029555217440762,0.8056174326512655
1,0.2857142857142857,0.1763779527559055,0.354158872788393,0.035564864542579656,0.002390298859427804,0.5144670871969507,0.5952380774194233,0.4098360655737705,0.023622047244094488,0.3058394269909713,0.1658571857687387,0.6708884430506357,0.10935602573488103
1,0.0,0.09637795275590551,0.03081120634866541,0.25610063147046797,0.10647518796897855,0.38731355294441494,0.30952376812160115,0.596842744383728,0.0,0.21518264859049133,0.24912813965239233,0.9560076127464062,0.37307988059241154
1,0.0,0.10047244094488189,0.031561837255429055,0.43565594802942503,0.019835576501651662,0.16063654784077716,0.47619045313101843,0.43169398907103823,1.0,0.25930251343235233,0.1623508796897004,0.9064320954318543,0.5113393082771874
1,0.0,0.0,0.01746294543365414,0.9503607793311293,0.20266150292749274,0.11520200327218882,0.5714285525617423,0.5919854280510018,0.49606299212598426,0.33769309781198503,0.11825878607404836,0.8340766994125578,0.6134311315948164
1,0.0,0.184251968503937,0.04737288719669362,0.3516209334479152,0.14700357925279323,0.1002695920641651,0.8095238231498527,0.24711596842744385,1.0,0.30959617828710445,0.03828126477987452,0.5598623656560296,0.7367931282389194
1,0.0,0.13149606299212596,0.008236445518470187,0.417474986402408,0.39466791701394166,0.7089947731556199,0.49999998018982944,0.22161505768063144,0.11811023622047244,0.549406803191041,0.038325102364834156,0.7487125361444829,0.7113076201130122
1,0.42857142857142855,0.0,0.30339557924018556,0.6376317364480492,0.007900848939863456,0.9412498362795612,0.5476190277040613,0.004857316332726169,0.49606299212598426,0.05165002255941058,0.2164291751591567,0.4387051194894032,0.8075695425657311
1,0.0,0.01590551181102362,0.09618506454284914,0.5860900756820455,0.20400661733867326,0.013849396065825605,0.9285714144213068,0.6575591985428051,0.49606299212598426,0.20477497194534836,0.034675508624568294,0.9047211661417003,0.38058553944422996
1,0.0,0.521259842519685,0.0,0.016882755106277337,0.5719910490363296,0.26573669757560553,0.5952380774194233,0.2726168791742562,0.007874015748031496,0.3372652540454064,0.20827104902175222,0.8190622320344153,0.47714879594094806
1,0.0,0.15086614173228347,0.026629475190861535,0.160606017519803,0.1224086049314779,0.16887795446018872,0.6190476022771042,0.09107468123861566,0.0,0.3348075384790825,0.11303186475490573,0.8944214243780849,0.7261300844274293
1,0.0,0.1811023622047244,0.037469488476589374,0.25608124696317286,0.12773554368554177,0.6893625558591937,0.6190476022771042,0.6114146933819065,0.11811023622047244,0.440920828864146,0.2698006230403802,0.9437025882663735,0.2946222194061304
1,0.0,0.20472440944881887,0.008696692097916627,0.06401670025068101,0.057580878496386614,0.7294436501999053,0.5238095028463804,0.3491196114146934,0.11811023622047244,0.361564135660561,0.05372361152280018,0.5818558383688022,0.4525812073903743
1,0.0,0.07811023622047243,0.027913115180190226,0.41331987697804917,0.11411663783065062,0.7247166803932843,0.2619047404175398,0.2665452337583485,0.49606299212598426,0.35428996527668744,0.3141481026334404,0.8834132091656586,0.7995677258401411
1,0.0,0.05275590551181102,0.017024502427366563,0.37071455938588366,0.23337821557761546,0.1163091724514555,0.42857140341565636,0.08500303582270795,0.2440944881889764,0.0950452882233266,0.13152784480677762,0.8603962089875933,0.7229154810477177
1,0.0,0.06141732283464566,0.014043634867304214,0.3199628386198534,0.36547586348372424,0.2790032838435121,0.5476190277040613,0.2034001214329083,0.0,0.5147489997008605,0.1013874457205245,0.9009846245786409,0.7063930509532985
1,0.0,0.3259842519685039,0.01645275962420515,0.2809744994673763,0.020052491617418906,0.5898136750410133,0.5476190277040613,0.25743776563448695,0.05511811023622047,0.3134332819893268,0.07149413793673451,0.7877361942754876,0.4522826853627446
1,0.0,0.08204724409448819,0.06107050947358355,0.1784269486548479,0.12154649772190755,0.49313359254811157,0.5238095028463804,0.16150576806314512,0.023622047244094488,0.40196934151311664,0.20932629004834843,0.8222534776914269,0.6298389007029236
1,0.42857142857142855,0.5889763779527558,0.6470992530847227,0.02413202432457078,0.007174927013258904,0.8571041628280236,0.5238095028463804,0.00546448087431694,0.023622047244094488,0.054673884300798746,0.2820170385293257,0.5954293498750065,0.6495418028189466
1,0.0,0.30393700787401573,0.03279154275936734,0.3623490496662357,0.031859091619873034,0.5695637599536476,0.6190476022771042,0.16514875531268974,0.007874015748031496,0.45511235082279866,0.09549456340798405,0.3877109856254422,0.2501365279795476
1,0.0,0.0,0.03079315083090478,0.6420493187364675,0.022511579241466476,0.8922846604493598,0.5238095028463804,0.23497267759562843,0.2440944881889764,0.4653586409153336,0.11502503640530555,0.39807564283217095,0.1540705093339025
1,0.0,0.7653543307086613,0.7591008125809535,0.05639667886990123,0.0016911464463739772,0.0027749226906538384,0.5476190277040613,0.009714632665452338,0.023622047244094488,0.009597050088502304,0.3446038076085513,0.63257063021285,0.9309135463804554
1,0.0,0.18740157480314962,0.018035737946648037,0.08102390389379299,0.37960887004033894,0.25693325533950623,0.5952380774194233,0.11414693381906496,0.0,0.33628482867243237,0.08490654756619402,0.879672570771824,0.6256424756947288
1,0.0,0.2110236220472441,0.1702631446432754,0.21359886221947202,0.022800276844631925,0.060416324426201484,0.3571428310437435,0.07953855494839102,0.49606299212598426,0.29162248437781474,0.229289282490154,0.7732995810132517,0.6722123195435615
1,0.0,0.33385826771653543,0.11990205972016046,0.17187980050924853,0.22959765341216748,0.6692720600804062,0.6666666519924662,0.09775349119611415,0.11811023622047244,0.46647729432511,0.1308477726115676,0.8374859273862872,0.7261300844274293
1,0.0,0.4015748031496063,0.0,0.024364626089442485,0.6636654713799788,0.42979695335687945,0.5714285525617423,0.3321190042501518,0.11811023622047244,0.2678827745265416,0.07163507335120058,0.8296910343378423,0.45869190235362806
1,0.0,0.10031496062992126,0.020188121862473898,0.06651433382415475,0.2036089147180725,0.8257200369397709,0.6190476022771042,0.5446265938069217,0.2440944881889764,0.392673521532255,0.3605105672768757,0.6668675195928228,0.20527490256745345
1,0.42857142857142855,0.3511811023622047,0.11301705679928403,0.35299197263381515,0.024284077076012243,0.4559218792664436,0.6190476022771042,0.3861566484517304,0.05511811023622047,0.0999600314179044,0.20761831621188612,0.250671867879341,0.17190044553240952
1,0.0,0.0,0.432160794946337,0.6310660948189619,0.005073439024490005,0.6624416156265885,0.5238095028463804,0.445658773527626,0.023622047244094488,0.2133313101480988,0.12771071629298983,0.5196729968422248,0.13312115039671182
1,0.42857142857142855,0.22992125984251965,0.22206966919707563,0.1590746983173489,0.0023101489719244495,0.6370565951032604,0.5238095028463804,0.04310868245294475,0.2440944881889764,0.1084876683485685,0.24141201828487263,0.7471934312930405,0.8733258963651132
1,0.0,0.37007874015748027,0.14822993235824974,0.12411216586844204,0.022030987626470235,0.9200575851956764,0.7142857017078282,0.11050394656952034,0.2440944881889764,0.5202152151242254,0.07045462033242404,0.8403750588281711,0.7607701933519022
1,0.0,0.1289763779527559,0.023219369772273367,0.25520994890641996,0.2513093722243565,0.17487709034926285,0.5714285525617423,0.3582270795385549,1.0,0.3382422293986305,0.1598273273817643,0.7401879588856286,0.4522826853627446
1,0.0,0.49291338582677163,0.006798402813400375,0.09883604801746254,0.382556664423341,0.29237858048274773,0.5238095028463804,0.7073466909532483,0.0,0.7119569421008182,0.13459113776602372,1.0,0.17809488967884135
1,0.0,0.0,0.38858995930610046,0.6912089695385502,0.018602611067429713,0.20136240379343032,0.49999998018982944,0.46873102610807527,0.0,0.015173769437865763,0.25891813484426096,0.9858671706046795,0.1752058688900832
1,0.42857142857142855,0.2866141732283464,0.6134096075852757,0.0027839321297687073,0.008925577593424444,0.5022610070083448,0.5476190277040613,0.4146933819064967,1.0,0.009597050088502304,0.27778940336225383,0.8141873280664477,0.09053332549636596
1,0.0,0.39999999999999997,0.0,0.07055008966164034,0.6101551859049931,0.39106183526726945,0.6904761878557976,0.4055859137826351,0.007874015748031496,0.38130333069451583,0.06773013863897447,0.8053325153276353,0.4673560711958123
1,0.0,0.32125984251968503,0.048204922433373626,0.2798734784109671,0.057723474404850116,0.24518509289331197,0.47619045313101843,0.5045537340619308,1.0,0.3052884257828446,0.18899634369361173,0.6676413568171712,0.3649312073307718
1,0.0,0.028503937007874014,0.015589078592557194,0.5947050246728284,0.24645946266530366,0.6645821354917052,0.5952380774194233,0.639344262295082,0.007874015748031496,0.17322749554183073,0.09704598664864511,0.9308764159922588,0.3627917926737824
1,0.0,0.14031496062992124,0.008511310543969681,0.401910222336981,0.13208539299258068,0.3219379005600904,0.21428569070217787,0.5100182149362478,0.007874015748031496,0.6431135746501638,0.06857396230164121,0.7598494382224665,0.4605903598108413
1,0.0,0.15149606299212595,0.056981975509398555,0.42790863821039954,0.16901594460212746,0.5881830472203045,0.3571428310437435,0.21979356405585915,0.11811023622047244,0.05591952322792937,0.30511595930506685,0.8104746717997947,0.5591214775890803
1,0.42857142857142855,0.7039370078740157,0.6442799143141764,0.023574220671714413,0.0023101489719244495,0.2525179648494993,0.5476190277040613,0.0036429872495446266,0.023622047244094488,0.019192837924269793,0.32485988915370123,0.3312204570189425,0.8958143655951997
1,0.2857142857142857,0.25196850393700787,0.3838278498763618,0.15878259417221138,0.0023101489719244495,0.22995755478252375,0.5714285525617423,0.26958105646630237,0.0,0.06778866955669519,0.11973841708005557,0.4251837382223459,0.43237856106086203
1,0.0,0.24409448818897636,0.08295152972796048,0.2939781388256799,0.0688113866552644,0.1527303074836335,0.6428571249336552,0.344869459623558,0.05511811023622047,0.2960218173464514,0.06572388692423842,0.8181448202160697,0.6281929134110573
1,0.0,0.24094488188976376,0.04333727997102776,0.3076570130872439,0.1833157060796642,0.4557461989108983,0.23809520455420854,0.16939890710382513,0.0,0.40000479284180807,0.4831149950810072,0.9252675300065026,0.7993759177960401
1,0.42857142857142855,0.28976377952755905,0.026814265448537006,0.08731677849015447,0.0535324040994023,0.4378866854769426,0.5714285525617423,0.23193685488767457,0.0,0.07299787296985963,0.2361730765233304,0.5891156080193127,0.4036464170209476
1,0.0,0.021417322834645668,0.0,0.5612837169569982,0.5917826163972946,0.7054335206221155,0.47619045313101843,0.25743776563448695,0.11811023622047244,0.3085769970036475,0.07071417643487314,0.7571866682757162,0.2741885190649259
1,0.0,0.3779527559055118,0.039467430256922675,0.041225590924145246,0.17724756529949653,0.8571041628280236,0.5238095028463804,0.172434729811779,0.05511811023622047,0.054673884300798746,0.16311188763143694,0.338946702643334,0.2580059354126096
1,0.2857142857142857,0.39842519685039374,0.1257329212655317,0.04385563253116545,0.009566568564432056,0.30367352590556823,0.5238095028463804,0.4620522161505768,0.0,0.075769344074808,0.13967414989300714,0.5439277191663009,0.18905350086308015
1,0.0,0.0,0.06058476276557786,0.8033650746346186,0.06343311098295104,0.733838572757363,0.6428571249336552,0.660595021250759,0.11811023622047244,0.28876878091589553,0.07345811301495525,0.8304160960863578,0.43558185524430504
1,0.2857142857142857,0.1732283464566929,0.16282511439993347,0.432703208880057,0.10762390126598449,0.1935494702117599,0.49999998018982944,0.3381906496660595,1.0,0.5198422617916304,0.12270134219371118,0.8911069491433032,0.8600356549411797
1,0.42857142857142855,0.4393700787401575,0.4922091311912216,0.1291962434436288,0.020293756884539837,0.6271325280877674,0.49999998018982944,0.01700060716454159,0.11811023622047244,0.020356855994936113,0.5113369999229918,0.4963548254930969,1.0
1,0.42857142857142855,0.1478740157480315,0.1152471592982674,0.09601409030924403,0.005073439024490005,0.45992925612092445,0.4523809172676871,0.3491196114146934,0.023622047244094488,0.10911546245138984,0.2882854030023196,0.4320801576324436,0.30103247562045476
1,0.0,0.05905511811023621,0.00695848197334767,0.2962953125891616,0.3716750563269806,0.0771193055811465,0.14285710512348462,0.6035215543412265,0.49606299212598426,0.509051653613059,0.20659260787410486,0.9727442641045304,0.24942184790616498
1,0.0,0.1763779527559055,0.020677130237009348,0.10473724181874264,0.3309840553978725,0.15294780869904964,0.5476190277040613,0.3302975106253795,1.0,0.5203845759739798,0.09353237145700082,0.9074073730524325,0.8178678393263973
1,0.0,0.5700787401574803,0.6612615617495147,0.042257240089777284,0.002391642180437005,0.6660820089552304,0.5238095028463804,0.009714632665452338,0.05511811023622047,0.027975373469802615,0.26390124057391656,0.7698785417990988,0.5946873919608792
1,0.0,0.10409448818897636,0.03168589629960435,0.29458384543504806,0.10323119909058788,0.19706637948066766,0.5714285525617423,0.660595021250759,0.023622047244094488,0.11199761927978462,0.3278247227262212,0.8267479174881586,0.33580896733884763
1,0.0,0.07732283464566929,0.02825821221508739,0.2870120767850193,0.025675061675723348,0.8284609390782373,0.3571428310437435,0.2434729811778992,0.49606299212598426,0.24539707454852253,0.18843149114178165,0.8507735110238606,0.6094529435092095
1,0.0,0.2094488188976378,0.10857823383745685,0.32181641459224003,0.11551655325758885,0.952507031654098,0.30952376812160115,0.2119004250151791,0.2440944881889764,0.47633697561765675,0.19138942008103707,0.8101162995952672,0.6664767638655407
1,1.0,0.5700787401574803,0.07346546537305454,0.005362826600510993,0.06524774747138187,0.6745913093861206,0.5476190277040613,0.12689738919247115,0.023622047244094488,0.09211707673009192,0.21429563208661195,0.11120936496556669,0.35780407033460165
1,0.0,0.38740157480314963,0.09226288192970619,0.08265598461827497,0.026335166536251734,0.1618864645930964,0.6428571249336552,0.06557377049180328,0.0,0.42529366485475206,0.20516366781429268,0.8777127396874035,0.6799524964852088
1,0.0,0.14346456692913387,0.0033984592345091187,0.08005859334640295,0.4226959582697383,0.297997671284878,0.6190476022771042,0.37037037037037035,0.0,0.33120429240301513,0.13799261533293178,0.8353513084952842,0.684878558233563
1,1.0,0.3496062992125984,0.06266081669078054,0.1301273633221614,0.11287669700662331,0.06451424145823298,0.49999998018982944,0.5956284153005464,0.0,0.22536111583968108,0.26584255341523416,0.14744168841620017,0.3357238936552056
1,0.42857142857142855,0.3259842519685039,0.10757273770682335,0.026355032037993255,0.009596664681339212,0.837926061629923,0.47619045313101843,0.3145112325440194,0.2440944881889764,0.027975373469802615,0.41146598029537984,0.3548619780803785,0.43798861522569726
1,0.2857142857142857,0.11622047244094488,0.05193342754230058,0.059096704709591635,0.052997270253407704,0.4613487678233284,0.49999998018982944,0.2677595628415301,0.0,0.09407950787430854,0.21108785454910123,0.5321632289927736,0.29700915263442473
1,0.2857142857142857,0.13905511811023621,0.13268508399840387,0.19986431792791087,0.08178620162809437,0.1612084594073209,0.30952376812160115,0.21918639951426835,0.49606299212598426,0.19261144183555923,0.32106374229363743,0.38399485091756486,0.1192530803627106
1,0.42857142857142855,0.1779527559055118,0.023718257880962015,0.14856170747460912,0.19985231177380983,0.4378866854769426,0.5952380774194233,0.1092896174863388,0.05511811023622047,0.03653367219275818,0.1568435345522273,0.41098743113961805,0.15501021184763422
1,0.2857142857142857,0.13653543307086613,0.003520057278170435,0.47155027336420824,0.34681321907160295,0.6271325280877674,0.5714285525617423,0.27808136004857315,0.49606299212598426,0.013571981046789703,0.3613466032879973,0.34064116731169336,0.15917996345417942
1,0.0,0.6551181102362204,0.755936741726112,0.005764159363589089,0.0,0.9811255308427107,0.4523809172676871,0.006071645415907711,0.49606299212598426,0.11097707451546847,0.6840194282069474,0.38361519065274513,0.846475622961218
1,0.0,0.001811023622047244,0.20505323701011105,0.5966971832841659,0.10674026536685924,0.27228933064424826,0.42857140341565636,0.1827565270188221,1.0,0.30272461694451375,0.4582379774235447,0.9090967360069963,0.9088616325032657
1,0.2857142857142857,0.24409448818897636,0.13347279871842574,0.3840067861889793,0.05873747804262445,0.2044195527712598,0.23809520455420854,0.47662416514875533,0.0,0.696077492814869,0.14224024089449663,0.5714087343751899,0.16544872226510038
1,0.2857142857142857,0.0,0.25211088318299996,0.9314583727895737,0.011060849185276358,0.6271325280877674,0.47619045313101843,0.012750455373406194,0.0,0.027140394318664482,0.4467662027052389,0.7706999640993947,0.8086880322651572
1,0.0,0.07748031496062992,0.0199767728651725,0.29859084584890017,0.30130343354674816,0.3615430401609011,0.6428571249336552,0.6284153005464481,0.0,0.06812602364358444,0.19004569413374292,0.7464263499745363,0.29700615722568335
1,0.0,0.1395275590551181,0.06136188501690853,0.3426401243945067,0.13206806463924145,0.2419342154627572,0.47619045313101843,0.17789921068609593,0.49606299212598426,0.07205010916110394,0.254190141641191,0.8029014095664184,0.8709819380826396
1,0.2857142857142857,0.02283464566929134,0.022748020810576905,0.47894264290173466,0.027265874517865902,0.33844000506145894,0.5476190277040613,0.2786885245901639,0.0,0.08380145074363418,0.4202262394467295,0.8573824411317111,0.5591214775890803
1,0.2857142857142857,0.21259842519685038,0.011411580607415135,0.33007929543145553,0.24633914741669882,0.23756304624353167,0.4523809172676871,0.4007285974499089,0.0,0.48231798770057627,0.09842425285293864,0.9173322934494645,0.6076313070789017
1,0.0,0.09370078740157481,0.003375811633607907,0.4419522634943186,0.7757437348131102,0.34600530454221545,0.5238095028463804,0.5179113539769278,0.0,0.5459402357417088,0.10678252220474228,0.8263784451911911,0.0969961541906415
1,0.2857142857142857,0.24409448818897636,0.15679206131983942,0.09551254817452919,0.025535503538507958,0.6954610312056706,0.42857140341565636,0.3691560412871888,0.2440944881889764,0.1778133774825681,0.10382537943660115,0.3973760741928942,0.19143407648914784
1,0.0,0.0,0.010592587586237065,0.6206683209376755,0.22606429755118826,0.5443412111538573,0.5476190277040613,0.4207650273224044,0.023622047244094488,0.4999584758101968,0.16297804484767583,0.43728811075282653,0.11145542010093078
1,0.0,0.37165354330708655,0.5496048614980675,0.15338514162823416,0.0,0.0,0.5714285525617423,0.01153612629022465,0.0,0.0,0.32485988915370123,0.4244916211771584,0.8283248723734276
1,0.0,0.11795275590551181,0.06690210854978804,0.3195405122931901,0.03689669564112076,0.32897488250977325,0.6666666519924662,0.08743169398907104,0.0,0.24539707454852253,0.07437643493603878,0.810463138834669,0.6439982793312589
1,0.2857142857142857,0.20314960629921258,0.0,0.18969839033705535,0.6440933361901913,0.506802389985415,0.47619045313101843,0.5470552519732848,0.023622047244094488,0.4765303626528545,0.11964679966078061,0.46773988482432777,0.26580569449820135
1,0.0,0.3385826771653543,0.001210970313366678,0.12929599071515277,0.3864917895225681,0.8159366862539209,0.6904761878557976,0.3636915604128719,0.49606299212598426,0.4332263138584195,0.0504618958105789,0.8032793538002341,0.45869190235362806
1,0.0,0.14818897637795275,0.003992621894136859,0.3034206119589424,0.41806548088186296,0.3122925190304198,0.3571428310437435,0.7091681845780207,0.0,0.37861652968504417,0.35000437589678485,0.8700907947366269,0.24942184790616498
1,0.42857142857142855,0.29133858267716534,0.4521311334907919,0.04604794731812261,0.008827372631490188,0.2525179648494993,0.49999998018982944,0.007285974499089253,1.0,0.028786105386327837,0.3850492066323437,0.48657759198057593,0.908239932362448
1,0.0,0.21574803149606298,0.03140676949033313,0.11059924953045888,0.28073032048093377,0.19202073755225177,0.30952376812160115,0.11657559198542805,1.0,0.2046669264166566,0.2339438712380966,0.7682485751609058,0.684878558233563
1,0.0,0.11921259842519684,0.017091755702321364,0.11390830341294346,0.17488143095858594,0.7568205379798119,0.5714285525617423,0.6490588949605343,0.2440944881889764,0.4519570495265829,0.0738705566115644,0.8242975952716451,0.24942184790616498
1,0.0,0.2692913385826772,0.013304138768715163,0.1941229775892346,0.19835285467119865,0.0818481151615116,0.5476190277040613,0.21554341226472373,1.0,0.3696972576681337,0.05544105359398672,0.7142681299371256,0.7415087574289575
1,0.0,0.2992125984251969,0.2226361946053943,0.26833298545488943,0.02647036938102776,0.7664181908392033,0.5238095028463804,0.07710989678202793,0.2440944881889764,0.3106789473597226,0.19090114515325213,0.8298774787874607,0.6687228925060589
1,0.0,0.3464566929133858,0.005383754713521407,0.1169664013880255,0.2729915864276597,0.29676521712105103,0.49999998018982944,0.5215543412264724,0.0,0.06978812953563973,0.3742796137476143,0.7677027845432172,0.3743588997480606
1,1.0,0.5307086614173228,0.5036772015740434,0.042272808361064076,0.012436723586728447,0.03415910962720579,0.49999998018982944,0.0006071645415907711,0.05511811023622047,0.048908760819014026,0.2611559595272912,0.1717522976959455,0.9100818030844579
1,1.0,0.30393700787401573,0.14441036190129344,0.0020379797949924843,0.014863990910912913,0.5248214059756295,0.4523809172676871,0.07285974499089254,0.0,0.03392214978787543,0.27901591575392165,0.0,0.24634554275181333
1,0.2857142857142857,0.13133858267716533,0.11173927191464784,0.4151822115248811,0.0033822928927479544,0.7164732175561589,0.5714285525617423,0.6302367941712204,0.023622047244094488,0.21415627804432222,0.12423306558137803,0.3292016253874636,0.1207042642017346
1,0.2857142857142857,0.02188976377952756,0.006625244561409487,0.4546765574100858,0.43060910853133905,0.9669806399193718,0.5952380774194233,0.37037037037037035,0.023622047244094488,0.17566364332001805,0.13572660242762985,0.8599600279178148,0.4128367793320383
1,0.42857142857142855,0.03228346456692913,0.6658779325433954,0.4902189757359051,0.021355810323513986,0.377389485928922,0.5714285525617423,0.4602307225258045,0.023622047244094488,0.00678621363844454,0.3081171219587158,0.29844173872219015,0.1257728218230728
1,0.0,0.1921259842519685,0.0,0.1830943114575614,0.5099341097820009,0.030794715659221733,0.2619047404175398,0.5051608986035215,1.0,0.34564002204707234,0.09593667641881931,0.7253339945154412,0.5060916374392715
1,0.0,0.6015748031496063,0.0824558390697549,0.15920639921923563,0.14795949397118036,0.8109725993033834,0.5238095028463804,0.28051001821493626,0.05511811023622047,0.183860745633969,0.24053589894070668,0.4926479511687455,0.26601871492665463
1,0.2857142857142857,0.13118110236220473,0.10656667571201607,0.526211408479248,0.053872285237753184,0.7817321566921145,0.47619045313101843,0.4644808743169399,0.11811023622047244,0.17931442529694958,0.1511595401835095,0.638911272014011,0.16544872226510038
1,0.42857142857142855,1.0,0.6827641460321223,0.07634828490239783,0.014410286167175898,0.4087736950648555,0.5238095028463804,0.004857316332726169,0.023622047244094488,0.034593560817030786,0.16355352780022517,0.5058889700731305,0.9360593325673033
1,0.0,0.0,0.2118993097474364,0.753812747744904,0.032176181608064895,0.027310272985794613,0.30952376812160115,0.029143897996357013,0.49606299212598426,0.21610184127760632,0.21633042523093185,0.7759506943169661,0.7703262196756765
1,0.2857142857142857,0.27874015748031494,0.12626913161339448,0.2791381847115102,0.05108666788114591,0.2811131269382835,0.5238095028463804,0.5780206435944141,0.0,0.41174911456379354,0.04576552605573654,0.6348636186678572,0.1207042642017346
1,0.0,0.05480314960629921,0.025792031818606072,0.46051071588833836,0.03187357884691804,0.6594149796986656,0.49999998018982944,0.6460230722525805,0.0,0.23253476049838945,0.1716295389344317,0.8437871777730513,0.33580896733884763
1,0.0,0.14488188976377953,0.013189728026604008,0.18082630514607956,0.17967554841131328,0.8929501424090325,0.8095238231498527,0.7200971463266546,0.2440944881889764,0.795233560139422,0.04051291744996845,0.5491451645662911,0.20087212038698524
1,0.42857142857142855,0.5133858267716536,0.6119517125847429,0.19712441972074554,0.023899998017818867,0.326233924872853,0.49999998018982944,0.0024286581663630845,0.49606299212598426,0.021457775890022457,0.3446038076085513,0.3291817287036611,0.8774882918998513
1,0.0,0.05937007874015748,0.14841406074558264,0.11637432554711231,0.012522285379337555,0.4357669220335521,0.5238095028463804,0.0461445051608986,0.007874015748031496,0.27832079895020234,0.06937820395777133,0.8045679384868126,0.7506011474595811
1,0.0,0.25826771653543307,0.30185251214446246,0.013329293393475545,0.0016911464463739772,0.24031189853550677,0.4523809172676871,0.012143290831815421,0.0,0.0625083110356009,0.3038371494436226,0.796110394655284,0.6687228925060589
1,0.0,0.7086614173228346,0.07213497246593943,0.06259735146017,0.02874948990298954,0.8984233166763974,0.7619047514231901,0.5003035822707954,0.2440944881889764,0.43180690962518326,0.025283523953091136,0.743236727590096,0.4034987657846197
1,0.0,0.3480314960629921,0.003142527134140836,0.17725420018195842,0.21601513473954925,0.25942628750863,0.5476190277040613,0.2568306010928962,0.0,0.11015366842459288,0.09153837375724178,0.8241785243636054,0.4525812073903743
1,0.0,0.012976377952755906,0.10472066782653987,0.5659333256364043,0.00478328436087401,0.29949049644476905,0.5714285525617423,0.46569520340012144,0.05511811023622047,0.22787613891969344,0.1561869164619268,0.8587842529450725,0.45292934724307415
1,0.2857142857142857,0.0,0.09849941086545683,0.6156615254592991,0.01559503111237803,0.6117940319182708,0.4047618829602356,0.474802671523983,0.05511811023622047,0.20915339820747714,0.11672533652806537,0.6803994598614629,0.20527490256745345
1,0.2857142857142857,0.2078740157480315,0.11748063790822014,0.10738652100891952,0.09551408025064838,0.906801169019431,0.49999998018982944,0.3381906496660595,0.2440944881889764,0.1443543112438416,0.17014550423080607,0.5441527820433774,0.31421971166215823
1,0.0,0.4913385826771653,0.1514377400631072,0.03872161686317533,0.02192086251937739,0.9361774440964074,0.6190476022771042,0.033394049787492414,0.2440944881889764,0.16650198159218205,0.08001260389530422,0.6406866838745927,0.8916728767908609
1,0.5714285714285714,0.27244094488188975,0.5313857517689932,0.255383916565289,0.0016911464463739772,0.4344309355041368,0.6666666519924662,0.007893139040680024,0.11811023622047244,0.05793575815320236,0.1705852017593771,0.26288147948958007,0.9233459620377178
1,0.0,0.0995275590551181,0.1595702382402616,0.4003582294864044,0.11479883063898283,0.9748614758592825,0.5952380774194233,0.12507589556769885,0.49606299212598426,0.5543419428197445,0.02679759609017462,0.7931495145657486,0.7870218536769116
1,0.0,0.027086614173228347,0.012153928915761008,0.9990115323125992,0.27503158904539726,0.7943358555530643,0.38095235370029445,0.575591985428051,0.11811023622047244,0.2164072816488698,0.19499260181078862,0.7707498526764195,0.5775698332426407
1,0.0,0.04173228346456693,0.23617725434564613,0.5139242849676131,0.11369858639021847,0.7867705005738539,0.3571428310437435,0.11232544019429265,0.11811023622047244,0.49905696705664976,0.08362647869158849,0.9001926530807102,0.7644868842920775
1,0.2857142857142857,0.6866141732283465,0.23091675845534593,0.037606923330813814,0.0023916418658050786,0.03576502953627712,0.7142857017078282,0.2756527018822101,0.49606299212598426,0.18482809398597513,0.07764890638060624,0.6123259786099672,0.08782955138017992
1,0.0,0.09496062992125984,0.0,0.2959389315032083,0.6069388295755269,0.6099184339224308,0.6428571249336552,0.3928354584092289,0.05511811023622047,0.30693792774047257,0.0643922611758337,0.7855756494025599,0.22744989310313354
1,0.0,0.11007874015748031,0.005839773270305814,0.21401138728425612,0.22665145578619125,0.41215596508481267,0.7380952221632491,0.6909532483302975,0.023622047244094488,0.41947521687609174,0.03617111941300718,0.8562756629731186,0.20087212038698524
1,0.0,0.1795275590551181,0.12298943372636945,0.4612361324941026,0.1942477260764109,0.7261318354670638,0.5238095028463804,0.2374013357619915,0.11811023622047244,0.3179388425121763,0.07544116698492773,0.9160211993832306,0.6664767638655407
1,0.0,0.10157480314960629,0.004865325343924615,0.36287022276163916,0.21087865055625352,0.7699572994896362,0.49999998018982944,0.2671523982999393,0.11811023622047244,0.44606197805539527,0.18234310288503788,0.5890155216704878,0.7064734786968517
1,0.0,0.384251968503937,0.1531345441894142,0.26907262052566233,0.03239131512054965,0.5215549334795532,0.49999998018982944,0.32179720704310866,0.023622047244094488,0.3825070983639882,0.09401361641989424,0.840583718922408,0.6484503736828441
1,0.0,0.4976377952755905,0.03833016407009188,0.1633074121237249,0.2078956724580965,0.8480473146518138,0.49999998018982944,0.5737704918032787,0.11811023622047244,0.3982257602025554,0.047825003833666585,0.8738853257798287,0.30140262255778544
1,0.0,0.12566929133858268,0.06339850011660617,0.28942040038818306,0.024284077076012243,0.09933119923278938,0.6190476022771042,0.07710989678202793,1.0,0.33548560164212676,0.15454553359760137,0.7401432802405709,0.6439982793312589
1,0.0,0.22992125984251965,0.07360719845352501,0.30836753822065577,0.1588124548306541,0.2971581628235837,0.8095238231498527,0.4074074074074074,0.023622047244094488,1.0,0.06016150980876532,0.9355657257962406,0.6829955872433121
1,0.0,0.056850393700787406,0.025437648253234517,0.29334202365914663,0.10995929606769872,0.5627582065563653,0.38095235370029445,0.27200971463266543,0.05511811023622047,0.10310409845819236,0.20672063982789077,0.36975290668597527,0.47546026161879573
1,0.0,0.39527559055118106,0.291317558142226,0.07076383110662691,0.00478328436087401,0.7520040491671902,0.5714285525617423,0.22890103217972071,0.023622047244094488,0.08622251139952633,0.21476940842391964,0.6064293714258824,0.10954471610865918
1,0.0,0.0,0.030950541818125406,0.7765538839064227,0.2079591809124137,0.8977969888758899,0.3333332819736318,0.3430479659987857,0.2440944881889764,0.44350181549542284,0.12011730028511214,0.8828291247750261,0.6829980324749378
1,0.0,0.25039370078740153,0.06358187189903254,0.4024933215869854,0.0625724196170489,0.38193086890599226,0.6428571249336552,0.47358834244080145,0.023622047244094488,0.2345000735453312,0.3173826783515424,0.8300604138763771,0.4259859512681027
1,0.0,0.33228346456692914,0.029415805641805688,0.09815255692552045,0.03614236323815403,0.06300583233251121,0.38095235370029445,0.14268366727383122,1.0,0.4999584758101968,0.1877151297436876,0.8878102216886345,0.6680001227913814
1,1.0,0.30236220472440944,0.07204226611180611,0.005362826600510993,0.026308066501862463,0.9850052612534215,0.16666664098681588,0.08378870673952642,0.49606299212598426,0.5501516975749873,0.3782610748118564,0.33029664641471806,0.1875225820961302
1,0.0,0.24094488188976376,0.31445981334366213,0.18549051144956114,0.01014687804898001,0.8652627962784956,0.5238095028463804,0.2689738919247116,0.11811023622047244,0.2739813351865655,0.07030676319401699,0.5319875754408198,0.16854520058036349
1,0.0,0.32125984251968503,0.07182110859022507,0.1333134369612979,0.1978707363047802,0.03415910962720579,0.38095235370029445,0.37462052216150576,0.49606299212598426,0.1939907473362542,0.2216681112238068,0.7493500957715358,0.5362759841647207
1,0.2857142857142857,0.6330708661417322,0.16245769688449171,0.037320920802960324,0.04936462442229645,0.5639131016309885,0.6428571249336552,0.22343655130540377,0.023622047244094488,0.356811371926177,0.04882210807605055,0.4758900272100679,0.09012268959870091
1,0.0,0.3905511811023622,0.08625774693486,0.25457171044911203,0.0033822928927479544,0.687629727635788,0.5714285525617423,0.2434729811778992,0.05511811023622047,0.14544465176698856,0.08259035073809687,0.630408121953098,0.35565966332970994
1,0.0,0.4913385826771653,0.0019193199126458307,0.07305335753884816,0.4467360083968968,0.3519646841139006,0.5476190277040613,0.8312082574377656,0.007874015748031496,0.7387235381419308,0.09486974536956722,0.9598007214936408,0.221610598473395
1,0.0,0.16692913385826771,0.007811292690637097,0.31723818260717734,0.39034011553913595,0.9031327212223867,0.5476190277040613,0.46873102610807527,0.49606299212598426,0.4335801578001848,0.1342444420015158,0.781112670174234,0.6076313070789017
1,0.0,0.27401574803149603,0.21974181843059032,0.09954728407412483,0.01113093737975161,0.774564448134475,0.4047618829602356,0.02792956891317547,0.11811023622047244,0.2988655632663382,0.12774235113500162,0.7866290450831647,0.736216501867734
1,0.42857142857142855,0.09338582677165354,0.6026600956908108,0.24127665891096794,0.03432384419175306,0.5445928133942188,0.49999998018982944,0.4238008500303582,0.49606299212598426,0.054673884300798746,0.29428768843137265,0.2800266544448156,0.12162228566171907
1,0.0,0.0874015748031496,0.0081275688008181,0.5270516723663753,0.42473401016953316,0.1474178095648255,0.6190476022771042,0.29326047358834245,0.49606299212598426,0.10911546245138984,0.21531196903683525,0.8418374882772666,0.15301211120167635
1,0.2857142857142857,0.41417322834645665,0.07865601663666104,0.09815255692552045,0.1723687332006216,0.48163941877579286,0.5238095028463804,0.23375834851244687,0.05511811023622047,0.22003668176687285,0.14141004419781084,0.8562639135716502,0.763327620355294
1,0.0,0.26614173228346455,0.04588254719752271,0.35995994942776366,0.0879049824167948,0.5885855497565837,0.3571428310437435,0.23982999392835458,0.05511811023622047,0.5945244467986296,0.16710388794612413,0.7319698400284979,0.6256424756947288
1,0.0,0.0,0.3197481255908194,0.8618654322764083,0.013595144065239559,0.7642101016065692,0.5714285525617423,0.018214936247723135,0.11811023622047244,0.0625083110356009,0.15547052657937208,0.784247441405503,0.8075695425657311
1,0.0,0.11307086614173227,0.18552853239756778,0.3273119555868235,0.14794806496645865,0.951394537398188,0.6666666519924662,0.40862173649058897,0.2440944881889764,0.556052367581218,0.08918018513723593,0.7945818129839729,0.8418696216557292
1,0.0,0.2062992125984252,0.07777144377255668,0.1706176937232681,0.1506530028313727,0.8329122480647689,0.7380952221632491,0.2665452337583485,0.05511811023622047,0.49164421743635844,0.14618584571965673,0.8025351683548547,0.6700384271206509
1,0.2857142857142857,0.45669291338582674,0.4063911688058028,0.04611421673983489,0.013529171256359891,0.6841739776629823,0.49999998018982944,0.006071645415907711,0.11811023622047244,0.05793575815320236,0.25179867177734705,0.34882440126827985,0.9100818030844579
1,0.2857142857142857,0.0,0.5818180465656623,0.791898166974449,0.007125787799014384,0.9238481295911096,0.47619045313101843,0.47965998785670916,1.0,0.1621317775328103,0.1694680013339478,0.8713926438790736,0.10375917582082425
1,0.42857142857142855,0.6566929133858267,0.7137702601627298,0.018793743344573503,0.0,0.33844000506145894,0.6190476022771042,0.010321797207043109,0.05511811023622047,0.027975373469802615,0.19364850556550584,0.37055018087430575,0.8139978527402248
1,0.0,0.03417322834645669,0.22403948689216968,0.5726311421162118,0.052598010204771894,0.515479739734451,0.28571427628087115,0.08682452944748027,0.023622047244094488,0.6272442275178532,0.24349849933151074,0.8898924939041478,0.6498927750649461
1,0.0,0.0,0.23591724293680708,0.6388435951786892,0.10306579708694885,0.03415910962720579,0.49999998018982944,0.14511232544019428,0.49606299212598426,0.5645963931386337,0.10455566973595923,0.6917653670499104,0.9088616325032657
1,0.42857142857142855,0.06456692913385827,0.5511168632864526,0.3498670857890992,0.03892213080067218,0.850618419270839,0.23809520455420854,0.42319368548876746,0.11811023622047244,0.08242526885363488,0.3230500434921254,0.24572751876479904,0.15933293306929316
1,0.2857142857142857,0.29133858267716534,0.09774165515652311,0.22077749979098857,0.07556858157949632,0.22995755478252375,0.5714285525617423,0.11839708561020036,0.0,0.03392214978787543,0.22981695712392738,0.07521566876681035,0.07641146079655396
1,0.0,0.04,0.12466476680419497,0.2780985021131483,0.14165188683193025,0.271137252116156,0.5476190277040613,0.2034001214329083,0.0,0.3204887789657047,0.04956095510739163,0.9476068679951344,0.8594062115668808
1,0.0,0.5338582677165354,0.00011282861131336694,0.005362826600510993,0.489231407691555,0.015993658191682778,0.5476190277040613,0.2562234365513054,0.49606299212598426,0.22826037195757837,0.1982166553691219,0.7271103648798269,0.47714879594094806
1,0.0,0.30078740157480316,0.32442216366623017,0.11412534354181204,0.03578593482022089,0.929615695406726,0.4047618829602356,0.0588949605343048,0.2440944881889764,0.5913259892673397,0.17128607900465506,0.7291486541385271,0.5646096369573774
1,0.0,0.10283464566929133,0.033312907120198965,0.13450666950277648,0.16137230018276968,0.7652227818932964,0.5952380774194233,0.6484517304189436,0.11811023622047244,0.22826037195757837,0.20619922038167893,0.8134736910648863,0.37307988059241154
1,0.0,0.0,0.2529740930850381,0.7494140570569938,0.025590419394918757,0.6122705416427098,0.5952380774194233,0.05585913782635094,0.023622047244094488,0.21569382995988887,0.08192371751142742,0.8894641818414052,0.7644868842920775
1,0.0,0.057322834645669285,0.008189733113023548,0.49516188291150937,0.37822286921033993,0.7537903779000716,0.5476190277040613,0.684274438372799,0.11811023622047244,0.4098942847840494,0.1098433427128029,0.8112990469101966,0.22337128750543386
1,0.0,0.012803149606299212,0.08222204815364242,0.4117948992109889,0.04087491508870889,0.9057561331341307,0.04761898368146002,0.5166970248937462,0.49606299212598426,0.6143450581669198,0.18345590530974093,0.8686940227981058,0.17200208566031508
1,0.0,0.09984251968503936,0.0538707862511028,0.2681185425656291,0.24302846443573753,0.490760006926207,0.8571428288426135,0.46994535519125685,0.007874015748031496,0.6050801024345983,0.01742584905830897,0.8693507525012389,0.6056892429910313
1,0.42857142857142855,0.7937007874015748,0.6030096598736686,0.0565977374441001,0.005622035970609603,0.326233924872853,0.5476190277040613,0.0024286581663630845,0.023622047244094488,0.021457775890022457,0.25591701206885686,0.6628119663201553,0.9100818030844579
1,0.0,0.3181102362204724,0.0931960936806578,0.26148771401396553,0.06769250518434757,0.3455278374694481,0.5476190277040613,0.31876138433515483,0.0,0.42406572638823004,0.18740642085591921,0.6321566184084737,0.35565966332970994
1,0.42857142857142855,0.5622047244094488,0.546770390629391,0.1324782348477136,0.017209412245537497,0.20136240379343032,0.5714285525617423,0.0018214936247723133,0.0,0.015173769437865763,0.29875983990566385,0.4138497553944672,0.8774882918998513
1,0.42857142857142855,0.3228346456692913,0.17007338940432687,0.14900038503603244,0.0739077049268528,0.6415466697597805,0.5476190277040613,0.4183363691560413,0.023622047244094488,0.07485704316367224,0.30176098546863644,0.8191601385600732,0.16544872226510038
1,0.0,0.01653543307086614,0.16048965943623653,0.5275136113365527,0.0065896848866868855,0.42436204527341864,0.5476190277040613,0.035215543412264724,0.0,0.4641155595477541,0.03561224233133488,0.8234818930746957,0.9354858238664409
1,0.0,0.06440944881889762,0.04288213443457707,0.29090844806212746,0.10438049445665741,0.06327214721297864,0.38095235370029445,0.6089860352155434,0.49606299212598426,0.7558175183326199,0.16087602837619236,0.9143619519997993,0.3260914130892698
1,0.0,0.2062992125984252,0.016434952705199516,0.4976548063814746,0.2745935348802527,0.1175652883810657,0.5476190277040613,0.6745598057073466,1.0,0.4110370263556718,0.04587254787133779,0.8417283734409975,0.34421948415373244
1,0.0,0.053228346456692915,0.06240766876930773,0.38747409158701007,0.07931724164078033,0.17880199927630014,0.7380952221632491,0.5015179113539769,0.0,0.5729597161646027,0.024597945711635053,0.9584664841984618,0.3649312073307718
1,0.7142857142857143,0.26141732283464564,0.15288777654545135,0.16144538090414648,0.02952318160837953,0.146940361916517,0.8095238231498527,0.15846994535519127,0.0,0.5235532021967743,0.02165615321934496,0.5316756442915703,0.8112318067253059
1,0.0,0.25984251968503935,0.39587158214860024,0.2166027404479878,0.0023101489719244495,0.8031595824740322,0.4523809172676871,0.4098360655737705,0.49606299212598426,0.04550137463661169,0.4003729634505038,0.5041820139358414,0.21248354728447807
1,0.0,0.0662992125984252,0.0354069377236594,0.19709717714178898,0.04838361230173076,0.06438785760428714,0.30952376812160115,0.4201578627808136,1.0,0.4798008987404742,0.06622696237778361,0.9413948666803146,0.6785449600307023
1,0.0,0.21889763779527557,0.005759229498995305,0.2676613715207179,0.30892119949017044,0.8399730388511375,0.7380952221632491,0.6180935033394049,0.49606299212598426,0.3708950342853459,0.18335089449706243,0.9333737821938624,0.2946222194061304
1,0.42857142857142855,0.4645669291338583,0.3522949734221863,0.05072224114857898,0.00478328436087401,0.33844000506145894,0.5714285525617423,0.004857316332726169,0.023622047244094488,0.027975373469802615,0.5867771255160377,0.6561551110221043,0.9100818030844579
1,0.0,0.002220472440944882,0.03209014712214197,0.595949187755968,0.1639267495973498,0.3567679143459063,0.8095238231498527,0.3806921675774135,0.023622047244094488,0.44931772244157275,0.040780654289519824,0.9332451571672601,0.6829980324749378
1,0.0,0.10346456692913385,0.04666288279439751,0.3816343120755906,0.2509299733160663,0.7923360242683638,0.49999998018982944,0.5367334547662417,0.49606299212598426,0.38711971279308643,0.20946074809645984,0.6948715532241857,0.6774548961489242
1,0.2857142857142857,0.020629921259842518,0.020694612896769334,0.49334578681288555,0.13252719914344605,0.26220963208965,0.47619045313101843,0.3697632058287796,1.0,0.8441960751583704,0.07754820811527206,0.8992367310530777,0.47546026161879573
1,0.2857142857142857,0.0,0.5444918018361466,0.6223654937949671,0.004761578612202622,0.5172159256143124,0.6190476022771042,0.5221615057680632,0.023622047244094488,0.2515977310025798,0.07532534916787388,0.2864641824288753,0.10328388392359135
1,0.0,0.4440944881889764,0.08921706397113559,0.17221901516844804,0.16790376007176125,0.900259760513072,0.49999998018982944,0.19914996964177292,0.49606299212598426,0.1837394371551013,0.23096122348387826,0.7692950912577557,0.6229931487360735
1,0.0,0.06850393700787401,0.046797868103546275,0.45403885925444815,0.22985972607515237,0.08554277487829189,0.5714285525617423,0.39162112932604737,1.0,0.7236590992101727,0.008214944660777214,0.9460512317809684,0.7063930509532985
1,0.42857142857142855,0.8094488188976378,0.61022779784229,0.04181772269102081,0.009566568564432056,0.12764644377007656,0.5476190277040613,0.0030358227079538553,0.023622047244094488,0.05425227949209098,0.16355352780022517,0.5396686229729307,0.9100818030844579
1,0.0,0.21889763779527557,0.033350018908764635,0.3140755220404218,0.2523173663923391,0.04420844914010695,0.5714285525617423,0.445658773527626,0.49606299212598426,0.5520992233943567,0.0665537987763176,0.8437717953329709,0.7360277096093049
1,0.2857142857142857,0.3858267716535433,0.06938204961853124,0.1628536819473458,0.030106659436425,0.05393047819687743,0.4047618829602356,0.24711596842744385,1.0,0.46080426364596433,0.03836901457908072,0.5303162385416668,0.35565966332970994
1,0.0,0.40629921259842516,0.18859317010843485,0.06736917732530198,0.0610838613643636,0.07980272519607604,0.7380952221632491,0.11900425015179114,1.0,0.569697588208948,0.0830143248443822,0.8275691851910668,0.8510290517867557
1,0.42857142857142855,0.0,0.6419692174975884,0.7403213107680606,0.0,0.45992925612092445,0.47619045313101843,0.461445051608986,0.0,0.054673884300798746,0.2882854030023196,0.6514576230163107,0.11783460149667942
1,0.0,0.3417322834645669,0.5780754590684375,0.08777109636308728,0.027307418517410316,0.9989580165296593,0.5238095028463804,0.018822100789313904,1.0,0.26884360502686466,0.1232701939638183,0.7712269092955174,0.6089114265887823
1,0.0,0.27244094488188975,0.14422951425456362,0.34443361313376675,0.1176302269408621,0.4004134357316805,0.4047618829602356,0.07589556769884638,0.007874015748031496,0.32107377423070754,0.060879466336656494,0.5796968240100132,0.6664767638655407
1,0.0,0.21889763779527557,0.363613573008813,0.38736886546696947,0.01563398333142981,0.4559218792664436,0.5714285525617423,0.4523375834851245,0.023622047244094488,0.0999600314179044,0.12864261960491724,0.5595635752847383,0.13258507411665166
1,0.0,0.1811023622047244,0.03614962872952176,0.15263304170313705,0.03931712758670705,0.5059577867660607,0.7857142740797411,0.5488767455980571,0.007874015748031496,0.20434237665456334,0.07213387043875426,0.4321418419901532,0.15438633137528357
1,0.2857142857142857,0.21259842519685038,0.06159043692089524,0.41098413389926614,0.2064254839904264,0.048254629126032546,0.5238095028463804,0.25258044930176077,0.0,0.08488612455769508,0.1774804636364162,0.372233622748919,0.07809964871089276
1,0.0,0.10220472440944882,0.2587586872866724,0.4842823400408468,0.012528264172516462,0.9456246961459653,0.4523809172676871,0.42926533090467517,0.2440944881889764,0.19261144183555923,0.30246434086199203,0.6535483053297171,0.1714133350156527
1,0.0,0.0615748031496063,0.07330554198470564,0.441190684592549,0.12527164533934154,0.377389485928922,0.3333332819736318,0.41894353369763204,0.0,0.2147727573218922,0.3875453739797989,0.9016694137076495,0.450002649510351
1,0.0,0.34488188976377954,0.0003179618131966646,0.07929458498291225,0.47678818695554914,0.184345967371349,0.28571427628087115,0.13175470552519733,0.0,0.358007000028096,0.21641803203814552,0.8062724365256365,0.7113076201130122
1,0.0,0.0615748031496063,0.0049469302059313245,0.48851280732975144,0.36290322834380584,0.9946854680628597,0.5476190277040613,0.5391621129326047,0.49606299212598426,0.41448702544668453,0.045355469456930905,0.9157530502141902,0.12807296970558726
1,0.0,0.17165354330708663,0.22466498933504983,0.4930365541569009,0.035078615506256926,0.10657189658196123,0.6904761878557976,0.03278688524590164,1.0,0.3013980636919095,0.05339592059044632,0.9189654911730611,0.6498927750649461
1,0.0,0.050236220472440946,0.0,0.3701071276027611,0.6785121654007451,0.357618120134173,0.6428571249336552,0.3800850030358227,0.007874015748031496,0.3704056479508948,0.08541046615977482,0.6757305414529242,0.2825782106571324
1,0.42857142857142855,0.28503937007874014,0.24017124448663912,0.3019962440502833,0.047179655144530895,0.5803517713996488,0.47619045313101843,0.37947783849423194,0.007874015748031496,0.23102495335242756,0.1352283294541524,0.46942352767554507,0.1714133350156527
1,0.0,0.07149606299212598,0.15813094681919485,0.5299553293745335,0.03382292971405936,0.9464806210498975,0.5476190277040613,0.3655130540376442,1.0,0.3422962918278742,0.05703507249712251,0.6654844140633781,0.3556546709818076
1,0.0,0.2110236220472441,0.10130276556259996,0.20135255518138873,0.09435114559057514,0.40077367619538123,0.5476190277040613,0.26229508196721313,0.007874015748031496,0.5195368007615659,0.07053946414695346,0.9348724492706451,0.663616983971639
1,0.0,0.14692913385826772,0.11367279164830257,0.2194421015573769,0.15537684724336812,0.5835422942616818,0.11904754724885268,0.22950819672131148,0.023622047244094488,0.43105023972472556,0.27224143368698384,0.7683870635008461,0.8297068357805161
1,0.7142857142857143,0.02913385826771653,0.2589513354267341,0.45616061443485106,0.0033822928927479544,0.7294436501999053,0.5714285525617423,0.007893139040680024,0.11811023622047244,0.03392214978787543,0.19032910882044296,0.26284456781728244,0.8277712311795232
1,0.2857142857142857,0.0,0.07781167735111477,0.976934806062981,0.0892106813134121,0.9791866923587508,0.5476190277040613,0.5270188221007893,0.49606299212598426,0.5090166162867374,0.06663517318353832,0.7083104877043596,0.4083055002296429
1,0.0,0.10944881889763779,0.0,0.33180868733045665,0.8561995232067788,0.7159449555235392,0.5238095028463804,0.4444444444444444,0.11811023622047244,0.48338003599589463,0.17050056303296449,0.6931853440563319,0.21180581058557274
1,0.0,0.26614173228346455,0.036470108765452224,0.2284630066821098,0.17924742874924054,0.226860696660991,0.5476190277040613,0.21918639951426835,0.0,0.40192040081379143,0.08674443902773812,0.5198945039793832,0.3161472266218562
1,0.0,0.27716535433070866,0.06979525762587807,0.037467801338090266,0.035785924594683285,0.353119568088833,0.5714285525617423,0.5075895567698846,0.007874015748031496,0.5029340042210061,0.03315371776833447,0.8173402799505153,0.19781119981494488
1,0.42857142857142855,0.8551181102362204,0.663298545614629,0.04647611269441618,0.006764585628179946,0.5534165680644136,0.5238095028463804,0.0030358227079538553,0.05511811023622047,0.04550137463661169,0.17358633592856546,0.4611756952004901,0.9360593325673033
1,0.0,0.38897637795275586,0.3814707013333286,0.057642771872691276,0.0016911464463739772,0.9703628821901021,0.5476190277040613,0.007893139040680024,0.49606299212598426,0.024464825499240582,0.31514877313029926,0.5022152259689724,0.906010410920054
1,0.42857142857142855,0.24566929133858265,0.13632139711737346,0.39373233000261054,0.048088952423562537,0.3130151921467468,0.5476190277040613,0.1135397692774742,0.023622047244094488,0.05165002255941058,0.1568435345522273,0.3110717578307365,0.25203009497350953
1,0.0,0.04220472440944882,0.023057283384015265,0.5194109536400313,0.2969575171387876,0.29676521712105103,0.5714285525617423,0.44201578627808136,0.007874015748031496,0.06978812953563973,0.2512561168613236,0.8228403602947777,0.5113393082771874
1,0.0,0.15417322834645666,0.11880176544535799,0.5115517445013879,0.007103883910887429,0.07219486672601301,0.23809520455420854,0.4936247723132969,0.49606299212598426,0.3104086889263869,0.22401306596338885,0.806961879036016,0.16544872226510038
1,0.0,0.27716535433070866,0.049513146995744446,0.08695890920486363,0.09339088108580737,0.7860378377358407,0.49999998018982944,0.2459016393442623,0.2440944881889764,0.33001347780170526,0.05283368860899718,0.8521694945157041,0.4368932125882032
1,0.0,0.13196850393700787,0.024372576162138778,0.38721614967379997,0.16416951172585995,0.08216673178485247,0.5238095028463804,0.5318761384335154,0.023622047244094488,0.119842137838825,0.10557276437283614,0.8348555765117469,0.472117731871203
1,0.0,0.22677165354330708,0.016359886054029472,0.45924147143292365,0.27990573312857087,0.406858221429951,0.5238095028463804,0.30783242258652094,0.023622047244094488,0.11015366842459288,0.335199178684986,0.8038815260852328,0.7360277096093049
1,0.0,0.014929133858267716,0.1826558688761734,0.5764565158580436,0.09177692942522725,0.6021533677571743,0.8809523647059447,0.1572556162720097,0.11811023622047244,0.6276642829164938,0.06264930272478568,0.8098638729805601,0.7228800863199367
1,0.2857142857142857,0.0,0.24344977249717006,0.8729722336127925,0.0,0.020368462559633087,0.5714285525617423,0.01153612629022465,0.49606299212598426,0.08675122795912532,0.1762379543716403,0.5688188416370218,0.7703262196756765
1,0.0,0.0763779527559055,0.02981855597057913,0.39538987125843467,0.16484439720770455,0.9205306540159791,0.38095235370029445,0.2586520947176685,0.2440944881889764,0.473578137369457,0.1286896987215003,0.7194977266917925,0.6094529435092095
1,0.0,0.10503937007874015,0.0050878068605118105,0.703174945320523,0.2974340350569185,0.5868005529865938,0.3571428310437435,0.5737704918032787,0.05511811023622047,0.18769830382981115,0.19198050682113735,0.7532975854701708,0.5775698332426407
1,0.0,0.1905511811023622,0.11104459416602938,0.28925548515203614,0.12939706769337359,0.4969983383762928,0.4523809172676871,0.20461445051608987,0.007874015748031496,0.6504913695793372,0.11992722347911107,0.3851248496037963,0.25203009497350953
1,0.0,0.5606299212598425,0.04752387374591147,0.0878160835863746,0.06915510630311578,0.029920345844164777,0.4523809172676871,0.4335154826958106,1.0,0.5270243972175074,0.04764947689017195,0.7671092078729771,0.16397304535595958
1,0.0,0.17007874015748028,0.18273161202114221,0.2672882789988911,0.0,0.9624199712296015,0.5714285525617423,0.052216150576806314,0.49606299212598426,0.46455720339333195,0.14372935152901234,0.8644535865094362,0.682670412190963
1,0.42857142857142855,0.7118110236220472,0.5016590628933233,0.037467801338090266,0.002391642180437005,0.377389485928922,0.5952380774194233,0.0036429872495446266,0.0,0.013571981046789703,0.32485988915370123,0.4870683613879667,0.9839493977246774
1,0.0,0.05165354330708661,0.7466916655709671,0.43529732990497705,0.009566568564432056,0.9424452174762411,0.42857140341565636,0.44505160898603524,0.11811023622047244,0.3454024871543576,0.24210053897111514,0.673578808631098,0.1257728218230728
1,0.0,0.2141732283464567,0.05509700882926136,0.3860518754060557,0.2304703637176531,0.11323231042283162,0.6428571249336552,0.5974499089253188,1.0,0.14912003837578852,0.10568926012005375,0.8397654967880384,0.36490640860670176
1,0.0,0.45669291338582674,0.0,0.03359650953746196,0.6640593905516662,0.1474178095648255,0.3571428310437435,0.3193685488767456,1.0,0.10911546245138984,0.3767171031061047,0.7614893145532138,0.45869190235362806
1,0.0,0.17007874015748028,0.12781728512865714,0.36785793705997405,0.11741804703558519,0.4799994672148434,0.7857142740797411,0.23982999392835458,0.05511811023622047,0.6483597945027757,0.10781923693812356,0.8070880768836307,0.6722123195435615
1,0.5714285714285714,0.3228346456692913,0.2899922915311878,0.21760376777947957,0.0,0.22113378346279272,0.5476190277040613,0.009107468123861567,0.49606299212598426,0.024464825499240582,0.15416066295891354,0.3702837786557467,0.9047328589033801
1,0.0,0.28346456692913385,0.07012567143916934,0.20855433093496267,0.0686454938258204,0.4417638074603241,0.5476190277040613,0.030358227079538554,0.0,0.15417070615086872,0.20584537501754474,0.47382814638999793,0.8194678970175622
1,0.42857142857142855,0.21732283464566926,0.2555126360649017,0.3028815141186514,0.022896280484294044,0.767850522684438,0.5714285525617423,0.26836672738312084,0.2440944881889764,0.09623864385714687,0.130813910284732,0.7876009215612123,0.45056986173977764
1,0.0,0.4440944881889764,0.04637389151023171,0.008151918990390403,0.05885487508011315,0.6271325280877674,0.3333332819736318,0.12386156648451731,0.11811023622047244,0.15518924907737794,0.36944893406385604,0.4268736113482893,0.22794586758453325
1,0.0,0.124251968503937,0.33057202637105076,0.3835770283446048,0.03615340288586696,0.38687028679380986,0.5714285525617423,0.1493624772313297,0.0,0.43481553343502966,0.13406684138928496,0.8679524964277955,0.9354858238664409
1,0.0,0.24566929133858265,0.07041923414289634,0.20901779602038437,0.004761578612202622,0.8768755702466129,0.5714285525617423,0.08378870673952642,0.2440944881889764,0.19501835741047716,0.0635689178403833,0.5815408925704917,0.8266186101219893
1,1.0,0.1274015748031496,0.41251310706735106,0.44918097849959554,0.05171865015352465,0.15390365579414958,0.5476190277040613,0.0024286581663630845,0.11811023622047244,0.04126265558142955,0.2275077731700453,0.20913010739911445,0.8774882918998513
1,0.0,0.095748031496063,0.0,0.49857704445886514,0.5001932862581046,0.8345437638607388,0.5476190277040613,0.39647844565877355,0.2440944881889764,0.0772656548261438,0.3289782066576425,0.7933923406826768,0.2825782106571324
1,0.0,0.1763779527559055,0.17510300635370096,0.3329704117534761,0.13815417090239898,0.6953682100416683,0.7142857017078282,0.3600485731633273,0.2440944881889764,0.42154933982735854,0.04430802177877199,0.862453312748382,0.9997478354886064
1,0.0,0.03811023622047244,0.053118038758008246,0.43897816821050756,0.21890652348396966,0.6915068496191695,0.6428571249336552,0.5075895567698846,0.023622047244094488,0.15417070615086872,0.14241040136560248,0.774237909858159,0.26946901825814723
1,0.0,0.21574803149606298,0.061243005855231854,0.18631214914752717,0.18206184279289953,0.9749640370019291,0.5714285525617423,0.2956891317547055,0.2440944881889764,0.6435852770510471,0.016649248722805775,0.6255309608632693,0.28333164765178137
1,0.0,0.0,0.020760812647077,0.6443924933329617,0.14533332420900746,0.3079695502183309,0.5952380774194233,0.4523375834851245,0.007874015748031496,0.11199761927978462,0.12213013760715336,0.9114934129299628,0.5113393082771874
1,0.42857142857142855,0.4409448818897637,0.20371998472039568,0.016049662065002652,0.025367196695609658,0.6403512608138737,0.5238095028463804,0.42926533090467517,0.023622047244094488,0.08158826720588891,0.14025747746602293,0.35799251334322324,0.15958173538720155
1,0.42857142857142855,0.6456692913385826,0.7963290165738437,0.18749413962267228,0.008846718247424659,0.7008484881111212,0.5476190277040613,0.0036429872495446266,0.0,0.015173769437865763,0.3278610119291053,0.3499254670533951,0.902518192243112
1,0.0,0.05133858267716535,0.005460375647342256,0.564979712146228,0.42861106994676745,0.39565386058344415,0.6428571249336552,0.5306618093503339,0.007874015748031496,0.345105310303453,0.08719063101334025,0.8249282289357273,0.4377516926581033
1,0.2857142857142857,0.15385826771653544,0.0,0.34497027487705295,0.6622717306045937,0.5754416289462175,0.5714285525617423,0.5391621129326047,0.05511811023622047,0.5846696616418954,0.02207773463093466,0.7110829135782359,0.32124388402995896
1,0.0,0.027244094488188975,0.014675854562988819,0.4522327824341671,0.17614898073414326,0.8257200369397709,0.6666666519924662,0.6350941105039466,0.2440944881889764,0.6222632666687601,0.08801637274037845,0.9043005375691288,0.24942184790616498
1,0.0,0.2677165354330709,0.16402753762106634,0.0027839321297687073,0.01283843619122951,0.7322327249962816,0.6428571249336552,0.025500910746812388,0.007874015748031496,0.0772656548261438,0.1277423625287859,0.7730370901086026,0.8733258963651132
1,0.0,0.26456692913385826,0.1446364087436569,0.005362826600510993,0.05118597122313476,0.21775148569360858,0.42857140341565636,0.17972070431086826,0.023622047244094488,0.08831810917432556,0.30346811616506314,0.5076851752823637,0.07652732402174865
1,0.0,0.4645669291338583,0.5838632322822841,0.22170674283214,0.004450154594396972,0.12764644377007656,0.5476190277040613,0.01639344262295082,0.05511811023622047,0.013571981046789703,0.39757818780503124,0.8059634581864928,0.8459444778982695
1,0.0,0.3795275590551181,0.04712845549090433,0.008561190870380491,0.2533677886755789,0.3075743734779549,0.3333332819736318,0.05707346690953248,0.0,0.46870313551016496,0.07714626958775525,0.9685412867629108,0.6543974215195523
1,0.0,0.4661417322834645,0.01800056090491473,0.07461437437521695,0.23487320490687366,0.5376621942312687,0.49999998018982944,0.39344262295081966,0.023622047244094488,0.4912377761875092,0.1367404612297755,0.38095404397856625,0.05144040902775032
1,0.0,0.1622047244094488,0.09981752469901749,0.37066616920997086,0.02236923975802288,0.025335324432861298,0.5714285525617423,0.34790528233151186,0.0,0.42223764975564765,0.04420671394597964,0.7995741491276704,0.6185627965690261
1,0.0,0.0,0.25498644596353187,0.7264981190866588,0.019133137128864112,0.17472619837811318,0.42857140341565636,0.031572556162720096,0.0,0.402360722496112,0.24844867132774837,0.6920670020131363,0.7703262196756765
1,0.0,0.4188976377952756,0.20043586800639565,0.23002884831760487,0.09805733663445151,0.5220323866777071,0.5238095028463804,0.1305403764420158,0.0,0.5079636578638138,0.12459206093600002,0.9264906426993718,0.736216501867734
1,0.0,0.07496062992125983,0.0006231894571747636,0.4124488538116197,0.44425194214422287,0.658516737223701,0.5952380774194233,0.37644201578627806,0.023622047244094488,0.3682752504259844,0.05260642818804726,0.7334949741780621,0.22744989310313354
1,0.0,0.012803149606299212,0.1004893072016834,0.38247048104479553,0.0471142982276469,0.8206654320110642,0.6904761878557976,0.5063752276867031,0.49606299212598426,0.5613725459410414,0.1444246743044611,0.7916131875653116,0.17200208566031508
1,0.0,0.10755905511811024,0.09089239069093669,0.47382115180562184,0.13518316454903648,0.10787507797532761,0.47619045313101843,0.2040072859744991,1.0,0.054673884300798746,0.21470229903459875,0.39390927415196914,0.10361617052458501
1,0.0,0.007858267716535432,0.00958485533841348,0.6019599111326979,0.32000269324928887,0.16415760839403012,0.4047618829602356,0.3655130540376442,0.0,0.5038250802801002,0.30577783562680566,0.9496825698216685,0.6210800198891064
1,0.0,0.24251968503937008,0.004326154954210779,0.31939124684752934,0.20370798444585608,0.8418189729234143,0.42857140341565636,0.4256223436551305,0.11811023622047244,0.3887609099127537,0.07114051475139349,0.4176146501184386,0.49994628131772423
1,0.0,0.0,0.020284758747306425,0.6278398777136177,0.123327172840217,0.837926061629923,0.4523809172676871,0.42987249544626593,0.11811023622047244,0.11159054793750796,0.17434810725384775,0.8040844506163844,0.5113393082771874
1,0.0,0.24094488188976376,0.06900625858492247,0.15082772320098975,0.00478328436087401,0.29331917937766255,0.7380952221632491,0.4559805707346691,0.0,0.6317878622107561,0.05892352957323474,0.7988054136171173,0.4944971030169257
1,0.42857142857142855,0.8834645669291338,0.8179007761621896,0.0691116170356927,0.007900848939863456,0.12764644377007656,0.5952380774194233,0.00546448087431694,0.0,0.027140394318664482,0.19032910882044296,0.3940604394777045,0.9702820608302105
1,0.0,0.20472440944881887,0.0029598279671183324,0.005764277187269128,0.2669468621286045,0.5572013406206503,0.3571428310437435,0.2956891317547055,0.11811023622047244,0.6791606825006735,0.12748048209434673,0.8188998738578074,0.3462245944636838
1,0.0,0.4047244094488189,0.09361318644092798,0.12242055717045722,0.09194504512923035,0.13647022618949836,0.5238095028463804,0.14814814814814814,1.0,0.3558970753748746,0.11726791992854949,0.9302548571948371,0.6386044447729206
1,0.0,0.08503937007874014,0.016433682371919507,0.46988083599266023,0.18222016557819753,0.21076538472638148,0.6904761878557976,0.3928354584092289,0.0,0.4405751038311333,0.03818287717398929,0.671730936974881,0.12807296970558726
1,0.0,0.0,0.013726666368263387,0.9127119902040464,0.08036726670121325,0.5490417636964634,0.4523809172676871,0.5506982392228293,0.023622047244094488,0.3226920813989809,0.21179843929857295,0.8908867097047243,0.5431282363723089
1,0.0,0.0,0.42682422529379793,0.729546434757815,0.03374599512886852,0.4824896273389823,0.5476190277040613,0.43776563448694594,0.007874015748031496,0.15387840064521566,0.31543829488536534,0.8267729313454953,0.1752058688900832
1,0.0,0.4944881889763779,0.1757960691641156,0.055453326371972866,0.019478742208533635,0.9763222784113234,0.3571428310437435,0.22950819672131148,0.11811023622047244,0.14987392966752552,0.2633502827419977,0.7072258169722144,0.10563695069387066
1,0.0,0.337007874015748,0.020786965108942207,0.12000285885936442,0.11909761518438847,0.09536401158363726,0.2619047404175398,0.17182756527018822,1.0,0.637113556470419,0.0799416035286568,0.8866760952521503,0.6680001227913814
1,0.0,0.48976377952755906,0.0038243167221891747,0.08952022728311106,0.38298575157858705,0.36038179051331626,0.5238095028463804,0.6314511232544019,0.0,0.8401576101238041,0.037850588849684494,0.9567365394296153,0.221610598473395
1,0.0,0.20472440944881887,0.0029598279671183324,0.005764277187269128,0.2669468621286045,0.5572013406206503,0.3571428310437435,0.2956891317547055,0.11811023622047244,0.6791606825006735,0.12748048209434673,0.8188998738578074,0.3462245944636838
1,0.0,0.26456692913385826,0.05454443610554219,0.2574355178393393,0.10263436592385215,0.43810243571614094,0.38095235370029445,0.27140255009107467,0.023622047244094488,0.7874998553883937,0.1804534038864408,0.7803993269077093,0.7993759177960401
1,0.42857142857142855,0.1763779527559055,0.11930015190591955,0.2824216548359559,0.002391642180437005,0.014980987617184985,0.6428571249336552,0.4353369763205829,0.2440944881889764,0.0625083110356009,0.15547052657937208,0.38179004481252643,0.13100893894155763
1,0.0,0.3354330708661417,0.10171363381695858,0.27121206347653604,0.05619024156495403,0.19440373016207768,0.49999998018982944,0.43169398907103823,0.0,0.40020181582596365,0.12649613319344744,0.7693738740865498,0.06273356865223655
1,0.0,0.0,0.01738285467158388,0.7069016049992881,0.14977001192769632,0.6296559872841943,0.6428571249336552,0.48148148148148145,0.007874015748031496,0.4103233267610801,0.1237582524097022,0.8813804854129171,0.11145542010093078
1,0.0,0.2929133858267716,0.02545192964769678,0.24357984170488114,0.2708391736884647,0.4511054459522758,0.2619047404175398,0.509411050394657,0.49606299212598426,0.12097382695196744,0.13374897189896753,0.8567470922473028,0.3680362032028642
1,0.0,0.25984251968503935,0.031182820796029746,0.0638481972218636,0.040589136483239405,0.14403552567025482,0.49999998018982944,0.10564663023679417,1.0,0.38187969058074367,0.152469403803968,0.8147259762848226,0.7415087574289575
1,0.0,0.11574803149606298,0.01862308588495689,0.16328093734187882,0.2371706393666837,0.01676733272211036,0.47619045313101843,0.2689738919247116,0.49606299212598426,0.31957623841247856,0.19038256845621437,0.8421787001717546,0.18215099914558514
1,0.0,0.09732283464566928,0.0032797544734424044,0.16025076443207376,0.4455872872340928,0.7501336402767819,0.5238095028463804,0.23375834851244687,0.05511811023622047,0.3928249505428306,0.22411789447551908,0.789299885013555,0.7063930509532985
1,0.0,0.0626771653543307,0.12761951242090935,0.5287336219871309,0.11411357803516767,0.7277341590763281,0.5952380774194233,0.22161505768063144,0.11811023622047244,0.3665154924479687,0.029906665856462265,0.6859232709047438,0.7870218536769116
1,0.0,0.0,0.021699920829879867,0.6453664107911704,0.10332726408347562,0.1534346605603568,0.6190476022771042,0.2568306010928962,1.0,0.36607388991999257,0.12795680494243766,0.6279285344510848,0.12807296970558726
1,0.0,0.25196850393700787,0.013588718855535257,0.3246770939201654,0.2815761454883198,0.3569871998366126,0.4523809172676871,0.692167577413479,0.023622047244094488,0.40735556605940804,0.13308800707996993,0.8814755937258567,0.1975409405895215
1,0.0,0.025826771653543305,0.03023065641007121,0.4843637644504629,0.04563800983350622,0.47218001256484987,0.49999998018982944,0.34365513054037644,0.023622047244094488,0.22681582596365044,0.3582850592746359,0.9213730672118636,0.6094529435092095
1,0.0,0.2929133858267716,0.09211219675084606,0.20681468278320195,0.03719371761847544,0.9589518173523686,0.5952380774194233,0.06132361870066788,0.49606299212598426,0.2831867522547015,0.06835277476770456,0.8127829499364497,0.7367931282389194
1,0.0,0.0,0.04697152991107158,0.918563741663003,0.06852929238965151,0.658516737223701,0.5952380774194233,0.48876745598057075,0.007874015748031496,0.23892516803868646,0.08272035951345279,0.7879207062577591,0.43558185524430504
1,0.2857142857142857,0.24409448818897636,0.15152701308405128,0.08098807810145955,0.037814135594404205,0.7222759416422658,0.5238095028463804,0.3758348512446873,0.11811023622047244,0.17931442529694958,0.2564542859658735,0.49446958764826243,0.19143407648914784
1,0.0,0.1921259842519685,0.132708392515944,0.005362826600510993,0.014322037417916465,0.07370184954147177,0.5476190277040613,0.017607771706132362,0.49606299212598426,0.12190865835136157,0.24244143529943213,0.5500529295076416,0.8999397973785304
1,0.0,0.30866141732283464,0.002356654524535489,0.0,0.357449138962539,0.041724410495423594,0.49999998018982944,0.11050394656952034,1.0,0.07902342129575304,0.3574189949450838,0.4970301532619755,0.7415087574289575
1,0.42857142857142855,0.1188976377952756,0.4847776815031591,0.36988464654128256,0.019432882245540642,0.5412104878758077,0.5476190277040613,0.43594414086217365,0.023622047244094488,0.07902342129575304,0.25293912121956913,0.6366442250006671,0.15779092925230695
1,0.0,0.24409448818897636,0.06345598301542787,0.0662891901181289,0.21241361387174407,0.37217851410659697,0.5952380774194233,0.20886460230722526,0.007874015748031496,0.3984239194207603,0.25194360071319805,0.8638328779976473,0.7993759177960401
1,0.5714285714285714,0.6267716535433071,0.46971990867842356,0.009494652530100015,0.0,0.17880199927630014,0.5476190277040613,0.0024286581663630845,0.2440944881889764,0.021457775890022457,0.27901591575392165,0.5271126405533746,0.9100818030844579
1,0.2857142857142857,0.46929133858267713,0.1923968073561834,0.08343377257015437,0.0023101489719244495,0.3108954287033563,0.47619045313101843,0.4444444444444444,0.0,0.1331103973265859,0.14087528263022467,0.5001679236825667,0.19781119981494488
1,0.0,0.27716535433070866,0.0,0.11547581334833287,0.5304248286121239,0.35596201852316395,0.6428571249336552,0.8803885853066181,0.007874015748031496,0.3893740424645784,0.12818089789136192,0.8906911440092291,0.221610598473395
1,0.0,0.13858267716535433,0.11025625635961393,0.45248833564525576,0.03324000406504449,0.9078820846551214,0.6190476022771042,0.4620522161505768,0.2440944881889764,0.5233182703129725,0.17670214853638114,0.6719545466365128,0.13100893894155763
1,0.0,0.0,0.0022537673837924803,0.617375381315534,0.42792956932867304,0.24913569482954204,0.6428571249336552,0.5100182149362478,0.023622047244094488,0.22291341979179236,0.08240933199058649,0.5843116487925805,0.12807296970558726
1,0.0,0.4283464566929134,0.06658608930379378,0.02049208401179109,0.28737004521575416,0.37668287961497393,0.7142857017078282,0.09836065573770492,0.0,0.2506723303457952,0.07123177326646409,0.4991532855670693,0.290453119861352
1,0.0,0.04393700787401575,1.0,0.5681323249977108,0.0023101489719244495,0.4916772576216027,0.5238095028463804,0.4493017607771706,0.007874015748031496,0.14357021678519308,0.10787210409711323,0.5348306832403723,0.10515250955497182
1,0.2857142857142857,0.16692913385826771,0.055674511366748905,0.42586052519976464,0.05242553999490926,0.5534165680644136,0.47619045313101843,0.3302975106253795,0.007874015748031496,0.0908686715895212,0.13039398097186072,0.41915051332671227,0.23208134519445914
1,0.0,0.39370078740157477,0.17570385237786298,0.11249609703135513,0.022318287477303238,0.5807934003458664,0.4047618829602356,0.022465088038858532,0.11811023622047244,0.210311303338958,0.24956089266945386,0.7719509507012738,0.7607701933519022
1,0.0,0.3763779527559055,0.353614180835948,0.09612460569826786,0.04838361230173076,0.21928511609166568,0.5238095028463804,0.10139647844565877,1.0,0.4608448375309262,0.3218532062115758,0.8867206192998205,0.8056174326512655
1,0.0,0.022204724409448817,0.02957635720296772,0.48788672092053753,0.026308066501862463,0.31181978320084003,0.7380952221632491,0.41105039465695203,0.05511811023622047,0.11812371812140432,0.07447381761015184,0.874555876489426,0.5232909484015271
1,0.0,0.2692913385826772,0.04320960766157202,0.2870120767850193,0.038266274257728224,0.2955961699407054,0.4523809172676871,0.1469338190649666,0.0,0.1779389829920224,0.12647342538140727,0.8123051203304129,0.8266186101219893
1,0.42857142857142855,0.3543307086614173,0.3801496183023617,0.030946709951465742,0.012528264172516462,0.30367352590556823,0.49999998018982944,0.0030358227079538553,0.49606299212598426,0.015173769437865763,0.3470294987034352,0.2871852339211528,0.9306002714553512
1,0.42857142857142855,0.7984251968503936,0.1432392900985977,0.0346456568940313,0.03474839514120209,0.12764644377007656,0.6666666519924662,0.10989678202792957,0.11811023622047244,0.06778866955669519,0.11156784893023373,0.29337351845071896,0.062079754469402004
1,0.0,0.11622047244094488,0.060136452105383494,0.27406852465984216,0.2005549635231476,0.44251969640125827,0.47619045313101843,0.48876745598057075,0.023622047244094488,0.524925938198784,0.15856490747898527,0.6594176724540818,0.6094529435092095
1,0.0,0.05590551181102362,0.29709107030728843,0.4184694258451124,0.005622035970609603,0.377389485928922,0.6190476022771042,0.006071645415907711,0.11811023622047244,0.00678621363844454,0.37370498532888485,0.6703369323296005,0.7680869988145007
1,0.42857142857142855,0.8456692913385827,0.6186318663166871,0.02000290435845243,0.0023101489719244495,0.22113378346279272,0.5714285525617423,0.0024286581663630845,0.023622047244094488,0.024464825499240582,0.1762379543716403,0.3871231754377649,0.9360593325673033
1,0.0,0.1811023622047244,0.09117208018536947,0.40572611710214035,0.11027665742592699,0.41972123681634227,0.6666666519924662,0.4620522161505768,0.2440944881889764,0.15387840064521566,0.12292067254081267,0.8156824548630511,0.6829955872433121
1,0.42857142857142855,0.6488188976377952,0.079937692632245,0.06958701615274498,0.0023101489719244495,0.9505915580191936,0.5238095028463804,0.07589556769884638,0.11811023622047244,0.015173769437865763,0.499652788097065,0.2550365741862001,0.23656659281150197
1,0.42857142857142855,0.2220472440944882,0.23142521602659585,0.015097657157167689,0.01113093737975161,0.7096722982797699,0.5476190277040613,0.012143290831815421,0.11811023622047244,0.10911546245138984,0.12362402793416823,0.5089416500915077,0.7624440155304404
1,0.0,0.11417322834645668,0.03008071003364921,0.282888608184793,0.2415555937308959,0.9627975827093457,0.4047618829602356,0.22586520947176686,0.49606299212598426,0.2720972318859502,0.19442717387285316,0.7946181433700926,0.8194678970175622
1,0.0,0.3259842519685039,0.6833139244041069,0.2233168228517653,0.02021813510106135,0.0027749226906538384,0.5476190277040613,0.10746812386156648,0.49606299212598426,0.38850507132244416,0.23495236926474555,0.8316994090020142,0.9369509047718705
1,0.0,0.0,0.09743839646554879,0.6225419354667476,0.1586158728031219,0.8425705884834048,0.5952380774194233,0.3114754098360656,0.2440944881889764,0.47914940279538365,0.09884444991974013,0.7928991750157759,0.7870218536769116
1,0.2857142857142857,0.552755905511811,0.5910816245718824,0.26879121814518797,0.03130542831316071,0.9010049105031933,0.6428571249336552,0.04978749241044323,0.49606299212598426,0.5421521760328161,0.06643217582618073,0.6701373007228079,0.8711861760541707
1,0.0,0.2992125984251969,0.21146107019793037,0.0020379797949924843,0.044890711027251215,0.7769024037490314,0.5476190277040613,0.2647237401335762,0.05511811023622047,0.2720183979017269,0.07073128420194706,0.3518453501728229,0.1011715094529955
1,0.0,0.15464566929133858,0.0063658734056300055,0.40071776707158957,0.27720824417451123,0.29395150101118184,0.6428571249336552,0.6618093503339405,0.007874015748031496,0.4273746465279166,0.043454891103428345,0.9274981538752943,0.2946222194061304
1,0.0,0.08818897637795275,0.0527809808091934,0.278279569525545,0.20237518000879082,0.41037959832439064,0.49999998018982944,0.26958105646630237,0.007874015748031496,0.49586394278999585,0.12852265445039093,0.882507160255312,0.8594062115668808
1,0.0,0.06440944881889762,0.04124655426866315,0.3001593795137702,0.13374459658995624,0.15722808255062012,0.5476190277040613,0.5877352762598664,0.0,0.5449027301018561,0.0921043372030377,0.9146174705622612,0.3260914130892698
1,0.0,0.5275590551181102,0.10702426272984576,0.13537377785184018,0.11399450558267159,0.8499899547798597,0.5952380774194233,0.17304189435336975,0.11811023622047244,0.277088914652709,0.14385135047402997,0.7417086870096422,0.6229931487360735
1,0.0,0.19999999999999998,0.008125164831783206,0.15015179633243225,0.1408863952211186,0.705664921425289,0.21428569070217787,0.30297510625379476,0.023622047244094488,0.19851428101588414,0.18105172567954936,0.7678517700457853,0.4503619559208079
1,0.0,0.0,0.22750094162341727,0.7181508279601754,0.04328186112335554,0.06554329656375774,0.3571428310437435,0.058287795992714025,0.2440944881889764,0.24592784046117055,0.5443686629167658,0.7375553045100108,0.8086880322651572
1,0.0,0.1653543307086614,0.04818639260699093,0.15988697078636263,0.13683594965511622,0.6271325280877674,0.5952380774194233,0.16697024893746204,0.05511811023622047,0.06778866955669519,0.09537240494998674,0.8100842824762655,0.6434002979372097
1,0.0,0.23622047244094485,0.08633090236388805,0.2621118761909149,0.14601609908640326,0.4580137824860199,0.47619045313101843,0.42926533090467517,0.023622047244094488,0.1390944111332757,0.1969773876359694,0.9196962421054458,0.46609103061428975
1,0.0,0.4551181102362204,0.05895418064266403,0.0020379797949924843,0.002391642180437005,0.7613457154083687,0.16666664098681588,0.0965391621129326,0.0,0.08158826720588891,0.472966323560476,0.4359289214392658,0.5933516434315154
1,0.0,0.6614173228346456,0.1518883714022165,0.14857455148800028,0.014349853239937992,0.6469039077571299,0.4523809172676871,0.20097146326654525,0.11811023622047244,0.2164072816488698,0.08413619672136019,0.3648542410995115,0.0770321420908611
1,0.0,0.2992125984251969,0.0,0.023057108369917444,0.5045921316218616,0.17044174549297056,0.6904761878557976,0.5245901639344263,0.49606299212598426,0.3931779268149583,0.10154121623296508,0.8576777994409944,0.423328758814385
1,0.0,0.0779527559055118,0.02867988974677006,0.45181191586991126,0.21385753057357088,0.39994988489620675,0.5952380774194233,0.1742562234365513,0.007874015748031496,0.3272990766342351,0.29540486606923344,0.858681600279611,0.7063930509532985
1,0.0,0.13921259842519684,0.11724899600436313,0.3044948738642053,0.04598439205403363,0.8163783152001385,0.7380952221632491,0.33576199149969643,0.05511811023622047,0.5431031832733126,0.02348858136133399,0.6821453281612468,0.7933603015891632
1,0.0,0.15464566929133858,0.04092548420806609,0.3628607248270134,0.25131647504009197,0.6794925443377147,0.5238095028463804,0.06800242865816636,0.11811023622047244,0.5284160773399397,0.09039358328321473,0.806662114701182,0.7779972373161785
1,0.2857142857142857,0.3181102362204724,0.0406223189800508,0.23425871843097912,0.11342792427564652,0.7671657827612922,0.5238095028463804,0.5239829993928354,0.11811023622047244,0.5184484744715065,0.1101635764133553,0.35208189963580877,0.16759506507836236
1,0.0,0.09433070866141731,0.004306183127888609,0.3348315709072006,0.27436991023865775,0.7481269271838086,0.4047618829602356,0.3825136612021858,0.11811023622047244,0.19501835741047716,0.15374366754549054,0.6954433007432764,0.7064734786968517
1,0.0,0.29133858267716534,0.03646373103115203,0.23346613379651404,0.1614897522808455,0.2795112473166498,0.7142857017078282,0.6162720097146327,0.0,0.6184286007050436,0.1185111640924105,0.8435071864441095,0.34421948415373244
1,0.0,0.19370078740157481,0.047609929606496786,0.25190716062751584,0.13182091339535987,0.25128549681105883,0.8095238231498527,0.3224043715846995,0.0,0.5703700321781483,0.2745403233567824,0.92498048903668,0.6439982793312589
1,0.2857142857142857,0.3905511811023622,0.2230310024900567,0.1414890732992204,0.00892021783856047,0.9895410388866566,0.5476190277040613,0.17729204614450517,0.49606299212598426,0.12466990128398578,0.17856943596132896,0.36258792069388995,0.09091211225210712
1,0.0,0.03385826771653543,0.00932151868280045,0.5706520265767756,0.30655821146852247,0.5022610070083448,0.5952380774194233,0.4936247723132969,0.2440944881889764,0.0575382001887388,0.16019851978244198,0.5675368427991613,0.5232909484015271
1,0.2857142857142857,0.1510236220472441,0.12058175796323485,0.504595180395353,0.0016911464463739772,0.051592539231857,0.5476190277040613,0.5106253794778385,0.49606299212598426,0.20434237665456334,0.061615225652461754,0.767556674552061,0.16544872226510038
1,0.0,0.3669291338582677,0.09051686033632932,0.08005446051257377,0.03505891482819366,0.27619019209124834,0.6190476022771042,0.38372799028536736,0.0,0.37510273621686124,0.04452535821362708,0.5051554827669829,0.3925999405136276
1,0.5714285714285714,0.3354330708661417,0.36207395196232794,0.4046081286774875,0.0016911464463739772,0.658516737223701,0.5952380774194233,0.44626593806921677,0.11811023622047244,0.034593560817030786,0.17358633592856546,0.4017350866779628,0.13258507411665166
1,0.0,0.4047244094488189,0.0007822440214860535,0.04438783631172259,0.4367068089809795,0.3923444045348896,0.5476190277040613,0.670916818457802,0.05511811023622047,0.35064023689860163,0.05558142501613167,0.9438837764048087,0.1975409405895215
1,0.0,0.31338582677165355,0.2932184167044122,0.1957970596593521,0.00478328436087401,0.42854504698499096,0.5714285525617423,0.24893746205221615,0.11811023622047244,0.04290145628019283,0.2164291751591567,0.3495440907575714,0.1318216320492678
1,0.0,0.07070866141732284,0.04562406425775532,0.4140859963096448,0.2898342896570732,0.7779778805362483,0.30952376812160115,0.4729811778992107,0.11811023622047244,0.42351843343486445,0.0835064109930038,0.7075388457629169,0.6056892429910313
1,0.2857142857142857,0.3385826771653543,0.16283580859701544,0.014265857996208787,0.03622622759152092,0.6949625995919754,0.49999998018982944,0.28051001821493626,0.11811023622047244,0.08186822907800598,0.34690160347506044,0.5822962090277887,0.10261517420477068
1,0.2857142857142857,0.010440944881889763,0.7353907857984114,0.5707318679972875,0.0016911464463739772,0.08456823867887041,0.4047618829602356,0.4644808743169399,0.49606299212598426,0.24978167779211954,0.16743858035890885,0.5809892890910241,0.1257728218230728
1,0.0,0.10251968503937006,0.04807283829076975,0.45137512462484575,0.07893558446183939,0.08869695457784546,0.6190476022771042,0.15421979356405585,1.0,0.5454061850797182,0.19253270657554114,0.8721415290850404,0.8266186101219893
1,0.0,0.6708661417322834,0.1525389244613291,0.052491861824577886,0.02725951344689658,0.6172084610722746,0.5714285525617423,0.2143290831815422,0.007874015748031496,0.1084876683485685,0.10233426919294696,0.4502843401534589,0.0770321420908611
1,0.0,0.016062992125984252,0.180790011238444,0.5667431525294364,0.017716723976872035,0.5445928133942188,0.49999998018982944,0.0273224043715847,0.023622047244094488,0.054673884300798746,0.4067820354622785,0.6759747280268646,0.7644868842920775
1,0.0,0.14299212598425196,0.010349236108797497,0.36200223286774497,0.18618795733716934,0.9280311035534549,0.5476190277040613,0.339404978749241,0.2440944881889764,0.35388674680077803,0.2978643112500025,0.77276051538193,0.16395584722685924
1,0.2857142857142857,0.6015748031496063,0.11723694754807874,0.04312517784929982,0.027058343299299598,0.26185963109067784,0.6904761878557976,0.23800850030358228,0.007874015748031496,0.3189224906580902,0.16335638684797982,0.4258082189103958,0.2985196333403705
1,0.0,0.4818897637795275,0.14864234561254352,0.07828175632546332,0.06473781564268133,0.6490743135396247,0.5952380774194233,0.07893139040680024,0.05511811023622047,0.24317162588068467,0.05625262715029136,0.7416923460657578,0.8916728767908609
1,0.0,0.005007874015748031,0.020131034432771394,0.5982394507046767,0.2875768055861011,0.48466744216506125,0.5476190277040613,0.44201578627808136,0.11811023622047244,0.21487530760954535,0.1625812506137547,0.9237912795509429,0.5113393082771874
1,0.0,0.0,0.07686758702037289,0.6769627311282579,0.03186739475640724,0.5581376827841577,0.42857140341565636,0.4353369763205829,0.007874015748031496,0.30006460007040514,0.07949597553537581,0.8827463842531059,0.4278412503871235
1,0.0,0.5716535433070865,0.014957378347468069,0.04380601956726196,0.26999221600614415,0.530414096163281,0.47619045313101843,0.5622343655130541,0.007874015748031496,0.44143870368503424,0.18273533390836091,0.9077496980481121,0.3848625552114197
1,0.0,0.1622047244094488,0.03344221344193178,0.4333142047584084,0.48300523516062116,0.34864390915569093,0.7142857017078282,0.5846994535519126,0.0,0.5879308599515096,0.08625507599355588,0.394011014692843,0.0969961541906415
1,0.0,0.10803149606299212,0.13019030330065395,0.28168498668488146,0.2047097803648912,0.17082843096991315,0.5714285525617423,0.38312082574377654,1.0,0.5202152151242254,0.09355352971438094,0.7802160517045399,0.843669312132197
1,0.0,0.10787401574803149,0.0001248574848825253,0.16165834507304594,0.4903987157354034,0.42286919236430076,0.5476190277040613,0.29326047358834245,0.007874015748031496,0.4568839256349276,0.15506311903540806,0.9348867804484889,0.6432018877677196
1,0.42857142857142855,0.4236220472440944,0.5980231248977947,0.011528554184958722,0.008821850526552261,0.854315171279328,0.4523809172676871,0.0036429872495446266,1.0,0.0479600384418967,0.2622731485589363,0.5887238427790327,0.583632785058404
1,0.0,0.06913385826771654,0.05262109556899105,0.4195444365895324,0.16211096942186698,0.609538963244484,0.5238095028463804,0.4972677595628415,0.05511811023622047,0.06139732823859758,0.21805728996170556,0.8006430200067881,0.4278412503871235
1,0.2857142857142857,0.0,0.01693161932015425,0.7051828769490435,0.09339088108580737,0.35631494706557476,0.5238095028463804,0.19914996964177292,0.0,0.20336539097193873,0.12724042075677508,0.3520491868285623,0.12807296970558726
1,0.42857142857142855,0.0,0.4759780231070953,0.7170653429465322,0.012528264172516462,0.3511322794546944,0.4047618829602356,0.45780206435944143,1.0,0.04126265558142955,0.3210782921561438,0.45228634540525586,0.13312115039671182
1,0.0,0.018425196850393698,0.25446066277572527,0.5736832706109447,0.10510433666622931,0.48466744216506125,0.5714285525617423,0.13357619914996965,0.023622047244094488,0.4164545696441232,0.10764892265093016,0.7987377772599796,0.9088616325032657
1,0.42857142857142855,0.705511811023622,0.49396019469796715,0.030550260283220446,0.0071042056220320384,0.9505915580191936,0.5476190277040613,0.0036429872495446266,1.0,0.015173769437865763,0.2089558610312165,0.5762443860664096,0.9360593325673033
1,0.0,0.3622047244094488,0.0,0.23651650640560803,0.7234666177099389,0.5150259288776214,0.5952380774194233,0.3970856102003643,0.023622047244094488,0.40255625804660294,0.08917928502827899,0.7305044423095576,0.6097626932253869
1,0.0,0.21574803149606298,0.028699639042237376,0.4435600590805658,0.13884311256554963,0.6978630875343813,0.47619045313101843,0.22404371584699453,0.2440944881889764,0.5917651540568101,0.022423949008057366,0.6738600058196641,0.6256424756947288
1,1.0,0.415748031496063,0.207372021233767,0.06539768383100804,0.02391642180437005,0.21356845623280934,0.47619045313101843,0.31026108075288406,0.49606299212598426,0.03955578619959046,0.5739480662471624,0.2707854255353391,0.16949959486077923
1,0.0,0.6125984251968504,0.0,0.06217750862539482,0.5081699685714169,0.34531101888501387,0.6666666519924662,0.38372799028536736,0.0,0.5628987768337165,0.0401013682654241,0.8378334932334115,0.45869190235362806
1,0.0,0.026456692913385822,0.18819400697704167,0.45535332790756705,0.054577273129143504,0.5007174840108954,0.6666666519924662,0.10139647844565877,0.05511811023622047,0.4682274459607086,0.0772106330750683,0.8593794992671002,0.9088616325032657
1,0.0,0.030393700787401574,0.0011236864003637808,0.3617238353228757,0.43652473935104646,0.7619280606842294,0.4523809172676871,0.4833029751062538,0.007874015748031496,0.1529979783297442,0.1136512023830911,0.8554735189670742,0.284407834844084
1,0.0,0.28503937007874014,0.05365178219239433,0.034445590768690026,0.15175342799349467,0.8844408974765963,0.42857140341565636,0.10868245294474803,0.11811023622047244,0.4107041924144188,0.045922617856290385,0.812236896503202,0.6882410573727651
1,0.0,0.1489763779527559,0.043450859719346625,0.2546307170788979,0.014409473630226311,0.42046769102012815,0.6428571249336552,0.403157255616272,0.0,0.12629683556751378,0.11378661750908077,0.7491608685689382,0.45223039815981647
1,0.7142857142857143,0.39999999999999997,0.16413289008577991,0.0040759595899849685,0.009156227965932913,0.6271325280877674,0.5476190277040613,0.012750455373406194,0.49606299212598426,0.0948047784632827,0.13167280792398137,0.38748790159492874,0.7305587453092688
1,0.0,0.33385826771653543,0.0,0.03170352756325274,0.5466378904306902,0.03415910962720579,0.47619045313101843,0.3254401942926533,0.49606299212598426,0.21772551973411294,0.1403558798838277,0.6026336499827949,0.45869190235362806
0,0.42857142857142855,0.17007874015748028,0.12804671444001448,0.10819884087281659,0.0016911464463739772,0.20136240379343032,0.5476190277040613,0.3296903460837887,1.0,0.04550137463661169,0.3669072485482621,0.6527200962040992,0.30103247562045476
0,0.0,0.5023622047244094,0.012866022564883003,0.13820320499367658,0.12208780621945514,0.5799842883877255,0.47619045313101843,0.28840315725561627,0.11811023622047244,0.2515977310025798,0.3534647251469902,0.782731397582338,0.47652308154487816
0,0.0,0.5102362204724409,0.0010542592532780065,0.05939538726453985,0.4079654971483335,0.41972123681634227,0.5476190277040613,0.28111718275652703,0.11811023622047244,0.0772656548261438,0.4561923943655258,0.8590553240047414,0.4673560711958123
0,0.2857142857142857,0.12724409448818896,0.0006435892421209454,0.02593924810102921,0.45221114665403106,0.5666353285397469,0.42857140341565636,0.26533090467516696,0.007874015748031496,0.03653367219275818,0.5079174404204552,0.6870572891230565,0.1677124361963929
0,0.2857142857142857,0.337007874015748,0.3531351672758078,0.3096633806846134,0.01183802465266995,0.47970060804105996,0.5714285525617423,0.27929568913175473,0.023622047244094488,0.06778866955669519,0.25291586650588427,0.36923070762965626,0.38115036757282156
0,0.7142857142857143,0.28031496062992123,0.06680546657853598,0.047380587169522585,0.0016911464463739772,0.36518340574031605,0.5952380774194233,0.06618093503339405,0.0,0.17566364332001805,0.09623875982103756,0.4798708171860227,0.9258089215926393
0,0.0,0.3622047244094488,0.10826517107281998,0.07778284271097975,0.0,0.7008484881111212,0.5238095028463804,0.10382513661202186,0.05511811023622047,0.015173769437865763,0.2756609248268148,0.48587740495174814,0.28039810327050646
0,0.42857142857142855,0.2866141732283464,0.10495684300181153,0.26819908543041476,0.014349853239937992,0.16659593296230765,0.49999998018982944,0.11596842744383729,0.0,0.027975373469802615,0.24080235967642039,0.3667230297822901,0.15279307957881008
0,0.0,0.184251968503937,0.06226342744820181,0.3747224129076363,0.055898676091780654,0.5888400379165436,0.49999998018982944,0.25258044930176077,0.023622047244094488,0.38422576598701963,0.18290454869537273,0.23168948694166883,0.3524153911396074
0,0.42857142857142855,0.3763779527559055,0.1181847446070601,0.0040759595899849685,0.008455732231869885,0.8641833513518313,0.5952380774194233,0.33879781420765026,1.0,0.16904057636401798,0.07184777821275196,0.5162051300793242,0.11968411356751946
0,0.0,0.41417322834645665,0.27584182786589856,0.2812107345240065,0.009566568564432056,0.2525179648494993,0.6190476022771042,0.3679417122040073,0.0,0.08622251139952633,0.17658745870396955,0.883447576164954,0.16538492209660152
0,0.0,0.012803149606299212,0.08041236366170325,0.4858604948670393,0.10931694352703018,0.377389485928922,0.6428571249336552,0.5191256830601093,0.0,0.5146111435224743,0.09522829066971074,0.8690195739772154,0.17200208566031508
0,0.2857142857142857,0.21889763779527557,0.029546403278299122,0.015097657157167689,0.08274135336406029,0.7028234283392865,0.4523809172676871,0.453551912568306,0.11811023622047244,0.4634318771908658,0.15827454258388357,0.6793397256879607,0.18011141106971232
0,0.0,0.3259842519685039,0.010365669694527445,0.2130903151209963,0.2234784478703666,0.14244276721950527,0.6666666519924662,0.33515482695810567,0.05511811023622047,0.48254585427447116,0.039273005968004954,0.8738817700399105,0.22047959733881775
0,0.42857142857142855,0.30078740157480316,0.14008530307049344,0.07148980128462883,0.028583472007354838,0.6271325280877674,0.5952380774194233,0.08378870673952642,0.023622047244094488,0.07455043557015811,0.14972409427288197,0.2879147542583309,0.24634554275181333
0,0.2857142857142857,0.34015748031496057,0.05387315843001557,0.0559973106247385,0.028583472007354838,0.687629727635788,0.47619045313101843,0.4705525197328476,0.007874015748031496,0.320813927833024,0.11766012246741185,0.45558902485935276,0.16271193752196822
0,0.2857142857142857,0.46771653543307085,0.09224443094282635,0.14243425997913486,0.08879704258574585,0.5453392120995509,0.47619045313101843,0.41408621736490586,0.05511811023622047,0.1779389829920224,0.13498241740836064,0.48691713422327637,0.16220455195964886
0,0.0,0.33228346456692914,0.22496966586547082,0.3210007770865076,0.039779653823076806,0.520760473113219,0.6190476022771042,0.16393442622950818,0.023622047244094488,0.3604396771277325,0.1103429487590394,0.9011373977172089,0.6687228925060589
0,0.0,0.2866141732283464,0.026859059638014778,0.29220869825023776,0.2570628260176691,0.45847064575780916,0.4523809172676871,0.6800242865816636,0.023622047244094488,0.43766479525475604,0.11239592068615412,0.9008746903762168,0.16759506507836236
0,0.0,0.30078740157480316,0.054147125702466326,0.31214719485799636,0.14083841385236273,0.7869338880218796,0.3571428310437435,0.22647237401335762,0.11811023622047244,0.478535051374306,0.1400617094647815,0.45638990116681766,0.044631315158354584
0,0.0,0.3795275590551181,0.23987026832643318,0.10103851668423121,0.009420982079509374,0.48641456124032384,0.5238095028463804,0.3005464480874317,0.11811023622047244,0.09623864385714687,0.18851927455265144,0.5598508790701202,0.1011715094529955
0,0.0,0.34488188976377954,0.008047465322698986,0.13289337611005925,0.1318222348494502,0.6825841134565991,0.4047618829602356,0.3825136612021858,0.023622047244094488,0.3104086889263869,0.10238619636473474,0.7980202753237247,0.4525812073903743
0,0.2857142857142857,0.4220472440944882,0.25719610105596613,0.2507460523379801,0.04314067791224097,0.14033871816331198,0.49999998018982944,0.2167577413479053,0.0,0.6178191454197786,0.13840194842643658,0.47224896499367863,0.1911789573228732
0,0.0,0.5433070866141732,0.005733634635872126,0.15222597652891628,0.37682317402575016,0.363598841636272,0.9047619005692761,0.6247723132969034,0.0,0.5763631296595925,0.10317676547974684,0.963108579960227,0.221610598473395
0,0.0,0.09244094488188975,0.2445302805999635,0.39951303653140735,0.14021877773677074,0.4753753915415916,0.2619047404175398,0.22343655130540377,0.007874015748031496,0.3850037144524013,0.12628636223134432,0.9675695494225122,0.8418696216557292
0,0.0,0.057952755905511806,0.026220167195696687,0.45689953858237353,0.07245678294518766,0.07969162284138764,0.3571428310437435,0.6247723132969034,0.49606299212598426,0.31236185459840116,0.10961911303846747,0.9001806872428988,0.13657194277452953
0,0.2857142857142857,0.148503937007874,0.41520690664563603,0.20602549162238562,0.04857698822993427,0.7312451300106778,0.42857140341565636,0.5877352762598664,0.11811023622047244,0.45527755925357266,0.11554106089466792,0.6926596510990499,0.05355113296699893
0,0.2857142857142857,0.19999999999999998,0.12169277186721698,0.09718912321551156,0.033767354703763026,0.21356845623280934,0.4523809172676871,0.11232544019429265,0.0,0.03955578619959046,0.2471584847727155,0.4784883455058679,0.07709610527480171
0,0.42857142857142855,0.4818897637795275,0.513357891414607,0.05145721825021503,0.002391642180437005,0.2878270801375474,0.5714285525617423,0.3460837887067395,0.0,0.1516673222392818,0.24131938681879803,0.463084679204082,0.1623364722058519
0,0.2857142857142857,0.1590551181102362,0.044606958374522734,0.441452190600988,0.1945864745398272,0.9683631064038556,0.5714285525617423,0.15907710989678203,0.49606299212598426,0.2931457197443597,0.06382282832272909,0.5221035924320622,0.18941390762776864
0,0.42857142857142855,0.505511811023622,0.12624125803431757,0.24634710571769977,0.0071042056220320384,0.025335324432861298,0.5476190277040613,0.1955069823922283,0.2440944881889764,0.03392214978787543,0.3975689474459923,0.3162020025741702,0.34774308330320347
0,0.0,0.4944881889763779,0.3588774615409461,0.06308699747916094,0.006423980836398635,0.03415910962720579,0.5476190277040613,0.01700060716454159,0.49606299212598426,0.024464825499240582,0.2164291751591567,0.7768658490134507,0.8711861760541707
0,0.2857142857142857,0.5700787401574803,0.41164450556060095,0.10691723583182097,0.00478328436087401,0.3487943238401378,0.49999998018982944,0.10321797207043108,0.023622047244094488,0.075769344074808,0.2797078602723358,0.37834464105006504,0.13764670358171724
0,0.0,3.511811023622047e-05,0.7983937214254487,0.6090895139578879,0.0023101489719244495,0.5022610070083448,0.5952380774194233,0.44869459623557983,0.2440944881889764,0.03837559022194163,0.32485988915370123,0.5090659618509921,0.10375917582082425
0,0.42857142857142855,0.5259842519685038,0.27438028971737055,0.029892812679685847,0.00478328436087401,0.2525179648494993,0.5714285525617423,0.09836065573770492,1.0,0.08622251139952633,0.13709961040048507,0.3772920028966604,0.17309822186729684
0,0.0,0.1507086614173228,0.2327274538731686,0.32745717350944514,0.009561337022078037,0.8768755702466129,0.5238095028463804,0.42137219186399516,0.2440944881889764,0.04070167823834967,0.42813945619135757,0.8572051952266635,0.15933250515375866
0,0.0,0.016062992125984252,0.12503573845528998,0.5705686115820582,0.007602172785156421,0.854315171279328,0.2619047404175398,0.15664845173041894,0.49606299212598426,0.14325533534191967,0.2391742277831951,0.8715958312257844,0.19983733911687668
0,0.2857142857142857,0.0631496062992126,0.1034251249796861,0.526056218673167,0.12937812685141223,0.3654128640976062,0.49999998018982944,0.14450516089860352,0.023622047244094488,0.3501149868857932,0.1623314418937443,0.5459474721982107,0.2280057350055009
0,0.0,0.3070866141732283,0.05058912182712328,0.10127994622007795,0.04773418919509916,0.5980195099264535,0.47619045313101843,0.15907710989678203,0.05511811023622047,0.18482809398597513,0.13278416903497486,0.6656970627702188,0.14786023231269466
0,0.0,0.2818897637795275,0.006143594964342928,0.2199933704037153,0.32094210552314323,0.8074556067867948,0.49999998018982944,0.18882817243472982,0.2440944881889764,0.11199761927978462,0.37176946622686596,0.6585197399065916,0.31339483315018035
0,0.0,0.0,0.15926857541341782,0.644187842226604,0.0936586249892632,0.2937494588900753,0.28571427628087115,0.37340619307832423,0.0,0.23992652077696924,0.21471614817937287,0.8362554713175002,0.5340854234128951
0,0.42857142857142855,0.4976377952755905,0.41783890622651504,0.19300409814077454,0.002391642180437005,0.5022610070083448,0.5238095028463804,0.374013357619915,0.023622047244094488,0.0575382001887388,0.1667282690602595,0.5861126774403113,0.1561022930455035
0,0.2857142857142857,0.24724409448818896,0.19616208028455465,0.14062060945649255,0.01674149636427078,0.6065109398552156,0.5952380774194233,0.1979356405585914,0.007874015748031496,0.3076904452219499,0.056232055672800894,0.35933310459103845,0.17617658509160009
0,0.0,0.11968503937007874,0.016415336292442673,0.4203134659669665,0.16707077991276517,0.9412498362795612,0.42857140341565636,0.5737704918032787,0.2440944881889764,0.44320174641239257,0.13594865019227853,0.8966129196480387,0.15929576554858346
0,0.2857142857142857,0.700787401574803,0.09215976113156558,0.058303036628092914,0.05738349415744245,0.5748954409130161,0.4047618829602356,0.21493624772313297,0.023622047244094488,0.3083045280786158,0.11003912210782857,0.43019963500793534,0.2985196333403705
0,0.0,0.18740157480314962,0.07757012328718,0.37370754627020275,0.008827372631490188,0.09955126170184898,0.4523809172676871,0.04371584699453552,1.0,0.1913377028074484,0.2811229454904817,0.6712916330378699,0.661007738434714
0,0.0,0.15748031496062992,0.11612053568136023,0.3887050599346216,0.047217363780894105,0.9386148806894239,0.6428571249336552,0.14389799635701275,0.49606299212598426,0.16032059979936172,0.2721796451949146,0.5381090754448548,0.5678083463315223
0,0.0,0.0,0.08209757075145999,0.7212105942351518,0.1019466198620213,0.6782880891438364,0.5238095028463804,0.4936247723132969,0.11811023622047244,0.3143006004273893,0.06215446497726409,0.8478417416224372,0.16428972322840957
0,0.0,0.7181102362204724,0.63565836961434,0.03260767690945928,0.0,0.2525179648494993,0.6666666519924662,0.020643594414086218,0.11811023622047244,0.06710882560501363,0.15719738561325364,0.5498778943452388,0.7747072596716068
0,0.0,0.15748031496062992,0.46336997801903795,0.231495056429296,0.002391642180437005,0.5022610070083448,0.5952380774194233,0.4444444444444444,0.023622047244094488,0.0575382001887388,0.09683132775309228,0.8985600428271868,0.15779092925230695
0,0.0,0.6283464566929133,0.18634536686945374,0.09332720801860761,0.017716723976872035,0.7041603305931897,0.5238095028463804,0.26350941105039466,0.023622047244094488,0.14497841361894262,0.3155846081660045,0.5889057575251903,0.330500858525918
0,0.0,0.34488188976377954,0.12376207992850528,0.18870451963295126,0.005622035970609603,0.4473206733960392,0.47619045313101843,0.20522161505768063,0.0,0.12701302248173346,0.2066018197486831,0.5336649107186172,0.08058659191267553
0,0.42857142857142855,0.352755905511811,0.31769633388682056,0.3195989975792589,0.00478328436087401,0.42854504698499096,0.5952380774194233,0.1153612629022465,0.11811023622047244,0.021457775890022457,0.2164291751591567,0.3917895120699282,0.20425497607947066
0,0.2857142857142857,0.8141732283464567,0.15745969203255614,0.07880882818805,0.0,0.41972123681634227,0.42857140341565636,0.12325440194292653,0.023622047244094488,0.15387840064521566,0.12265471882849875,0.5789829241928928,0.052184635649942704
0,0.0,0.26456692913385826,0.11141254575552277,0.4713737274236843,0.05042830057543033,0.5166751486803578,0.6190476022771042,0.4444444444444444,0.007874015748031496,0.10572314893012201,0.2736746236283268,0.522808494681216,0.16544872226510038
0,0.2857142857142857,0.00937007874015748,0.09346421157063803,0.5938004459289786,0.015424329133941013,0.6599362489261049,0.5714285525617423,0.24043715846994534,0.05511811023622047,0.29205865364115496,0.10601211439098712,0.42762044040899916,0.0665007943793417
0,0.0,0.37480314960629924,0.3617443138280165,0.26447330729648016,0.08261316445150059,0.5216889899947388,0.49999998018982944,0.13600485731633272,0.11811023622047244,0.27075358347560363,0.31354682985020715,0.5720630368993355,0.8858205409257858
0,0.0,0.5732283464566928,0.07436446459457802,0.17957234080106074,0.03139345446033231,0.39648575465687524,0.5952380774194233,0.3551912568306011,0.0,0.3825593444714569,0.08977393232596208,0.6769426313520472,0.5875065209997358
0,0.2857142857142857,0.662992125984252,0.18460492126349712,0.2548844029315821,0.004450154594396972,0.3168922586316745,0.5714285525617423,0.1554341226472374,0.007874015748031496,0.07299787296985963,0.26507715886655564,0.5357881976210987,0.05710857819755479
0,0.0,0.25826771653543307,0.0607956075715424,0.21351383579872035,0.09805733663445151,0.872851294112946,0.6428571249336552,0.16332726168791742,0.49606299212598426,0.5035401954157294,0.14393247991488897,0.5711089391208783,0.08843884197049767
0,0.42857142857142855,0.1921259842519685,0.2039440160690166,0.19303279100316198,0.008827372631490188,0.7008484881111212,0.5238095028463804,0.1050394656952034,0.05511811023622047,0.075769344074808,0.14918151087239787,0.2719910779992365,0.19437141097944252
0,0.0,0.1889763779527559,0.0,0.1592919469837043,0.803308559215459,0.12207008122753699,0.7142857017078282,0.3788706739526412,1.0,0.37408332768659436,0.09114157952332062,0.843025445524163,0.22747069794888167
0,0.2857142857142857,0.5291338582677165,0.19190673083354465,0.054760635933170175,0.055496907640112676,0.19547652637397522,0.6904761878557976,0.4493017607771706,1.0,0.08186822907800598,0.11770953730976921,0.7430303555371977,0.15958173538720155
0,0.0,0.38267716535433066,0.10940587059284,0.07493560457197586,0.052616133003724926,0.4679053829060322,0.5476190277040613,0.06860959319975714,0.023622047244094488,0.38830025997035045,0.15144904484789914,0.85379980126815,0.7367931282389194
0,0.0,0.14440944881889764,0.1658405473597795,0.5137277383863104,0.0,0.29146747346618923,0.47619045313101843,0.2161505768063145,0.023622047244094488,0.03955578619959046,0.13211216363902448,0.4061293473674369,0.12105236330057403
0,0.0,0.3811023622047244,0.34776585379748265,0.34898745571185125,0.08814287561624597,0.4486406763707563,0.5476190277040613,0.16636308439587127,0.007874015748031496,0.37813984851314475,0.14268384649107063,0.8116881685351462,0.8858205409257858
0,0.2857142857142857,0.5905511811023622,0.16463426481782098,0.06001752473207198,0.009004328391409668,0.5627582065563653,0.6190476022771042,0.16636308439587127,0.11811023622047244,0.15417070615086872,0.08119812145118657,0.586235319548008,0.0770321420908611
0,0.0,0.368503937007874,0.12282919243679932,0.047395155408770435,0.020194961673111904,0.21356845623280934,0.6428571249336552,0.1706132361870067,1.0,0.15734862470230668,0.233770668626592,0.7079315231277847,0.14951192514502085
0,0.2857142857142857,0.1748031496062992,0.1652512983721677,0.42012277739324727,0.02437469264393703,0.607361148418405,0.42857140341565636,0.21372191863995144,0.007874015748031496,0.054673884300798746,0.20895584963743224,0.3608848758705109,0.11558667968630244
0,0.0,0.1395275590551181,0.08850567097630517,0.31290301054194913,0.06696598388392347,0.7543768855599683,0.4523809172676871,0.08136004857316333,0.05511811023622047,0.3139673533101183,0.12683900634333445,0.5273703389390038,0.9502310799922783
0,0.2857142857142857,0.1622047244094488,0.06333071276759972,0.4825274496945969,0.09888514109826049,0.724858645438138,0.4047618829602356,0.5215543412264724,0.023622047244094488,0.2772432358954102,0.3760457243682888,0.4434280851446968,0.380395626454639
0,0.42857142857142855,0.3559055118110236,0.2335190533461138,0.19627706555906718,0.06723486046231386,0.5759769670316985,0.5238095028463804,0.10200364298724955,0.11811023622047244,0.021457775890022457,0.3446038076085513,0.45708840308411897,0.19437141097944252
0,0.0,0.1889763779527559,0.5777218893301922,0.10605137870767803,0.005773935545132849,0.5436945154208004,0.5476190277040613,0.4395871281117183,0.023622047244094488,0.14821009463383514,0.16862841615902763,0.49054687991088264,0.14079522457674598
0,0.0,0.28346456692913385,0.3417973219492482,0.21327827374943387,0.004450154594396972,0.5022610070083448,0.5238095028463804,0.29690346083788705,0.05511811023622047,0.019192837924269793,0.23505590458236172,0.6716200442686528,0.1406329427045246
0,0.42857142857142855,0.44566929133858263,0.12117343571617677,0.040759596847747354,0.00552087158077687,0.8900943029727192,0.5476190277040613,0.24408014571949,0.11811023622047244,0.08158826720588891,0.2863798666435941,0.5461408735302774,0.3604754451317481
0,0.0,0.1984251968503937,0.020877484938475938,0.13233604071865052,0.09341491109917607,0.9190150467407977,0.6428571249336552,0.6769884638737098,0.49606299212598426,0.46647729432511,0.09915211627624824,0.8723906473156497,0.23672816149116582
0,0.0,0.2110236220472441,0.009746878146427336,0.21582568237731217,0.4250791377952546,0.6271325280877674,0.5952380774194233,0.567698846387371,0.007874015748031496,0.27969921612245874,0.1360260538656829,0.8089511763825404,0.4711505001247526
0,0.0,0.2220472440944882,0.08580174942313645,0.11242599051988585,0.10332835742941941,0.8874594028810356,0.4523809172676871,0.10625379477838494,0.49606299212598426,0.3929762556006009,0.09975652804704646,0.6730112197817375,0.7570552344507949
0,0.0,0.13023622047244093,0.08397641783308862,0.33260530053000753,0.08475623262248543,0.0027749226906538384,0.47619045313101843,0.22647237401335762,0.0,0.009597050088502304,0.2164291751591567,0.6060450886991691,0.13255999011555866
0,0.2857142857142857,0.7165354330708661,0.13526192771740056,0.12908223979118952,0.01559533237244743,0.6429790016050152,0.47619045313101843,0.11839708561020036,1.0,0.06812602364358444,0.2177034559913556,0.2800142325447104,0.08764950082481231
0,0.0,0.21732283464566926,0.2710039244269958,0.12855973016007527,0.01014687804898001,0.12764644377007656,0.5476190277040613,0.40619307832422585,1.0,0.22787613891969344,0.14368623175246142,0.7376007252225298,0.07459228997480197
0,0.2857142857142857,0.5574803149606299,0.0753816976382991,0.008151918990390403,0.0016911464463739772,0.7271056945853489,0.5714285525617423,0.24225865209471767,0.023622047244094488,0.09211707673009192,0.17280588449398068,0.41391106871844613,0.19373304250970994
0,0.0,0.18740157480314962,0.047822278721040154,0.2619760045392923,0.04929905512886223,0.8305364425047118,0.5476190277040613,0.16089860352155433,0.11811023622047244,0.14103067170851588,0.14838654375665947,0.32885650217906565,0.3626804735040253
0,0.42857142857142855,0.5007874015748031,0.15799201762749557,0.19089145225695384,0.01014687804898001,0.7008484881111212,0.5952380774194233,0.12325440194292653,0.11811023622047244,0.04550137463661169,0.22441342645178497,0.31302093715514157,0.10262002391416154
0,0.2857142857142857,0.25354330708661416,0.1824335287620494,0.040693460131708485,0.1729023568133701,0.39994988489620675,0.6666666519924662,0.1366120218579235,0.0,0.3272990766342351,0.050045082697704114,0.3814426335627899,0.1273097110305754
0,0.0,0.08834645669291338,0.006298356526982566,0.47987584815513523,0.3854885541624703,0.6313155297993398,0.6190476022771042,1.0,0.023622047244094488,0.2539964656923425,0.09258744504965848,0.6596179533699031,0.194968373526981
0,0.5714285714285714,0.26141732283464564,0.31393756521743554,0.25293096593995146,0.0,0.7008484881111212,0.5952380774194233,0.32301153612629024,0.05511811023622047,0.015173769437865763,0.16355352780022517,0.4184803491105842,0.1406329427045246
0,0.0,0.08629921259842518,0.0,0.37310661706507753,0.7271508789085545,0.7219230547236953,0.6428571249336552,0.36065573770491804,0.11811023622047244,0.22681582596365044,0.12088430135737205,0.4946078904713375,0.2825782106571324
0,0.42857142857142855,0.28503937007874014,0.14204197872910213,0.28886991829690845,0.16601174458054374,0.705664921425289,0.5238095028463804,0.1111111111111111,0.05511811023622047,0.0999600314179044,0.30943963267970853,0.31657250294376615,0.18799141450648538
0,0.42857142857142855,0.4582677165354331,0.05837779330266053,0.10229189333269634,0.0016911464463739772,0.7008484881111212,0.47619045313101843,0.10382513661202186,0.05511811023622047,0.015173769437865763,0.2756609248268148,0.35715170453050427,0.2893031885586063
0,0.5714285714285714,0.1152755905511811,0.2220433342599094,0.061671843135827485,0.0,0.5166751486803578,0.5476190277040613,0.004250151791135397,0.023622047244094488,0.05296721737520844,0.1649210325752804,0.6085356835351896,0.8858205409257858
0,0.0,0.4078740157480315,0.5129089513099946,0.010637758252349696,0.012528264172516462,0.7880631428108412,0.3571428310437435,0.27625986642380085,0.11811023622047244,0.0639593914082526,0.2529957312366899,0.4506723795966944,0.1911789573228732
0,0.0,0.2818897637795275,0.013746729114334827,0.35556909785356156,0.30928715574941074,0.1715434869234543,0.6190476022771042,0.825136612021858,1.0,0.40644029854446345,0.04773329526411751,0.5048576663592343,0.165633541022138
0,0.0,0.08047244094488189,0.06831978904583601,0.519297357583589,0.13588810524563785,0.7165648455034043,0.38095235370029445,0.1177899210686096,0.023622047244094488,0.3577227969041547,0.15918805632800728,0.8610398288322458,0.9502310799922783
0,0.2857142857142857,0.45354330708661417,0.0918654227488588,0.26147736297143925,0.14501279293412203,0.2282480470094103,0.49999998018982944,0.2938676381299332,1.0,0.1257569384648693,0.4400416766854111,0.42964702664544724,0.35599781848660517
0,0.2857142857142857,0.1795275590551181,0.08971550765391696,0.15674212121677453,0.038266274257728224,0.2101861862128521,0.4523809172676871,0.11657559198542805,0.11811023622047244,0.054673884300798746,0.11700618191641365,0.3103131948282969,0.07100686721906282
0,0.0,0.25511811023622044,0.10256538655898377,0.1604306185354564,0.02483874956462807,0.5666353285397469,0.5714285525617423,0.17972070431086826,0.11811023622047244,0.14544465176698856,0.1861014451689104,0.640568494171663,0.1325272443887054
0,0.0,0.2062992125984252,0.09507743310786083,0.11820282962620035,0.08375504236990836,0.588623455200538,0.47619045313101843,0.1845780206435944,0.007874015748031496,0.550678311068655,0.08059247915168774,0.8655146502204729,0.6298389007029236
0,0.0,0.26614173228346455,0.09128248727950053,0.09511057321078153,0.06839484780781778,0.377389485928922,0.5476190277040613,0.19368548876745598,0.007874015748031496,0.0948047784632827,0.21064850453095024,0.658586788793656,0.1325272443887054
0,0.42857142857142855,0.12188976377952755,0.22327895272656245,0.4394560697774014,0.009566568564432056,0.7294436501999053,0.5714285525617423,0.20036429872495445,0.05511811023622047,0.10154447261386718,0.1277423625287859,0.3544320427450646,0.10853992967982512
0,0.0,0.09291338582677164,0.03813884793614712,0.405525883198912,0.26268002058951323,0.377389485928922,0.5714285525617423,0.4408014571948998,1.0,0.07455043557015811,0.1705852017593771,0.8697963330921924,0.49037601151973065
0,0.0,0.4755905511811024,0.06012251913065969,0.14663353195581053,0.14022596707628596,0.46238536794364904,0.47619045313101843,0.1845780206435944,0.05511811023622047,0.5548315357422046,0.15191262944518183,0.8507461163667525,0.6323629910484859
0,0.2857142857142857,0.43622047244094486,0.029729371961976978,0.005362826600510993,0.062325996746076626,0.687629727635788,0.5238095028463804,0.22586520947176686,0.023622047244094488,0.03653367219275818,0.4920608817656024,0.512817808555438,0.429274930443094
0,0.42857142857142855,0.27401574803149603,0.20816788694110103,0.36603161314552063,0.004450154594396972,0.8198340929221711,0.4523809172676871,0.13721918639951428,0.2440944881889764,0.05793575815320236,0.26188023390855736,0.3053995487549608,0.09652512107182326
0,0.0,0.26456692913385826,0.019599803053835425,0.4183064537991833,0.3070154503153713,0.9183091341575222,0.30952376812160115,0.3296903460837887,0.2440944881889764,0.30884917670546663,0.2509590979962112,0.7883256122759973,0.11436178165730079
0,0.0,0.31968503937007875,0.08745116719340779,0.4583023228611494,0.013279073484488804,0.2808331927372503,0.14285710512348462,0.2082574377656345,0.0,0.46250456559499825,0.05387230610435072,0.3762510059265527,0.055760827656295094
0,0.2857142857142857,0.3543307086614173,0.11946008801031728,0.3978546800835894,0.00478328436087401,0.8113059230169847,0.5476190277040613,0.15786278081360047,0.2440944881889764,0.23394042662902906,0.11523848186283413,0.3421612461266784,0.1056817595634104
0,0.0,0.26456692913385826,0.25931741139902226,0.2815240905348437,0.033482991941961734,0.6790561877446094,0.5238095028463804,0.1092896174863388,0.05511811023622047,0.42497576722654773,0.18041056325760435,0.8395025575509648,0.6498927750649461
0,0.2857142857142857,0.2866141732283464,0.1957765042513566,0.14300001270182872,0.054116686598599195,0.25034012227419344,0.5952380774194233,0.3114754098360656,0.0,0.34060929414661795,0.05733278638307513,0.4155891615234435,0.20889777812092525
0,0.0,0.5291338582677165,0.05957253348707884,0.21711480424680904,0.15888882386495745,0.339732577925379,0.5238095028463804,0.41712204007285975,0.007874015748031496,0.3901387073209832,0.2031414591046935,0.5761834437761613,0.16397304535595958
0,0.0,0.13937007874015747,0.06076424343705645,0.20688410680835084,0.10718043543170803,0.2926719009108406,0.5476190277040613,0.22404371584699453,0.007874015748031496,0.300626911972023,0.12584473345634034,0.40244642017844684,0.25505855509571956
0,0.0,0.6141732283464566,0.07644896197621641,0.25991737934352777,0.07482319258903375,0.9585344967289211,0.5476190277040613,0.4602307225258045,0.49606299212598426,0.29744766712556747,0.14441403250995757,0.7114213736392223,0.12822777324442022
0,0.2857142857142857,0.368503937007874,0.16160005025382504,0.473484174184917,0.22009179701080792,0.2726450341093497,0.7142857017078282,0.6265938069216758,0.023622047244094488,0.2617042023306433,0.11249767857342492,0.39401559077552023,0.07612463512686692
0,0.0,0.09149606299212598,0.09971441661692572,0.2105988608924153,0.08467097523626498,0.4378866854769426,0.3333332819736318,0.21250758955676988,0.0,0.38753090556614206,0.12847163308445222,0.8593051379235958,0.5399476420891239
0,0.0,0.28976377952755905,0.15453933696995376,0.2916021100960391,0.031881638930289204,0.3331422336573703,0.5714285525617423,0.21918639951426835,0.007874015748031496,0.0985812775071934,0.2755599815951189,0.588292593365923,0.06342228851652698
0,0.0,0.028976377952755903,0.056336477079703434,0.4504225538221035,0.03755773653162979,0.8850919498382774,0.5714285525617423,0.31876138433515483,0.2440944881889764,0.38046305462682767,0.09010974132960477,0.7672212136803971,0.4605903598108413
0,0.0,0.368503937007874,0.19948454860188314,0.1066391321352286,0.055196130530717986,0.34439937353345335,0.7142857017078282,0.16089860352155433,0.007874015748031496,0.6970253805764302,0.05045349859157558,0.8889379323335274,0.6484503736828441
0,0.0,0.44881889763779526,0.009763706565474047,0.0896142454611342,0.3365143643632778,0.9961379735960555,0.5714285525617423,0.5428051001821493,0.49606299212598426,0.39302670439239157,0.15081222345775913,0.9328246522725986,0.3707377766105872
0,0.42857142857142855,0.1031496062992126,0.12031931778906567,0.13701676887847214,0.026308066501862463,0.22113378346279272,0.49999998018982944,0.38554948391013966,0.2440944881889764,0.024464825499240582,0.25591701206885686,0.4927681970169321,0.12654516860896
0,0.2857142857142857,0.24566929133858265,0.0400606911579463,0.5337864852921353,0.11814745823025204,0.9505915580191936,0.4523809172676871,0.5003035822707954,0.49606299212598426,0.2684437436061011,0.23291683552444845,0.32118251974757467,0.07454923352126057
0,0.0,0.5165354330708661,0.5296174262259352,0.032749456807241784,0.03635089734598531,0.5144670871969507,0.5476190277040613,0.29933211900425016,0.007874015748031496,0.18614947220895467,0.12771071629298983,0.7826495228057893,0.16516847834387233
0,0.0,0.14992125984251967,0.08102725456181895,0.39389873343809495,0.11855666851355608,0.8438854301019173,0.38095235370029445,0.2550091074681239,0.2440944881889764,0.6011799067544362,0.063156166611599,0.7756314197917988,0.8709819380826396
0,0.42857142857142855,0.6236220472440944,0.12815935955874294,0.14843588353825932,0.04951363882205582,0.4511054459522758,0.5952380774194233,0.07043108682452945,0.0,0.04550137463661169,0.36770271699050816,0.4605855969714743,0.2700050130304865
0,0.2857142857142857,0.40314960629921254,0.19574906301794057,0.03575087713710638,0.00478328436087401,0.7717753733380988,0.5714285525617423,0.34183363691560414,0.11811023622047244,0.0772656548261438,0.14336796347969472,0.4932575286686169,0.07005251369250752
0,0.2857142857142857,0.32125984251968503,0.2737420712256414,0.297151434804262,0.01014687804898001,0.5534165680644136,0.5238095028463804,0.11596842744383729,0.11811023622047244,0.04550137463661169,0.2130741842320499,0.3068180632700941,0.165986082291764
0,0.0,0.054330708661417315,0.1515012694431566,0.494810222355939,0.041283130348546096,0.8444384999433915,0.5238095028463804,0.18822100789313903,0.11811023622047244,0.199071965346101,0.15576997801742512,0.67997493543472,0.09370599315369786
0,0.2857142857142857,0.10755905511811024,0.049005115412130956,0.10277763401329823,0.022490822186710765,0.4604471399426812,0.49999998018982944,0.28718882817243474,0.007874015748031496,0.254422140284827,0.07466957991450113,0.5346972811544888,0.29700915263442473
0,0.2857142857142857,0.28503937007874014,0.023374483315145144,0.35407338168748914,0.029020972420309238,0.6631915662329647,0.5714285525617423,0.1408621736490589,0.023622047244094488,0.0903644047207839,0.19700351358328905,0.42141261322364837,0.2501365279795476
0,0.0,0.029606299212598424,0.3283563947356575,0.4243480502029354,0.014214990197642337,0.06327214721297864,0.49999998018982944,0.024286581663630843,1.0,0.05165002255941058,0.19032910882044296,0.7443421452916763,0.7774043501546828
0,0.42857142857142855,0.5606299212598425,0.1740151229425751,0.3076615061221867,0.012256895709270032,0.377389485928922,0.6190476022771042,0.2707953855494839,0.007874015748031496,0.013571981046789703,0.367348871626374,0.40805159582689704,0.24560459681538535
0,0.0,0.14,0.0650829251693587,0.19620243757572517,0.18670207377048922,0.2831557197816469,0.6666666519924662,0.2768670309653916,0.0,0.7047510283951087,0.10798260101691531,0.8847888167217977,0.8112318067253059
0,0.0,0.23937007874015748,0.3801117244767918,0.210752439272462,0.026464918382905166,0.8494987379651603,0.5476190277040613,0.3406193078324226,0.11811023622047244,0.15749148031051002,0.22100610387354894,0.6354612148701786,0.15824215599495756
0,0.42857142857142855,0.24409448818897636,0.16605396716563595,0.41083083988851965,0.014314696268496817,0.0027749226906538384,0.38095235370029445,0.21129326047358835,0.11811023622047244,0.019192837924269793,0.4126173791642806,0.20809318561614776,0.17617658509160009
0,0.0,0.45354330708661417,0.12226859270724424,0.04556934999434105,0.02367605009191972,0.7387853164410839,0.49999998018982944,0.15057680631451123,0.2440944881889764,0.11520119193017656,0.24741092545689108,0.6615837364537518,0.11099321019289507
0,0.0,0.5039370078740157,0.13867845664806477,0.0027839321297687073,0.021524780253196898,0.30769774654078136,0.5952380774194233,0.14389799635701275,0.023622047244094488,0.23663187586870255,0.11840789083183245,0.5294597690135694,0.10029079815223217
0,0.2857142857142857,0.3574803149606299,0.3252946499259036,0.02303939121461901,0.019133137128864112,0.48146060275760716,0.7619047514231901,0.23982999392835458,0.023622047244094488,0.3566401724431428,0.21595995063866286,0.40714568605419943,0.17068826270786114
0,0.2857142857142857,0.3653543307086614,0.08506169445420048,0.19965650084334455,0.02826094281973762,0.694014353010125,0.5238095028463804,0.1487553126897389,0.023622047244094488,0.27732037585796,0.14499609537291994,0.33902393949825044,0.20114651612924195
0,0.0,0.6283464566929133,0.7153249878752475,0.1205135956014515,0.013529171256359891,0.7814727846682191,0.5714285525617423,0.017607771706132362,0.05511811023622047,0.15533418502683163,0.10610080930459811,0.5313152932404798,0.8139978527402248
0,0.2857142857142857,0.4551181102362204,0.12152657310876112,0.07697134467436018,0.0,0.33945265759895926,0.47619045313101843,0.13175470552519733,0.023622047244094488,0.254422140284827,0.11415742821798557,0.49606626946887417,0.046754346763452186
0,0.0,0.027244094488188975,0.10482671331591574,0.5653745399615646,0.042349122979237125,0.377389485928922,0.5952380774194233,0.16939890710382513,0.11811023622047244,0.061022472230439835,0.2361730765233304,0.5964474355122505,0.19983733911687668
0,0.7142857142857143,0.1748031496062992,0.19484046953756054,0.36179719312334363,0.002391642180437005,0.34133044778372473,0.5238095028463804,0.007285974499089253,0.007874015748031496,0.0903644047207839,0.28032440642337625,0.49013829447481616,0.8350101356379152
0,0.0,0.37007874015748027,0.10538101860129058,0.08746111486794553,0.12977148755143053,0.06263362917709113,0.47619045313101843,0.22343655130540377,0.11811023622047244,0.2193361005108508,0.08112409603481678,0.7151700201777419,0.10321146431361211
0,0.42857142857142855,0.2992125984251969,0.11000498723435856,0.2389220621475835,0.056560479964710884,0.4708767978724112,0.6666666519924662,0.12386156648451731,0.0,0.048908760819014026,0.11993024283194131,0.3060748610641006,0.05588867251645544
0,0.0,0.1952755905511811,0.17949411870024687,0.34728348642828555,0.08383663429418778,0.24770153153533142,0.6428571249336552,0.2331511839708561,0.2440944881889764,0.30959617828710445,0.14203041866036434,0.9108166783248557,0.8600356549411797
0,0.0,0.44724409448818897,0.05415239396150445,0.16951863481503007,0.06371355500411068,0.5465082592798964,0.3571428310437435,0.4996964177292046,0.007874015748031496,0.06978812953563973,0.2711887676556315,0.5663846284683113,0.4259859512681027
0,0.0,0.22992125984251965,0.011193377023981705,0.3748128044291846,0.3780691951117525,0.658516737223701,0.6190476022771042,0.7146326654523376,0.11811023622047244,0.3045288636502614,0.2602425654179023,0.821929936278358,0.22664378174388236
0,0.42857142857142855,0.23937007874015748,0.27101931084610303,0.24956284855382097,0.05249494150520542,0.6271325280877674,0.49999998018982944,0.424408014571949,0.0,0.13513554859032606,0.17974532576950736,0.5059616308453698,0.031246911939904042
0,0.0,0.24094488188976376,0.19154982949050098,0.3615547114210863,0.0016911464463739772,0.9819756839074464,0.5238095028463804,0.01639344262295082,1.0,0.0772656548261438,0.26854149594125376,0.5021494756999653,0.6687228925060589
0,0.42857142857142855,0.3307086614173228,0.10178500264112333,0.09971058788423742,0.010984866361662477,0.3130151921467468,0.49999998018982944,0.08136004857316333,0.007874015748031496,0.05165002255941058,0.29153104208494296,0.3507829414645128,0.21529788662400326
0,0.0,0.3732283464566929,0.11329015302238864,0.1059261424678819,0.1194774152483846,0.20294435947014516,0.28571427628087115,0.5458409228901032,0.0,0.563286707796962,0.025734649447280007,0.6188188060796227,0.07444979410181805
0,0.2857142857142857,0.28818897637795277,0.1422915375457873,0.2615436684132629,0.03248860324505076,0.05393047819687743,0.5476190277040613,0.14268366727383122,1.0,0.015173769437865763,0.2089558610312165,0.4873701045693639,0.04914943076383196
0,0.42857142857142855,0.6220472440944882,0.18250927826504262,0.03962518040862352,0.06024609880008822,0.7814727846682191,0.5476190277040613,0.24893746205221615,0.05511811023622047,0.15533418502683163,0.16592430085495175,0.9503170375009666,0.330500858525918
0,0.0,0.3181102362204724,0.45753469128866725,0.13228336604528182,0.007174927013258904,0.42163671045124684,0.5238095028463804,0.2726168791742562,0.05511811023622047,0.04937626121979476,0.1689254350241401,0.618680487796809,0.1324495267768706
0,0.42857142857142855,0.5795275590551181,0.333627260563794,0.07235193885832551,0.00478328436087401,0.18814367106732408,0.5476190277040613,0.0947176684881603,0.023622047244094488,0.03653367219275818,0.1861014451689104,0.5308531861887764,0.17309822186729684
0,0.0,0.14346456692913387,0.0,0.05990682924249137,0.8514246690937373,0.7045453233672909,0.5952380774194233,0.3205828779599271,0.11811023622047244,0.25695951618741003,0.13470266012640966,0.7029113439945547,0.2768211369408059
0,0.0,0.4645669291338583,0.4439548412414017,0.15681337468442116,0.013529171256359891,0.3299307323797959,0.5714285525617423,0.4049787492410443,0.2440944881889764,0.09211707673009192,0.13331804188738838,0.8981818512375507,0.12685055766207165
0,0.42857142857142855,0.6283464566929133,0.13627781921796808,0.06711015386085355,0.005622035970609603,0.7782612001429641,0.4523809172676871,0.1177899210686096,0.023622047244094488,0.05833059122182759,0.25291586650588427,0.433463556896925,0.2611563718390783
0,0.2857142857142857,0.2929133858267716,0.11061779270246301,0.30888691978946814,0.004450154594396972,0.929858556640612,0.6666666519924662,0.2161505768063145,1.0,0.18518945773126702,0.0931832203319838,0.29016096154380705,0.10982000843584536
0,0.42857142857142855,0.16062992125984252,0.22789251327364757,0.4844674644552593,0.002391642180437005,0.9280311035534549,0.4523809172676871,0.24529447480267152,0.05511811023622047,0.17049208437384827,0.1652734195350287,0.26838407977126266,0.11558667968630244
0,0.2857142857142857,0.18582677165354328,0.40650461503560875,0.31058987482252987,0.015505655980822554,0.12764644377007656,0.5238095028463804,0.45780206435944143,0.05511811023622047,0.04747853757174801,0.2963341829921327,0.547363275075163,0.14881725521710798
0,0.0,0.3417322834645669,0.31666136195495515,0.05095909802607894,0.038266274257728224,0.6734716558296686,0.5714285525617423,0.2550091074681239,0.2440944881889764,0.14103067170851588,0.10889869545317504,0.6678556442563222,0.12321333674972947
0,0.0,0.37165354330708655,0.31834415935345506,0.14049625476152697,0.008729004218270235,0.7008484881111212,0.5952380774194233,0.27929568913175473,0.11811023622047244,0.12097382695196744,0.24154498944413744,0.6484610463899455,0.16854520058036349
0,0.0,0.01374803149606299,0.04159609047621348,0.5932230814598609,0.065249018584364,0.7918223305798701,0.5714285525617423,0.5379477838494232,0.11811023622047244,0.210730656338368,0.24997787099220048,0.8228082967965598,0.43963615116425975
0,0.2857142857142857,0.16062992125984252,0.09788410669375355,0.34429846188437124,0.04526997307065343,0.33844000506145894,0.5952380774194233,0.18579234972677597,0.0,0.05591952322792937,0.12724042075677508,0.2816350238279408,0.10361617052458501
0,0.0,0.4803149606299212,0.0655490637300393,0.1796711875698008,0.2550310116958126,0.32734572539809037,0.47619045313101843,0.4559805707346691,0.0,0.30027560906276807,0.09831265073606284,0.8439433675138882,0.1893874176184909
0,0.42857142857142855,0.23622047244094485,0.46391719410717946,0.0709262438929323,0.0,0.8944690795914425,0.49999998018982944,0.4335154826958106,0.11811023622047244,0.122466032799565,0.24818197701945724,0.4132458825382034,0.13258507411665166
0,0.2857142857142857,0.1779527559055118,0.15541458261222738,0.2667458540377881,0.0033822928927479544,0.05393047819687743,0.6428571249336552,0.1809350333940498,1.0,0.06064528177778071,0.22346083202763223,0.6806418067264891,0.20709170966530066
0,0.0,0.537007874015748,0.1968004386528211,0.008646416349642291,0.017918187518740265,0.4511054459522758,0.5952380774194233,0.4262295081967213,0.0,0.12097382695196744,0.2660526206157282,0.625082844875157,0.15958173538720155
0,0.2857142857142857,0.3275590551181102,0.055477730510811306,0.011528554184958722,0.018584381293621752,0.5985373937482101,0.42857140341565636,0.1469338190649666,0.007874015748031496,0.22487391933812506,0.1839729837241478,0.3018114052243961,0.18541460904246046
0,0.42857142857142855,0.1622047244094488,0.24239302433165083,0.14566314067692404,0.011060404767680505,0.12764644377007656,0.5714285525617423,0.013357619914996965,0.11811023622047244,0.03392214978787543,0.3215048982265944,0.3387565787758874,0.8146725328995981
0,0.0,0.2944881889763779,0.005062834447979789,0.13193764880808503,0.36051957687040026,0.8042411363419415,0.3333332819736318,0.1870066788099575,0.49606299212598426,0.42665237353095264,0.16654915877161353,0.7193524360667914,0.31339483315018035
0,0.42857142857142855,0.23149606299212597,0.17492840864498038,0.398304286905116,0.02092924022367813,0.5976637925867385,0.5238095028463804,0.13357619914996965,0.11811023622047244,0.11015366842459288,0.19624360514173408,0.3319614824937165,0.1751477538851139
0,0.0,0.21732283464566926,0.0,0.09471655110846205,0.5227824191230768,0.5336452161442782,0.4523809172676871,0.5027322404371585,0.007874015748031496,0.2646513248902191,0.07235035233978948,0.8905794473965847,0.09426758135038549
0,0.2857142857142857,0.23307086614173225,0.07159886384646744,0.3098564579604541,0.09980049976135169,0.39716086559828445,0.47619045313101843,0.22950819672131148,0.007874015748031496,0.4666368009268364,0.10005297152605352,0.9919193491400504,0.7367931282389194
0,0.0,0.0,0.07827600387483441,0.8712025086680502,0.01113093737975161,0.6229495263761952,0.5476190277040613,0.5373406193078324,0.05511811023622047,0.2539964656923425,0.11425581354511395,0.8380404218369057,0.380395626454639
0,0.0,0.1921259842519685,0.0,0.08534050664371995,0.8332961281080521,0.8477624688376182,0.5476190277040613,0.29690346083788705,0.11811023622047244,0.18482809398597513,0.06985527879562377,0.8338123842587333,0.33533125058691926
0,0.0,0.38267716535433066,0.02763233210555643,0.12815513899876602,0.014410286167175898,0.27774278908589606,0.5714285525617423,0.6721311475409836,0.0,0.46112881340805756,0.29758047499328466,0.9173722723339348,0.28226049356124155
0,0.0,0.7448818897637794,0.060903852937369135,0.021590530578136057,0.041245539699155245,0.10702486108737011,0.6904761878557976,0.4705525197328476,0.007874015748031496,0.15648860915036136,0.10610080930459811,0.794438841319788,0.4034987657846197
0,0.2857142857142857,0.2818897637795275,0.10352625571618186,0.18057105526224443,0.056560479964710884,0.4452195574331299,0.6190476022771042,0.39404978749241043,0.2440944881889764,0.16296058176836029,0.17954955776826592,0.2573434764061042,0.20889777812092525
0,0.0,0.10724409448818897,0.005805162156326526,0.6459076508801893,0.25582809235202153,0.014980987617184985,0.9285714144213068,0.5670916818457802,0.0,0.24663356575861595,0.04375191566543293,0.7964972282388949,0.5775698332426407
0,0.0,0.39842519685039374,0.033926090890756676,0.11323470837264739,0.08127416963128599,0.39338033867376454,0.28571427628087115,0.2161505768063145,0.023622047244094488,0.6638309639065957,0.14963630516512005,0.9114056479929411,0.6264717352467026
0,0.42857142857142855,0.2566929133858268,0.0871738365260365,0.2373439736742277,0.20489943262424737,0.7565454043950335,0.47619045313101843,0.12325440194292653,0.05511811023622047,0.16690550995010486,0.1667282690602595,0.3034275508561248,0.2501365279795476
0,0.2857142857142857,0.13165354330708662,0.0,0.35307178561739705,0.8205402418953175,0.322851643753205,0.7857142740797411,0.5664845173041895,0.007874015748031496,0.6367290342093216,0.017396905997829774,0.7652287161679463,0.32464261335108074
0,0.2857142857142857,0.27716535433070866,0.12143331360650288,0.23562783338461457,0.005073439024490005,0.8282434683869706,0.3333332819736318,0.16332726168791742,0.2440944881889764,0.1346322175652694,0.25228208155925086,0.34396516574555996,0.10361617052458501
0,0.0,0.31496062992125984,0.35108287964590384,0.2709816295536293,0.013529171256359891,0.40364672015237657,0.5476190277040613,0.03642987249544627,0.007874015748031496,0.04126265558142955,0.21864984649997599,0.7321745578893475,0.8220184977493324
0,0.0,0.7448818897637794,0.08141609861957116,0.0792635394385147,0.058258674323549225,0.3704811771444047,0.7380952221632491,0.2374013357619915,0.007874015748031496,0.3054951790622227,0.06384969486602599,0.428197722514571,0.2985196333403705
0,0.2857142857142857,0.9023622047244094,0.17589574391301815,0.018362657495567158,0.029046630653896385,0.5504170708804053,0.49999998018982944,0.12446873102610807,0.007874015748031496,0.15989957343707906,0.17168212694570686,0.5214030652889813,0.07115129890041706
0,0.0,0.04614173228346456,0.0012666172690555715,0.44012656519232557,0.42919896756679715,0.6680447672727837,0.5714285525617423,0.39829993928354585,0.11811023622047244,0.13276976055623407,0.19134393609425115,0.7800750743466568,0.3166093142683106
0,0.0,0.3118110236220472,0.0007263397565487015,0.035765783775821444,0.45326669743766906,0.017729844071544168,0.5238095028463804,0.5421979356405586,0.49606299212598426,0.2515977310025798,0.19542974713168432,0.8754026991405282,0.1975409405895215
0,0.0,0.1074015748031496,0.11847894311322955,0.4647214574267877,0.00478328436087401,0.1739855576373642,0.49999998018982944,0.3782635094110504,1.0,0.210311303338958,0.18718251590443535,0.821859037916339,0.5399476420891239
0,0.2857142857142857,0.40944881889763773,0.0465320562690248,0.03136624282370373,0.04090152665703264,0.8305364425047118,0.5714285525617423,0.12871888281724347,0.11811023622047244,0.14103067170851588,0.10889869545317504,0.3747437741544891,0.3161472266218562
0,0.42857142857142855,0.6267716535433071,0.10117716914811883,0.12838324109341132,0.10462678832853992,0.04071174269584849,0.4523809172676871,0.30965391621129323,0.49606299212598426,0.18129527376216595,0.13046354002479862,0.3689852533571364,0.2189323974046271
0,0.0,0.4236220472440944,0.35075579107938654,0.0040759595899849685,0.011958210902185025,0.3867311521701005,0.8095238231498527,0.3084395871281117,0.023622047244094488,0.22826037195757837,0.14361246839312974,0.5492444160892224,0.09963716736176961
0,0.0,0.49606299212598426,0.2324255049352257,0.1529502651364565,0.0047017910737034724,0.3487943238401378,0.49999998018982944,0.19368548876745598,0.023622047244094488,0.15092278112083082,0.2416028015054981,0.575996844729155,0.07648157781341908
0,0.0,0.02188976377952756,0.008338451119126743,0.22930500522196823,0.3370685649040043,0.0456786045690767,0.5714285525617423,0.4990892531876138,0.49606299212598426,0.44567929442757764,0.07819389386957028,0.8188172724735363,0.284407834844084
0,0.0,0.22992125984251965,0.3130931814257183,0.09395409634924796,0.012528264172516462,0.1382302070314321,0.5238095028463804,0.27200971463266543,0.007874015748031496,0.10176877141284713,0.23356199146777834,0.4419964360355008,0.43237856106086203
0,0.2857142857142857,0.5322834645669291,0.14877758079205217,0.2673479396780674,0.002391642180437005,0.4916772576216027,0.7142857017078282,0.25258044930176077,0.05511811023622047,0.21405335589825292,0.11777639033894417,0.5312037976044394,0.32225376469134637
0,0.0,0.3653543307086614,0.12307081008097834,0.06004899493462444,0.020809805944466835,0.2262607417257355,0.6904761878557976,0.18214936247723132,0.0,0.11637923939253209,0.11993024283194131,0.6681050716817071,0.14951192514502085
0,0.42857142857142855,0.34488188976377954,0.2372969088048211,0.0040759595899849685,0.014349853239937992,0.3168922586316745,0.5476190277040613,0.024893746205221615,0.007874015748031496,0.07299787296985963,0.14541154123168296,0.6465935872447013,0.7351869574686904
0,0.0,0.1763779527559055,0.12322082766727391,0.129087405833476,0.07548424999771892,0.3338800023531344,0.7380952221632491,0.25136612021857924,0.0,0.3873253711560169,0.14121638404665843,0.8548442921392206,0.6829955872433121
0,0.2857142857142857,0.28346456692913385,0.1855057261639572,0.24599745470518392,0.012194779501226594,0.416338966796385,0.5238095028463804,0.122040072859745,1.0,0.027975373469802615,0.24080235967642039,0.3643900779025513,0.20851787063402236
0,0.0,0.41732283464566927,0.38754413422654255,0.4260781530251869,0.0,0.46749452785245404,0.5952380774194233,0.3618700667880996,0.023622047244094488,0.17566364332001805,0.21294784995211946,0.47063591130970484,0.1343584172223532
0,0.0,0.1530708661417323,0.03127573760077151,0.07476548063814746,0.32624632785213054,0.14349290063778822,0.4047618829602356,0.17364905889496055,0.49606299212598426,0.7609649477993419,0.011989125444156484,0.9109229949484067,0.8178678393263973
0,0.2857142857142857,0.1537007874015748,0.05930468899214885,0.31241323181728475,0.013804444301811304,0.19202073755225177,0.5476190277040613,0.20036429872495445,0.11811023622047244,0.05165002255941058,0.20584537501754474,0.324214437336778,0.3524153911396074
0,0.0,0.057952755905511806,0.5757083665752044,0.4370381250129151,0.014919906510269428,0.7520040491671902,0.5238095028463804,0.4365513054037644,0.007874015748031496,0.019192837924269793,0.3215048982265944,0.5378621988763677,0.11783460149667942
0,0.0,0.15196850393700786,0.07068164888496782,0.16139976806839876,0.168114476938581,0.2525179648494993,0.42857140341565636,0.21250758955676988,0.0,0.4641155595477541,0.14331882208815971,0.9180512949803806,0.9351097676193482
0,0.2857142857142857,0.3574803149606299,0.10478166035484389,0.0754637513505172,0.03336110746662463,0.7769024037490314,0.47619045313101843,0.34972677595628415,0.05511811023622047,0.18313165523270897,0.4121297251977381,0.5750247672745034,0.39316024496371177
0,0.2857142857142857,0.0,0.12592745138082304,0.8236875266714706,0.022364104964986184,0.2996661768003143,0.5238095028463804,0.49605343047966,0.0,0.35064023689860163,0.11520223823508714,0.38737025298285616,0.16428972322840957
0,0.0,0.1921259842519685,0.12782944167135676,0.31350888777289737,0.15665560578129872,0.7305765678868186,0.6666666519924662,0.3976927747419551,0.2440944881889764,0.5323608753712387,0.06894912543613527,0.7564791533307095,0.8532934381567453
0,0.0,0.0,0.027977414516997413,0.6967784655091319,0.22914234168586708,0.7893689381813822,0.49999998018982944,0.4177292046144505,0.2440944881889764,0.34060929414661795,0.22285931427803735,0.8048758037247644,0.7014739173612168
0,0.42857142857142855,0.044409448818897634,0.43519987339901767,0.44847287998421176,0.007174927013258904,0.2525179648494993,0.5476190277040613,0.4395871281117183,0.0,0.10529127049972813,0.28373841145608364,0.4424393266319076,0.11783460149667942
0,0.2857142857142857,0.1622047244094488,0.49684018902152294,0.21397160401916196,0.0,0.8081264443472604,0.42857140341565636,0.013357619914996965,0.2440944881889764,0.09694748450176757,0.36041804405175165,0.43138014066074254,0.8984115276125082
0,0.0,0.5685039370078739,0.14869093999321978,0.1470364358592721,0.02198490348822978,0.5370274861642355,0.4047618829602356,0.16454159077109898,0.05511811023622047,0.08831810917432556,0.17897018383839008,0.7294830637479545,0.0770321420908611
0,0.0,0.39842519685039374,0.2015312220962203,0.17014137514547858,0.04470935718495041,0.4809050909841651,0.30952376812160115,0.5531268973891925,0.007874015748031496,0.1778133774825681,0.09553539873078985,0.6628731095870077,0.1377631984917485
0,0.2857142857142857,0.6283464566929133,0.13921531551441885,0.06578749158029897,0.0033822928927479544,0.17880199927630014,0.38095235370029445,0.11900425015179114,0.0,0.04290145628019283,0.29305818517133525,0.36239416378783146,0.2611563718390783
0,0.0,0.3511811023622047,0.0037596254767564615,0.13266486641941705,0.19325005970140802,0.774564448134475,0.42857140341565636,0.3035822707953855,0.2440944881889764,0.23440690235328532,0.33447353135271596,0.8003384013139789,0.4503619559208079
0,0.0,0.25826771653543307,0.1532672488752019,0.03618038473649677,0.045877013683657104,0.8227578069674979,0.7380952221632491,0.2726168791742562,0.11811023622047244,0.3362234307161662,0.24372318475721674,0.4395195385280344,0.19968730377971372
0,0.0,0.09039370078740157,0.07843833059641575,0.19349423706655247,0.0793188069346135,0.2963083371997256,0.6190476022771042,0.5519125683060109,0.0,0.7805203621405162,0.04375523524447855,0.789152259967999,0.22736272059567958
0,0.42857142857142855,0.337007874015748,0.3208786204816381,0.06669841175954264,0.007685437764703772,0.7962513014387419,0.47619045313101843,0.41226472374013357,0.11811023622047244,0.06978812953563973,0.2749575637365671,0.8621976859677485,0.15117433624263937
0,0.2857142857142857,0.32125984251968503,0.04797702286269287,0.028844533597379703,0.04623337602888573,0.35001262589824245,0.49999998018982944,0.151183970856102,1.0,0.15749148031051002,0.3357929657519571,0.28153862462681356,0.18541460904246046
0,0.42857142857142855,0.13196850393700787,0.19595343535504098,0.3234993310686162,0.01183802465266995,0.635075494546722,0.6428571249336552,0.3284760170006072,0.023622047244094488,0.13530290553639338,0.11128229221209186,0.4845662490465593,0.3556546709818076
0,0.42857142857142855,0.22834645669291337,0.18191448508013272,0.17089032805032048,0.03241543401743753,0.5285182412317992,0.5952380774194233,0.12021857923497267,0.05511811023622047,0.11637923939253209,0.2733556318502593,0.2982586490358859,0.19437141097944252
0,0.0,0.3307086614173228,0.3763650678439354,0.0,0.007174927013258904,0.7130545682997271,0.5238095028463804,0.37158469945355194,0.05511811023622047,0.03955578619959046,0.31274635953666874,0.7085533138212878,0.18898250763821586
0,0.42857142857142855,0.1795275590551181,0.02682006714582434,0.1751736975080339,0.20410464091530203,0.020368462559633087,0.49999998018982944,0.11596842744383729,1.0,0.04343394100507545,0.43321677142620846,0.35594722082285823,0.15301211120167635
0,0.2857142857142857,0.3590551181102362,0.10947622213309685,0.012298584542329414,0.002391642180437005,0.5828853035654427,0.5476190277040613,0.4596235579842137,0.11811023622047244,0.04937626121979476,0.24244143529943213,0.3650448287591213,0.18905350086308015
0,0.0,0.40314960629921254,0.10949883126795029,0.2836577323519938,0.03299854765902835,0.34439937353345335,0.5952380774194233,0.1912568306010929,0.023622047244094488,0.13122559162674008,0.15252810458050134,0.6814065381646995,0.08058659191267553
0,0.0,0.3637795275590551,0.053279827590723285,0.3913594956881083,0.10126530802308266,0.27406571127928375,0.5952380774194233,0.2689738919247116,0.007874015748031496,0.21083535514131446,0.08565497677010198,0.644850625375807,0.3305493759967566
0,0.2857142857142857,0.305511811023622,0.03571023837759493,0.15164749354055135,0.035193512793091436,0.9314133458241852,0.5952380774194233,0.20218579234972678,0.49606299212598426,0.10064218502352623,0.12051355331428071,0.6512620418610767,0.2062092663254692
0,0.42857142857142855,0.9480314960629921,0.18232840518621507,0.0475322052971934,0.0023101489719244495,0.5881830472203045,0.6428571249336552,0.12446873102610807,0.2440944881889764,0.027975373469802615,0.20131449428225953,0.4187398408259112,0.07115129890041706
0,0.2857142857142857,0.6551181102362204,0.783231168358198,0.05007193595396705,0.0016911464463739772,0.7642101016065692,0.4523809172676871,0.007285974499089253,0.023622047244094488,0.0625083110356009,0.3278610119291053,0.5330192347287077,0.9169076671674196
0,0.42857142857142855,0.2110236220472441,0.1495851134742051,0.0979927129418933,0.10709833223054843,0.03415910962720579,0.47619045313101843,0.20886460230722526,0.05511811023622047,0.048908760819014026,0.11907705917550084,0.37820533334396966,0.17617658509160009
0,0.0,0.2094488188976378,0.043141423571841475,0.26246779280701127,0.1427013573535931,0.5263903750141521,0.5714285525617423,0.286581663630844,0.11811023622047244,0.3970338920023997,0.11059608446405515,0.6982228535567279,0.2657241664004167
0,0.5714285714285714,0.46299212598425193,0.3430608648591736,0.023057108369917444,0.0,0.886799581763652,0.5238095028463804,0.3084395871281117,0.49606299212598426,0.1084876683485685,0.12395461288772541,0.48577489142393565,0.13856291149491262
0,0.0,0.3259842519685039,0.15962844595386771,0.15591308043802732,0.01563398333142981,0.6045721291204826,0.5714285525617423,0.18214936247723132,0.007874015748031496,0.0479600384418967,0.1451771084235382,0.6880370809873566,0.1603354780358037
0,0.0,0.4188976377952756,0.13476629428141482,0.0901703580645522,0.020194961673111904,0.15711516817141474,0.49999998018982944,0.12386156648451731,0.2440944881889764,0.11015366842459288,0.24825497699524318,0.5370658522723637,0.09784587218054985
0,0.2857142857142857,0.0831496062992126,0.33075714661019384,0.45378240554057564,0.01014687804898001,0.2282480470094103,0.42857140341565636,0.1912568306010929,0.0,0.1257569384648693,0.30324468405562627,0.37188316593064397,0.10853992967982512
0,0.2857142857142857,0.0,0.08567791418142089,0.7326789237418223,0.02483874956462807,0.48466744216506125,0.6666666519924662,0.15664845173041894,0.023622047244094488,0.2566228397091902,0.09153837375724178,0.4987800410938409,0.19836325160829252
0,0.2857142857142857,0.28346456692913385,0.4001945619054134,0.07590221373917003,0.009564286696386799,0.36071497548078313,0.49999998018982944,0.4650880388585307,1.0,0.12913704056892683,0.11396166591363628,0.6992629384022478,0.05355113296699893
0,0.2857142857142857,0.6251968503937008,0.7145787465485465,0.13713393850912,0.0,0.7008484881111212,0.47619045313101843,0.02185792349726776,0.023622047244094488,0.04550137463661169,0.37438055697931016,0.5647769083942147,0.8139978527402248
0,0.0,0.2960629921259842,0.4460842072014036,0.21047364361057255,0.01113093737975161,0.6271325280877674,0.5238095028463804,0.014571948998178506,0.023622047244094488,0.027140394318664482,0.33421714841918465,0.6620299045147787,0.9100734485430703
0,0.42857142857142855,0.3622047244094488,0.11558294564219734,0.31201722860884074,0.018956260498874087,0.06115238654451087,0.49999998018982944,0.10321797207043108,0.49606299212598426,0.06676628202733903,0.23068456531124737,0.32561021985201755,0.21294673528516406
0,0.2857142857142857,0.3480314960629921,0.1286424168224171,0.02964747496175707,0.029785241686087323,0.607361148418405,0.5476190277040613,0.3406193078324226,0.007874015748031496,0.054673884300798746,0.16311188763143694,0.28548067095142604,0.21103868029382028
0,0.5714285714285714,0.06283464566929134,0.1152405660269392,0.3952962663637944,0.0,0.9308201506006042,0.5714285525617423,0.009107468123861567,0.49606299212598426,0.12190865835136157,0.10539889522495206,0.4801477320269484,0.6911523297693165
0,0.2857142857142857,0.6047244094488189,0.08940299803740502,0.10365139660398598,0.1479686418944366,0.11706268050872101,0.5952380774194233,0.20947176684881602,0.0,0.10176877141284713,0.16710388794612413,0.48403073915515554,0.26601871492665463
0,0.2857142857142857,0.0,0.2823727460485514,0.6637563364589311,0.018956612100051694,0.6242936989275478,0.6190476022771042,0.49058894960534305,0.11811023622047244,0.3677814017905396,0.14437597157362028,0.5676963100046185,0.1117221133635668
0,0.0,0.1590551181102362,0.4464043337311761,0.018694153424062308,0.002391642180437005,0.10138923174600355,0.49999998018982944,0.4219793564055859,0.0,0.04126265558142955,0.3043355249611585,0.7281805652964793,0.13186479038746032
0,0.5714285714285714,0.15748031496062992,0.2071417017989903,0.09012264089598321,0.0016911464463739772,0.7642101016065692,0.5952380774194233,0.2756527018822101,0.11811023622047244,0.0625083110356009,0.13039398097186072,0.5108091556159681,0.5133683411032096
0,0.0,0.1226771653543307,0.01886001766513506,0.35704826372636395,0.1793731713985735,0.12764644377007656,0.023809513852030617,0.32604735883424407,0.11811023622047244,0.1150036524759986,0.3247611620130449,0.8656535250538826,0.6210800198891064
0,0.2857142857142857,0.09779527559055118,0.07252213164721916,0.2231462391875683,0.05087626957915148,0.5862202889027511,0.5714285525617423,0.3928354584092289,0.023622047244094488,0.13276976055623407,0.39073051206797504,0.6889162608717134,0.17200208566031508
0,0.2857142857142857,0.04031496062992126,0.4605816219015122,0.43079181114996856,0.02547874393900923,0.6202242193032501,0.49999998018982944,0.445658773527626,0.007874015748031496,0.15533418502683163,0.07910308367256541,0.2732587673028875,0.13108160307469946
0,0.0,0.40944881889763773,0.033741491373813944,0.06490448698735561,0.09673732198518903,0.9760163431846788,0.7857142740797411,0.2896174863387978,0.49606299212598426,0.45299841836220334,0.03981099539467342,0.5227728599833412,0.348303999061194
0,0.2857142857142857,0.3763779527559055,0.14913299435738048,0.17714946696870476,0.07906515460855541,0.5225339262048159,0.6904761878557976,0.05160898603521554,0.023622047244094488,0.36529941213316164,0.05309959674617403,0.723658158832305,0.6318268740145653
0,0.2857142857142857,0.4393700787401575,0.13032373280122603,0.12104982131181073,0.029684537445446756,0.5217642736473361,0.6190476022771042,0.39829993928354585,0.023622047244094488,0.3430162097215359,0.05279720571178061,0.6033477816959971,0.15193777831002317
0,0.0,0.07228346456692912,0.002556074723572172,0.48141621030133475,0.3851941137400706,0.14766545754035293,0.49999998018982944,0.366120218579235,1.0,0.5069426379470771,0.036736003297744,0.8318342179241263,0.3166093142683106
0,0.42857142857142855,0.025984251968503937,0.6609361580594699,0.5159349181044852,0.01659871875586985,0.377389485928922,0.6428571249336552,0.4596235579842137,0.05511811023622047,0.061022472230439835,0.4050102336463636,0.29965058207617057,0.1257728218230728
0,0.0,0.5165354330708661,0.23160589200666626,0.09784740022950499,0.015125570388353334,0.8994359692138977,0.5952380774194233,0.44505160898603524,0.49606299212598426,0.0479600384418967,0.1505578458302585,0.5720368635615904,0.15958173538720155
0,0.0,0.39842519685039374,0.12844763238614879,0.3482112981439595,0.10913515706583075,0.7053259368693988,0.5476190277040613,0.3509411050394657,0.05511811023622047,0.2132279541672107,0.2962195957037795,0.8063051957120994,0.35565966332970994
0,0.0,0.27086614173228346,0.1836806870430329,0.08836252763358673,0.03587463349313489,0.5807934003458664,0.5714285525617423,0.2434729811778992,0.023622047244094488,0.07076648902852402,0.14838654375665947,0.8989636038481515,0.09345268753421222
0,0.42857142857142855,0.1826771653543307,0.958632022724088,0.45783097126713634,0.007900848939863456,0.5534165680644136,0.47619045313101843,0.43412264723740135,0.007874015748031496,0.030342553907075062,0.2503387292305498,0.7012119476695263,0.0769975624402886
0,0.2857142857142857,0.28031496062992123,0.12779024445077986,0.2969156736964654,0.016740319640866533,0.4708767978724112,0.49999998018982944,0.16757741347905283,0.007874015748031496,0.1939907473362542,0.08565497677010198,0.3764950069836278,0.10361617052458501
0,0.0,0.012015748031496062,0.016741045803462275,0.5304638195991492,0.3108121530986368,0.5022610070083448,0.11904754724885268,0.6557377049180327,0.007874015748031496,0.4965195704952658,0.07346753567454241,0.8988919479589327,0.3260914130892698
0,0.42857142857142855,0.45039370078740154,0.15171193622443724,0.09284121140563555,0.0119371769713342,0.3932359316969429,0.5952380774194233,0.0777170613236187,0.0,0.06812602364358444,0.1505578458302585,0.4298654882140672,0.23816135250081122
0,0.2857142857142857,0.11574803149606298,0.0651171631308845,0.42962387799722873,0.019133137128864112,0.39180362760093507,0.5238095028463804,0.3005464480874317,0.007874015748031496,0.07485704316367224,0.18466495672702263,0.4597508174568774,0.23208134519445914
0,0.0,0.07070866141732284,0.0655462598412681,0.5617886146494552,0.041328736246258636,1.0,0.49999998018982944,0.5980570734669095,0.49606299212598426,0.41836333955300964,0.08426658718848898,0.7777487856143297,0.380395626454639
0,0.0,0.1763779527559055,0.14273547388517765,0.3907763680011739,0.06717647500233614,0.14470285572843938,0.7142857017078282,0.2629022465088039,1.0,0.4244755556804265,0.19422251871988502,0.5487706987736996,0.5678083463315223
0,0.5714285714285714,0.0,0.9582392239751437,0.6993535337909405,0.0023101489719244495,0.8257200369397709,0.5714285525617423,0.461445051608986,0.11811023622047244,0.06431700764706173,0.1762379543716403,0.268141485550416,0.10515250955497182
0,0.0,0.05811023622047244,0.15748024752552048,0.5683970728161717,0.01661976684515736,0.9323271278662175,0.7142857017078282,0.22100789313904068,0.49606299212598426,0.15791923524424487,0.23356199146777834,0.3802922434811152,0.09370599315369786
0,0.0,0.22047244094488186,0.0912189197513046,0.04795497239627203,0.05387235917625586,0.5198545718516282,0.5952380774194233,0.06557377049180328,0.007874015748031496,0.04343394100507545,0.49346055119363774,0.7703003143923397,0.7988444670791385
0,0.2857142857142857,0.4015748031496063,0.2861143416939659,0.19569214634554166,0.005622035970609603,0.8113059230169847,0.6666666519924662,0.2374013357619915,0.11811023622047244,0.11812371812140432,0.2804821533665253,0.41634542102480565,0.10954471610865918
0,0.2857142857142857,0.17007874015748028,0.17223441832596267,0.41117630119334625,0.0383625516271662,0.1682182332400219,0.4047618829602356,0.20765027322404372,0.0,0.4593804797469379,0.0829953257091203,0.455077493022788,0.11558667968630244
0,0.0,0.21889763779527557,0.0,0.14139639734429404,0.6893787655542225,0.17755990780596853,0.6666666519924662,0.33515482695810567,1.0,0.5143698900455981,0.02637629610505627,0.8708697027552935,0.2768211369408059
0,0.0,0.3811023622047244,0.340730299216259,0.2976704846088908,0.04623360413703227,0.5221619200689068,0.7619047514231901,0.17364905889496055,0.05511811023622047,0.6543496898700809,0.0944602014910535,0.9299599626777172,1.0
0,0.42857142857142855,0.3070866141732283,0.14872101344874758,0.2461556019519867,0.014349853239937992,0.012698971669149298,0.5476190277040613,0.0965391621129326,1.0,0.1529979783297442,0.2280901094838301,0.29874748597592987,0.23259217445798458
0,0.42857142857142855,0.2677165354330709,0.17370155153598424,0.33888246846202275,0.01659871875586985,0.6187722687545925,0.6190476022771042,0.13539769277474195,0.05511811023622047,0.1286094230575356,0.11419674816748412,0.31531172259737344,0.1751477538851139
0,0.0,0.1489763779527559,0.02222957033233902,0.477133921446962,0.31030420345107174,0.9046469132869958,0.49999998018982944,0.27200971463266543,0.11811023622047244,0.2313088879119571,0.14283732646201247,0.555460266878997,0.28333164765178137
0,0.2857142857142857,0.368503937007874,0.10619775770281017,0.3778904954490485,0.01125119520802991,0.8421091188399491,0.5714285525617423,0.15907710989678203,0.11811023622047244,0.0625083110356009,0.12761605103642398,0.5937019559630577,0.20709170966530066
0,0.42857142857142855,0.29133858267716534,0.14224372520211523,0.3138999903504017,0.08660015662377289,0.34600530454221545,0.5714285525617423,0.45112325440194295,0.023622047244094488,0.10354529813955103,0.12662517919403296,0.7156211662746541,0.1207042642017346
0,0.0,0.1952755905511811,0.11233106411202941,0.3888904687183342,0.028575819372328188,0.1590306334815512,0.5476190277040613,0.16150576806314512,0.0,0.2719395639175036,0.07074839766591311,0.36156462512467896,0.1751477538851139
0,0.0,0.1590551181102362,0.016392670571171854,0.2970101980518428,0.1838578640834127,0.13521174325083302,0.5952380774194233,0.5452337583485124,0.0,0.14198853353915009,0.10850938123862384,0.7931254592122157,0.472117731871203
0,0.0,0.23937007874015748,0.12403724250954784,0.19470031362142218,0.028583472007354838,0.30955940332502335,0.2619047404175398,0.1572556162720097,0.023622047244094488,0.08186822907800598,0.4269345065364112,0.6205510698092854,0.07652732402174865
0,0.0,0.4283464566929134,0.18794228007402775,0.07743993125087799,0.005622035970609603,0.1608792786532967,0.5238095028463804,0.29993928354584093,0.0,0.2261382586118277,0.12105896807015468,0.8221323506381301,0.46609103061428975
0,0.0,0.06755905511811024,0.1716836862503144,0.39043440443873934,0.0033822928927479544,0.6271325280877674,0.5952380774194233,0.18639951426836673,0.05511811023622047,0.07455043557015811,0.1358946607455388,0.789025119076319,0.14714406472340644
0,0.2857142857142857,0.28976377952755905,0.2811213851134233,0.2977625444303334,0.009838160416346135,0.9304039399462329,0.5476190277040613,0.3054037644201579,0.11811023622047244,0.1430976260558713,0.14754964751482583,0.34895355965586994,0.1318216320492678
0,0.0,0.15685039370078738,0.41877312254532567,0.1776637962429507,0.00478328436087401,0.42372861367082315,0.5952380774194233,0.4098360655737705,0.0,0.07076648902852402,0.12051355331428071,0.4040427773445444,0.15824215599495756
0,0.0,0.09007874015748031,0.0,0.42843784947802116,0.839079062912856,0.9443771186534743,0.23809520455420854,0.6757741347905283,0.2440944881889764,0.5096467510317005,0.2100173800329427,0.6054359286122445,0.2721646008483874
0,0.2857142857142857,0.1464566929133858,0.33104424956110556,0.3319968924122877,0.01113093737975161,0.7294436501999053,0.47619045313101843,0.45901639344262296,0.11811023622047244,0.06778866955669519,0.28089987798214133,0.5802798880578868,0.04936595602428203
0,0.0,0.3732283464566929,0.0008688558913072836,0.04380601956726196,0.4333445971562937,0.696737578891052,0.6190476022771042,0.6102003642987249,0.11811023622047244,0.3422962918278742,0.22791274244417664,0.9504012930772866,0.1975409405895215
0,0.2857142857142857,0.658267716535433,0.15384322866583977,0.025374047054777676,0.08601149602132198,0.22113378346279272,0.5476190277040613,0.10686095931997572,0.0,0.17009752193551478,0.18792669522681246,0.3431649542068624,0.2703297397903709
0,0.42857142857142855,0.6141732283464566,0.1653297881836879,0.06451544134778915,0.06992583653549976,0.8345437638607388,0.5714285525617423,0.2331511839708561,0.49606299212598426,0.0772656548261438,0.14448514681444763,0.38090840682970445,0.2932401337374608
0,0.0,0.0,0.5438746919855068,0.7371005819902098,0.002391642180437005,0.5759769670316985,0.5238095028463804,0.5106253794778385,0.023622047244094488,0.021457775890022457,0.1568435345522273,0.77562421555353,0.10328388392359135
0,0.0,0.5417322834645669,0.40551221007726523,0.056133030612734315,0.025680047805174876,0.5794078814464229,0.4047618829602356,0.06739526411657559,0.05511811023622047,0.2922764387202121,0.3215289391113936,0.8353426201220929,0.9997478354886064
0,0.0,0.0,0.01667245861498322,0.77868807550422,0.17342993949313426,0.3952453919633799,0.6190476022771042,0.44201578627808136,0.007874015748031496,0.7747318281055549,0.038439129079001544,0.9716427422571212,0.6134311315948164
0,0.0,0.23622047244094485,0.36378085263142096,0.12835170453802217,0.00827683251859396,0.12764644377007656,0.5238095028463804,0.015786278081360048,0.2440944881889764,0.05425227949209098,0.21864984649997599,0.8173645208209134,0.8984115276125082
0,0.0,0.12141732283464567,0.04348025922428541,0.3048721276567913,0.18055271075855556,0.7860378377358407,0.4523809172676871,0.42805100182149364,0.11811023622047244,0.11260540120217694,0.24790111454043257,0.8108150643281276,0.49037601151973065
0,0.0,0.0,0.0189158729097041,0.9982185211241839,0.1950749248737618,0.14298493993957329,0.38095235370029445,0.5567698846387371,1.0,0.734137966083207,0.1240656737998486,0.829777021404905,0.5488630992347026
0,0.0,0.07496062992125983,0.6617724925922658,0.4549123943496957,0.0023101489719244495,0.0027749226906538384,0.5238095028463804,0.44019429265330906,0.49606299212598426,0.1621317775328103,0.10086802588345113,0.7298762049049855,0.11783460149667942
0,0.0,0.11291338582677164,0.024651056996128472,0.36216615281134124,0.15174461829955918,0.2853216856878367,0.5238095028463804,0.18882817243472982,0.007874015748031496,0.20862478081012248,0.31189940258332916,0.45126269426205307,0.14895192634888987
0,0.0,0.21259842519685038,0.41271672279954497,0.29859084584890017,0.038266274257728224,0.7880631428108412,0.23809520455420854,0.3958712811171828,0.2440944881889764,0.0639593914082526,0.3045049163518264,0.6002063163978388,0.15824215599495756
0,0.0,0.1984251968503937,0.009116945432128216,0.37406069502511075,0.3180830058801561,0.11278443790056009,0.5476190277040613,0.47358834244080145,0.2440944881889764,0.21569382995988887,0.12381641198148295,0.9115053633080353,0.4377516926581033
0,0.0,0.124251968503937,0.10268781667730152,0.35324378164911824,0.02391642180437005,0.8768755702466129,0.5952380774194233,0.044930176077717064,0.05511811023622047,0.06778866955669519,0.2874467692083856,0.743822775367553,0.9344175632999913
0,0.0,0.34488188976377954,0.0007719451027825511,0.12133098671786831,0.42578245027163747,0.7317311299707189,0.5238095028463804,0.28901032179720704,0.11811023622047244,0.36529941213316164,0.33276939722155097,0.8348085170669177,0.45869190235362806
0,0.2857142857142857,0.28031496062992123,0.013600614719233456,0.06810713935669219,0.05223207282344713,0.45992925612092445,0.4523809172676871,0.3193685488767456,0.007874015748031496,0.16309828713750002,0.1387277365968182,0.6868095931884145,0.4525812073903743
0,0.0,0.4661417322834645,0.33514619895682624,0.17171660096787936,0.008819048729248845,0.4309178833777691,0.5714285525617423,0.31208257437765635,0.007874015748031496,0.1430976260558713,0.17319342127818654,0.9476496141728454,0.13856291149491262
0,0.42857142857142855,0.21732283464566926,0.016294914038238177,0.01135313624265877,0.12294967745508079,0.2419342154627572,0.49999998018982944,0.11414693381906496,0.0,0.07205010916110394,0.18136189866859576,0.37869273252830765,0.1674294210126558
0,0.0,0.40629921259842516,0.5050635306516542,0.11239568623146409,0.01113093737975161,0.22995755478252375,0.5952380774194233,0.31390406800242865,0.05511811023622047,0.03392214978787543,0.19032910882044296,0.7650590764543757,0.13254450364859632
0,0.2857142857142857,0.6188976377952756,0.21562988057849886,0.09221763692523988,0.002390298859427804,0.8081264443472604,0.5476190277040613,0.08136004857316333,0.11811023622047244,0.09694748450176757,0.3763566436502046,0.5461764309294583,0.2703297397903709
0,0.0,0.28818897637795277,0.17578831237431775,0.29096173886897986,0.08467097523626498,0.02843216867978058,0.47619045313101843,0.3284760170006072,0.023622047244094488,0.20692334262703924,0.08674443333084599,0.5797221161426481,0.5824698736511121
0,0.5714285714285714,0.0,0.5062404836269426,0.6215092009582867,0.0,0.6841739776629823,0.5238095028463804,0.4650880388585307,0.05511811023622047,0.05793575815320236,0.2361730765233304,0.32217314270486,0.13108160307469946
0,0.0,0.3070866141732283,0.030082921354544042,0.17106785980441838,0.0,0.2824435636223175,0.49999998018982944,0.6854887674559805,0.0,0.2031475955634812,0.26423417264703236,0.7314724229334341,0.35071312276649097
0,0.0,0.27716535433070866,0.3113499128569172,0.20787393946839244,0.01806982516218489,0.19414050099564226,0.5238095028463804,0.0230722525804493,0.0,0.1331103973265859,0.3768069829732792,0.8144940338239914,0.8600356549411797
0,0.0,0.27401574803149603,0.22156578940341132,0.09633435270248468,0.1343300007519703,0.8113059230169847,0.42857140341565636,0.15179113539769276,0.023622047244094488,0.11812371812140432,0.11907705917550084,0.6561897872161752,0.10810388375018368
0,0.0,0.15244094488188975,0.07006125829372496,0.425208504310375,0.076198362214971,0.24545631383709648,0.5714285525617423,0.30904675166970247,0.007874015748031496,0.41448702544668453,0.06173660363623692,0.8929115489906909,0.7129613302614296
0,0.2857142857142857,0.30393700787401573,0.3474238429476411,0.18887910342530403,0.01667599157038143,0.041724410495423594,0.42857140341565636,0.36247723132969034,1.0,0.03955578619959046,0.18654137057316675,0.4104836755516568,0.07255995608608523
0,0.42857142857142855,0.15023622047244095,0.36143401044597984,0.3091698293272334,0.021057968729991376,0.2525179648494993,0.6666666519924662,0.013964784456587736,0.0,0.08622251139952633,0.2879315519412933,0.5209643488220437,0.7481590335042683
0,0.0,0.4724409448818897,0.2339432416616417,0.15418441842022995,0.07000198532745475,0.06714921647282907,0.5476190277040613,0.143290831815422,0.49606299212598426,0.35446259021698345,0.17928583154077585,0.8130163146932481,0.6898524242601984
0,0.0,0.3543307086614173,0.1308993374684229,0.02000291194163377,0.042378969750342714,0.4494664378650411,0.49999998018982944,0.39404978749241043,0.023622047244094488,0.28854789701670386,0.09839160396412724,0.6812192898086651,0.06273356865223655
0,0.2857142857142857,0.21889763779527557,0.1515763704276585,0.1758799381439898,0.0,0.2262607417257355,0.5714285525617423,0.16514875531268974,0.0,0.05833059122182759,0.27027449052796204,0.41590622530596605,0.1603354780358037
0,0.42857142857142855,0.4393700787401575,0.01655271221877504,0.021057784600113254,0.11789808883129026,0.6271325280877674,0.5476190277040613,0.13782635094110504,0.007874015748031496,0.020356855994936113,0.39552364923258015,0.25352392222972225,0.30738361836022954
0,0.0,0.6881889763779527,0.6497509943314398,0.1572921293592155,0.0,0.5412104878758077,0.5714285525617423,0.008500303582270795,0.0,0.03955578619959046,0.35165875337206454,0.8791387614516857,0.846475622961218
0,0.2857142857142857,0.39527559055118106,0.11022576327447414,0.01720384027469316,0.0033822928927479544,0.1739855576373642,0.42857140341565636,0.1408621736490589,0.0,0.14103067170851588,0.17725956664397832,0.3392574433926978,0.11099321019289507
0,0.2857142857142857,0.6393700787401575,0.03847036931729314,0.09478206979522187,0.03186739475640724,0.3944458812377487,0.6428571249336552,0.4808743169398907,0.007874015748031496,0.4244755556804265,0.10646502301241346,0.7223242307319014,0.3707377766105872
0,0.2857142857142857,0.25196850393700787,0.10723524105432321,0.3510979214310373,0.04735210018383944,0.535183799779338,0.4523809172676871,0.21129326047358835,0.023622047244094488,0.5421204234558372,0.17401324963119116,0.35080014815376864,0.15279307957881008
0,0.0,0.368503937007874,0.08049803168279868,0.037330225366461973,0.06543725814637118,0.7040763059341166,0.5476190277040613,0.3788706739526412,0.05511811023622047,0.5537289961971279,0.08945762948098109,0.8753236380364363,0.5875065209997358
0,0.42857142857142855,0.552755905511811,0.12112306108866162,0.0788946849671582,0.012416219024093568,0.4357669220335521,0.47619045313101843,0.1305403764420158,0.023622047244094488,0.1874608928899018,0.2522125111125287,0.31199363751358794,0.09871079136039758
0,0.0,0.27401574803149603,0.06010150840314656,0.11567366802841644,0.04481297491722821,0.8604865160956615,0.7857142740797411,0.5816636308439587,0.11811023622047244,0.1960402036792498,0.05802519234975202,0.824781639692669,0.3832609896274191
0,0.5714285714285714,0.5905511811023622,0.4376394600867387,0.17106995465826297,0.0016911464463739772,0.9280311035534549,0.5238095028463804,0.10261080752884032,1.0,0.021457775890022457,0.2130741842320499,0.5462724049877693,0.16571229785741365
0,0.0,0.1622047244094488,0.23717454862477202,0.04718732505363679,0.008827372631490188,0.6065109398552156,0.5238095028463804,0.40255009107468126,0.023622047244094488,0.15648860915036136,0.10291079467675654,0.8553447393430842,0.15933250515375866
0,0.2857142857142857,0.6141732283464566,0.07097791374907522,0.15563547912719855,0.10858978195063614,0.9520636267573584,0.5952380774194233,0.3145112325440194,0.49606299212598426,0.3197720425273812,0.14089063575452176,0.5555467331979618,0.05144040902775032
0,0.2857142857142857,0.4047244094488189,0.25573182259891114,0.20773237095178973,0.01113093737975161,0.5534165680644136,0.4523809172676871,0.3084395871281117,0.007874015748031496,0.32538907752669527,0.09795449852147646,0.6980549144144224,0.4140630018615038
0,0.2857142857142857,0.26141732283464564,0.1146179310530745,0.20466364704385792,0.04065791738206101,0.4087736950648555,0.7380952221632491,0.15482695810564662,0.05511811023622047,0.10354529813955103,0.11726791992854949,0.4425913267835368,0.07652732402174865
0,0.0,0.5023622047244094,0.1978372671278184,0.2848578087146299,0.01014687804898001,0.9296701393899165,0.4523809172676871,0.16332726168791742,0.49606299212598426,0.20606689071824863,0.10151599039460234,0.4817539370466451,0.04162971183016613
0,0.2857142857142857,0.3637795275590551,0.08476806181220481,0.05433147526432601,0.012194779501226594,0.16907996883206833,0.6190476022771042,0.2058287795992714,0.11811023622047244,0.10507464024764118,0.1652734195350287,0.4077670593347557,0.08534059086230593
0,0.42857142857142855,0.26141732283464564,0.1004767628194939,0.09966245364069483,0.01646362445910839,0.9082597793825463,0.5714285525617423,0.1111111111111111,0.2440944881889764,0.034593560817030786,0.16311188763143694,0.26936779840921143,0.05588867251645544
0,0.2857142857142857,0.2929133858267716,0.14507705162639536,0.09704886848507563,0.08842828610236173,0.7865517811673766,0.6428571249336552,0.1845780206435944,0.11811023622047244,0.3662395528443863,0.11553017983069484,0.578295955240717,0.1493516402119604
0,0.2857142857142857,0.3291338582677165,0.25527531644523366,0.002882138593634564,0.002391642180437005,0.6782880891438364,0.5476190277040613,0.3600485731633273,0.2440944881889764,0.06431700764706173,0.20584537501754474,0.4797447739357957,0.11135871119013689
0,0.42857142857142855,0.38267716535433066,0.13463030885502408,0.08508678287512908,0.05788931217370703,0.456781300572966,0.4523809172676871,0.1153612629022465,0.023622047244094488,0.08488612455769508,0.2552414518122158,0.3656129586993388,0.2611563718390783
0,0.0,0.42677165354330704,0.07179802896156422,0.09747424135484152,0.15159793689553308,0.607361148418405,0.49999998018982944,0.28111718275652703,0.05511811023622047,0.054673884300798746,0.3173865921164374,0.6073323747676904,0.18541460904246046
0,0.0,0.21732283464566926,0.201602934253704,0.13714756927757496,0.036200254726007505,0.9102064708977207,0.4523809172676871,0.2416514875531269,0.05511811023622047,0.31820149850678187,0.061417161803690924,0.7655696652468753,0.09345268753421222
0,0.0,0.23149606299212597,0.20523526724938382,0.21053240378696494,0.04042946314039789,0.6965524637983586,0.4523809172676871,0.050394656952034,0.023622047244094488,0.11199761927978462,0.2912562012209023,0.6916088990337756,0.7570552344507949
0,0.0,0.3811023622047244,0.12785011796678517,0.32861216785902714,0.013529171256359891,0.6008752938643129,0.4523809172676871,0.201578627808136,0.05511811023622047,0.04126265558142955,0.24174875588193293,0.772279547448922,0.08058659191267553
0,0.0,0.3574803149606299,0.04763877850652041,0.018840321140146478,0.004450154594396972,0.933916964323374,0.5238095028463804,0.6739526411657559,1.0,0.11559524616200796,0.15980563361652372,0.6876371684647425,0.3357238936552056
0,0.0,0.31496062992125984,0.20683473637977648,0.005362826600510993,0.08274135336406029,0.8588855799477425,0.4047618829602356,0.3205828779599271,0.11811023622047244,0.5561438034339885,0.06607038329752168,0.47837241292479926,0.20542074025699242
0,0.0,0.33385826771653543,0.08485414946291224,0.045846973106816125,0.19133137128864114,0.31818134896761774,0.4047618829602356,0.20461445051608987,0.023622047244094488,0.4441865307923559,0.12002060693494711,0.8771842330576646,0.6185627965690261
0,0.0,0.24724409448818896,0.3162822774646945,0.2365198619633501,0.01154039228937831,0.416338966796385,0.5714285525617423,0.3472981177899211,0.05511811023622047,0.11159054793750796,0.12233881476596704,0.7682923416813758,0.16892182738150202
0,0.0,0.28031496062992123,0.29349979107531743,0.23278622575775412,0.0065896848866868855,0.4511054459522758,0.4523809172676871,0.28840315725561627,0.11811023622047244,0.06064528177778071,0.39507702998006805,0.53018161513642,0.1318216320492678
0,0.42857142857142855,0.521259842519685,0.3639844620055905,0.01949612698492141,0.053057278427545145,0.8125013042136646,0.5238095028463804,0.10746812386156648,0.05511811023622047,0.05165002255941058,0.1663575267140603,0.28990782378111635,0.14200702023962028
0,0.0,0.1559055118110236,0.03162204583932153,0.3409737392534472,0.25909144682547397,0.901145460337475,0.4047618829602356,0.3825136612021858,0.49606299212598426,0.17718396579563653,0.2571455753416924,0.6988759038420326,0.2657241664004167
0,0.0,0.5543307086614173,0.05921404263792907,0.19446777536569418,0.17498956208584604,0.5759769670316985,0.47619045313101843,0.22768670309653916,0.2440944881889764,0.253569985406623,0.046677216794377856,0.3034862731278852,0.26971343953605964
0,0.0,0.2220472440944882,0.15600489338991805,0.08119616533686103,0.002391642180437005,0.2588742305139379,0.5238095028463804,0.16454159077109898,1.0,0.11965246112426847,0.10989592502718591,0.7011694333878968,0.1603354780358037
0,0.0,0.23937007874015748,0.39975871933111545,0.11020706634961386,0.0016911464463739772,0.29146747346618923,0.5238095028463804,0.3946569520340012,0.05511811023622047,0.03955578619959046,0.23952807884422148,0.5415163245720211,0.15824215599495756
0,0.0,0.6078740157480315,0.02285419600365103,0.02873728087212652,0.22086468247188684,0.5022610070083448,0.7619047514231901,0.47662416514875533,0.05511811023622047,0.30048645278472375,0.12713006625927628,0.8563928323332892,0.3707377766105872
0,0.42857142857142855,0.3354330708661417,0.2941254779009058,0.2692397822792806,0.0,0.4417638074603241,0.5952380774194233,0.1153612629022465,0.023622047244094488,0.05165002255941058,0.20584537501754474,0.3017894740389709,0.165986082291764
0,0.0,0.0,0.016362636535395502,0.6103105767748768,0.2218118897517145,0.41772146103009566,0.38095235370029445,0.44687310261080754,0.007874015748031496,0.18769830382981115,0.1682760235023872,0.8551908531033245,0.5113393082771874
0,0.0,0.3464566929133858,0.12523877560726127,0.3584758260501616,0.15456185616475637,0.5040473634904532,0.5952380774194233,0.4474802671523983,0.023622047244094488,0.4098942847840494,0.17172424976613462,0.8090374417249012,0.35565966332970994
0,0.0,0.045984251968503934,0.012492020043544837,0.4705718533920802,0.2810370787432468,0.6235999682548844,0.5238095028463804,0.7589556769884639,0.05511811023622047,0.5639719395639174,0.10334760388101641,0.7577666094563573,0.13657194277452953
0,0.0,0.24566929133858265,0.29874012567016756,0.0,0.011958210902185025,0.9640901971971061,0.4523809172676871,0.4037644201578628,0.2440944881889764,0.142464950278398,0.21042687833631937,0.5855031154001785,0.07459228997480197
0,0.0,0.06346456692913385,0.05559225506155966,0.48986868015297547,0.14977001192769632,0.44539562627785184,0.3571428310437435,0.22768670309653916,0.023622047244094488,0.47914940279538365,0.19053239671929928,0.5346753747046455,0.07812591457393812
0,0.0,0.3511811023622047,0.18673193475446198,0.1047874803951065,0.08144847571843841,0.1580431217436282,0.2619047404175398,0.21311475409836064,1.0,0.4111795927406626,0.11992488775333675,0.537022874198571,0.23143604856845393
0,0.0,0.07464566929133858,0.1826821275170465,0.4981448979123691,0.007174927013258904,0.10138923174600355,0.5952380774194233,0.23861566484517305,0.2440944881889764,0.04126265558142955,0.19032910882044296,0.6763275656449109,0.13374684441585155
0,0.0,0.0,0.04790544676693186,0.8379027688280439,0.2699337416626472,0.9995692764999566,0.5952380774194233,0.6296296296296297,0.49606299212598426,0.34060929414661795,0.12653065635977043,0.4538069034721429,0.11485753199246813
0,0.42857142857142855,0.337007874015748,0.18406254998996702,0.04640387530899094,0.07502882028444614,0.8768755702466129,0.5714285525617423,0.06800242865816636,0.2440944881889764,0.013571981046789703,0.33412937640209917,0.36690452711550064,0.254399300272518
0,0.0,0.2220472440944882,0.049347266138509815,0.22612362367628458,0.04489232430245316,0.8671535176029995,0.6190476022771042,0.2058287795992714,0.49606299212598426,0.3247493880863174,0.060197679376914594,0.3057806622352253,0.08489138143574647
0,0.0,0.004755905511811023,0.4510970262502483,0.5827002798762653,0.011958210902185025,0.4328410712977537,0.49999998018982944,0.42805100182149364,0.0,0.07931254947782815,0.2935172806176175,0.6181622309738773,0.14079522457674598
0,0.0,0.2929133858267716,0.034602549720386795,0.17117355039431595,0.06155012228169814,0.5700910785125526,0.47619045313101843,0.4833029751062538,0.11811023622047244,0.05793575815320236,0.3623499968992956,0.6292576854922071,0.15929576554858346
0,0.0,0.6377952755905512,0.5534817940513814,0.014886143271699131,0.0,0.8900943029727192,0.5238095028463804,0.013964784456587736,0.49606299212598426,0.08158826720588891,0.14025747746602293,0.6608101620449622,0.779627310225548
0,0.0,0.5811023622047244,0.18022148305243157,0.2263190612173167,0.014770614447835128,0.15757203699304936,0.5714285525617423,0.1487553126897389,0.05511811023622047,0.1443543112438416,0.13390135236972778,0.5765407492587132,0.09784587218054985
0,0.0,0.3574803149606299,0.5034300270165174,0.1298296760597638,0.0033822928927479544,0.12764644377007656,0.47619045313101843,0.27929568913175473,0.05511811023622047,0.027140394318664482,0.30511595930506685,0.5034681450381984,0.14749652448531161
0,0.0,0.25826771653543307,0.0,0.18893697257788922,0.6483356600364281,0.13419907406379658,0.5238095028463804,0.37644201578627806,0.49606299212598426,0.6011799067544362,0.13220871456688618,0.8593918979775972,0.2768211369408059
0,0.2857142857142857,0.4409448818897637,0.5012094234060241,0.16627911870541445,0.002391642180437005,0.5633406350799066,0.5714285525617423,0.2677595628415301,0.023622047244094488,0.23992652077696924,0.14150680591068146,0.4903508968024406,0.17068826270786114
0,0.0,0.25511811023622044,0.14178300367824428,0.3234004653419228,0.037327456638214504,0.22690573365626032,0.5714285525617423,0.5652701882210079,0.0,0.68816944844307,0.05137924356310779,0.8077754632487535,0.20527490256745345
0,0.0,0.4440944881889764,0.03941122087039319,0.03783186608253421,0.21805671051691825,0.9594152849401615,0.6666666519924662,0.7128111718275653,1.0,0.10911546245138984,0.12362402793416823,0.8762461824880551,0.30140262255778544
0,0.2857142857142857,0.4645669291338583,0.0634335875101951,0.09815255692552045,0.10482351980623707,0.7603643362495921,0.5238095028463804,0.151183970856102,0.11811023622047244,0.0911197400627036,0.2256286134218934,0.40159027530486374,0.23143604856845393
0,0.0,0.42677165354330704,0.006279518972217722,0.1126897904406795,0.3877650498675872,0.6415466697597805,0.6666666519924662,0.2987249544626594,0.05511811023622047,0.42980001041203564,0.10568926012005375,0.5319074785342299,0.2139399272407066
0,0.42857142857142855,0.3464566929133858,0.102452092921764,0.3282572180985514,0.14713736074784234,0.2525179648494993,0.5476190277040613,0.1111111111111111,0.0,0.03837559022194163,0.26054626673748615,0.3593501721426453,0.23259217445798458
0,0.2857142857142857,0.2220472440944882,0.023752412552367867,0.08990572778540204,0.09318465558973506,0.6762498251798704,0.7142857017078282,0.4820886460230723,0.023622047244094488,0.32628208518367324,0.044916641274099264,0.5068732916408913,0.23208134519445914
0,0.2857142857142857,0.41732283464566927,0.14143612893971805,0.11159848533535956,0.008925577593424444,0.5881830472203045,0.4523809172676871,0.1196114146933819,0.11811023622047244,0.027975373469802615,0.3416026848331472,0.4077114351946457,0.2611563718390783
0,0.42857142857142855,0.5259842519685038,0.277672245875486,0.03024886484514859,0.050734393391219317,0.1163091724514555,0.5476190277040613,0.12143290831815422,0.49606299212598426,0.0950452882233266,0.17101569311026205,0.31260040134100253,0.12937016508298693
0,0.0,0.1590551181102362,0.11773474271236882,0.30000610446097703,0.17048739946330088,0.2729202509418087,0.3571428310437435,0.3910139647844566,0.0,0.5552898718989073,0.06617224372885089,0.951304559234654,0.8532934381567453
0,0.0,0.34330708661417325,0.013904631922521622,0.013207093269907603,0.21981002052344056,0.7384094809118616,0.5476190277040613,0.15907710989678203,0.05511811023622047,0.16744197769180044,0.25881942479428105,0.522426932868527,0.26355695761061576
0,0.2857142857142857,0.28031496062992123,0.13589552392537305,0.2600567392585658,0.04253084258115223,0.48641456124032384,0.5952380774194233,0.23193685488767457,0.023622047244094488,0.19122145573480048,0.20218247276756812,0.6365314462063085,0.06399608249441256
0,1.0,0.22047244094488186,0.1375145694129687,0.28239030786010016,0.028536942664938707,0.377389485928922,0.5476190277040613,0.15239829993928355,0.49606299212598426,0.027140394318664482,0.4270332222832833,0.27574044186963526,0.20709170966530066
0,0.2857142857142857,0.1622047244094488,0.08357105562788161,0.29010783473442087,0.07927951333992173,0.0877391844613209,0.5952380774194233,0.2568306010928962,1.0,0.2685237758007764,0.18834279622817068,0.35883089497695464,0.07454923352126057
0,0.2857142857142857,0.4598425196850393,0.04624211191699777,0.24326640986223066,0.18554006727459849,0.49713403209586576,0.5952380774194233,0.17122040072859745,0.023622047244094488,0.29162248437781474,0.0989389613602184,0.3350716263611179,0.27993562846237785
0,0.0,0.28818897637795277,0.0317948817394741,0.19656965313201502,0.08575986913828923,0.9405982844317956,0.3571428310437435,0.5974499089253188,0.2440944881889764,0.41673466166668593,0.17019402466109862,0.8328128966872347,0.16759506507836236
0,0.0,0.0889763779527559,0.45188984646388297,0.3114093513138146,0.006622490771059023,0.653389762311222,0.49999998018982944,0.43108682452944747,0.023622047244094488,0.08242526885363488,0.1993368637535972,0.5282793715789338,0.14881725521710798
0,0.2857142857142857,0.2062992125984252,0.18862686763788458,0.18204548164671056,0.05118597122313476,0.0924593529324273,0.47619045313101843,0.4049787492410443,0.49606299212598426,0.2732765395351604,0.07681074542871918,0.456059418331039,0.1714133350156527
0,0.0,0.6047244094488189,0.06669511670662473,0.18057906499753262,0.07268480928743105,0.2424686378237502,0.49999998018982944,0.3321190042501518,1.0,0.3675616128077954,0.05272437664275866,0.9096322613581387,0.5875065209997358
0,0.0,0.4582677165354331,0.2838748229608099,0.07927665360274101,0.019631647818641126,0.5052604764431262,0.11904754724885268,0.3466909532483303,0.023622047244094488,0.2505617954315954,0.29204986374834235,0.6702745059044298,0.08855554064983111
0,0.0,0.33385826771653543,0.04601696727830014,0.02884453928476571,0.17374352526824732,0.2604609146589176,0.7619047514231901,0.46387370977534914,0.0,0.8071498870376766,0.09226354255057272,0.7666181601902885,0.4259859512681027
0,0.0,0.32125984251968503,0.0950044620615411,0.22873761263631004,0.031880436249751044,0.6271325280877674,0.5476190277040613,0.16514875531268974,0.05511811023622047,0.07455043557015811,0.09240378864109075,0.6437484542193693,0.10810388375018368
0,0.0,0.1984251968503937,0.05150558018371639,0.11050192887696307,0.12698731750168407,0.583919933490653,0.5952380774194233,0.22829386763812992,0.023622047244094488,0.4122228828447664,0.08518225435783879,0.9124779354743279,0.9043137054488858
0,0.2857142857142857,0.16062992125984252,0.18394803561205778,0.14090767078604033,0.03213178311036942,0.9505915580191936,0.7142857017078282,0.1973284760170006,0.2440944881889764,0.1359701641465684,0.12061195003519334,0.37489427471145714,0.13897411794662365
0,0.42857142857142855,0.5448818897637795,0.4195391373279868,0.2890037898844532,0.017716723976872035,0.687629727635788,0.4047618829602356,0.3636915604128719,0.11811023622047244,0.03653367219275818,0.24868822564192022,0.486478665112159,0.1561022930455035
0,0.5714285714285714,0.3590551181102362,0.09014176868540723,0.017292831751386916,0.0016911464463739772,0.22113378346279272,0.5714285525617423,0.04371584699453552,0.0,0.09765109433800112,0.19256691071590468,0.6298710815475557,0.5362759841647207
0,0.42857142857142855,0.30236220472440944,0.06173563766788681,0.42080836333903404,0.019133137128864112,0.5985373937482101,0.5952380774194233,0.13479052823315119,0.11811023622047244,0.075769344074808,0.14448514681444763,0.40180893785008776,0.3305493759967566
0,0.0,0.3118110236220472,0.001519281599190649,0.039113783929760025,0.3814362286707085,0.04549638094582686,0.5238095028463804,0.591378263509411,0.49606299212598426,0.3342515275117383,0.47129844445084224,0.8140137770389673,0.1975409405895215
0,0.42857142857142855,0.3165354330708661,0.09341606860969588,0.13634705073963505,0.038924097250211356,0.05393047819687743,0.5476190277040613,0.08682452944748027,1.0,0.075769344074808,0.4474114327081666,0.388057824864844,0.26015195219498816
0,0.0,0.015511811023622047,0.11568999569943228,0.5836206411162747,0.011958210902185025,0.5716809427189358,0.49999998018982944,0.11171827565270188,0.11811023622047244,0.15791923524424487,0.20692642296550115,0.7495761326121552,0.09057562800348944
0,0.42857142857142855,0.0,0.05181622372005974,0.6522772672716908,0.049279547949433615,0.9645839391914541,0.49999998018982944,0.5075895567698846,0.49606299212598426,0.10332493690802205,0.3077974693411609,0.7005636744435028,0.41620586021969935
0,0.0,0.25826771653543307,0.06693813947420156,0.09855452241029143,0.052811916652744206,0.3316674177457416,0.42857140341565636,0.24468731026108076,0.0,0.4751740917151597,0.18912647780059458,0.8677490462655254,0.5194608190908525
0,0.2857142857142857,0.4236220472440944,0.19347965521196508,0.02335761657577276,0.052811916652744206,0.13872091881020193,0.09523805540812266,0.3126897389192471,0.2440944881889764,0.28677376051326375,0.15547052657937208,0.6547548915618365,0.10261517420477068
0,0.42857142857142855,0.05763779527559055,0.3088314993823815,0.3026809863671462,0.054116686598599195,0.8031595824740322,0.5476190277040613,0.1870066788099575,0.0,0.015173769437865763,0.29875983990566385,0.3871763105599323,0.09582368600307949
0,0.0,0.07511811023622048,0.005361781762591876,0.5649679582151541,0.403392188381461,0.09090502438602059,0.5238095028463804,0.302367941712204,0.49606299212598426,0.23394042662902906,0.11907705917550084,0.8664543395223924,0.15301211120167635
0,0.0,0.27244094488188975,0.0,0.005738119856351796,0.5921469287047201,0.3219379005600904,0.47619045313101843,0.5185185185185185,0.023622047244094488,0.07931254947782815,0.23356199146777834,0.8699177848000034,0.4845648981844776
0,0.7142857142857143,0.0,0.14379949563063846,0.6367487792499893,0.004503948945306588,0.9280311035534549,0.4523809172676871,0.012143290831815421,0.023622047244094488,0.08569049562942407,0.2820170385293257,0.26984107666815293,0.8277712311795232
0,0.0,0.8598425196850394,0.1656316862574354,0.10869744452476296,0.0556259413393944,0.2750783749164748,0.4523809172676871,0.129933211900425,0.0,0.06778866955669519,0.36905601941347704,0.5240680768978538,0.07115129890041706
0,0.42857142857142855,0.5007874015748031,0.1464158099652623,0.20789675536524296,0.07269657966779274,0.3310503859362478,0.6428571249336552,0.27200971463266543,0.007874015748031496,0.07076648902852402,0.1735863245347812,0.3783177101851202,0.26601871492665463
0,0.0,0.5149606299212598,0.12552812294079482,0.032592701074214504,0.05129766005090115,0.7148408970326087,0.5476190277040613,0.230722525804493,0.11811023622047244,0.10332493690802205,0.12825330539036606,0.43647396998949334,0.31748364758991704
0,0.42857142857142855,0.28503937007874014,0.07251996356089042,0.41380292562927606,0.038266274257728224,0.5759769670316985,0.5476190277040613,0.1092896174863388,0.0,0.021457775890022457,0.31850377545119035,0.2749202254289637,0.2501365279795476
0,0.0,0.674015748031496,0.16558369588907942,0.1944889513995804,0.04804536017017812,0.12764644377007656,0.49999998018982944,0.13782635094110504,0.11811023622047244,0.08130732817248941,0.14045461272137616,0.5446856792389282,0.08185320151782458
0,0.0,0.3732283464566929,0.009291600363068626,0.1430714273120788,0.10073358006768991,0.8935500806947518,0.21428569070217787,0.3205828779599271,0.05511811023622047,0.3757981734314598,0.2017191616211078,0.7318918765658591,0.22049569511368652
0,0.0,0.3102362204724409,0.16378860306319443,0.3245769390526445,0.007174927013258904,0.4335118811089923,0.6428571249336552,0.41894353369763204,0.11811023622047244,0.13679950137918154,0.2854695830373095,0.697193033977754,0.48184451687016755
0,0.2857142857142857,0.21732283464566926,0.506617241080264,0.13714756927757496,0.02204436498939533,0.22113378346279272,0.49999998018982944,0.018214936247723135,0.05511811023622047,0.048908760819014026,0.33191480643275373,0.7126104439873102,0.8628867950166709
0,0.0,0.5417322834645669,0.058637611427557045,0.20235780065749973,0.17882443758756603,0.9007833606755715,0.5952380774194233,0.2707953855494839,0.11811023622047244,0.22379796766980295,0.07461071392809594,0.3851982679032355,0.26971343953605964
0,0.0,0.2062992125984252,0.08932413946046822,0.1830119770661847,0.008925577593424444,0.07915529410850614,0.7380952221632491,0.2550091074681239,0.49606299212598426,0.37149213560767447,0.05207718121204533,0.8139124075318239,0.6281929134110573
0,0.42857142857142855,0.28503937007874014,0.099436615455747,0.03047166155655034,0.048507732236903994,0.6112860823197466,0.5476190277040613,0.08864602307225258,0.023622047244094488,0.06812602364358444,0.25256201544485796,0.2871225972435348,0.24634554275181333
0,0.42857142857142855,0.27086614173228346,0.15394748119232796,0.08566603745219516,0.05405925840625715,0.42163671045124684,0.5238095028463804,0.14146933819064966,0.023622047244094488,0.04937626121979476,0.14448514681444763,0.49489180857392784,0.23143604856845393
0,0.0,0.17007874015748028,0.10909898782794372,0.07356868494933771,0.06891851882615863,0.2713568317486675,0.7380952221632491,0.13782635094110504,0.0,0.3910536856127152,0.07640074579883487,0.9705062814000821,0.9351097676193482
0,0.2857142857142857,0.24409448818897636,0.391764590839511,0.2472631540233232,0.012154777984700708,0.9703628821901021,0.5476190277040613,0.2641165755919854,1.0,0.07331103973265858,0.30176098546863644,0.5101730182848824,0.38115036757282156
0,0.0,0.4582677165354331,0.10369249898080868,0.0548598666004655,0.01171990160201138,0.19547652637397522,0.5476190277040613,0.018214936247723135,0.0,0.08186822907800598,0.27666722385310066,0.6360170233985929,0.6799524964852088
0,0.0,0.06881889763779526,0.07614704482839565,0.5389666038589672,0.05589519547609631,0.6173105504780637,0.47619045313101843,0.5415907710989678,0.11811023622047244,0.6017131517231918,0.13214832751028163,0.8782524546277538,0.38058553944422996
0,0.42857142857142855,0.3763779527559055,0.2692929164741245,0.0554493755344958,0.011942599652583426,0.7294436501999053,0.5476190277040613,0.24772313296903462,0.05511811023622047,0.03392214978787543,0.3602122950954941,0.5332983139330617,0.37661044865201565
0,0.0,0.09007874015748031,0.14823887174059058,0.41117509736330893,0.05312425569884942,0.6271325280877674,0.5238095028463804,0.16514875531268974,0.11811023622047244,0.0948047784632827,0.23374741391290713,0.5783359959641425,0.20709170966530066
0,0.0,0.4708661417322834,0.0588144853090216,0.17590264977209696,0.16152451124289993,0.5081468955274906,0.49999998018982944,0.4517304189435337,0.007874015748031496,0.12913704056892683,0.24608474593736507,0.5152178402417186,0.19373304250970994
0,0.0,0.1984251968503937,0.12085718758130323,0.20151172615767216,0.007174927013258904,0.8823559038145197,0.49999998018982944,0.294474802671524,0.49606299212598426,0.1951321874034201,0.06774554873219288,0.810786958523036,0.6356059794919849
0,0.2857142857142857,0.3779527559055118,0.297808846758641,0.03872161686317533,0.007174927013258904,0.3467517309967744,0.6904761878557976,0.3989071038251366,1.0,0.278243989528467,0.12852671063758928,0.4251048162559029,0.21248354728447807
0,0.0,0.46299212598425193,0.1222463968439784,0.18157473670720448,0.17105482241072872,0.009131186690138812,0.5476190277040613,0.15057680631451123,0.11811023622047244,0.5555645513156351,0.07118828319192455,0.2660547609301358,0.21211641613281912
0,0.5714285714285714,0.40629921259842516,0.19340148330166612,0.05427870580119059,0.0,0.7206198400312568,0.5714285525617423,0.04068002428658166,0.05511811023622047,0.07331103973265858,0.15547052657937208,0.5471336979543644,0.6484503736828441
0,0.2857142857142857,0.24881889763779524,0.10286306290451341,0.2714076052863115,0.06746958374510786,0.9962667577581289,0.5238095028463804,0.12689738919247115,0.49606299212598426,0.13860595651074506,0.1400617094647815,0.37433908457259374,0.07641146079655396
0,0.0,0.40314960629921254,0.1912898880199306,0.13371038806740917,0.002391642180437005,0.2525179648494993,0.6428571249336552,0.3758348512446873,0.0,0.19962795565464433,0.1996863680859264,0.4805051766471494,0.07473975781875801
0,0.0,0.12755905511811022,0.00709191020231488,0.44148182188206603,0.3741640387035025,0.6172084610722746,0.38095235370029445,0.6344869459623558,0.05511811023622047,0.31846390659577667,0.061367860899176216,0.4810265872567909,0.2825782106571324
0,0.0,0.6771653543307086,0.15303858888479996,0.0020379797949924843,0.06426082577666105,0.6028626379969054,0.5476190277040613,0.19914996964177292,0.49606299212598426,0.0890910582098901,0.3168111319514566,0.4669144275322117,0.0770321420908611
0,0.0,0.2566929133858268,0.026536632775005536,0.09830071333091049,0.2630119730033222,0.14523998086413312,0.5952380774194233,0.7516697024893746,1.0,0.06139732823859758,0.14336796347969472,0.790879561121515,0.26801341262526684
0,0.0,0.22519685039370077,0.032684160177455,0.22406331122267234,0.08703850182344933,0.46986739199445904,0.5238095028463804,0.24468731026108076,0.007874015748031496,0.5496552872482311,0.08994600695282441,0.8626749590231894,0.8178678393263973
0,0.42857142857142855,0.5606299212598425,0.6094360330607097,0.04611421673983489,0.007900848939863456,0.0027749226906538384,0.5476190277040613,0.0024286581663630845,0.49606299212598426,0.009597050088502304,0.4300146622963696,0.24861568088106165,0.8774882918998513
0,0.0,0.02110236220472441,0.006968237726024589,0.5742169749135091,0.329289919790883,0.2701115158181693,0.4047618829602356,0.2859744990892532,1.0,0.3777154754251168,0.07623422564180173,0.7540762770524945,0.15501021184763422
0,0.0,0.1422047244094488,0.033808550093221354,0.3516209334479152,0.04709225826121183,0.14929135689279696,0.2619047404175398,0.26958105646630237,0.0,0.8303548851453304,0.15011621135836237,0.6175096754002133,0.18799141450648538
0,0.0,0.15291338582677164,0.01333919310057708,0.3383061561593158,0.20458288144322923,0.035431014866925806,0.6428571249336552,0.4711596842744384,1.0,0.2322524993017325,0.11950045219878867,0.749496885991198,0.12807296970558726
0,0.0,0.4582677165354331,0.10092683465245386,0.05290247213607412,0.017918187518740265,0.9031327212223867,0.38095235370029445,0.15361262902246509,0.2440944881889764,0.24415362132252685,0.2321748381117581,0.33887057888960925,0.11099321019289507
0,0.2857142857142857,0.6377952755905512,0.17460598051036624,0.21616040400156894,0.005073439024490005,0.0027749226906538384,0.47619045313101843,0.14571948998178508,0.023622047244094488,0.06710882560501363,0.5316563899366069,0.4043430673104968,0.05710857819755479
0,0.0,0.1426771653543307,0.4993917913835544,0.11159545206282438,0.009566568564432056,0.6573390322845605,0.49999998018982944,0.4195506982392228,0.11811023622047244,0.17831522107396017,0.08812819133915527,0.40829423642696006,0.16981252337806996
0,0.0,0.1748031496062992,0.003973255097418921,0.03700027166747143,0.3031738180930348,0.24816313992492167,0.4523809172676871,0.6065573770491803,0.0,0.6327867152341302,0.057316761025506396,0.8276764757781606,0.0
0,0.0,0.1779527559055118,0.0,0.28272915283920946,0.5468002405046445,0.6431782410542042,0.3571428310437435,0.23618700667880996,0.11811023622047244,0.5056708201874497,0.1579772388741645,0.7593741903928052,0.26580569449820135
0,0.0,0.17007874015748028,0.09236119606138189,0.3195336210771492,0.1520363371557966,0.1249519272393071,0.4047618829602356,0.11839708561020036,1.0,0.3861410227593878,0.21682428311300664,0.8459086868055736,0.8112318067253059
0,0.0,0.27086614173228346,0.05880762500066759,0.1829703738375694,0.2658613269223932,0.5986475581790291,0.4047618829602356,0.3618700667880996,0.05511811023622047,0.7540554465689036,0.0,0.8239306429120979,0.8920009453673002
0,0.0,0.168503937007874,0.05012020480976918,0.39222081238242507,0.10789044170232233,0.9703628821901021,0.4523809172676871,0.5166970248937462,0.2440944881889764,0.09765109433800112,0.1879034462100197,0.840061798141387,0.43963615116425975
0,0.0,0.13023622047244093,0.1019646549792614,0.30627390716403996,0.19790171181792124,0.7436437620847882,0.5238095028463804,0.323618700667881,0.11811023622047244,0.1811721369794189,0.12825330539036606,0.7024423882785745,0.8999397973785304
0,0.2857142857142857,0.4708661417322834,0.1906663438485732,0.3882799278308632,0.01912903747486484,0.33844000506145894,0.6428571249336552,0.16272009714632665,0.023622047244094488,0.11159054793750796,0.16182666306945148,0.38379348782002937,0.04162971183016613
0,0.0,0.3511811023622047,0.08639108106506574,0.26444565712152673,0.005622035970609603,0.4994719877104224,0.6666666519924662,0.40619307832422585,0.05511811023622047,0.5125025203737094,0.11091179483225434,0.7835340826792395,0.13727026017295063
0,0.0,0.22992125984251965,0.00837088975974043,0.423070748617349,0.10876078440256273,0.30479315171279325,0.5238095028463804,0.639344262295082,0.007874015748031496,0.4133098869715685,0.36797909601542456,0.8048292699110536,0.21232281405895298
0,0.0,0.04,0.09644569268005733,0.23757497633573474,0.19067158813925736,0.3698242141973924,0.2619047404175398,0.3296903460837887,0.023622047244094488,0.4107041924144188,0.27625089497605715,0.9119268730857171,0.8594062115668808
0,0.2857142857142857,0.8047244094488187,0.17374859455870095,0.12092470829871137,0.009906840632951339,0.28028933563910907,0.6190476022771042,0.12325440194292653,0.023622047244094488,0.08270235708654716,0.12825330539036606,0.5037156399962366,0.09871079136039758
0,0.0,0.26456692913385826,0.0045073424373461195,0.2663631308756622,0.3598734015518276,0.4939007476751698,0.28571427628087115,0.5859137826350941,0.11811023622047244,0.1811721369794189,0.09445282401574191,0.7745432087794745,0.4845648981844776
0,0.2857142857142857,0.4110236220472441,0.5201159627358731,0.22477122963749926,0.0033822928927479544,0.6403512608138737,0.6190476022771042,0.2829386763812993,0.05511811023622047,0.08158826720588891,0.13441675020095561,0.5794912404037924,0.14749652448531161
0,0.2857142857142857,0.2818897637795275,0.22559893225881023,0.14272028810022538,0.052654966449224544,0.7520040491671902,0.5238095028463804,0.12082574377656345,0.11811023622047244,0.0575382001887388,0.1996863680859264,0.37463124271595083,0.10982000843584536
0,0.2857142857142857,0.3858267716535433,0.10864343537792986,0.012236538004724701,0.044738913708104004,0.8031595824740322,0.5476190277040613,0.122040072859745,0.11811023622047244,0.015173769437865763,0.14838654375665947,0.32861220738695385,0.046754346763452186
0,0.2857142857142857,0.10834645669291339,0.11133556915381561,0.45595692070513727,0.0762136265828739,0.47736265242650333,0.5476190277040613,0.2100789313904068,0.05511811023622047,0.09211707673009192,0.21923318546677606,0.4121048455984872,0.11614614868224787
0,0.0,0.27244094488188975,0.0875688605835293,0.17651902970919828,0.06009531144942433,0.6870862035283696,0.9047619005692761,0.42987249544626593,0.11811023622047244,0.6593371582414568,0.03407872784078158,0.7659475940209522,0.6185627965690261
0,0.0,0.184251968503937,0.0,0.2917741061277603,0.6210323419595969,0.44873263730872454,0.5714285525617423,0.9398907103825137,0.023622047244094488,0.20139605978822248,0.17451110103465087,0.8187310998896081,0.15354500868062324
0,0.0,0.3228346456692913,0.22069308697090745,0.2187939291325163,0.06189593895133808,0.2931893129957399,0.6428571249336552,0.17789921068609593,0.0,0.5904184068263288,0.06206598654555415,0.8419621556107427,0.5887746588746507
0,0.0,0.1348031496062992,0.1406088545917271,0.35736887115435545,0.03242932894988134,0.29846255408324324,0.5952380774194233,0.34183363691560414,0.0,0.5195368007615659,0.1801816336472596,0.4733030872820057,0.5399476420891239
0,0.2857142857142857,0.14283464566929133,0.0491961422559644,0.32131266385596047,0.21299494355031295,0.029660554806943077,0.49999998018982944,0.23436551305403763,0.2440944881889764,0.19773069269785756,0.18532099943121774,0.397582693601613,0.14895192634888987
0,0.42857142857142855,0.152755905511811,0.4495396027353747,0.0,0.008925577593424444,0.5534165680644136,0.47619045313101843,0.40437158469945356,0.023622047244094488,0.075769344074808,0.2860475897130736,0.4257103896834319,0.13186479038746032
0,0.0,0.22992125984251965,0.3365130025414295,0.28288819110981944,0.002391642180437005,0.112549937508741,0.5476190277040613,0.3084395871281117,0.0,0.142464950278398,0.10831670095291823,0.5585121739104355,0.16854520058036349
0,0.0,0.1732283464566929,0.1412104508627712,0.3136287020380369,0.0023916418658050786,0.609538963244484,0.5952380774194233,0.26958105646630237,0.11811023622047244,0.06139732823859758,0.19781509283648585,0.5789064294054374,0.10074206564874322
0,0.0,0.1343307086614173,0.011669223652156044,0.2961059226352465,0.2892054977524268,0.6872262261273401,0.3571428310437435,0.5318761384335154,0.05511811023622047,0.4701259897631509,0.10005297152605352,0.7224900055107785,0.4522826853627446
0,0.0,0.034488188976377954,0.14457647164740736,0.4176560348568513,0.024837579133862354,0.6496929270550522,0.5714285525617423,0.44019429265330906,0.05511811023622047,0.09576310718281715,0.11657525190483449,0.42520811823039295,0.13221553848722747
0,0.0,0.40629921259842516,0.12527038134667534,0.2536282205060219,0.005616076055346273,0.16659593296230765,0.5238095028463804,0.1742562234365513,1.0,0.08380145074363418,0.20131449428225953,0.7439531782641143,0.10029079815223217
0,0.2857142857142857,0.2110236220472441,0.0716068495251446,0.37488984955157806,0.03587463349313489,0.7762739392580522,0.4047618829602356,0.10989678202792957,0.11811023622047244,0.1257569384648693,0.2071723521019693,0.41281410749397546,0.09530415579035283
0,0.2857142857142857,0.352755905511811,0.062261345195202794,0.1589567893265206,0.1042648042973687,0.6694643344736415,0.4523809172676871,0.1912568306010929,0.2440944881889764,0.0772656548261438,0.38776833324718873,0.4071741938124993,0.35780407033460165
0,0.2857142857142857,0.013070866141732283,0.373246997295805,0.5854140540237213,0.0578851692578179,0.36518340574031605,0.49999998018982944,0.4304796599878567,0.023622047244094488,0.08831810917432556,0.08579978607121815,0.7418936318645994,0.1117221133635668
0,0.2857142857142857,0.11511811023622047,0.08875650775589967,0.3805717472275415,0.11707422513235778,0.06115238654451087,0.6666666519924662,0.32301153612629024,1.0,0.26293672705096444,0.07020581996232111,0.5639670654382606,0.1431034009697646
0,0.0,0.368503937007874,0.38325573576457406,0.3200495522984528,0.02485356715519566,0.7096722982797699,0.3571428310437435,0.3224043715846995,0.11811023622047244,0.419243920941248,0.08413619672136019,0.6483290975195066,0.38115036757282156
0,0.0,0.30236220472440944,0.3331360014486123,0.06870531017960575,0.03213178311036942,0.6271325280877674,0.49999998018982944,0.38372799028536736,0.023622047244094488,0.04070167823834967,0.2820170385293257,0.6517034792420386,0.15933250515375866
0,0.42857142857142855,0.3181102362204724,0.09167185905327999,0.1240604770086473,0.043165934990122126,0.10508603370310102,0.5952380774194233,0.08864602307225258,0.49606299212598426,0.0479600384418967,0.1705852017593771,0.30553893375975,0.26015195219498816
0,0.2857142857142857,0.5480314960629921,0.17094904831818808,0.0665161784330152,0.019133137128864112,0.07649088271400759,0.5952380774194233,0.14450516089860352,0.023622047244094488,0.10700815320236204,0.16422906526929773,0.4839941768729543,0.08301077416940039
0,0.0,0.3574803149606299,0.16759583895276725,0.2880038526352787,0.006764585628179946,0.24495266536874283,0.5714285525617423,0.25197328476017,0.11811023622047244,0.10064218502352623,0.19256691071590468,0.7572251784850031,0.1236880784698466
0,0.0,0.4078740157480315,0.020469983893852527,0.23019407635998196,0.2322096883350528,0.17085904946688185,0.47619045313101843,0.5670916818457802,0.007874015748031496,0.4122228828447664,0.11023624027250542,0.8583935235072904,0.009329893340728524
0,0.0,0.5874015748031496,0.2587758793847162,0.04311078402322273,0.009561337022078037,0.9920250386824223,0.5476190277040613,0.29143897996357016,0.49606299212598426,0.23253476049838945,0.11942944613524913,0.8330447154701555,0.08782955138017992
0,0.2857142857142857,0.4771653543307086,0.4158597231614437,0.018802360682266407,0.012597193734923231,0.21160572566448296,0.47619045313101843,0.3594414086217365,0.0,0.18698516202284365,0.17307661220190163,0.5877793300386156,0.1561022930455035
0,0.0,0.20472440944881887,0.07795831246841652,0.23734876055744725,0.004450154594396972,0.5390024263924007,0.5714285525617423,0.21068609593199758,0.023622047244094488,0.16650198159218205,0.09933314072065075,0.47687441061678393,0.08489138143574647
0,0.0,0.28976377952755905,0.35702322637186457,0.07359338147516006,0.005622035970609603,0.06926897436637415,0.42857140341565636,0.33697632058287796,1.0,0.09432189758523409,0.4012791395975609,0.6797149490077522,0.09988676437995636
0,0.0,0.30236220472440944,0.3770683988637956,0.16453885442017005,0.00478328436087401,0.42854504698499096,0.6190476022771042,0.3612629022465088,0.023622047244094488,0.08569049562942407,0.18654137057316675,0.6220635424327934,0.08708361309584957
0,0.0,0.5779527559055118,0.04040188436584683,0.2803239762563009,0.22347224175562097,0.6557276624273248,0.49999998018982944,0.2665452337583485,0.11811023622047244,0.075769344074808,0.22346083202763223,0.3699131468783711,0.18541460904246046
0,0.0,0.19370078740157481,0.015236273088847795,0.15662326432827894,0.019129730451682446,0.21816231299795988,0.7380952221632491,0.344869459623558,1.0,0.1995168939410216,0.039159837205792726,0.7204140254089464,0.11574260395629717
0,0.0,0.168503937007874,0.09710796993620865,0.28058538747497314,0.01563398333142981,0.3343112808377159,0.47619045313101843,0.3782635094110504,0.007874015748031496,0.24978167779211954,0.19421417846980302,0.7610903450746649,0.6185627965690261
0,0.0,0.2677165354330709,0.15119588081400007,0.04406300031223749,0.026822201026518125,0.5634977234534246,0.5238095028463804,0.06678809957498483,0.023622047244094488,0.18993775916465724,0.13120436387770967,0.5340950161110576,0.6298389007029236
0,0.0,0.3559055118110236,0.21020434944821248,0.1619050638778759,0.0,0.9768487367441943,0.49999998018982944,0.4262295081967213,0.49606299212598426,0.09211707673009192,0.2311702823344648,0.41128742737053375,0.19167489105041252
0,0.42857142857142855,0.1637795275590551,0.3449967688519875,0.4157346462853501,0.007900848939863456,0.5022610070083448,0.42857140341565636,0.2082574377656345,0.007874015748031496,0.07667067722854748,0.23549754475114998,0.2825382126866141,0.11900548028368478
0,0.0,0.1889763779527559,0.07184685858914422,0.12608445654467412,0.029165742435383255,0.7520040491671902,0.49999998018982944,0.37947783849423194,0.11811023622047244,0.18092560517891346,0.18621955883349361,0.890289592754305,0.39316024496371177
0,0.42857142857142855,0.3244094488188976,0.10767414819639377,0.18611660733775168,0.05450490778610189,0.21848417628084882,0.5952380774194233,0.3017607771706132,0.007874015748031496,0.11260540120217694,0.15313903929279127,0.4448793526623974,0.21103868029382028
0,0.0,0.0,0.14625887484839292,0.8037770309608022,0.011939763245768122,0.5128447563950868,0.5476190277040613,0.5276259866423801,0.11811023622047244,0.47730287785360015,0.07599141270533007,0.8474077403758257,0.12434533635388723
0,0.2857142857142857,0.6692913385826771,0.1575003325246774,0.025337060087801865,0.009559695115370808,0.5189355174564836,0.42857140341565636,0.20461445051608987,0.007874015748031496,0.1819095941950422,0.1619198870123078,0.500083235233561,0.09012268959870091
0,0.2857142857142857,0.10440944881889763,0.0739897798572191,0.20384874889830595,0.04947386462709667,0.5336452161442782,0.5238095028463804,0.3843351548269581,0.023622047244094488,0.12190865835136157,0.24182586331694636,0.5102725635428502,0.17200208566031508
0,0.0,0.42519685039370075,0.004359209051588755,0.17069805648749695,0.4176816377976143,0.6214566734670771,0.6666666519924662,0.3412264723740134,0.007874015748031496,0.18852665976938165,0.13163649023663665,0.6424761795571978,0.22659701668904206
0,0.0,0.3070866141732283,0.019154015257732693,0.21524784395936095,0.19850710297305146,0.5873880873678858,0.6190476022771042,0.1323618700667881,0.11811023622047244,0.6008328388993651,0.11307956483273121,0.8494242314028543,0.6680001227913814
0,0.2857142857142857,0.4519685039370078,0.021026190228530285,0.11242599051988585,0.23315028047863065,0.4775227654657541,0.5714285525617423,0.47965998785670916,0.023622047244094488,0.46921766360530776,0.10017561991677425,0.47796735230917325,0.009329893340728524
0,0.0,0.24566929133858265,0.0628391465598383,0.284300824045358,0.07604991100635966,0.4325692676202041,0.38095235370029445,0.5859137826350941,0.11811023622047244,0.3303273469637347,0.08109946837012796,0.8264556665863687,0.36490640860670176
0,0.42857142857142855,0.039212598425196844,0.13476887563933115,0.4200849278393943,0.01660906228044591,0.4751155755300657,0.47619045313101843,0.4019429265330905,0.007874015748031496,0.14054919769480836,0.2100730386690773,0.5700329413021855,0.45292934724307415
0,0.0,0.0,0.8455518879644885,0.8095197741880261,0.0033822928927479544,0.013722507175950076,0.4047618829602356,0.44808743169398907,0.49606299212598426,0.2739813351865655,0.19651137616263828,0.5889269837465273,0.10375917582082425
0,0.0,0.15669291338582678,0.03150588028246922,0.044835556816891387,0.04128748013492676,0.5972069293149492,0.8333333370018835,0.573163327261688,0.2440944881889764,0.28453802376257914,0.06050665601861318,0.7843713821312568,0.18387663985765654
0,0.0,0.0,0.060660941435219745,0.7769483041257624,0.03587463349313489,0.7414202165327674,0.5714285525617423,0.1469338190649666,0.49606299212598426,0.07205010916110394,0.26582350870483523,0.5729154405161352,0.10896947536872843
0,0.42857142857142855,0.3574803149606299,0.37771281007131413,0.0979927129418933,0.015252982160055148,0.5336452161442782,0.5952380774194233,0.36429872495446264,0.49606299212598426,0.024464825499240582,0.3791347160079447,0.6500617322828998,0.07255995608608523
0,0.42857142857142855,0.46141732283464565,0.0937848022361935,0.1296408358864957,0.0,0.8592820609017833,0.5476190277040613,0.18822100789313903,0.11811023622047244,0.06139732823859758,0.3464877755336631,0.33429842298605905,0.35780407033460165
0,0.2857142857142857,0.1622047244094488,0.1139751157096865,0.27843555556566646,0.031018369942331116,0.8482804359070556,0.5714285525617423,0.22647237401335762,0.49606299212598426,0.075769344074808,0.14448514681444763,0.35747612714868343,0.11614614868224787
0,0.2857142857142857,0.5307086614173228,0.1888549871962104,0.17908650533069212,0.03892213080067218,0.36297534425690897,0.4047618829602356,0.22768670309653916,0.007874015748031496,0.14912003837578852,0.19737720122272076,0.3793999382785389,0.24560459681538535
0,0.2857142857142857,0.19370078740157481,0.1940621138294915,0.3309901018629791,0.04087491508870889,0.8242341768358333,0.7142857017078282,0.4225865209471767,0.11811023622047244,0.43810088188289265,0.03390915414956541,0.46576006429767197,0.1349873919272573
0,0.0,0.25196850393700787,0.03952101187195753,0.0769740205894748,0.24432565253874927,0.5748164666132402,0.5476190277040613,0.14268366727383122,0.11811023622047244,0.28817932334989893,0.06526835773243111,0.33369694638930536,0.16880763506458485
0,0.0,0.937007874015748,0.8109697029963334,0.013329293393475545,0.0016911464463739772,0.8031595824740322,0.5238095028463804,0.007285974499089253,0.2440944881889764,0.015173769437865763,0.2836451761194431,0.3027638735463865,0.9309135463804554
0,0.0,0.4125984251968504,0.2307632884617879,0.0020379797949924843,0.002391642180437005,0.0027749226906538384,0.49999998018982944,0.3242258652094718,0.05511811023622047,0.03837559022194163,0.14780454925640266,0.6391730672304153,0.07005251369250752
0,0.0,0.6062992125984251,0.06100598442690929,0.22780834115822857,0.2069851748582662,0.07261381622907985,0.3333332819736318,0.2665452337583485,0.49606299212598426,0.42131959330258195,0.2011695368619479,0.3658349141689217,0.26971343953605964
0,0.0,0.19999999999999998,0.10580045111454896,0.05003636704190144,0.01896144405985935,0.2525179648494993,0.5476190277040613,0.03642987249544627,0.0,0.07667067722854748,0.3975689474459923,0.6820897194808756,0.9022855080770026
0,0.0,0.1984251968503937,0.042070707462464135,0.13811414052886242,0.2368444525829236,0.3692432286336503,0.5952380774194233,0.16879174256223436,0.007874015748031496,0.2607134268984198,0.25428339976540015,0.4969066299491687,0.1693531254864037
0,0.0,0.0,0.0176933328992922,0.9512482959169687,0.01881560744255529,0.9065253417039801,0.49999998018982944,0.4990892531876138,0.11811023622047244,0.3549798246150439,0.1338130904199189,0.7799788529325254,0.5488630992347026
0,0.0,0.3259842519685039,0.2789653790310828,0.21279639101233763,0.016740623260675384,0.9841535819812061,0.6190476022771042,0.3691560412871888,0.49606299212598426,0.17258037926253036,0.09303310152740013,0.30999565179387234,0.1700149681797424
0,0.0,0.18582677165354328,0.11052448233600938,0.3949336481111907,0.03311477033285226,0.3692432286336503,0.38095235370029445,0.201578627808136,0.0,0.2607134268984198,0.3566301178070351,0.818080956035193,0.6356059794919849
0,0.0,0.5338582677165354,0.2834552887191607,0.2206815251521802,0.0488338246310862,0.3005255981068367,0.5476190277040613,0.1092896174863388,0.0,0.2999942361945497,0.2756021385968995,0.7987442394307873,0.7228303462332852
0,0.0,0.6251968503937008,0.1808029498181478,0.019969090952866544,0.04314067791224097,0.8840975007936279,0.6190476022771042,0.22404371584699453,0.2440944881889764,0.14866579266166338,0.28906514802227995,0.7098121230509868,0.11965990577442569
0,0.5714285714285714,0.14771653543307087,0.19674244711204542,0.24017392215978106,0.0016911464463739772,0.28390214623620585,0.5714285525617423,0.3272616879174256,0.023622047244094488,0.024464825499240582,0.2089558610312165,0.2862911106532967,0.32469386133056805
0,0.0,0.31968503937007875,0.15145914117332,0.0040759595899849685,0.0016911464463739772,0.11970349396065826,0.49999998018982944,0.14511232544019428,1.0,0.26715957188353723,0.33582995567257345,0.652286079497749,0.23143604856845393
0,0.5714285714285714,0.095748031496063,0.45877685852047756,0.37179900171209274,0.0016911464463739772,0.2525179648494993,0.5714285525617423,0.4335154826958106,0.05511811023622047,0.028786105386327837,0.31610137325134413,0.4950723628630731,0.14881725521710798
0,0.2857142857142857,0.27874015748031494,0.1443766325817216,0.25520994890641996,0.010204186681190075,0.13840905079884475,0.7380952221632491,0.22525804493017607,1.0,0.38691395113615135,0.1121802648344781,0.34393637043611897,0.09652512107182326
0,0.42857142857142855,0.2692913385826772,0.3768095509734263,0.005362826600510993,0.037814135594404205,0.2349244138808293,0.49999998018982944,0.41044323011536127,0.49606299212598426,0.04343394100507545,0.25479983443099613,0.7397924523885653,0.05695611800569638
0,0.2857142857142857,0.5307086614173228,0.1086100621077258,0.0782092867051096,0.029012853343451897,0.854315171279328,0.42857140341565636,0.1469338190649666,0.05511811023622047,0.09576310718281715,0.18921193118258214,0.3325465470317874,0.09871079136039758
0,0.0,0.06141732283464566,0.1958988962215278,0.4652651430917882,0.0,0.4511054459522758,0.6666666519924662,0.3995142683667274,0.023622047244094488,0.1658271205432769,0.1396741612867914,0.7217158281721768,0.1349873919272573
0,0.42857142857142855,0.5590551181102362,0.1795669562280537,0.1408095633774807,0.00478328436087401,0.18159102412406788,0.38095235370029445,0.22100789313904068,0.0,0.12190865835136157,0.4315416002946451,0.4065711094029131,0.11844050951658167
0,0.42857142857142855,0.004472440944881889,0.4593105510906682,0.5863435245603129,0.002391642180437005,0.06834461709396776,0.47619045313101843,0.432301153612629,0.49606299212598426,0.16650198159218205,0.13882098332724305,0.3934157374513378,0.16272736285813996
0,0.0,0.4110236220472441,0.16968144898867993,0.06307558953073568,0.004450154594396972,0.0027749226906538384,0.5714285525617423,0.022465088038858532,0.023622047244094488,0.009597050088502304,0.22981695712392738,0.7054517810283837,0.6318268740145653
0,0.0,0.28503937007874014,0.0307563340546724,0.33733815358255076,0.07386535075009824,0.5184286500778088,0.42857140341565636,0.25136612021857924,0.023622047244094488,0.233285625275795,0.14233986814410993,0.7556794983426077,0.25505855509571956
0,0.0,0.2094488188976378,0.17552402201504105,0.16205435776046664,0.06995328817106664,0.285243821357137,0.3333332819736318,0.3758348512446873,0.0,0.4266071927333907,0.11125074282346206,0.8326287866581713,0.5824698736511121
0,0.0,0.41417322834645665,0.035447461228131256,0.19328336775149763,0.06873143868279974,0.5278732382015837,0.42857140341565636,0.3114754098360656,0.023622047244094488,0.68816944844307,0.10357933636229037,0.7631256042245654,0.3845370541281872
0,0.0,0.31968503937007875,0.0916940167683993,0.34423100948637025,0.04735210018383944,0.06590712500249743,0.42857140341565636,0.16332726168791742,0.0,0.16032059979936172,0.37704765957520114,0.571792135896793,0.10810388375018368
0,0.2857142857142857,0.33385826771653543,0.4795579977716396,0.3452128324111237,0.008819487640785988,0.7461181606480443,0.6190476022771042,0.39404978749241043,0.11811023622047244,0.12913704056892683,0.11993024283194131,0.5496812464680294,0.09661302714876485
0,0.2857142857142857,0.1889763779527559,0.13616041193894568,0.07780748331083973,0.06550837282750588,0.27595919365186483,0.5952380774194233,0.12021857923497267,0.0,0.46455720339333195,0.1038801208731024,0.5393266226317651,0.5638448907664599
0,0.42857142857142855,0.13448818897637796,0.16063008276367555,0.44540086687137465,0.0,0.9280311035534549,0.5238095028463804,0.21554341226472373,0.2440944881889764,0.14942207004490396,0.10557276437283614,0.3634261168107561,0.13897411794662365
0,0.0,0.39370078740157477,0.21445004741814616,0.018840321140146478,0.05184850189581467,0.30479315171279325,0.5238095028463804,0.172434729811779,0.007874015748031496,0.4133098869715685,0.10811824971548241,0.4348508520155773,0.1878660556318111
0,0.0,0.47401574803149604,0.03591571701094521,0.1212508514490796,0.07331526874128666,0.4231878089876416,0.6190476022771042,0.4711596842744384,0.007874015748031496,0.3696972576681337,0.17083552319967943,0.7339684595975033,0.21138720730819413
0,0.0,0.37480314960629924,0.08326170594950864,0.09119147134761285,0.0286997072664558,0.8614131460297515,0.3571428310437435,0.09350333940497875,0.2440944881889764,0.2745280703523069,0.21472281924006,0.8028508716803651,0.5616053234974706
0,0.0,0.23464566929133857,0.14897008269755208,0.18935534617128016,0.062182697635257904,0.7559780159524755,0.5476190277040613,0.11232544019429265,0.2440944881889764,0.37132942689180903,0.05210385406100973,0.7641547899542495,0.6722123195435615
0,0.0,0.12377952755905511,0.01099127386579838,0.41498049890129185,0.3362344520700736,0.5567988380843709,0.6428571249336552,0.7765634486945963,0.023622047244094488,0.4107041924144188,0.14449780530876605,0.825875230694087,0.24503153640698747
0,0.2857142857142857,0.27874015748031494,0.12247209399499852,0.36493026980390464,0.0436505389487581,0.6127183864157544,0.5476190277040613,0.11596842744383729,0.49606299212598426,0.07485704316367224,0.25603350211918235,0.5721781655739878,0.15577210526832186
0,0.0,0.21259842519685038,0.2725440286833371,0.2799658131227332,0.023653322654725754,0.7172375977605264,0.5952380774194233,0.22343655130540377,0.49606299212598426,0.17566364332001805,0.11726791992854949,0.5236309527840098,0.11558667968630244
0,0.0,0.1984251968503937,0.1256708733051732,0.20702955222641256,0.0218670761915819,0.533045222360105,0.5238095028463804,0.2550091074681239,0.007874015748031496,0.4720527328288179,0.27146381360778893,0.7831456258230571,0.6356059794919849
0,0.0,0.43779527559055115,0.2883408836992716,0.1050993956014894,0.0033822928927479544,0.3615430401609011,0.5476190277040613,0.24772313296903462,0.007874015748031496,0.06812602364358444,0.24224578123603335,0.5266384130664722,0.10954471610865918
0,0.42857142857142855,0.352755905511811,0.5049209455959109,0.1274230397144477,0.0023101489719244495,0.837926061629923,0.6190476022771042,0.2786885245901639,1.0,0.027975373469802615,0.2391742277831951,0.34537753037660884,0.14749652448531161
0,0.42857142857142855,0.015133858267716533,0.37345074654651184,0.5868422135230493,0.0,0.30367352590556823,0.5952380774194233,0.2374013357619915,0.007874015748031496,0.06064528177778071,0.15719738561325364,0.33659268686951516,0.1148345875690476
0,0.0,0.34330708661417325,0.15764006282745416,0.018839632018542392,0.0,0.9703628821901021,0.5238095028463804,0.16636308439587127,0.05511811023622047,0.048908760819014026,0.2089558610312165,0.67039937421451,0.1603354780358037
0,0.0,0.584251968503937,0.21347728239724986,0.04760135632781411,0.08144847571843841,0.8900943029727192,0.5476190277040613,0.2671523982999393,0.007874015748031496,0.08158826720588891,0.1861014451689104,0.6780742842303275,0.09012268959870091
0,0.0,0.03559055118110236,0.07878673761882829,0.5101790275366168,0.09076462479985477,0.4559218792664436,0.6190476022771042,0.4808743169398907,0.007874015748031496,0.0999600314179044,0.15252810458050134,0.8847734652011947,0.450002649510351
0,0.42857142857142855,0.8724409448818897,0.17663502320297433,0.08376677849963345,0.00766999641634236,0.6949625995919754,0.47619045313101843,0.12507589556769885,0.023622047244094488,0.08186822907800598,0.21864984649997599,0.3413491924280797,0.07115129890041706
0,0.0,0.46299212598425193,0.26611621222475157,0.2097836594196098,0.06278436512154074,0.15711516817141474,0.6428571249336552,0.35761991499696416,0.49606299212598426,0.21843174084277991,0.0835936190177682,0.6276490996727391,0.11135871119013689
0,0.0,0.10236220472440943,0.0,0.2949968160117357,0.7963186176835099,0.7479282427191578,0.47619045313101843,0.6095931997571342,0.11811023622047244,0.36262833247117265,0.14840106513470522,0.7678778197056201,0.26580569449820135
0,0.0,0.0,0.7389034035522027,0.8533244003457172,0.0033822928927479544,0.017189058812821473,0.5952380774194233,0.47965998785670916,0.2440944881889764,0.05296721737520844,0.09160950515240825,0.6692954715673297,0.10375917582082425
0,0.0,0.1984251968503937,0.00938427810609203,0.05915084293695855,0.20854315349916322,0.26605756188632584,0.8571428288426135,0.4116575591985428,0.0,0.6965013081152728,0.04894126996878618,0.8715714975969536,0.472117731871203
0,0.0,0.19999999999999998,0.3024256944043536,0.2045581649914471,0.007098475388074884,0.9819756839074464,0.4523809172676871,0.19854280510018216,0.11811023622047244,0.0772656548261438,0.25591701206885686,0.5454933423717151,0.09754506793673627
0,0.0,0.19370078740157481,0.12951400024262222,0.25992726591619714,0.04240786869277042,0.923214697988514,0.42857140341565636,0.11293260473588343,0.2440944881889764,0.34421192045865845,0.28394670692312446,0.8467132889100831,0.7496661723936588
0,0.42857142857142855,0.6456692913385826,0.0911802693208282,0.00948955426249675,0.011958210902185025,0.06714921647282907,0.6428571249336552,0.22343655130540377,0.49606299212598426,0.07299787296985963,0.13331804188738838,0.4271534480798433,0.24125018946724422
0,0.42857142857142855,0.21732283464566926,0.19803634958859767,0.31702451699400414,0.04439350605996821,0.48641456124032384,0.5476190277040613,0.2786885245901639,0.11811023622047244,0.09623864385714687,0.30176098546863644,0.7680785644136047,0.5133683411032096
0,0.0,0.0,0.06759669728606456,0.6885396897075944,0.19639062119983625,0.2796633963277783,0.4047618829602356,0.21311475409836064,0.007874015748031496,0.14054919769480836,0.2411562107374467,0.45759118470853744,0.07812591457393812
0,0.0,0.48503937007874015,0.030185394905798236,0.02848579129833733,0.15590864599094426,0.8308469841030229,0.5952380774194233,0.42744383727990287,0.05511811023622047,0.3244289700844036,0.03974752119222225,0.7578780432534427,0.19299172978853812
0,0.0,0.5653543307086614,0.15094509489860095,0.0763999500647509,0.019129730451682446,0.0027749226906538384,0.6190476022771042,0.2392228293867638,0.49606299212598426,0.15270331978666896,0.10432174395121425,0.8529129533533611,0.06399608249441256
0,0.0,0.0,0.21780180715399822,0.7478082236189179,0.076530668589697,0.3074583095614956,0.5238095028463804,0.3242258652094718,0.0,0.2511666644630612,0.1544017212526084,0.4340976690022313,0.10853992967982512
0,0.42857142857142855,0.16692913385826771,0.2291175265555606,0.3328999545198699,0.006764585628179946,0.6782880891438364,0.5238095028463804,0.13175470552519733,0.11811023622047244,0.021457775890022457,0.2164291751591567,0.294222714171723,0.17244742347013395
0,0.42857142857142855,0.25354330708661416,0.2071649976004816,0.1052724627575746,0.00478328436087401,0.9873329496540225,0.6428571249336552,0.4183363691560413,0.49606299212598426,0.05296721737520844,0.1514167320757236,0.2894008680272288,0.07459228997480197
0,0.0,0.06440944881889762,0.068902495626315,0.4143077759268496,0.22927547818546734,0.6948028195434475,0.5476190277040613,0.7540983606557377,0.05511811023622047,0.5221074373335933,0.0626654135357364,0.7926604457296228,0.22337128750543386
0,0.42857142857142855,0.3511811023622047,0.3767538292473701,0.25870821264226285,0.004450154594396972,0.3426230067730313,0.6428571249336552,0.403157255616272,0.0,0.0625083110356009,0.12943758672065564,0.2634317070522969,0.15098544209955903
0,0.0,0.21732283464566926,0.06610409383019854,0.30115239710997377,0.18878147617119376,0.5928275740737863,0.49999998018982944,0.3995142683667274,0.05511811023622047,0.47914940279538365,0.21199963074112452,0.5708332765187933,0.35599781848660517
0,0.0,0.3070866141732283,0.021426071816683403,0.2651341057182685,0.6196876365699205,0.42580408934807074,0.28571427628087115,0.7644201578627808,0.2440944881889764,0.24539707454852253,0.29818721109607293,0.8591374306773719,0.2833671035103531
0,0.42857142857142855,0.18582677165354328,0.07075760820276707,0.3838673788790579,0.02021813510106135,0.1860239076239336,0.5476190277040613,0.2938676381299332,0.0,0.09432189758523409,0.18397299511793208,0.37960564556267,0.2780053218632408
0,0.0,0.23464566929133857,0.10045850893137122,0.049289927013775416,0.045441203630726575,0.6037483378213082,0.28571427628087115,0.0734669095324833,0.11811023622047244,0.35902785467442555,0.2854695830373095,0.689645233934139,0.6700384271206509
0,0.2857142857142857,0.22992125984251965,0.07233935116106427,0.13672803924902996,0.022316360356754848,0.39060821865502826,0.4047618829602356,0.1657559198542805,1.0,0.16240854348842856,0.3530346496692309,0.45163278494857145,0.08489138143574647
0,0.0,0.2992125984251969,0.0005165746067116832,0.33984549457603475,0.46921963731119326,0.2962262577614588,0.5238095028463804,0.2726168791742562,0.0,0.1927267799209677,0.35707744347417153,0.5864795525011647,0.3396964169542131
0,0.42857142857142855,0.305511811023622,0.24006643881202602,0.15510952862755223,0.072803412938357,0.5022610070083448,0.5238095028463804,0.10382513661202186,0.11811023622047244,0.028786105386327837,0.1996863680859264,0.3550666341022729,0.19437141097944252
0,0.2857142857142857,0.014614173228346454,0.14346196718801618,0.5081368862812856,0.012528250800659595,0.6045721291204826,0.5476190277040613,0.013357619914996965,0.49606299212598426,0.0479600384418967,0.23317194235414204,0.4249747689333334,0.8661247911122678
0,0.2857142857142857,0.2818897637795275,0.1142739237835637,0.04123374189618587,0.09268417058462074,0.456781300572966,0.5238095028463804,0.16089860352155433,0.007874015748031496,0.25125293561560746,0.3766727243163924,0.4842829338737811,0.25203009497350953
0,0.0,0.18582677165354328,0.014606413491829557,0.19649215301874126,0.05574286642899371,0.046029041230911304,0.2619047404175398,0.4893746205221615,0.49606299212598426,0.9180899203231367,0.031046308618758373,0.6335929981977346,0.11574260395629717
0,0.0,0.30393700787401573,0.09903930250946137,0.12212395999037695,0.0023916418658050786,0.6990721213506992,0.47619045313101843,0.40862173649058897,0.023622047244094488,0.5093318282708252,0.24248919234617897,0.8297023817861027,0.43798861522569726
0,0.0,0.25511811023622044,0.17250049529010267,0.39090996469839506,0.10363945761231494,0.03238274286678373,0.2619047404175398,0.5227686703096539,1.0,0.32824905093468676,0.23042871788557653,0.5029436734002796,0.1207042642017346
0,0.0,0.45039370078740154,0.29196351434967965,0.2444625808864777,0.05749897980597908,0.9841535819812061,0.49999998018982944,0.33576199149969643,0.49606299212598426,0.21487530760954535,0.09185983228960269,0.7311584356389277,0.09988676437995636
0,0.0,0.5653543307086614,0.1845585267592717,0.16592071859742993,0.010205551397170264,0.7811171505761848,0.5714285525617423,0.25318761384335153,0.05511811023622047,0.13122559162674008,0.26528520936723476,0.7833031605611674,0.11844050951658167
0,0.0,0.4803149606299212,0.20910299338333113,0.17574509970082455,0.011717600856050545,0.07094692294372677,0.6904761878557976,0.08378870673952642,0.49606299212598426,0.358007000028096,0.05432310117879591,0.8759853766949323,0.7491089856138974
0,0.2857142857142857,0.26141732283464564,0.14312677849838215,0.13950689605031896,0.04114439340065827,0.6931921711661112,0.8095238231498527,0.19368548876745598,0.2440944881889764,0.24847538049379492,0.05051231330595158,0.29940864334824796,0.10982000843584536
0,0.2857142857142857,0.6409448818897637,0.18272864282373597,0.12273308851032383,0.004450154594396972,0.16907996883206833,0.5476190277040613,0.25075895567698847,1.0,0.10507464024764118,0.17116065622746582,0.27692331286247485,0.2932401337374608
0,0.0,0.48503937007874015,0.09078873581874443,0.023574220671714413,0.07548615352087285,0.11339338636025599,0.5952380774194233,0.4268366727383121,1.0,0.5604114572057071,0.16268056453430066,0.7374684362378381,0.3925999405136276
0,0.0,0.24881889763779524,0.06063656794858851,0.35712694871172174,0.033167354766689416,0.47600377278489014,0.6190476022771042,0.20765027322404372,0.007874015748031496,0.05833059122182759,0.37277859091164955,0.5618549250074354,0.230120799230885
0,0.0,0.5291338582677165,0.09759619627373992,0.009521215940377995,0.0033822928927479544,0.7695975585120197,0.5238095028463804,0.3272616879174256,0.11811023622047244,0.17258037926253036,0.35873970544816264,0.5678082230536059,0.392773001781932
0,0.2857142857142857,0.4881889763779527,0.13189073150088287,0.015097657157167689,0.0,0.42163671045124684,0.5238095028463804,0.2459016393442623,0.007874015748031496,0.04937626121979476,0.2361730765233304,0.3239981865108028,0.24560459681538535
0,0.2857142857142857,0.07070866141732284,0.27602193162377076,0.5067485953578418,0.09492808615377257,0.2097226492519918,0.8333333370018835,0.6733454766241651,0.05511811023622047,0.2831867522547015,0.06835277476770456,0.5158990272515926,0.11906210777274842
0,0.42857142857142855,0.5181102362204724,0.39676520248146063,0.11880828978217502,0.0033822928927479544,0.377389485928922,0.47619045313101843,0.09714632665452337,1.0,0.027140394318664482,0.3046043043319701,0.6128116772230401,0.16833118168232974
0,0.0,0.09874015748031496,0.00040364502997045554,0.20954599303750204,0.47758556651208806,0.3729120371706444,0.7380952221632491,0.7030965391621129,0.0,0.45774558356154416,0.03453593761576797,0.8143724429785315,0.3462245944636838
0,0.0,0.10755905511811024,0.011237765571501199,0.36734459359930205,0.23435775915366527,0.1305903953265862,0.4523809172676871,0.331511839708561,1.0,0.6563307449233062,0.07687672113650575,0.6994698360862646,0.6256424756947288
0,0.0,0.0,0.03178079362895434,0.6095523249939192,0.18909557322318699,0.8566493252497984,0.47619045313101843,0.3910139647844566,0.11811023622047244,0.5460344192149986,0.01909862464673059,0.7842057928692451,0.7014739173612168
0,0.42857142857142855,0.21732283464566926,0.3274258597129886,0.3873021239922189,0.0,0.9841535819812061,0.47619045313101843,0.4620522161505768,0.49606299212598426,0.08675122795912532,0.1762379543716403,0.4889598913464823,0.04936595602428203
0,0.0,0.0,0.041247257466164505,0.74333677230607,0.060666045897876136,0.9761871951747424,0.5476190277040613,0.10989678202792957,0.49606299212598426,0.34923740102368483,0.10155382915214645,0.832776226186862,0.9344175632999913
0,0.42857142857142855,0.0,0.7319515396464785,0.6213632247175311,0.0,0.12764644377007656,0.5476190277040613,0.46569520340012144,1.0,0.10154447261386718,0.3539256037205099,0.6254736052324166,0.1058078112537119
0,0.0,0.21732283464566926,0.04937949877913215,0.16103223022690205,0.09602426378488993,0.22340491893895836,0.42857140341565636,0.20522161505768063,0.0,0.6970253805764302,0.12969064266918157,0.434196333055089,0.25505855509571956
0,0.42857142857142855,0.2629921259842519,0.31315681889218294,0.1573435243707334,0.002391642180437005,0.7880631428108412,0.49999998018982944,0.21372191863995144,0.49606299212598426,0.0639593914082526,0.15416066295891354,0.40763764586147594,0.09647837639391318
0,0.0,0.18582677165354328,0.13654410599691408,0.43740117929844574,0.044703564811187806,0.6174105309426079,0.7380952221632491,0.5707346690953249,0.05511811023622047,0.3247493880863174,0.07508512831732252,0.5459622826279564,0.031246911939904042
0,0.0,0.1748031496062992,0.2917809754684529,0.3191907475329541,0.06982268445847283,0.7683931033181416,0.3571428310437435,0.31693989071038253,0.11811023622047244,0.40333703676770744,0.10962655317959251,0.7252491669287866,0.4282692066754701
0,0.0,0.23464566929133857,0.5157685363751479,0.36605857135517705,0.012386621598789546,0.7782612001429641,0.5238095028463804,0.46265938069216755,0.2440944881889764,0.05833059122182759,0.3097623274376622,0.8943540662962451,0.08112872014100916
0,0.0,0.3385826771653543,0.08208264211011132,0.08120567654205414,0.1093646259954561,0.7905829113600894,0.49999998018982944,0.25925925925925924,0.11811023622047244,0.47248371673313283,0.11612441125525226,0.5688157651490057,0.19968730377971372
0,0.0,0.14614173228346455,0.06594593797263963,0.3091922565860404,0.17337465079789083,0.6795399955157249,0.19047615483884656,0.3284760170006072,0.11811023622047244,0.2678827745265416,0.45329837316221283,0.6940479047215062,0.29700915263442473
0,0.2857142857142857,0.0768503937007874,0.02676225808034966,0.4483592554908394,0.24959377871999552,0.3814652923769543,0.9285714144213068,0.5664845173041895,0.007874015748031496,0.4978994131247841,0.033801334769065605,0.537858272102719,0.29700915263442473
0,0.0,0.2944881889763779,0.35814035669534305,0.22509883255027507,0.00478328436087401,0.9505915580191936,0.5952380774194233,0.36065573770491804,0.023622047244094488,0.015173769437865763,0.29875983990566385,0.6474648053635894,0.07255995608608523
0,0.2857142857142857,0.10283464566929133,0.0,0.3096633806846134,0.755758944120426,0.6370565951032604,0.6428571249336552,0.567698846387371,0.05511811023622047,0.5098915165047292,0.03226667178505839,0.5872995215860158,0.26580569449820135
0,0.0,0.3244094488188976,0.5528440206213621,0.31555677328809206,0.007900848939863456,0.326233924872853,0.5238095028463804,0.4432301153612629,0.0,0.021457775890022457,0.39715178112580535,0.527316616346763,0.04936595602428203
0,0.42857142857142855,0.5779527559055118,0.15689184415515714,0.14502862745744838,0.00827683251859396,0.377389485928922,0.5238095028463804,0.22586520947176686,0.007874015748031496,0.08130732817248941,0.12395461288772541,0.32738196775450973,0.2932401337374608
0,0.0,0.2692913385826772,0.1277508755635435,0.08696803177201316,0.09213575927133763,0.28655175341814976,0.5714285525617423,0.36065573770491804,0.007874015748031496,0.22320869603301438,0.1277423625287859,0.43571370641578855,0.20889777812092525
0,0.0,0.1464566929133858,0.0,0.4411942012928945,0.6656638560596694,0.06775259566268484,0.30952376812160115,0.5725561627200971,1.0,0.6052119675607245,0.020896603681994357,0.5341406223404418,0.32464261335108074
0,0.0,0.39999999999999997,0.15108312760885637,0.15185958564359692,0.08753481795554062,0.1031110879250904,0.38095235370029445,0.1469338190649666,1.0,0.30230645182615534,0.2425157569541928,0.843270606061646,0.779627310225548
0,0.2857142857142857,0.4188976377952756,0.11059012258016769,0.24922766245970723,0.11826179547225779,0.6097780783327377,0.38095235370029445,0.41226472374013357,0.11811023622047244,0.4716996945802875,0.037254158424763935,0.46110388471388336,0.11968411356751946
0,0.0,0.22677165354330708,0.19013652331525704,0.017154636802581922,0.036570062080025376,0.6660820089552304,0.5476190277040613,0.222829386763813,0.11811023622047244,0.11159054793750796,0.17950080946228808,0.8174219228309825,0.08797166009148977
0,0.0,0.2062992125984252,0.0,0.12044695839544432,0.6266102232722539,0.4785379986813567,0.6904761878557976,0.35154826958105645,0.023622047244094488,0.663097204616333,0.054033676270896086,0.6455397277719335,0.26580569449820135
0,0.0,0.2866141732283464,0.050599409110642084,0.06302533104852079,0.2123400057325937,0.5144670871969507,0.5238095028463804,0.41044323011536127,0.007874015748031496,0.3635214537515556,0.1323716171974152,0.5115846006531493,0.16220455195964886
0,0.0,0.13606299212598424,0.10520524465805145,0.43751549575711524,0.08304509115988115,0.47683619409363254,0.5238095028463804,0.23436551305403763,0.007874015748031496,0.2950906838724178,0.13470266012640966,0.93703681269905,0.910784603407526
0,0.0,0.3590551181102362,0.2123749281225339,0.13269900021441444,0.005073439024490005,0.3350577072922748,0.7142857017078282,0.3594414086217365,0.007874015748031496,0.5079636578638138,0.039961617804521586,0.42987230595886666,0.10261517420477068
0,0.2857142857142857,0.4866141732283464,0.11881467859296412,0.29853136527028074,0.012528264172516462,0.3319097794935433,0.6428571249336552,0.14025500910746813,0.0,0.119842137838825,0.09421773606500193,0.4895564981255221,0.07100686721906282
0,0.2857142857142857,0.41417322834645665,0.14472629849297017,0.046143830958754885,0.014671974979210696,0.5022610070083448,0.6190476022771042,0.16332726168791742,0.2440944881889764,0.03837559022194163,0.15170888009806277,0.6918682825309311,0.18278366207485788
0,0.42857142857142855,0.6708661417322834,0.17849698337173156,0.10344623363288795,0.04648493998553323,0.8031595824740322,0.5238095028463804,0.0692167577413479,0.11811023622047244,0.075769344074808,0.14448514681444763,0.6309780452230135,0.2703297397903709
0,0.0,0.21259842519685038,0.15206394824669847,0.046931029638674675,0.007174927013258904,0.09626225405860192,0.5952380774194233,0.23436551305403763,0.0,0.20552966893032035,0.13163649023663665,0.8700910420924471,0.06864546628432616
0,0.0,0.1826771653543307,0.4679709814678847,0.14014006325510714,0.019562244735185322,0.852808110766034,0.49999998018982944,0.024286581663630843,0.11811023622047244,0.3902404725742023,0.04906893732147563,0.46664672669559554,0.8984115276125082
0,0.0,0.0,0.043053639600217596,0.688930725932262,0.09607846699998772,0.7294436501999053,0.4523809172676871,0.5385549483910139,0.023622047244094488,0.10154447261386718,0.3406733793040322,0.7572226894670605,0.37104903421960034
0,0.42857142857142855,0.029763779527559053,0.11599521266192934,0.5822061029064248,0.014374330817221819,0.850618419270839,0.49999998018982944,0.21918639951426835,0.05511811023622047,0.04126265558142955,0.1908400630758074,0.3488831328158835,0.10361617052458501
0,0.0,0.30866141732283464,0.48724576485635057,0.2607143906600989,0.002391642180437005,0.29146747346618923,0.5714285525617423,0.4408014571948998,0.0,0.03955578619959046,0.3549904667979179,0.6183397396944841,0.21248354728447807
0,0.42857142857142855,0.0,0.34094359186162704,0.614556305216224,0.0033822928927479544,0.6841739776629823,0.5714285525617423,0.21372191863995144,0.05511811023622047,0.05793575815320236,0.39013391073629045,0.3529640941692266,0.1148345875690476
0,0.0,0.25039370078740153,0.32642892148323044,0.15749161442328674,0.030969464342291846,0.5388930389399351,0.6190476022771042,0.06314511232544019,0.023622047244094488,0.3850554854074494,0.1607446751342932,0.6496391094040261,0.8733258963651132
0,0.0,0.0,0.38255879455926045,0.6474012153185571,0.0,0.5721921944754619,0.6428571249336552,0.025500910746812388,0.05511811023622047,0.1789403977067078,0.1684516643837245,0.5192633137647051,0.7774043501546828
0,0.0,0.5039370078740157,0.06486050875894162,0.09875053816890056,0.05979105451092512,0.4900549268197388,0.5238095028463804,0.273224043715847,0.007874015748031496,0.18614947220895467,0.25083515641097637,0.3916324256642424,0.19373304250970994
0,0.0,0.4755905511811024,0.07174774970441544,0.26337672240115373,0.2879135640025837,0.16346350865664883,0.42857140341565636,0.2562234365513054,1.0,0.3257083489651593,0.2804039977033595,0.7515225755627971,0.21211641613281912
0,0.0,0.49291338582677163,0.5553724797744884,0.014346947797948408,0.00765976773241939,0.3310503859362478,0.47619045313101843,0.4329083181542198,0.2440944881889764,0.07076648902852402,0.30266123115098353,0.8172332057997643,0.10002599994410609
0,0.0,0.21732283464566926,0.02234271455598482,0.0990133238391903,0.0496498933240454,0.06266877079804556,0.28571427628087115,0.6381299332119005,0.49606299212598426,0.7939422404717479,0.09284061493602702,0.7639870363288093,0.23672816149116582
0,0.0,0.4283464566929134,0.05719616781522259,0.16284019336354094,0.0546147654560574,0.3718131400359186,0.4523809172676871,0.6690953248330298,0.023622047244094488,0.37408332768659436,0.29228750960364985,0.8027858325593414,0.35071312276649097
0,0.2857142857142857,0.2629921259842519,0.06921762474888982,0.05049017115429859,0.026997887561247037,0.9669806399193718,0.7857142740797411,0.14571948998178508,0.11811023622047244,0.3439134627620982,0.03939800717517639,0.43438395244485417,0.21294673528516406
0,0.0,0.25826771653543307,0.055084711138419534,0.11255654446559521,0.11062263455784932,0.37271462917043136,0.7619047514231901,0.2610807528840316,0.023622047244094488,0.6265760392616379,0.10131504391841246,0.8602298312789041,0.6395598578998469
0,0.0,0.1732283464566929,0.10079692749741291,0.32655235779117847,0.00939620992808458,0.27619019209124834,0.42857140341565636,0.20522161505768063,0.0,0.37510273621686124,0.14317578452049676,0.8114449868442261,0.6152929105776451
0,0.42857142857142855,0.24566929133858265,0.40938234590246947,0.036683636878603314,0.007103883910887429,0.0027749226906538384,0.5476190277040613,0.007893139040680024,0.0,0.03837559022194163,0.37277859091164955,0.8333428874518959,0.8984115276125082
0,0.0,0.6047244094488189,0.04755244988668729,0.1659974983084766,0.12161533918737495,0.26310171423624135,0.49999998018982944,0.22100789313904068,0.0,0.07205010916110394,0.27521930744559514,0.4111599772840782,0.26971343953605964
0,0.2857142857142857,0.6314960629921259,0.19804491384749745,0.05094949392691444,0.08310668035944808,0.6271325280877674,0.5238095028463804,0.07650273224043716,0.05511811023622047,0.020356855994936113,0.5204087309547941,0.38862357400529024,0.2703297397903709
0,0.0,0.26614173228346455,0.40256890254649047,0.009521215940377995,0.012188619008110267,0.4328410712977537,0.5238095028463804,0.20947176684881602,0.023622047244094488,0.15791923524424487,0.38117830515371715,0.35538893873623995,0.1167072682095406
0,0.0,0.08976377952755905,0.06087442800033265,0.2633952158846416,0.10294918662927581,0.22474659405988948,0.49999998018982944,0.34790528233151186,0.0,0.24495379865767372,0.12316518315113982,0.8915375956266007,0.3727966208855119
0,0.2857142857142857,0.1215748031496063,0.5592417191182488,0.3805562396217054,0.03109134803104914,0.6745913093861206,0.5714285525617423,0.024893746205221615,0.023622047244094488,0.09211707673009192,0.2622731485589363,0.7772370682608998,0.8793939424134299
0,0.2857142857142857,0.25354330708661416,0.37759385143433216,0.19878216951405644,0.03395180295105869,0.8055324188668103,0.47619045313101843,0.36065573770491804,0.2440944881889764,0.20139605978822248,0.28014908456799836,0.6870815145337159,0.15824215599495756
0,0.0,0.11590551181102361,0.005044878115400178,0.4978657136124361,0.419185688526349,0.3225935592934381,0.6428571249336552,0.5179113539769278,0.007874015748031496,0.2760833475190433,0.0640384158116995,0.8171654766841941,0.4377516926581033
0,0.0,0.3118110236220472,0.3992219176869812,0.23449234676902445,0.009566568564432056,0.7234089148276328,0.5476190277040613,0.25197328476017,0.05511811023622047,0.10700815320236204,0.14336796347969472,0.6817268484923648,0.11900548028368478
0,0.0,0.2078740157480315,0.09492885243508521,0.35561760177719437,0.03915797259996407,0.8062167425515525,0.49999998018982944,0.05525197328476017,0.49606299212598426,0.1569192315256607,0.11304025627701692,0.6051805646471703,0.7129613302614296
0,0.0,0.0,0.027866943206819667,0.6178129972315701,0.0872071681333234,0.014980987617184985,0.47619045313101843,0.5367334547662417,1.0,0.0625083110356009,0.23039242868269247,0.8168124999284987,0.41620586021969935
0,0.0,0.2062992125984252,0.07551449133642875,0.33121427966128203,0.1039923330492207,0.5453392120995509,0.38095235370029445,0.43594414086217365,0.05511811023622047,0.1779389829920224,0.13498241740836064,0.683397072290326,0.6774548961489242
0,0.0,0.39370078740157477,0.3088288544442209,0.04350405065110143,0.012705299691629248,0.7008484881111212,0.5714285525617423,0.025500910746812388,0.023622047244094488,0.015173769437865763,0.16311188763143694,0.6800314253202013,0.7351869574686904
0,0.0,0.19370078740157481,0.34245266895877685,0.38432436982341234,0.083484309463153,0.098683252009599,0.49999998018982944,0.04007285974499089,0.0,0.25805032153357715,0.13642391341843282,0.7578049186890402,0.7988533106668513
0,0.2857142857142857,0.3779527559055118,0.4152201313364389,0.15943532598485147,0.009566568564432056,0.39498305077220547,0.5952380774194233,0.3242258652094718,0.023622047244094488,0.06139732823859758,0.11071961587305641,0.3209682725037446,0.16516847834387233
0,0.2857142857142857,0.28818897637795277,0.08304035132917044,0.20594146049418455,0.07993974483980043,0.725198628966197,0.3333332819736318,0.15846994535519127,0.11811023622047244,0.43661572068640103,0.2667832071534772,0.3992817343526496,0.3038826376032956
0,0.42857142857142855,0.584251968503937,0.15753207178260437,0.10430055484242055,0.10096013078619911,0.12764644377007656,0.5476190277040613,0.2416514875531269,0.023622047244094488,0.020356855994936113,0.1996863680859264,0.5104502423205834,0.2932401337374608
0,0.0,0.24409448818897636,0.028107874184360837,0.094577191193424,0.31763502507773766,0.9174473819159398,0.47619045313101843,0.46751669702489373,0.2440944881889764,0.16032059979936172,0.16902639534651234,0.4821255118680859,0.23208134519445914
0,0.0,0.3511811023622047,0.05029067361742852,0.15081050937935261,0.029051324962236304,0.7468771020039381,0.42857140341565636,0.1979356405585914,0.11811023622047244,0.29162248437781474,0.10610080930459811,0.37241457899127245,0.35780407033460165
0,0.42857142857142855,0.2062992125984252,0.28466835527318013,0.26603698772529394,0.0263415299669605,0.377389485928922,0.5714285525617423,0.16332726168791742,0.023622047244094488,0.07455043557015811,0.19333024298963128,0.3389860322187759,0.10186982685141653
0,0.0,0.3811023622047244,0.051217788022957046,0.04795497239627203,0.010205551397170264,0.3826872295837838,0.38095235370029445,0.1493624772313297,0.007874015748031496,0.20172573293293822,0.2528842430576567,0.4771894955527433,0.18541460904246046
0,0.0,0.23937007874015748,0.012860845861396594,0.0857973554034243,0.08019059300881567,0.22251028386349156,0.4523809172676871,0.26533090467516696,0.0,0.4166880140942603,0.22005027931155713,0.586183668560763,0.4029324908939828
0,0.5714285714285714,0.7748031496062993,0.8195976057205943,0.09396658395311622,0.0,0.4580137824860199,0.5238095028463804,0.009107468123861567,0.023622047244094488,0.06978812953563973,0.14918151087239787,0.354351528425528,0.846475622961218
0,0.0,0.24881889763779524,0.10046159893124153,0.2671820575862999,0.16669904229187965,0.8371311295267313,0.4523809172676871,0.12386156648451731,0.05511811023622047,0.32107377423070754,0.0686851941205284,0.8153123023375775,0.9022855080770026
0,0.2857142857142857,0.721259842519685,0.18359129321962472,0.0971389415130077,0.03713125295557366,0.4909237273649556,0.42857140341565636,0.29508196721311475,0.11811023622047244,0.13412692602000761,0.11907705917550084,0.47669428920032436,0.08782955138017992
0,0.0,0.3637795275590551,0.3308151699410916,0.22535411087104024,0.020807041902994573,0.07649088271400759,0.5476190277040613,0.4432301153612629,0.49606299212598426,0.021457775890022457,0.4293601691468345,0.6655774353115833,0.08748968456114681
0,0.2857142857142857,0.1984251968503937,0.2653488177507904,0.3564284808366372,0.047253648707790946,0.041724410495423594,0.5714285525617423,0.11657559198542805,1.0,0.07902342129575304,0.142082727523925,0.4799676415299663,0.09652512107182326
0,0.0,0.1795275590551181,0.0003371203846146999,0.19525088102348684,0.47609450221610994,0.7008484881111212,0.38095235370029445,0.6320582877959927,0.2440944881889764,0.28281007000854447,0.21455397475103682,0.8640907155209253,0.11436178165730079
0,0.2857142857142857,0.39842519685039374,0.1333329666872582,0.01606327956289026,0.017189872816336445,0.31462110928089543,0.5476190277040613,0.0904675166970249,0.11811023622047244,0.0880589238582707,0.2614926914274594,0.5000164955412723,0.17784806392316366
0,0.2857142857142857,0.20472440944881887,0.04456241405540484,0.17050958599431906,0.014863990910912913,0.7968394463030259,0.49999998018982944,0.22586520947176686,0.11811023622047244,0.5021121144861165,0.19155358172472733,0.604518161219907,0.13068015717256073
0,0.42857142857142855,0.46141732283464565,0.10572930482123906,0.015097657157167689,0.03410746945631918,0.653389762311222,0.47619045313101843,0.13904068002428657,0.49606299212598426,0.04126265558142955,0.27084993360226645,0.3410415127069932,0.23143604856845393
0,0.0,0.2220472440944882,0.0,0.19318751633938605,0.6628335845669265,0.4087736950648555,0.5952380774194233,0.28233151183970856,0.05511811023622047,0.06912812836221983,0.29297916927745743,0.44874391632224686,0.22659701668904206
0,0.2857142857142857,0.27244094488188975,0.0917454722600666,0.20623385848759895,0.2297514690951217,0.7860378377358407,0.5714285525617423,0.16939890710382513,0.2440944881889764,0.11260540120217694,0.18440669951597977,0.4127540773283147,0.2331116842937811
0,0.42857142857142855,0.21732283464566926,0.26187274592139087,0.24884116666486567,0.06443338565662267,0.5881830472203045,0.38095235370029445,0.16514875531268974,0.007874015748031496,0.08380145074363418,0.2177034559913556,0.3038274788384777,0.10186982685141653
0,0.0,0.15748031496062992,0.0,0.037467801338090266,0.7497348439441377,0.029920345844164777,0.6190476022771042,0.3175470552519733,0.49606299212598426,0.5270243972175074,0.030119669804850587,0.4659173980591782,0.22747069794888167
0,0.2857142857142857,0.4283464566929134,0.07980058183553113,0.28123221388514624,0.2028587456820701,0.8454913611106795,0.5952380774194233,0.11839708561020036,0.11811023622047244,0.034593560817030786,0.30176098546863644,0.45817516088099863,0.07100686721906282
0,0.42857142857142855,0.24881889763779524,0.12430426046130265,0.08201148055738658,0.0513568399564927,0.2701115158181693,0.47619045313101843,0.1135397692774742,0.023622047244094488,0.08675122795912532,0.13948233553490566,0.3654267925250184,0.07709610527480171
0,0.2857142857142857,0.34330708661417325,0.3114478264330542,0.1294997697556566,0.01113093737975161,0.5486001347502458,0.6190476022771042,0.39404978749241043,0.11811023622047244,0.0999600314179044,0.10086802588345113,0.3533460579351237,0.11135871119013689
0,0.42857142857142855,0.15039370078740158,0.09707619253013514,0.3111236170410009,0.027212381584341652,0.9703628821901021,0.49999998018982944,0.24893746205221615,0.49606299212598426,0.1460639117191593,0.10989592502718591,0.3290134803665801,0.0665007943793417
0,0.0,0.17165354330708663,0.07118358948118267,0.14044461329661556,0.11015969300733691,0.6996879876926628,0.4047618829602356,0.22161505768063144,0.2440944881889764,0.39985695846258856,0.3132031363478531,0.8486981183921019,0.6298389007029236
0,0.0,0.3622047244094488,0.39849503018662835,0.46018080958423124,0.0033822928927479544,0.9211228225181646,0.5952380774194233,0.37037037037037035,0.2440944881889764,0.19581361795101054,0.0810257107076884,0.41561496382745783,0.15824215599495756
0,0.2857142857142857,0.004834645669291338,0.11674998009938355,0.6011854882175373,0.052811916652744206,0.6153768733503084,0.5952380774194233,0.24043715846994534,0.023622047244094488,0.18227710393360097,0.2555060382704179,0.3383087410630729,0.10349123956544527
0,0.42857142857142855,0.2929133858267716,0.21150012118394554,0.4387878493168786,0.011923859388475094,0.5759769670316985,0.6190476022771042,0.28415300546448086,0.11811023622047244,0.021457775890022457,0.2227852945585597,0.3756873902300573,0.45056986173977764
0,0.0,0.2755905511811023,0.016943522813481757,0.42616905641147557,0.3275424776697856,0.16370550133973266,0.4047618829602356,0.29326047358834245,1.0,0.26699855718934534,0.05247093330556774,0.876216453410392,0.11436178165730079
0,0.0,0.09181102362204724,0.0,0.36651993210777745,0.7961182758044587,0.8225616754317224,0.6190476022771042,0.44687310261080754,0.49606299212598426,0.3163573906447033,0.10135261492202634,0.4781740799360634,0.21180581058557274
0,0.2857142857142857,0.47401574803149604,0.1115775937115578,0.17363287089197738,0.006764585628179946,0.6841739776629823,0.5476190277040613,0.0880388585306618,0.05511811023622047,0.05793575815320236,0.15980563361652372,0.5338438417351912,0.26015195219498816
0,0.0,0.4551181102362204,0.07631769420394864,0.117951086963734,0.0488338246310862,0.5235358120422765,0.3333332819736318,0.22829386763812992,0.05511811023622047,0.4761047293779717,0.07615133016438164,0.30330974764666446,0.10289814863464734
0,0.0,0.184251968503937,0.1431790351011269,0.36682223563181454,0.010205551397170264,0.5322686602451255,0.49999998018982944,0.1955069823922283,0.007874015748031496,0.4166880140942603,0.23485954980123067,0.7178666160329303,0.5678083463315223
0,0.0,0.152755905511811,0.060412981661677315,0.5093408679823107,0.04849949202675504,0.31901202207506496,0.4523809172676871,0.3175470552519733,0.0,0.1874608928899018,0.5554697408640092,0.4651868326436589,0.23208134519445914
0,0.0,0.27716535433070866,0.4155002658925814,0.18523556489297952,0.005622035970609603,0.377389485928922,0.5952380774194233,0.4238008500303582,0.023622047244094488,0.12172227878142822,0.3715765409747987,0.34249842302934635,0.13258507411665166
0,0.2857142857142857,0.34488188976377954,0.05034666238051047,0.06052490876011004,0.01014687804898001,0.3409435791618845,0.5952380774194233,0.2204007285974499,0.007874015748031496,0.20692334262703924,0.1262322759374383,0.3612839226477536,0.35565966332970994
0,0.0,0.12614173228346456,0.09189435175999017,0.18990475713819077,0.0380151806758105,0.05393047819687743,0.49999998018982944,0.11293260473588343,0.023622047244094488,0.030342553907075062,0.15547052657937208,0.6612926450323701,0.08352616786529371
0,0.2857142857142857,0.2220472440944882,0.06493219548432759,0.24482602381005192,0.06262238238036043,0.3339834792202689,0.30952376812160115,0.2501517911353977,0.0,0.17489821408798004,0.2441573335128508,0.5339860867916537,0.3524153911396074
0,0.0,0.21732283464566926,0.11838536570975008,0.40137680240371687,0.09426737484020631,0.07540932884609834,0.5952380774194233,0.2034001214329083,1.0,0.3083045280786158,0.06202814209111791,0.30505001179114277,0.24634554275181333
0,0.0,0.4078740157480315,0.18229212629884903,0.14763522281566935,0.1042474916756258,0.5716809427189358,0.5238095028463804,0.3679417122040073,0.49606299212598426,0.07931254947782815,0.24080235967642039,0.810655365226589,0.10261517420477068
0,0.42857142857142855,0.33385826771653543,0.3231539666824261,0.2882489505350977,0.009559695115370808,0.5248214059756295,0.5476190277040613,0.1135397692774742,0.11811023622047244,0.03392214978787543,0.2194302979345608,0.4067300818967294,0.20425497607947066
0,0.0,0.20472440944881887,0.016354748770294494,0.011528554184958722,0.025590419394918757,0.7426623829260116,0.5714285525617423,0.20218579234972678,0.49606299212598426,0.08158826720588891,0.351040526637845,0.7917771071755357,0.6585906473497035
0,0.2857142857142857,0.7196850393700787,0.05456551931453375,0.07242012113753028,0.04242109109947183,0.385749745262097,0.6190476022771042,0.453551912568306,0.0,0.1286094230575356,0.11419674816748412,0.33862622225854233,0.3925999405136276
0,0.0,0.2677165354330709,0.12813128252288442,0.10049393999542355,0.10843688656606625,0.5840543229965612,0.5952380774194233,0.36065573770491804,0.05511811023622047,0.12629683556751378,0.1387277365968182,0.4769176051269194,0.19968730377971372
0,0.0,0.03496062992125984,0.07039643426731017,0.5104185328401991,0.08242916770101912,0.1871622641593205,0.47619045313101843,0.23436551305403763,1.0,0.5651900444412125,0.11523338884126769,0.8102991110062735,0.9344175632999913
0,0.0,0.19999999999999998,0.032845293497851875,0.022673929269013546,0.1705201998416143,0.6177908618465889,0.5476190277040613,0.2671523982999393,0.007874015748031496,0.22826037195757837,0.0810257107076884,0.4060786085047795,0.11574260395629717
0,0.42857142857142855,0.22834645669291337,0.14318579368109013,0.18130898411721624,0.009566568564432056,0.5985373937482101,0.3571428310437435,0.4013357619914997,0.11811023622047244,0.075769344074808,0.37868217198761484,0.2813051810253474,0.19143407648914784
0,0.2857142857142857,0.34015748031496057,0.37474802513403355,0.0673687081159567,0.027879088995842766,0.69362661306256,0.5952380774194233,0.38372799028536736,0.023622047244094488,0.1331103973265859,0.1684516643837245,0.45217719964950914,0.18898250763821586
0,0.2857142857142857,0.30236220472440944,0.23691828845034346,0.2392175028925097,0.11619126569187402,0.1733217101071564,0.3571428310437435,0.13904068002428657,1.0,0.30445971864365884,0.2056144002229244,0.36309164536237365,0.10982000843584536
0,0.0,0.3291338582677165,0.4069431915604092,0.24474310172212152,0.004682790451676154,0.22537253337122026,0.6666666519924662,0.25925925925925924,1.0,0.14054919769480836,0.10610080930459811,0.5463807622968385,0.11900548028368478
0,0.0,0.31338582677165355,0.04293386967931905,0.11099993535337908,0.1153687549102245,0.6552277323553766,0.3333332819736318,0.2392228293867638,0.11811023622047244,0.1913377028074484,0.2559521960746672,0.5875406625914177,0.348303999061194
0,0.2857142857142857,0.30866141732283464,0.1509060629866591,0.27637703463864527,0.01691146446373977,0.2669321065215123,0.5714285525617423,0.44687310261080754,0.0,0.2097858467381406,0.22234364869287934,0.43403793257160733,0.392773001781932
0,0.0,0.4110236220472441,0.06810690967205565,0.023574220671714413,0.0,0.6271325280877674,0.5238095028463804,0.14025500910746813,0.11811023622047244,0.06778866955669519,0.21342801820239982,0.2519060080038778,0.19247810888557337
0,0.2857142857142857,0.4976377952755905,0.22086640035869431,0.20292413159777062,0.10251541145832842,0.09211558995966372,0.4523809172676871,0.25986642380085,1.0,0.15226022569326803,0.2460515900251539,0.2933581282807691,0.23143604856845393
0,0.0,0.4078740157480315,0.12649730839394013,0.14176754667590297,0.06345373589229772,0.4087736950648555,0.42857140341565636,0.1706132361870067,0.05511811023622047,0.034593560817030786,0.3446038076085513,0.8621541049641438,0.2054168482633216
0,0.0,0.1530708661417323,0.4450360232947842,0.34542585345388316,0.07562705670957302,0.2692898473348532,0.28571427628087115,0.10443230115361263,0.0,0.3948365393037819,0.21609189066045167,0.8327873726585182,0.6089114265887823
0,0.42857142857142855,0.14740157480314958,0.2145066084034263,0.2728663439643848,0.038266274257728224,0.9396439607692529,0.49999998018982944,0.11293260473588343,0.05511811023622047,0.0880589238582707,0.1358946607455388,0.36715778855610154,0.19075185686559554
0,0.0,0.305511811023622,0.059621299534414585,0.020379797949924842,0.02485356715519566,0.32935100663095523,0.4047618829602356,0.47540983606557374,0.0,0.512675847713236,0.1227395512492439,0.5714856774950697,0.3832609896274191
0,0.42857142857142855,0.49921259842519683,0.5378559953245632,0.062388766578493224,0.0,0.5497197883066978,0.6428571249336552,0.34183363691560414,0.05511811023622047,0.1300114821615386,0.15306196034223848,0.5053871005732997,0.1781513745293935
0,0.0,0.18582677165354328,0.0,0.2447500213750924,0.5837044023613756,0.5166751486803578,0.5952380774194233,0.28901032179720704,0.023622047244094488,0.10572314893012201,0.476041221088996,0.8032160461699533,0.363262092223113
0,0.0,0.27244094488188975,0.06964794855798734,0.11651936336917713,0.011897000834089237,0.5944764053873458,0.5714285525617423,0.14754098360655737,0.11811023622047244,0.16528513690174176,0.13924437635053089,0.5871031519841045,0.15547488736422585
0,0.0,0.21574803149606298,0.07884901446806607,0.25392646702804317,0.07391599075863106,0.3962283528280902,0.4523809172676871,0.11171827565270188,0.0,0.281600796768633,0.0686851941205284,0.5437990786799597,0.1875225820961302
0,0.0,0.21889763779527557,0.0033346498470640806,0.1808539932369397,0.3193135942701751,0.6271325280877674,0.7857142740797411,0.24772313296903462,0.05511811023622047,0.6364162599637396,0.05691895844167777,0.6263634059573114,0.7113076201130122
0,0.0,0.4047244094488189,0.15615964770440985,0.06464779629906625,0.021524780253196898,0.2101861862128521,0.5238095028463804,0.07953855494839102,0.0,0.16309828713750002,0.10052512424910348,0.5653472026978605,0.24634554275181333
0,0.42857142857142855,0.3102362204724409,0.13760203675497623,0.05754260657829607,0.021340708777632944,0.5248214059756295,0.4523809172676871,0.1384335154826958,0.11811023622047244,0.03392214978787543,0.19032910882044296,0.6895460906293792,0.1226093849151277
0,0.0,0.368503937007874,0.002169855766944326,0.05529504736739433,0.3170066107314028,0.7655026605958758,0.5952380774194233,0.3491196114146934,0.11811023622047244,0.4323843437690577,0.15084125482006638,0.6991892882067269,0.37136349100665716
0,0.0,0.015070866141732283,0.0626863994736573,0.5298356857309742,0.08137367984376637,0.08216673178485247,0.3571428310437435,0.23800850030358228,0.49606299212598426,0.119842137838825,0.464982471050297,0.7455869943772621,0.8592686672879387
0,0.2857142857142857,0.25511811023622044,0.05510091202045554,0.16702980626298738,0.20400661733867326,0.5700910785125526,0.47619045313101843,0.21250758955676988,0.0,0.11559524616200796,0.23117419609935982,0.40714577881263203,0.28333164765178137
0,0.0,0.168503937007874,0.3819986907556105,0.33918153017603786,0.005622035970609603,0.5828853035654427,0.5714285525617423,0.42987249544626593,0.11811023622047244,0.0985812775071934,0.2424181521012866,0.9499289980577312,0.16272736285813996
0,0.42857142857142855,0.21574803149606298,0.28535656055293446,0.21418650189930258,0.002390298859427804,0.47600377278489014,0.5952380774194233,0.4134790528233151,0.11811023622047244,0.05833059122182759,0.3224624660375788,0.5118370736470726,0.05695611800569638
0,0.2857142857142857,0.352755905511811,0.26039431450196704,0.1402290424091312,0.05253334862444495,0.07370184954147177,0.5714285525617423,0.3381906496660595,0.49606299212598426,0.12190865835136157,0.11973841708005557,0.4317355909746417,0.16949959486077923
0,0.0,0.23622047244094485,0.209026900547019,0.08180911388440691,0.002390298859427804,0.5741495694429953,0.5476190277040613,0.40437158469945356,0.11811023622047244,0.18518945773126702,0.09623875982103756,0.4446496827831661,0.07459228997480197
0,0.42857142857142855,0.4944881889763779,0.21613166858212748,0.07603791476921251,0.0033822928927479544,0.6354927874209424,0.47619045313101843,0.12629022465088038,0.023622047244094488,0.1286094230575356,0.23937025214458252,0.4060832618861506,0.13921230388389078
0,0.2857142857142857,0.25354330708661416,0.3013258706233585,0.1787833581777312,0.0,0.5257677933592769,0.6190476022771042,0.11050394656952034,0.007874015748031496,0.225263771569854,0.09258744504965848,0.7623562967036775,0.8056174326512655
0,0.42857142857142855,0.0,0.08398884777083848,0.7328176011705398,0.008729004218270235,0.850618419270839,0.5476190277040613,0.14268366727383122,0.2440944881889764,0.04126265558142955,0.2628485916332407,0.4061896248889179,0.19836325160829252
0,0.0,0.1889763779527559,0.0021237411429540754,0.1646220324404706,0.3281004931226181,0.4616891953390178,0.5238095028463804,0.3806921675774135,0.007874015748031496,0.22536111583968108,0.24730365297803603,0.8596607737543602,0.5041544434377221
0,0.42857142857142855,0.2566929133858268,0.2278210300050432,0.42612290327405744,0.002390298859427804,0.30367352590556823,0.5476190277040613,0.12932604735883424,0.0,0.04550137463661169,0.26527427133434034,0.3157753153299728,0.09652512107182326
0,0.0,0.25196850393700787,0.32242727628083034,0.1601491498021453,0.005616076055346273,0.26087822418267426,0.6190476022771042,0.32908318154219796,0.0,0.1811721369794189,0.1844839436764044,0.5956957520935656,0.16892182738150202
0,0.2857142857142857,0.06551181102362205,0.043792001427249316,0.2875716207779927,0.060062707716064825,0.6271325280877674,0.5714285525617423,0.5294474802671524,0.49606299212598426,0.12843305887427714,0.19325123279264556,0.7107739970780476,0.20527490256745345
0,0.0,0.168503937007874,0.006795949887577412,0.42947717187526957,0.4153766757689683,0.9482187216264155,0.5714285525617423,0.4225865209471767,0.2440944881889764,0.20139605978822248,0.13887291049903083,0.7566694317955439,0.11436178165730079
0,0.0,0.4771653543307086,0.19379139550752167,0.1808262861881262,0.026308066501862463,0.036808719584072384,0.5952380774194233,0.2659380692167577,0.2440944881889764,0.11260540120217694,0.11099956115244773,0.5528169298238861,0.11965990577442569
0,0.2857142857142857,0.1952755905511811,0.35366629120413096,0.1844558906247423,0.013007454102281176,0.4573372008355847,0.5714285525617423,0.4262295081967213,0.007874015748031496,0.30300302527480333,0.10382539652727756,0.7267677616088493,0.15933250515375866
0,0.0,0.1795275590551181,0.09490884373222137,0.11599745091359324,0.0372816965708581,0.24317629860832074,0.5952380774194233,0.3193685488767456,0.0,0.16240854348842856,0.1007696291625385,0.5806163228930934,0.30368381989520116
0,0.2857142857142857,0.3244094488188976,0.10743489573730067,0.256991949125953,0.11019471154073052,0.5619258129968498,0.47619045313101843,0.14450516089860352,0.023622047244094488,0.16904057636401798,0.3803849901366972,0.36422079376297245,0.18799141450648538
0,0.0,0.5559055118110237,0.07286729607717522,0.07203383008858483,0.06675028796687052,0.8188117004060266,0.28571427628087115,0.18518518518518517,0.2440944881889764,0.24352920906541234,0.16365361080120905,0.45024932384513516,0.2652281715420866
0,0.42857142857142855,0.4078740157480315,0.1932454764563627,0.154747213702202,0.06452504580254267,0.2525179648494993,0.49999998018982944,0.07953855494839102,1.0,0.0575382001887388,0.2710549248718704,0.30658402756063285,0.2586493981148955
0,0.2857142857142857,0.17007874015748028,0.11448056593538365,0.19757011172490643,0.055196130530717986,0.5719527463964853,0.5476190277040613,0.07407407407407407,0.11811023622047244,0.3303273469637347,0.11371990690220914,0.7516509686933178,0.9502310799922783
0,0.0,0.2692913385826772,0.023022236045980214,0.06917132795344534,0.03587463349313489,0.8900943029727192,0.47619045313101843,0.5931997571341834,0.11811023622047244,0.3189224906580902,0.2388545922563166,0.8167115632940412,0.28560216747776523
0,0.2857142857142857,0.6031496062992125,0.2215917110689899,0.07526936408010039,0.051810069606021046,0.31015936658504695,0.49999998018982944,0.2768670309653916,0.007874015748031496,0.14805786612766478,0.17145280424980497,0.5310226867646981,0.35381646810723616
0,0.0,0.0,0.06510852257569165,0.6260585410224517,0.03029923305321653,0.46551958762428874,0.5238095028463804,0.5749848208864602,0.023622047244094488,0.16650198159218205,0.28038343761965323,0.8249826472162128,0.380395626454639
0,0.0,0.40629921259842516,0.06713086391055632,0.19310328615267486,0.14334138948380543,0.39818991792888647,0.4523809172676871,0.3284760170006072,0.007874015748031496,0.4901266219224584,0.28380925230975135,0.5098123734987551,0.10289814863464734
0,0.2857142857142857,0.552755905511811,0.19171777034764914,0.11468587334835942,0.01183802465266995,0.01621664820418103,0.4523809172676871,0.23193685488767457,1.0,0.27885778316192034,0.19582636476194937,0.3424611032199451,0.2932401337374608
0,0.2857142857142857,0.26141732283464564,0.1805140157562018,0.13186734323810564,0.0936586249892632,0.11772238785427439,0.3571428310437435,0.2119004250151791,0.49606299212598426,0.41701446446603607,0.062217837205346085,0.33526811964093955,0.1254229295543746
0,0.42857142857142855,0.015244094488188977,0.5162610289470679,0.5349573000537837,0.015602483169551686,0.2683644217172109,0.4047618829602356,0.432301153612629,0.023622047244094488,0.09623864385714687,0.17330637925538986,0.5333582049610736,0.13108160307469946
0,0.0,0.3228346456692913,0.11745310130443773,0.04146843756700452,0.0016911464463739772,0.850618419270839,0.49999998018982944,0.2671523982999393,0.2440944881889764,0.12338923329405406,0.17916200959027584,0.6238242520818008,0.06864546628432616
0,0.2857142857142857,0.37165354330708655,0.21278427045103063,0.09342154563814462,0.022316360356754848,0.9562674126398839,0.49999998018982944,0.36854887674559805,0.49606299212598426,0.16890796752105958,0.17469642663261342,0.5988664053785298,0.07444979410181805
0,0.0,0.43622047244094486,0.0759887173041773,0.03372094480372926,0.034361526870982345,0.6008752938643129,0.8809523647059447,0.14814814814814814,0.05511811023622047,0.6024317474535962,0.11289856317589723,0.7191164122349238,0.6323629910484859
0,0.2857142857142857,0.03763779527559055,0.8436584047106348,0.5588239983423166,0.0071042056220320384,0.7143471550382606,0.6190476022771042,0.4918032786885246,0.05511811023622047,0.142464950278398,0.14780454925640266,0.33374844277916266,0.1058078112537119
0,0.0,0.37007874015748027,0.03981153289679985,0.09742989870196789,0.07383323784254371,0.18086671380335345,0.5238095028463804,0.2586520947176685,0.0,0.721362357020439,0.1562926963550432,0.9265178518396147,0.5933516434315154
0,0.2857142857142857,0.4125984251968504,0.11165102889366052,0.2639192895469068,0.06297931027647652,0.5022610070083448,0.47619045313101843,0.17122040072859745,0.49606299212598426,0.03837559022194163,0.18329743486129102,0.5768788537457076,0.08058659191267553
0,0.0,0.21574803149606298,0.12684486979910423,0.15228856621188433,0.026308066501862463,0.4392302475453034,0.5952380774194233,0.04796599878567092,0.023622047244094488,0.4277351426035708,0.04340241190279292,0.8756623299935042,0.7496661723936588
0,0.0,0.24094488188976376,0.16497080140863302,0.2819995370467793,0.0,0.9148123708273487,0.49999998018982944,0.4207650273224044,0.49606299212598426,0.254422140284827,0.1236118764632496,0.6000076432948501,0.48184451687016755
0,0.2857142857142857,0.11401574803149606,0.4408332801378623,0.49786969478263854,0.0023101489719244495,0.837926061629923,0.42857140341565636,0.37947783849423194,0.11811023622047244,0.08380145074363418,0.17821558490030262,0.6565949251304949,0.07255995608608523
0,0.0,0.4299212598425197,0.06268502804778894,0.1343232607831417,0.23031842796045834,0.7370491583104495,0.3571428310437435,0.3035822707953855,0.05511811023622047,0.2515977310025798,0.2751803691878694,0.804697862131472,0.6543974215195523
0,0.2857142857142857,0.2929133858267716,0.13470067311132977,0.2239594026803892,0.040279218529806815,0.5615628253596855,0.7142857017078282,0.13600485731633272,0.023622047244094488,0.11812371812140432,0.08343283563111249,0.4953814339606494,0.15577210526832186
0,0.2857142857142857,0.0,0.12956541122811854,0.6763047953574247,0.007900848939863456,0.9479196127095899,0.8095238231498527,0.5950212507589556,0.05511811023622047,0.3505819171036691,0.04906893732147563,0.6775138686997585,0.12434533635388723
0,0.0,0.0910236220472441,0.12236737733272737,0.41438265984256173,0.036538665746682915,0.22016432537189512,0.9047619005692761,0.5670916818457802,0.11811023622047244,0.3019574420438,0.04004888279820732,0.4644735512160894,0.22736272059567958
0,0.2857142857142857,0.18740157480314962,0.029044961151199162,0.0865587447256604,0.21887432877211432,0.41124484696856345,0.49999998018982944,0.20643594414086217,0.0,0.2529715619210371,0.24707068427116935,0.3837716277494025,0.1273097110305754
0,0.0,0.34330708661417325,0.2975474365844286,0.03173891258317091,0.0016911464463739772,0.4686989830463323,0.6666666519924662,0.24833029751062538,0.023622047244094488,0.13679950137918154,0.10539889522495206,0.5160140167885962,0.10954471610865918
0,0.0,0.22362204724409449,0.012767169908538547,0.2502693735590771,0.14501279293412203,0.6482070947003417,0.6666666519924662,0.7577413479052824,0.05511811023622047,0.3953873649121009,0.04826472414980618,0.6311385636907071,0.21232281405895298
0,0.0,0.0046771653543307085,0.49059349360471755,0.6027476235731534,0.0047017910737034724,0.5534165680644136,0.47619045313101843,0.45051608986035213,0.11811023622047244,0.015173769437865763,0.14541154123168296,0.6813966748513616,0.08112872014100916
0,0.0,0.1952755905511811,0.020919994053975557,0.31990366136848747,0.29196751771456403,0.45959310198617864,0.49999998018982944,0.5452337583485124,0.023622047244094488,0.3840699366518529,0.14267530115287186,0.7646223852132176,0.15929576554858346
0,0.2857142857142857,0.27874015748031494,0.09991950105276168,0.37094494591390703,0.01183802465266995,0.377389485928922,0.5952380774194233,0.14632665452337584,0.0,0.06778866955669519,0.2275077731700453,0.568297106372866,0.10004990208324668
0,0.2857142857142857,0.10299212598425198,0.054331944571251706,0.20046459308364573,0.02424649114610028,0.21218597864863484,0.49999998018982944,0.19672131147540983,1.0,0.13328037174272686,0.17725956664397832,0.29124679175636026,0.3524153911396074
0,0.42857142857142855,0.4661417322834645,0.46024718981678464,0.0040759595899849685,0.007174927013258904,0.8257200369397709,0.5238095028463804,0.0036429872495446266,0.0,0.04290145628019283,0.2441573335128508,0.45977422350138164,0.7624440155304404
0,0.0,0.11952755905511811,0.10099262113117392,0.338001587159854,0.2527045288434099,0.8357332344720876,0.6428571249336552,0.30297510625379476,0.2440944881889764,0.23552229167251998,0.07919503720847618,0.8896449834863709,0.8297068357805161
0,0.2857142857142857,0.46299212598425193,0.5347785843426273,0.10031330861595376,0.0033822928927479544,0.9562674126398839,0.6428571249336552,0.3017607771706132,0.05511811023622047,0.08488612455769508,0.13799261533293178,0.5634219705088168,0.14749652448531161
0,0.42857142857142855,0.21259842519685038,0.09958852773332105,0.24621822007188474,0.07720206165716006,0.6557276624273248,0.5476190277040613,0.13418336369156042,0.49606299212598426,0.075769344074808,0.18397299511793208,0.29913186764497135,0.10004990208324668
0,0.2857142857142857,0.4866141732283464,0.2351307171673526,0.03872161686317533,0.013318252238527497,0.6418799657241548,0.4047618829602356,0.033394049787492414,0.023622047244094488,0.28729252366259056,0.19267363059622292,0.5908106137785293,0.7491089856138974
0,0.0,0.45039370078740154,0.046600605945159745,0.19495503268256364,0.11266334509742107,0.21895594088748688,0.42857140341565636,0.2610807528840316,0.007874015748031496,0.13679950137918154,0.2735600591275421,0.4788923548592572,0.18541460904246046
0,0.2857142857142857,0.0,0.2546236825219689,0.7397106466538927,0.01674149636427078,0.7369075262563185,0.47619045313101843,0.27140255009107467,0.11811023622047244,0.3901387073209832,0.11961323926922802,0.31742487564108834,0.10853992967982512
0,0.0,0.6078740157480315,0.022940241691397262,0.0226744572480142,0.16263230665789472,0.8730907976903762,0.49999998018982944,0.461445051608986,0.2440944881889764,0.2797755710505744,0.0786420341922817,0.8595409453191205,0.3707377766105872
0,0.2857142857142857,0.13795275590551181,0.11574109514173181,0.13381830621682478,0.07458643206451716,0.020368462559633087,0.4047618829602356,0.27200971463266543,0.49606299212598426,0.17258037926253036,0.3513496684894154,0.7816361369291325,0.6298389007029236
0,0.2857142857142857,0.39999999999999997,0.11349696684086806,0.04280719135835821,0.06578496575388798,0.7159449555235392,0.49999998018982944,0.14450516089860352,0.11811023622047244,0.0639593914082526,0.21360879768044067,0.3639512532174422,0.23143604856845393
0,0.2857142857142857,0.19685039370078738,0.08744145849011162,0.08505898767183252,0.016741494791111144,0.020368462559633087,0.5714285525617423,0.11232544019429265,0.11811023622047244,0.04343394100507545,0.1762379543716403,0.534322629845032,0.08238540618114414
0,0.0,0.22362204724409449,0.06483601764885852,0.26210104172057835,0.06473781564268133,0.09078196766438086,0.23809520455420854,0.27018822100789314,0.05511811023622047,0.47482442085117565,0.07632257304499263,0.3927995741027484,0.3524153911396074
0,0.0,0.1622047244094488,0.013222488383253572,0.05201754331086626,0.06343311098295104,0.34007061623263174,0.5952380774194233,0.575591985428051,0.0,0.5882081217183495,0.015808552653919762,0.7984607851203601,0.23672816149116582
0,0.2857142857142857,0.3496062992125984,0.2685991924291697,0.04640475969751448,0.00552087158077687,0.4255455498009825,0.5714285525617423,0.3424408014571949,0.007874015748031496,0.11341059862594183,0.18837232322009345,0.686482526954905,0.07005251369250752
0,0.2857142857142857,0.2866141732283464,0.09669591273128267,0.1300816083017636,0.05052418465496047,0.8667943593591482,0.6428571249336552,0.10989678202792957,0.49606299212598426,0.4110370263556718,0.04587254787133779,0.8253889755304182,0.9022855080770026
0,0.0,0.13716535433070864,0.0,0.41087351424149887,0.6124188288959219,0.10337652038014221,0.6904761878557976,0.3618700667880996,1.0,0.2633461018495411,0.11320865071156165,0.7751660816546918,0.2741885190649259
0,0.0,0.1637795275590551,0.16192489443772048,0.19315795141114472,0.023315118504541873,0.6713797803593192,0.5714285525617423,0.25197328476017,0.49606299212598426,0.04937626121979476,0.39178914274539,0.3452997122355144,0.5638448907664599
0,0.0,0.5480314960629921,0.05869317420300257,0.18742573932700402,0.16601388407764237,0.7998477677411907,0.4523809172676871,0.2495446265938069,0.11811023622047244,0.28573292880646667,0.1478525911477561,0.34016379376795053,0.26971343953605964
0,0.0,0.40629921259842516,0.03266487819678289,0.0346456568940313,0.09798520726535459,0.01438773967007279,0.49999998018982944,0.28901032179720704,0.2440944881889764,0.380830946553203,0.16550333470771236,0.7312634845638992,0.348303999061194
0,0.42857142857142855,0.19999999999999998,0.0834544494599367,0.15545009878041588,0.2122510356896433,0.8257200369397709,0.5952380774194233,0.2501517911353977,0.05511811023622047,0.06431700764706173,0.12362402793416823,0.30270745168375573,0.25203009497350953
0,0.0,0.07118110236220472,0.15128489315594273,0.3988804285862429,0.018815604296236025,0.7603643362495921,0.5238095028463804,0.24408014571949,0.023622047244094488,0.1811721369794189,0.11249767857342492,0.7523905780560202,0.4536238949094057
0,0.0,0.3905511811023622,0.10359788521934803,0.09418595022286022,0.13157002589735384,0.889081622685992,0.38095235370029445,0.331511839708561,0.11811023622047244,0.2611267681867688,0.1521155356522653,0.5971780318472475,0.31748364758991704
0,0.2857142857142857,0.45669291338582674,0.3382279333953707,0.12104982131181073,0.004450154594396972,0.17880199927630014,0.5238095028463804,0.1153612629022465,0.007874015748031496,0.04290145628019283,0.18866935917588232,0.5674620795024488,0.165986082291764
0,0.0,0.4645669291338583,0.01095129142920505,0.1470364358592721,0.1952162654008395,0.7301289173583624,0.38095235370029445,0.3958712811171828,0.11811023622047244,0.30775875354711607,0.28740157006620626,0.8273945983610884,0.47652308154487816
0,0.2857142857142857,0.3511811023622047,0.1927156686390954,0.041225590924145246,0.040484224827164815,0.28907078383796225,0.7857142740797411,0.15907710989678203,0.0,0.2287396561383908,0.07040806532991721,0.35275158460003475,0.14102902947401713
0,0.2857142857142857,0.15149606299212595,0.09211514687417902,0.0753450774062714,0.00478328436087401,0.6315478185777744,0.4523809172676871,0.39040680024286584,0.023622047244094488,0.24101360753897488,0.20476125644472887,0.48573149593719617,0.30103247562045476
0,0.0,0.012897637795275588,0.009420176147795074,0.6423876613298132,0.07050833035219584,0.031887957501504006,0.4523809172676871,0.5197328476017,0.007874015748031496,0.38151303818242216,0.08994134689506003,0.7761782925912016,0.5431282363723089
0,0.2857142857142857,0.4598425196850393,0.0421269600835597,0.028015399924661094,0.002391642180437005,0.42854504698499096,0.5238095028463804,0.10746812386156648,0.023622047244094488,0.04290145628019283,0.3550782559056798,0.32024300050278165,0.2893031885586063
0,0.0,0.29763779527559053,0.23248871641405386,0.17617087637499665,0.05178632276138598,0.7613457154083687,0.5238095028463804,0.2641165755919854,0.11811023622047244,0.08158826720588891,0.23194540147801357,0.47329014748065157,0.08797166009148977
0,0.42857142857142855,0.4645669291338583,0.4452031376087572,0.0067750464422462065,0.004783186589002922,0.3130151921467468,0.5714285525617423,0.3989071038251366,0.11811023622047244,0.05165002255941058,0.3029630297085952,0.6604722121553557,0.09661302714876485
0,0.2857142857142857,0.31968503937007875,0.11793310671638811,0.4463393234778517,0.008821850526552261,0.7520040491671902,0.4523809172676871,0.16879174256223436,0.11811023622047244,0.13378897695965253,0.11192888946913128,0.6728795028073804,0.20709170966530066
0,0.0,0.12755905511811022,0.10917800535549113,0.2825396017426909,0.21677413706688164,0.8743520555517322,0.3571428310437435,0.2859744990892532,0.49606299212598426,0.4103233267610801,0.24986839381609016,0.8724875798777649,0.8297068357805161
0,0.0,0.25984251968503935,0.04064337421373491,0.28565715185946244,0.02192086251937739,0.1692566315102461,0.4523809172676871,0.17729204614450517,1.0,0.37983126717779286,0.04272880340139644,0.9036972676426772,0.8266186101219893
0,0.42857142857142855,0.08519685039370078,0.5405088810156766,0.21063101358128816,0.018602611067429713,0.017189058812821473,0.47619045313101843,0.4256223436551305,0.11811023622047244,0.05296721737520844,0.4102707153570588,0.22877745035081704,0.14079522457674598
0,0.0,0.1811023622047244,0.6152377303480459,0.1808539932369397,0.0016911464463739772,0.2525179648494993,0.5714285525617423,0.013964784456587736,0.11811023622047244,0.019192837924269793,0.2227852945585597,0.7861529160483931,0.8628867950166709
0,0.0,0.09937007874015748,0.19951315335376885,0.3795276095101435,0.15566783458037697,0.06263362917709113,0.6428571249336552,0.20522161505768063,1.0,0.2193361005108508,0.08825450852840931,0.8905917378889102,0.8056174326512655
0,0.0,0.0,0.08510979926699608,0.7269044259427457,0.009798804681848915,0.9918230798089964,0.49999998018982944,0.15421979356405585,0.49606299212598426,0.1529979783297442,0.10421068873598319,0.5940976943562029,0.19836325160829252
0,0.2857142857142857,0.0,0.09081446674359028,0.7007577399162173,0.06497179167465045,0.3582113847308214,0.3333332819736318,0.14389799635701275,0.023622047244094488,0.22291341979179236,0.32591275457627816,0.3983214372189439,0.09057562800348944
0,0.0,0.32125984251968503,0.13516925951141381,0.18937402923430155,0.058389211963438506,0.30367352590556823,0.5238095028463804,0.4650880388585307,0.023622047244094488,0.04550137463661169,0.26527427133434034,0.8796266089684481,0.43798861522569726
0,0.0,0.05622047244094488,0.015831048471289324,0.3497834527779184,0.37219655087897147,0.4944480734266743,0.5476190277040613,0.28718882817243474,0.0,0.28729252366259056,0.10698797492260896,0.8801117974101413,0.7063930509532985
0,0.42857142857142855,0.3307086614173228,0.15791525719861885,0.04611421673983489,0.007174927013258904,0.8163783152001385,0.5952380774194233,0.07893139040680024,0.11811023622047244,0.03653367219275818,0.18866935917588232,0.34062829707916376,0.2535428782725694
0,0.0,0.3244094488188976,0.10740962259021336,0.06047681906775781,0.005073439024490005,0.7613457154083687,0.42857140341565636,0.13114754098360656,0.2440944881889764,0.16240854348842856,0.10086802588345113,0.6785419413282506,0.10557339504853433
0,0.0,0.0,0.08227849469448294,0.786823881182165,0.09842426825266329,0.18814367106732408,0.38095235370029445,0.1870066788099575,0.0,0.251941968601928,0.11714160273929544,0.44632500829492294,0.07812591457393812
0,0.2857142857142857,0.43149606299212595,0.14984913679645598,0.10087485267300507,0.017402608833543037,0.42854504698499096,0.5952380774194233,0.08864602307225258,0.11811023622047244,0.021457775890022457,1.0,0.40365798444645157,0.23816135250081122
0,0.0,0.16062992125984252,0.02256986642299326,0.35900469607462304,0.2852870088163012,0.08058417672483643,0.42857140341565636,0.8585306618093503,1.0,0.830542880233494,0.08496993688495243,0.7993389910411741,0.24503153640698747
0,0.0,0.6236220472440944,0.24724783375749831,0.0374628751139136,0.021040023698076685,0.5128447563950868,0.5714285525617423,0.28051001821493626,0.2440944881889764,0.07205010916110394,0.21400349545805705,0.534948610127743,0.08782955138017992
0,0.0,0.11858267716535432,0.01800653108984931,0.46757552042899575,0.30592886895800514,0.42580408934807074,0.5714285525617423,0.2058287795992714,0.023622047244094488,0.24539707454852253,0.15509600149679686,0.3755540036039125,0.18941390762776864
0,0.2857142857142857,0.14566929133858267,0.12835864547630377,0.19784700211248474,0.03635089734598531,0.4458658646770101,0.6190476022771042,0.3509411050394657,0.007874015748031496,0.2714658782717343,0.07461071392809594,0.3932368528139802,0.3329373484484918
0,0.2857142857142857,0.42519685039370075,0.04650974659712175,0.2683528154740882,0.19017645187688956,0.30828067455040703,0.47619045313101843,0.230722525804493,0.0,0.20735011213597124,0.18945643609601717,0.4350032695801534,0.27993562846237785
0,0.0,0.15622047244094486,0.02120981506032875,0.34876992267619567,0.1071187361109669,0.9358441203828061,0.5952380774194233,0.21372191863995144,1.0,0.13053324496875562,0.1251717197104825,0.7462280479052781,0.18215099914558514
0,0.42857142857142855,0.21259842519685038,0.27711649731856675,0.2691996482920495,0.018956612100051694,0.7520040491671902,0.49999998018982944,0.1681845780206436,0.023622047244094488,0.0479600384418967,0.3492109127605694,0.32596673688789213,0.10186982685141653
0,0.0,0.2629921259842519,0.288305571231618,0.2489413689272699,0.03859652451281606,0.09653780665670655,0.5952380774194233,0.13296903460837886,1.0,0.6812139194042331,0.12500753527922367,0.8998115396004456,0.8600356549411797
0,0.0,0.14960629921259844,0.03793687321005717,0.4443932895670022,0.3402909071058677,0.31565017548611096,0.47619045313101843,0.06800242865816636,0.0,0.16032059979936172,0.3954218229826037,0.8865672586911791,0.8112318067253059
0,0.0,0.34488188976377954,0.03468245355653899,0.054760635933170175,0.1316836001569384,0.5344284103244884,0.5952380774194233,0.23497267759562843,0.023622047244094488,0.3695880965641935,0.11115630544258151,0.6782652893028841,0.3951405361726629
0,0.0,0.22834645669291337,0.3252306691261201,0.19557482505126705,0.007174927013258904,0.760150306462462,0.5238095028463804,0.2956891317547055,0.11811023622047244,0.36296356283332976,0.09174333084549294,0.7081957609829154,0.4282692066754701
0,0.0,0.22834645669291337,0.03663594511651588,0.11568489113679661,0.13206806463924145,0.8768755702466129,0.6190476022771042,0.6970248937462052,0.2440944881889764,0.26038222500243774,0.14911441287686122,0.6801191438780069,0.18387663985765654
0,0.0,0.28976377952755905,0.0,0.2096401097968826,0.7062172369842278,0.5501047255823452,0.5476190277040613,0.3770491803278688,0.11811023622047244,0.14497841361894262,0.293663565413796,0.8011517690903733,0.5060916374392715
0,0.0,0.27716535433070866,0.003714025471263128,0.11021016597498574,0.40921104628644656,0.2750783749164748,0.5714285525617423,0.19854280510018216,0.0,0.42223764975564765,0.19848141273408798,0.75490300204319,0.31339483315018035
0,0.0,0.38740157480314963,0.10530355878972715,0.10060916643585359,0.01691146446373977,0.13206173426008352,0.49999998018982944,0.33879781420765026,1.0,0.24101360753897488,0.0847452172778936,0.47846218762786175,0.39316024496371177
0,0.0,0.30866141732283464,0.03402704042355632,0.24504864705618057,0.03772953893522893,0.8454913611106795,0.49999998018982944,0.7024893746205222,0.2440944881889764,0.23892516803868646,0.21991798608245608,0.8203873635434563,0.35071312276649097
0,0.2857142857142857,0.3606299212598425,0.10460153116487399,0.16263011080354992,0.020108110676184912,0.25084443672399287,0.42857140341565636,0.2726168791742562,0.0,0.43516760071991784,0.21679619173790124,0.3405440956119294,0.31748364758991704
0,0.0,0.21574803149606298,0.19981566815588553,0.08559515366463874,0.012256895709270032,0.08339920259821561,0.6190476022771042,0.2501517911353977,0.49606299212598426,0.0985812775071934,0.2866463330761999,0.880301843978894,0.09345268753421222
0,0.42857142857142855,0.25196850393700787,0.11797811517128899,0.2804846828268052,0.006622490771059023,0.06714921647282907,0.5952380774194233,0.10686095931997572,1.0,0.03653367219275818,0.2030413533161411,0.2805582994015257,0.24634554275181333
0,0.2857142857142857,0.3622047244094488,0.12284572330030297,0.15488103789486338,0.0,0.18899845825295306,0.3571428310437435,0.1177899210686096,1.0,0.2314034225848622,0.14735995809748978,0.4092645050921752,0.10557339504853433
0,0.0,0.4393700787401575,0.35634256170907763,0.18649772855281999,0.014314696268496817,0.014530588527803614,0.5952380774194233,0.37279902853673347,0.11811023622047244,0.2557789276925441,0.13694375482552398,0.8214827169550944,0.1603366191438957
0,0.2857142857142857,0.40944881889763773,0.11434241878068858,0.17092308739370038,0.0033822928927479544,0.9308201506006042,0.47619045313101843,0.1681845780206436,0.11811023622047244,0.12190865835136157,0.08525336866232884,0.5117775845722691,0.08058659191267553
0,0.0,0.2755905511811023,0.32559207830848064,0.1424454925664917,0.05077434063373792,0.9873329496540225,0.42857140341565636,0.3655130540376442,0.0,0.05296721737520844,0.1649210325752804,0.6685016912799623,0.1343584172223532
0,0.0,0.25984251968503935,0.38503418328251576,0.1842601023615733,0.06457351485078423,0.27716110979148123,0.49999998018982944,0.3430479659987857,0.0,0.30397506317461315,0.11457298231769908,0.42189038099072995,0.1603366191438957
0,0.0,0.14503937007874015,0.012217008783483582,0.42938892260244926,0.3114494636626869,0.16263436175668144,0.4523809172676871,0.676381299332119,1.0,0.4970649215213471,0.07339700245304985,0.4615945459031028,0.3317145492433022
0,0.42857142857142855,0.6661417322834645,0.818855179208548,0.18756576277040912,0.007174927013258904,0.8031595824740322,0.5238095028463804,0.0030358227079538553,0.11811023622047244,0.030342553907075062,0.25179867177734705,0.342944807526716,0.902518192243112
0,0.0,0.4393700787401575,0.4377248674288327,0.1213927991247492,0.01625302793900042,0.21698710548924105,0.4523809172676871,0.38554948391013966,1.0,0.21415627804432222,0.19560161097353773,0.6352959811821586,0.1623364722058519
0,0.42857142857142855,0.4078740157480315,0.31504672257828575,0.12928125090642714,0.07900859637348949,0.0027749226906538384,0.5476190277040613,0.12143290831815422,0.49606299212598426,0.009597050088502304,0.30511595930506685,0.27706435824320846,0.1254229295543746
0,0.0,0.37165354330708655,0.09177340941938775,0.2919485951303463,0.040613098064164146,0.7925758608365171,0.6190476022771042,0.13479052823315119,0.11811023622047244,0.22536111583968108,0.1443588182314093,0.6140965824917902,0.20709170966530066
0,0.0,0.22992125984251965,0.19586337393906825,0.3061584721861231,0.005622035970609603,0.20617886485682507,0.49999998018982944,0.2537947783849423,1.0,0.0999600314179044,0.30208576528911063,0.5456464092453196,0.10074206564874322
0,0.0,0.23464566929133857,0.0,0.030946709951465742,0.5517302868153177,0.8624614285745998,0.4523809172676871,0.461445051608986,0.0,0.07485704316367224,0.17882527769010767,0.9283033743693548,0.4711505001247526
0,0.42857142857142855,0.0,0.06967455689020378,0.8196669239260936,0.007174927013258904,0.1590306334815512,0.5476190277040613,0.5088038858530661,1.0,0.034593560817030786,0.29128653147461575,0.49666618463201173,0.380395626454639
0,0.0,0.08708661417322834,0.15886882734377764,0.24615571569970676,0.033482991941961734,0.2860799888115117,0.5952380774194233,0.4663023679417122,0.0,0.5145767259601797,0.10502223380782717,0.7426627847880994,0.14541300374789823
0,0.42857142857142855,0.4551181102362204,0.4366391330299623,0.18129924920817367,0.0016911464463739772,0.48784686533633165,0.5714285525617423,0.30722525804493017,0.023622047244094488,0.10572314893012201,0.12543318427179598,0.5146513954130275,0.1911789573228732
0,0.0,0.521259842519685,0.33670878518753244,0.13816918494639924,0.0016911464463739772,0.4708767978724112,0.5714285525617423,0.29143897996357016,0.11811023622047244,0.09765109433800112,0.12998014733357122,0.5871498867744193,0.1297728743547989
0,0.0,0.31496062992125984,0.05956857879588682,0.1751979352513853,0.1733387041003147,0.5375700945471659,0.4523809172676871,0.5804493017607771,0.11811023622047244,0.2985118432773783,0.12781277611554367,0.4705888054856595,0.22664378174388236
0,0.0,0.5385826771653544,0.19369248372155007,0.037467801338090266,0.01661976684515736,0.2647240311634918,0.5714285525617423,0.43776563448694594,0.007874015748031496,0.0625083110356009,0.22558932195685547,0.6371179577759286,0.15958173538720155
0,0.0,0.23307086614173225,0.4017623553581233,0.26582646913237595,0.012256895709270032,0.7294436501999053,0.42857140341565636,0.37279902853673347,0.49606299212598426,0.03392214978787543,0.25291586650588427,0.5752053834026039,0.15824215599495756
0,0.2857142857142857,0.23937007874015748,0.13051365334880963,0.36603161314552063,0.027034290475116234,0.49318562234856134,0.21428569070217787,0.16454159077109898,0.05511811023622047,0.3278061469022541,0.22048296966280523,0.4000184527442011,0.04914943076383196
0,0.0,0.1732283464566929,0.055889787715737306,0.2514420272421998,0.0023916418658050786,0.6415466697597805,0.5238095028463804,0.05160898603521554,0.11811023622047244,0.07485704316367224,0.1451771084235382,0.7675200040516884,0.7570552344507949
0,0.0,0.184251968503937,0.10303346431711384,0.1992697301581795,0.01659871875586985,0.05393047819687743,0.47619045313101843,0.2204007285974499,1.0,0.06064528177778071,0.24888533810970492,0.8699158832521342,0.13255999011555866
0,0.0,0.27401574803149603,0.055659830688352785,0.22513752573305193,0.20600953271810207,0.36766748878376243,0.5476190277040613,0.2956891317547055,0.0,0.3247493880863174,0.15416066295891354,0.5622157089312118,0.26779974013504665
0,0.5714285714285714,0.5559055118110237,0.17768894840564906,0.022318544423508543,0.004450154594396972,0.6271325280877674,0.47619045313101843,0.11475409836065574,0.023622047244094488,0.07455043557015811,0.4280042860317296,0.4213977409549475,0.2611563718390783
0,0.0,0.15433070866141732,0.00699168230528741,0.17300777029633746,0.3402801702913838,0.5712558523119545,0.5952380774194233,0.31633272616879177,0.05511811023622047,0.21446475525931752,0.1277423625287859,0.585095704904259,0.12814498177696226
0,0.0,0.3811023622047244,0.02886314835636167,0.022417777934496858,0.0782960997911788,0.30367352590556823,0.49999998018982944,0.7012750455373407,0.2440944881889764,0.04550137463661169,0.225156056219502,0.7699796021114664,0.30140262255778544
0,0.0,0.2677165354330709,0.10766915078919613,0.3028858934058741,0.02699638519379911,0.09626225405860192,0.49999998018982944,0.11171827565270188,0.023622047244094488,0.06912812836221983,0.18921193118258214,0.4689370406157948,0.08162055810557557
0,0.0,0.39370078740157477,0.6000383643193773,0.10375155147150684,0.02198490348822978,0.4344309355041368,0.49999998018982944,0.4602307225258045,0.023622047244094488,0.05793575815320236,0.29098144011335153,0.9035843651704083,0.05355113296699893
0,0.42857142857142855,0.4346456692913385,0.04555470456930869,0.1013598919093332,0.061336691714514315,0.1590306334815512,0.4523809172676871,0.12264723740133576,0.49606299212598426,0.06912812836221983,0.2130741842320499,0.4632481659416203,0.27993562846237785
0,0.2857142857142857,0.19370078740157481,0.18449058491027173,0.3746996633636224,0.02391642180437005,0.8257200369397709,0.30952376812160115,0.22404371584699453,0.05511811023622047,0.33418965440305154,0.05847777055143469,0.5592151282325039,0.09421792277145485
0,0.0,0.25039370078740153,0.32596713816928063,0.2838688102045354,0.0033822928927479544,0.5336452161442782,0.38095235370029445,0.32483302975106254,0.05511811023622047,0.07331103973265858,0.09553539873078985,0.8058606663833824,0.16854520058036349
0,0.0,0.28346456692913385,0.05301580172526264,0.313683822287387,0.16807834146184913,0.03415910962720579,0.49999998018982944,0.20765027322404372,1.0,0.048908760819014026,0.4067820354622785,0.39409208556297554,0.08489138143574647
0,0.0,0.44566929133858263,0.2632709517886267,0.1018989897496242,0.05824806414841565,0.6271325280877674,0.5714285525617423,0.45780206435944143,0.49606299212598426,0.05425227949209098,0.16355352780022517,0.6804745632724285,0.15958173538720155
0,0.42857142857142855,0.4440944881889764,0.06314841040488153,0.5433375021872738,0.0023101489719244495,0.658516737223701,0.5238095028463804,0.14571948998178508,0.05511811023622047,0.06912812836221983,0.18921193118258214,0.3365029569996951,0.3305493759967566
0,0.0,0.26141732283464564,0.04820682093946677,0.16730760663232624,0.0033822928927479544,0.32841176744815886,0.42857140341565636,0.40619307832422585,0.0,0.15576814379847587,0.13849596993419147,0.7254087578121537,0.19299172978853812
0,0.42857142857142855,0.15622047244094486,0.15977368230579606,0.0040759595899849685,0.005622035970609603,0.357618120134173,0.4523809172676871,0.12871888281724347,0.0,0.054673884300798746,0.34825292337956726,0.5820234992358098,0.1192530803627106
0,0.0,0.6,0.106391067077412,0.12104982131181073,0.007900848939863456,0.416338966796385,0.47619045313101843,0.24529447480267152,0.023622047244094488,0.08380145074363418,0.19668522821984594,0.23755840109568735,0.2985196333403705
0,0.0,0.15669291338582678,0.0066563276712158755,0.010661339292197229,0.3448792631446139,0.5126153535362504,0.6666666519924662,0.2374013357619915,0.007874015748031496,0.42338146558491674,0.07385624601852754,0.6178203852300994,0.1674294210126558
0,0.0,0.41417322834645665,0.18215280926765984,0.14360611742821713,0.004450154594396972,0.28390214623620585,0.5952380774194233,0.3017607771706132,0.007874015748031496,0.048908760819014026,0.20707190449988896,0.6600915160880381,0.09963716736176961
0,0.42857142857142855,0.563779527559055,0.14487159206711836,0.3405682570683307,0.04561567175332102,0.3615430401609011,0.4523809172676871,0.12507589556769885,0.49606299212598426,0.06812602364358444,0.31514877313029926,0.3080210875783998,0.052184635649942704
0,0.0,0.6,0.0712269257756599,0.27925222627985613,0.08575598343399983,0.37309346161615936,0.3571428310437435,0.4371584699453552,0.007874015748031496,0.24751253576038434,0.18026072360073517,0.790772224155205,0.1038649117117028
0,0.2857142857142857,0.168503937007874,0.04040669484712639,0.20471148743912365,0.0854221196312388,0.42854504698499096,0.47619045313101843,0.5640558591378263,0.023622047244094488,0.253569985406623,0.13745346146151144,0.5452034568099577,0.15438633137528357
0,0.0,0.08629921259842518,0.0,0.2844925268695812,0.5832967101771157,0.7646962680619717,0.6190476022771042,0.3509411050394657,0.11811023622047244,0.23746031444347668,0.3588918694370219,0.48746241466958534,0.22744989310313354
0,0.2857142857142857,0.3811023622047244,0.05069472225478943,0.011528554184958722,0.024430819046684142,0.4913134097584041,0.38095235370029445,0.42744383727990287,0.023622047244094488,0.2739813351865655,0.20691227188544403,0.5409350229343678,0.21138720730819413
0,0.2857142857142857,0.18740157480314962,0.08709024122090345,0.1290211193496057,0.0,0.08443383807327128,0.5476190277040613,0.37644201578627806,1.0,0.4122228828447664,0.08518225435783879,0.8861315414135637,0.6152929105776451
0,0.0,0.5417322834645669,0.031111165224963433,0.01796904014555158,0.28270315704821136,0.48881928149481757,0.28571427628087115,0.31997571341833636,0.007874015748031496,0.27885778316192034,0.09900812732759916,0.7634866818833784,0.05144040902775032
0,0.0,0.34488188976377954,0.13645285563037396,0.17524479931205378,0.0033822928927479544,0.653389762311222,0.5238095028463804,0.21736490588949606,0.05511811023622047,0.16405880982168974,0.10018631868019909,0.5191869735746376,0.14951192514502085
0,0.2857142857142857,0.29763779527559053,0.17213770641644194,0.42436115014869663,0.002391642180437005,0.39498305077220547,0.5238095028463804,0.3302975106253795,0.0,0.122466032799565,0.2673504467031108,0.4693288522352912,0.4140630018615038
0,0.2857142857142857,0.3291338582677165,0.1316119066977718,0.06228918992854937,0.019133137128864112,0.653389762311222,0.5476190277040613,0.1870066788099575,0.023622047244094488,0.16405880982168974,0.19335557706894452,0.3066835975541828,0.08534059086230593
0,0.0,0.3511811023622047,0.14017737998020874,0.29717015578319,0.07948083057794424,0.6362079127475508,0.8095238231498527,0.3970856102003643,0.05511811023622047,0.23477935987465892,0.3011564597599956,0.8381703454815652,0.46609103061428975
0,0.2857142857142857,0.2677165354330709,0.12139795663267836,0.039594396483982136,0.05449193472520205,0.9608348521410193,0.49999998018982944,0.12143290831815422,0.11811023622047244,0.09407950787430854,0.142082727523925,0.4698945240770436,0.10177264927122776
0,0.0,0.0811023622047244,0.023380482111189642,0.1714828399241606,0.28770718119054833,0.7552047559954979,0.5238095028463804,0.30601092896174864,0.11811023622047244,0.6433023547727614,0.10836795019454225,0.6885393833598731,0.3166093142683106
0,0.0,0.19370078740157481,0.288860118121921,0.16204287871971632,0.1552155983811558,0.6603653907202145,0.47619045313101843,0.5409836065573771,0.05511811023622047,0.2261382586118277,0.4553459501324781,0.7702646642347262,0.08748968456114681
0,0.0,0.25511811023622044,0.13895456021672217,0.12192039896633655,0.044195269068503865,0.8433135462846004,0.49999998018982944,0.4146933819064967,0.2440944881889764,0.46100713307077373,0.03434931312639921,0.5997400506764052,0.06273356865223655
0,0.42857142857142855,0.5464566929133857,0.0458919850489784,0.016049662065002652,0.028609946710790646,0.5534165680644136,0.49999998018982944,0.10443230115361263,0.023622047244094488,0.030342553907075062,0.3278610119291053,0.32046000885595677,0.30738361836022954
0,0.0,0.6377952755905512,0.09850264074186446,0.09633440388895871,0.019133137128864112,0.5692630138324346,0.5476190277040613,0.2550091074681239,0.023622047244094488,0.1516673222392818,0.15547052657937208,0.43213083465614593,0.2189323974046271
0,0.42857142857142855,0.21574803149606298,0.31666709053496167,0.04975503480585445,0.007900848939863456,0.6965524637983586,0.5714285525617423,0.424408014571949,0.11811023622047244,0.11199761927978462,0.2138180787098204,0.5896771521108125,0.15117433624263937
0,0.0,0.009039370078740156,0.11300400377514058,0.5527521734819562,0.011958210902185025,0.041724410495423594,0.5476190277040613,0.10989678202792957,1.0,0.03955578619959046,0.3191957199696045,0.7450292688412398,0.09057562800348944
0,0.0,0.27874015748031494,0.31992145169465513,0.34284743909330934,0.04173280701704707,0.4970500351860197,0.47619045313101843,0.11657559198542805,0.023622047244094488,0.5439252176198086,0.10925203379390945,0.7651773898352157,0.6571601257179162
0,0.42857142857142855,0.2110236220472441,0.09840281975840015,0.008645076970238478,0.03044063650667948,0.8031595824740322,0.3571428310437435,0.11171827565270188,0.11811023622047244,0.030342553907075062,0.2947293115094845,0.2913272906161581,0.08238540618114414
0,0.2857142857142857,0.3496062992125984,0.22109762899096372,0.05143340137342789,0.00552087158077687,0.7130545682997271,0.5952380774194233,0.1681845780206436,0.05511811023622047,0.11831592760495084,0.11898381244507597,0.6447769133413309,0.09174593623644882
0,0.42857142857142855,0.1622047244094488,0.17597728557626208,0.4668597344635307,0.012256895709270032,0.5022610070083448,0.47619045313101843,0.2119004250151791,0.05511811023622047,0.09576310718281715,0.2677028564504276,0.3007367152996038,0.13374684441585155
0,0.5714285714285714,0.4125984251968504,0.30871777339950085,0.02574937945879214,0.0,0.7520040491671902,0.5476190277040613,0.10321797207043108,1.0,0.03837559022194163,0.39887864015968694,0.4159354596719883,0.19437141097944252
0,0.2857142857142857,0.39842519685039374,0.28422687313121764,0.0040759595899849685,0.007174927013258904,0.9158250788633028,0.5714285525617423,0.10564663023679417,0.49606299212598426,0.1392568326918087,0.10962656457337679,0.46899942066174916,0.13764670358171724
0,0.2857142857142857,0.19999999999999998,0.1052918536667617,0.42860048975976667,0.030127249736259788,0.9846906405187551,0.5952380774194233,0.47662416514875533,0.49606299212598426,0.3066637234761655,0.04544685900052056,0.8453436333533724,0.20527490256745345
0,0.0,0.030078740157480313,0.07536395875015482,0.5476910065933865,0.03211369570750809,0.7617261018108035,0.5952380774194233,0.19064966605950212,0.11811023622047244,0.23253476049838945,0.21111738723791612,0.6548066353075142,0.19836325160829252
0,0.0,0.3259842519685039,0.04002316609779303,0.1473043780928716,0.11803632236809608,0.3174641590985275,0.4047618829602356,0.222829386763813,1.0,0.34060929414661795,0.22799642978960316,0.3320756681243036,0.2893031885586063
0,0.0,0.2960629921259842,0.34066563174983766,0.17978311532634883,0.004450154594396972,0.025335324432861298,0.5238095028463804,0.3600485731633273,0.49606299212598426,0.03392214978787543,0.16311188763143694,0.31428379683639945,0.07005251369250752
0,0.0,0.20314960629921258,0.10654289034264411,0.2784348920372994,0.0,0.2327465990547503,0.42857140341565636,0.1760777170613236,1.0,0.15387840064521566,0.11304025627701692,0.5119899704635508,0.10361617052458501
0,0.0,0.34015748031496057,0.11305131383488312,0.12707463044787595,0.01881560744255529,0.010340223003887112,0.6428571249336552,0.49544626593806923,0.49606299212598426,0.2963076318568626,0.10515440170530131,0.611603900591035,0.1207042642017346
0,0.2857142857142857,0.3244094488188976,0.13815132555908016,0.05706343388063049,0.0023101489719244495,0.9329979654266832,0.5238095028463804,0.11171827565270188,0.11811023622047244,0.13679950137918154,0.26925750982892777,0.3819399424396822,0.24960511801650634
0,0.0,0.1653543307086614,0.020670576385432595,0.3143662138180351,0.2476898780077632,0.6301605792262627,0.7142857017078282,0.825136612021858,0.05511811023622047,0.6415048944831085,0.11510052592295338,0.8804719165651503,0.24503153640698747
0,0.0,0.1653543307086614,0.10559217495045191,0.2578323741556839,0.19412901545063002,0.34495238787647375,0.5238095028463804,0.13479052823315119,0.007874015748031496,0.38747950646951,0.18198667682876765,0.9057493160688865,0.9351097676193482
0,0.0,0.013968503937007873,0.5509710737863993,0.5456779563174631,0.0023101489719244495,0.7740465920619451,0.4047618829602356,0.46083788706739526,0.11811023622047244,0.4006446785407945,0.05905096335334676,0.712630665325627,0.1257728218230728
0,0.0,0.029606299212598424,0.436608182167064,0.555839097025099,0.01691146446373977,0.4087736950648555,0.5476190277040613,0.4019429265330905,0.11811023622047244,0.034593560817030786,0.18921193118258214,0.793034324052141,0.07255995608608523
0,0.42857142857142855,0.3858267716535433,0.1285713086772537,0.08331779255107889,0.03141307176093511,0.28390214623620585,0.4047618829602356,0.12932604735883424,0.007874015748031496,0.1460639117191593,0.24844371503159307,0.30827543120071493,0.07956028744553588
0,0.0,0.3307086614173228,0.3954976031519525,0.023574220671714413,0.03747199933172179,0.6457518153544243,0.5714285525617423,0.403157255616272,0.023622047244094488,0.11579175267614107,0.18280716032436753,0.2542776556097687,0.18898250763821586
0,0.2857142857142857,0.2377952755905512,0.054257225068215245,0.3315146020791946,0.007602172785156421,0.10787507797532761,0.6190476022771042,0.222829386763813,0.49606299212598426,0.10911546245138984,0.11700618191641365,0.35373041796053084,0.3317145492433022
0,0.0,0.27244094488188975,0.3443714571498401,0.018717098234995583,0.03587463349313489,0.5759769670316985,0.49999998018982944,0.4055859137826351,0.0,0.021457775890022457,0.27826918992076133,0.6801367679802095,0.15117433624263937
0,0.42857142857142855,0.25984251968503935,0.10370692533822783,0.23260950919565007,0.0758796636710561,0.2579982706681792,0.5714285525617423,0.1366120218579235,0.0,0.13860595651074506,0.12051355331428071,0.33055146774296135,0.16880763506458485
0,0.0,0.0,0.14263386629685004,0.7195203315518544,0.004450154594396972,0.5534165680644136,0.49999998018982944,0.21493624772313297,0.11811023622047244,0.075769344074808,0.12825330539036606,0.33050310349617973,0.10349123956544527
0,0.0,0.2944881889763779,0.34997885321076416,0.06725217357674587,0.02370041440171009,0.6592999314039111,0.2619047404175398,0.04310868245294475,0.11811023622047244,0.5069073733739458,0.10455761237617639,0.7852123146218859,0.5646096369573774
0,0.0,0.1889763779527559,0.048630869378457335,0.3069352838034053,0.08759050780649004,0.43408900953019447,0.4047618829602356,0.18336369156041288,0.05511811023622047,0.358007000028096,0.20859779996690425,0.8664763078111907,0.9258089215926393
0,0.0,0.06598425196850394,0.8043995112968106,0.48423347591610044,0.0023101489719244495,0.2731395530820511,0.6190476022771042,0.46265938069216755,0.0,0.11097707451546847,0.12265471882849875,0.6773388644568331,0.10806730716045024
0,0.0,0.2755905511811023,0.03327897688705529,0.18317620981601118,0.07836794599154207,0.42231329210168206,0.6190476022771042,0.49241044323011535,0.023622047244094488,0.41961392006531484,0.04459361666609113,0.28130806581260265,0.15929576554858346
0,0.42857142857142855,0.07307086614173228,0.1521573794156162,0.4921261553213743,0.007900848939863456,0.22113378346279272,0.5952380774194233,0.201578627808136,0.0,0.21772551973411294,0.1232701939638183,0.4310425927243439,0.09370599315369786
0,0.0,0.20472440944881887,0.0,0.18376935678128833,0.5395265009752017,0.6635784182052687,0.6904761878557976,0.25986642380085,0.11811023622047244,0.20692334262703924,0.08674443333084599,0.7829628298717897,0.363262092223113
0,0.0,0.2110236220472441,0.023728467596582842,0.23942858074505136,0.24012073056274752,0.15086113343382254,0.5952380774194233,0.25986642380085,1.0,0.44431473931072324,0.07910308367256541,0.4038334834010176,0.20267303347926574
0,0.42857142857142855,0.30866141732283464,0.10330780035498123,0.31360360170780827,0.00478328436087401,0.297997671284878,0.47619045313101843,0.13964784456587737,0.007874015748031496,0.08488612455769508,0.2820170385293257,0.3856654148297792,0.0984746227392216
0,0.0,0.168503937007874,0.06505379270144573,0.3314459553301328,0.007602172785156421,0.881290832987393,0.42857140341565636,0.07407407407407407,0.023622047244094488,0.24101360753897488,0.07622385160122844,0.8483567519002261,0.8266186101219893
0,0.0,0.12598425196850394,0.0678846077060782,0.20949590612476493,0.08266684852392005,0.20031642443441522,0.6428571249336552,0.37340619307832423,1.0,0.43988251753105845,0.18869922798133304,0.5832575883432085,0.26946901825814723
0,0.2857142857142857,0.3606299212598425,0.0521807642294494,0.12814584012265037,0.04411431427387513,0.2587093168584323,0.8571428288426135,0.21250758955676988,0.0,0.6610208918321712,0.036565358590806916,0.5022145148209888,0.20114651612924195
0,0.0,0.22834645669291337,0.2396512343850099,0.1351393438007777,0.01611463865939112,0.6359562827579623,0.5952380774194233,0.38554948391013966,0.023622047244094488,0.12190865835136157,0.15675576823203394,0.5446676531835174,0.1700149681797424
0,0.2857142857142857,0.26614173228346455,0.14951844958811447,0.2651385987532113,0.0016911464463739772,0.48364171974168796,0.4523809172676871,0.16150576806314512,0.023622047244094488,0.16323586648795427,0.19216441958985103,0.2885705718368764,0.13921230388389078
0,0.0,0.5007874015748031,0.07078686783116851,0.03586131953800984,0.0395003251720958,0.12042453542244312,0.49999998018982944,0.25561627200971465,0.49606299212598426,0.29278388084664725,0.1007696291625385,0.28412569596265524,0.2245843872918419
0,0.0,0.3417322834645669,0.03420993726155819,0.1317743544769491,0.046931253238742386,0.7833882583031236,0.5952380774194233,0.6885245901639344,0.05511811023622047,0.1460639117191593,0.2746227573859398,0.6311780942427531,0.30140262255778544
0,0.2857142857142857,0.2110236220472441,0.43469548496339944,0.11914760871011792,0.002391642180437005,0.6949625995919754,0.42857140341565636,0.4262295081967213,0.023622047244094488,0.08186822907800598,0.1735863245347812,0.6970449760595124,0.13186479038746032
0,0.0,0.1184251968503937,0.17906078118757215,0.22530342678277276,0.03186739475640724,0.21084316580940052,0.6428571249336552,0.19247115968427445,0.0,0.20172573293293822,0.16608260609352982,0.20831863498669365,0.13897411794662365
0,0.0,0.0,0.11569527921772903,0.640402033733403,0.1395150877020763,0.6510998961068944,0.6428571249336552,0.3582270795385549,0.05511811023622047,0.5084905399218932,0.10161067274184458,0.5521689967121155,0.11614614868224787
0,0.2857142857142857,0.22519685039370077,0.03151647529437017,0.011528554184958722,0.17797886428572104,0.6953045255659177,0.5952380774194233,0.4177292046144505,0.11811023622047244,0.4919026177179792,0.0818098993035121,0.5554975403091819,0.18011141106971232
0,0.0,0.30393700787401573,0.019795907415974257,0.04493616004000887,0.18996846444203017,0.8326283179750612,0.23809520455420854,0.48269581056466304,0.2440944881889764,0.24352920906541234,0.10698797492260896,0.8266893714574203,0.21232281405895298
0,0.0,0.0626771653543307,0.4901520241788039,0.43602761870475093,0.0033822928927479544,0.377389485928922,0.7380952221632491,0.4353369763205829,0.023622047244094488,0.3367142011902774,0.05802519234975202,0.5762367489554551,0.13108160307469946
0,0.2857142857142857,0.11244094488188976,0.1549772522602141,0.3498426489872377,0.03270906426262704,0.6149264756483884,0.5952380774194233,0.14814814814814814,0.023622047244094488,0.2611267681867688,0.1752144507311143,0.5064262423747544,0.12109786498574109
0,0.0,0.25826771653543307,0.5868125290720666,0.2962029494404655,0.02438525641086147,0.1144277110439703,0.5476190277040613,0.08075288403157256,1.0,0.3189224906580902,0.19764279603083032,0.7794114186805527,0.9233459620377178
0,0.2857142857142857,0.37007874015748027,0.11662077868505373,0.051298079502452305,0.08038681320963265,0.36297534425690897,0.5238095028463804,0.09593199757134184,0.05511811023622047,0.07485704316367224,0.2077638604120874,0.6002392920206445,0.20435182762877604
0,0.0,0.42047244094488184,0.10934815880513901,0.08417721250216358,0.07245678294518766,0.39751652743954546,0.6428571249336552,0.38129933211900424,0.023622047244094488,0.36430066240379194,0.05062189302612033,0.6595020826277895,0.15193777831002317
0,0.0,0.01937007874015748,0.06650323152949399,0.5908384079034948,0.039834381686911655,0.6120360051768957,0.5714285525617423,0.5743776563448695,0.023622047244094488,0.142464950278398,0.15907796958443876,0.8285237776811648,0.380395626454639
0,0.0,0.2992125984251969,0.23855375035700307,0.21496264050924094,0.016296206451401795,0.4438835709037146,0.5952380774194233,0.25258044930176077,0.023622047244094488,0.06676628202733903,0.11898381244507597,0.28561496351826304,0.08797166009148977
0,0.42857142857142855,0.168503937007874,0.3986115982064268,0.37304223585551843,0.0033822928927479544,0.5022610070083448,0.5238095028463804,0.2167577413479053,0.023622047244094488,0.13378897695965253,0.11192888946913128,0.32200299900380536,0.10648939919242763
0,0.0,0.21574803149606298,0.059190829490755305,0.05125339560641848,0.10435662175925182,0.8612872200380498,0.3333332819736318,0.23618700667880996,0.49606299212598426,0.40000479284180807,0.0870385866592158,0.7000840360480295,0.23600506574560495
0,0.42857142857142855,0.4188976377952756,0.18065830476249092,0.16166127407683772,0.00662060769898031,0.6694643344736415,0.42857140341565636,0.1305403764420158,0.49606299212598426,0.0772656548261438,0.14336796347969472,0.26804239635474203,0.13921230388389078
0,0.0,0.368503937007874,0.35171370375522726,0.008645076970238478,0.019122984743183264,0.33595594976723947,0.6190476022771042,0.339404978749241,0.0,0.10507464024764118,0.1652734195350287,0.6583569643170369,0.16516847834387233
0,0.0,0.3732283464566929,0.009785839484298096,0.05202226384124913,0.21022505779001907,0.7818371875159559,0.4523809172676871,0.19489981785063754,0.49606299212598426,0.373006425713431,0.14351734738519328,0.5744733647716398,0.22049569511368652
0,0.2857142857142857,0.37007874015748027,0.1944735924541949,0.2031208582796302,0.00827683251859396,0.4016594315182379,0.6904761878557976,0.4068002428658166,0.007874015748031496,0.0890910582098901,0.3869649119435257,0.5466309472494234,0.16544872226510038
0,0.0,0.009543307086614172,0.006967084380393989,0.5595074989132353,0.42075651988143414,0.3475898686462595,0.4047618829602356,0.5306618093503339,0.007874015748031496,0.38629575717810694,0.1690115606393993,0.756944182273041,0.2825782106571324
0,0.0,0.26614173228346455,0.6837244620411954,0.01222787801163677,0.005622035970609603,0.8334695635379598,0.5238095028463804,0.45719489981785066,0.49606299212598426,0.17489821408798004,0.11099956115244773,0.6043333091233825,0.05355113296699893
0,0.2857142857142857,0.1905511811023622,0.018496638766807755,0.01985774899707687,0.04601600862972448,0.4708767978724112,0.7142857017078282,0.48755312689738917,0.007874015748031496,0.17009752193551478,0.1044891414296358,0.6685801494542419,0.15438633137528357
0,0.0,0.38897637795275586,0.4435895727382155,0.1016173598737097,0.0,0.09626225405860192,0.5714285525617423,0.2689738919247116,0.007874015748031496,0.034593560817030786,0.4812092707248413,0.35996686112235293,0.17068826270786114
0,0.0,0.4047244094488189,0.03603693910462231,0.17004617778275738,0.0737851432062944,0.11669885484490403,0.5238095028463804,0.6824529447480268,0.0,0.19547322288862923,0.1526374564249848,0.8380288115730863,0.28226049356124155
0,0.0,0.1905511811023622,0.08465417052068913,0.11546896952717536,0.004761578612202622,0.8001601407884776,0.4047618829602356,0.12932604735883424,0.11811023622047244,0.15989957343707906,0.21864984649997599,0.3576146154886237,0.07100686721906282
0,0.0,0.22362204724409449,0.13256519073183148,0.35218057223065535,0.0174174453020262,0.6717833096169941,0.4047618829602356,0.052823315118397086,0.2440944881889764,0.35612591291241164,0.09413007798575906,0.7951737973011193,0.6281929134110573
0,0.0,0.37480314960629924,0.032166456131284556,0.02135020629096932,0.141030984322835,0.27877518797326306,0.3571428310437435,0.22525804493017607,0.0,0.49447556807570703,0.12474121126892115,0.6220912772041545,0.3951405361726629
0,0.0,0.07401574803149605,0.21321835821058743,0.18692284169862503,0.023166128488756786,0.8454913611106795,0.47619045313101843,0.41044323011536127,0.49606299212598426,0.034593560817030786,0.41431002266401434,0.8133518683233446,0.14541300374789823
0,0.0,0.168503937007874,0.6792037159346589,0.14247473520952614,0.0016911464463739772,0.8257200369397709,0.6190476022771042,0.4304796599878567,1.0,0.021457775890022457,0.14336796347969472,0.4274576648194444,0.12162228566171907
0,0.42857142857142855,0.45039370078740154,0.021195974912761546,0.027129314664299197,0.1476968392391319,0.6782880891438364,0.49999998018982944,0.11232544019429265,0.023622047244094488,0.06431700764706173,0.31179379929386886,0.26207086354668735,0.3396964169542131
0,0.2857142857142857,0.29763779527559053,0.08644036847040429,0.01075610384484356,0.0016911464463739772,0.7954100558758433,0.47619045313101843,0.08864602307225258,0.11811023622047244,0.1241227136905047,0.19521082696081637,0.4939151859560765,0.21294673528516406
0,0.0,0.3244094488188976,0.05765052177763242,0.25815661203174095,0.036961291148743185,0.004602326939171474,0.9761904641366687,0.5306618093503339,1.0,0.401381309404382,0.12395461288772541,0.7861500096175036,0.4259859512681027
0,0.0,0.3259842519685039,0.22168288513923692,0.09390166244188676,0.008821850526552261,0.8882127943915482,0.5476190277040613,0.4414086217364906,0.2440944881889764,0.18888049338174656,0.14448514681444763,0.6299965064082319,0.19167489105041252
0,0.0,0.24251968503937008,0.058738513275173515,0.14857455148800028,0.28120983526816234,0.9082597793825463,0.49999998018982944,0.15786278081360047,0.49606299212598426,0.06912812836221983,0.11993024283194131,0.40154299942369187,0.20267303347926574
0,0.2857142857142857,0.13590551181102362,0.08535862691087245,0.03498954184503731,0.023592773313675132,0.6541947673837807,0.6190476022771042,0.08318154219793564,0.023622047244094488,0.4218707287929145,0.04426070339271939,0.6278871023511696,0.6298389007029236
0,0.0,0.39999999999999997,0.24036019861451016,0.05583380775611578,0.010103159942825086,0.32344490557493066,0.49999998018982944,0.3673345476624165,0.007874015748031496,0.12190865835136157,0.2651864822265784,0.8391749347668593,0.11135871119013689
0,0.2857142857142857,0.0,0.31665606572060956,0.6295081302130817,0.02868872110617034,0.6924882287779461,0.5714285525617423,0.4772313296903461,0.11811023622047244,0.2831867522547015,0.16069336892374783,0.5780221941865012,0.15813179454092055
0,0.2857142857142857,0.28976377952755905,0.12909756235886774,0.20868728306177015,0.023315118504541873,0.4613487678233284,0.5714285525617423,0.36429872495446264,0.05511811023622047,0.18698516202284365,0.24689900272986415,0.4736026815597133,0.17190044553240952
0,0.2857142857142857,0.4944881889763779,0.19216189106974776,0.20385746955684456,0.0033822928927479544,0.41215596508481267,0.5714285525617423,0.14754098360655737,0.11811023622047244,0.0625083110356009,0.33884638599713757,0.48566225176722594,0.04162971183016613
0,0.0,0.06850393700787401,0.15992259995386618,0.4069778728455945,0.10770156815698372,0.774564448134475,0.4047618829602356,0.5124468731026108,0.2440944881889764,0.361564135660561,0.09321145982628462,0.7646322485265555,0.13221553848722747
0,0.42857142857142855,0.5543307086614173,0.1763144897596387,0.024336700076267846,0.04573007192171202,0.5807934003458664,0.5238095028463804,0.21493624772313297,0.023622047244094488,0.07076648902852402,0.1878743920601439,0.4346149827810975,0.2932401337374608
0,0.0,0.11181102362204724,0.05014117993234553,0.425457422237793,0.04849949202675504,0.17944569254300574,0.6190476022771042,0.17122040072859745,0.0,0.49837016522082606,0.03374057741447243,0.8961930022234506,0.8266186101219893
0,0.2857142857142857,0.2677165354330709,0.14020674133700098,0.13495705360039023,0.031206793564015168,0.1389837150886976,0.5476190277040613,0.3460837887067395,0.49606299212598426,0.0950452882233266,0.12031779100993142,0.32490666260013695,0.17190044553240952
0,0.0,0.16062992125984252,0.014821815729701562,0.06920764380887273,0.03948443704639908,0.6271325280877674,0.38095235370029445,0.6180935033394049,0.11811023622047244,0.04747853757174801,0.1594180854385336,0.8243425058127845,0.23672816149116582
0,0.0,0.3732283464566929,0.016682798670104748,0.024192428155518156,0.19454726353601606,0.4998881706155666,0.5952380774194233,0.16272009714632665,0.023622047244094488,0.3139673533101183,0.1642924374973797,0.31325346708604607,0.26355695761061576
0,0.0,0.14992125984251967,0.06172891087804572,0.24819774320731794,0.20320252825630672,0.09626225405860192,0.6190476022771042,0.0734669095324833,0.49606299212598426,0.06912812836221983,0.27262421926315117,0.7378140850773541,0.7129613302614296
0,0.0,0.013181102362204723,0.39713216857716827,0.5375137516254075,0.0016911464463739772,0.9911632586916128,0.5952380774194233,0.45476624165148755,0.49606299212598426,0.07205010916110394,0.20722900199733496,0.6124275954729308,0.15933293306929316
0,0.0,0.034488188976377954,0.036337595456199696,0.36877703759608604,0.2313856437227627,0.5228825952408965,0.6428571249336552,0.3673345476624165,0.05511811023622047,0.32545294420966864,0.23714125194746546,0.984452140714666,0.5204175567182429
0,0.2857142857142857,0.4913385826771653,0.2596225266331285,0.08528923485889879,0.010205551397170264,0.1860239076239336,0.6666666519924662,0.172434729811779,1.0,0.09432189758523409,0.26178283984066003,0.38085760612809205,0.09091211225210712
0,0.2857142857142857,0.27716535433070866,0.05545235945014788,0.15089000955670429,0.013369681186615433,0.9911632586916128,0.5476190277040613,0.22768670309653916,0.2440944881889764,0.07205010916110394,0.20994671578293111,0.37763947598535197,0.1908848774660301
0,0.0,0.38267716535433066,0.0501544173391973,0.02527285329141351,0.018602611067429713,0.5746181151393122,0.5476190277040613,0.4517304189435337,0.007874015748031496,0.24742479783297439,0.1286671276348713,0.5270231750450876,0.21138720730819413
0,0.2857142857142857,0.2677165354330709,0.1063437697337183,0.20063536632737616,0.02646336488776922,0.7008484881111212,0.49999998018982944,0.10989678202792957,0.0,0.075769344074808,0.15547052657937208,0.36572082129676725,0.07709610527480171
0,0.0,0.22992125984251965,0.2514425467295721,0.31853659387381317,0.034799154709866886,0.7344105398223606,0.47619045313101843,0.4602307225258045,0.023622047244094488,0.04343394100507545,0.39050947265323377,0.7126788997106029,0.031246911939904042
0,0.5714285714285714,0.33385826771653543,0.23637780551006743,0.2757492609715837,0.0,0.6606945520497799,0.5714285525617423,0.2677595628415301,0.05511811023622047,0.09694748450176757,0.2605804879685262,0.3753610969834865,0.08797166009148977
0,0.5714285714285714,0.18740157480314962,0.8507034772544219,0.23944463813153444,0.0,0.387973235315664,0.5238095028463804,0.4833029751062538,0.023622047244094488,0.10176877141284713,0.13039398097186072,0.4273445768303102,0.0769975624402886
0,0.0,0.05937007874015748,0.030126468735432177,0.23331524744584234,0.10890549149125149,0.32047343511009785,0.3333332819736318,0.339404978749241,0.0,0.8344795593560403,0.00577475953292977,0.49257190471371454,0.29700915263442473
0,0.2857142857142857,0.2992125984251969,0.5032497770240835,0.04482049377506123,0.0033822928927479544,0.326233924872853,0.49999998018982944,0.25986642380085,0.05511811023622047,0.021457775890022457,0.3998050288800301,0.5971729610529294,0.1324495267768706
0,0.0,0.3307086614173228,0.05194433473320076,0.0769624751958878,0.019133137128864112,0.7434947487363002,0.6190476022771042,0.5276259866423801,0.023622047244094488,0.5051394138519739,0.10436350217054553,0.8665849588552966,0.34421948415373244
0,0.0,0.43779527559055115,0.3478228789185458,0.24449029741426787,0.00478328436087401,0.41413090531297797,0.42857140341565636,0.3363691560412872,0.007874015748031496,0.11812371812140432,0.31110948861091225,0.739311855489288,0.08855554064983111
0,0.0,0.0,0.015733328179094865,0.6258133198959359,0.23435775915366527,0.6685660365002231,0.38095235370029445,0.44990892531876137,0.11811023622047244,0.10507464024764118,0.2569613663345878,0.84425514406575,0.5113393082771874
0,0.42857142857142855,0.5102362204724409,0.11952038115593462,0.07589208071310721,0.0016911464463739772,0.6496929270550522,0.5714285525617423,0.23497267759562843,0.11811023622047244,0.09576310718281715,0.13109734775900056,0.3711237526425718,0.32225376469134637
0,0.42857142857142855,0.0,0.012407278386608067,0.6843756700451635,0.20095407412161845,0.06327214721297864,0.42857140341565636,0.19489981785063754,1.0,0.10310409845819236,0.3054954121993367,0.5508400157281199,0.12807296970558726
0,0.42857142857142855,0.4803149606299212,0.31012605673544946,0.1325783802362578,0.010205190357034872,0.9505915580191936,0.5238095028463804,0.0989678202792957,0.49606299212598426,0.015173769437865763,0.17160001194250893,0.4274721660544146,0.13764670358171724
0,0.2857142857142857,0.3811023622047244,0.44962218075659977,0.2595430829916636,0.028651374296522338,0.5618320761083596,0.4523809172676871,0.0546448087431694,0.05511811023622047,0.4377956687584391,0.1729679098031213,0.7352580027878857,0.8283248723734276
0,0.0,0.2062992125984252,0.01761059910646868,0.4175570174665311,0.2889862779577997,0.3755828447619449,0.7619047514231901,0.28233151183970856,0.05511811023622047,0.5531148720228601,0.06643217582618073,0.8837942762667069,0.7360277096093049
0,0.0,0.1795275590551181,0.017468688637116776,0.3460051895501486,0.07819712445297307,0.3584013281889966,0.5238095028463804,0.14025500910746813,0.007874015748031496,0.48375850522832925,0.23539263078563777,0.5626966304850033,0.20267303347926574
0,0.0,0.3574803149606299,0.1556799665517051,0.22892600729767457,0.052811916652744206,0.7520040491671902,0.47619045313101843,0.40437158469945356,0.007874015748031496,0.019192837924269793,0.3319903016472937,0.9281220161737932,0.46609103061428975
0,0.0,0.08204724409448819,0.039291342227276996,0.45963235599396457,0.2976599722431715,0.5405038815618597,0.38095235370029445,0.36429872495446264,0.007874015748031496,0.2577152357830264,0.2697317248269297,0.8257800296227147,0.7063930509532985
0,0.0,0.5244094488188976,0.10526981039608203,0.059101454624802194,0.01104081499737125,0.19309862852220935,0.47619045313101843,0.07589556769884638,0.0,0.4947683239432197,0.1362811720891608,0.8655625754106733,0.5616053234974706
0,0.0,0.07574803149606298,0.046707245274016866,0.2898507080132046,0.14297067441668027,0.5838132099639703,0.4047618829602356,0.5768063145112325,0.05511811023622047,0.45527755925357266,0.1093431270991082,0.8188058322668432,0.29700615722568335
0,0.0,0.4834645669291338,0.21905587660753112,0.10122562220476826,0.03441969130203186,0.660907388620153,0.5238095028463804,0.08318154219793564,0.05511811023622047,0.34403287063128335,0.05672997543896616,0.6589068053862843,0.7491089856138974
0,0.0,0.21574803149606298,0.024753429454794317,0.16501589340018666,0.09033041701000875,0.20283450028082217,0.5952380774194233,0.344869459623558,0.05511811023622047,0.3197720425273812,0.06310703661384826,0.7869548281583558,0.4522826853627446
0,0.0,0.0,0.03289097781074908,0.694259114652204,0.013529171256359891,0.6271325280877674,0.5476190277040613,0.5379477838494232,1.0,0.14851405376907426,0.1843745861350288,0.679562206788662,0.37104903421960034
0,0.0,0.3118110236220472,0.01639064108977556,0.2283640556446263,0.2088644949512588,0.9937240405982288,0.4523809172676871,0.2750455373406193,1.0,0.452290647843469,0.07939724269782734,0.6923463440330495,0.22047959733881775
0,0.0,0.3307086614173228,0.04936567007600891,0.08553681625060594,0.1490938679181466,0.8257200369397709,0.3571428310437435,0.6569520340012144,0.05511811023622047,0.3143006004273893,0.15719738561325364,0.7925926702348361,0.35071312276649097
0,0.5714285714285714,0.21259842519685038,0.8830644863898857,0.22182001660337555,0.0,0.5370274861642355,0.5952380774194233,0.47965998785670916,0.2440944881889764,0.08831810917432556,0.2592719916021794,0.3274010914513736,0.10806730716045024
0,0.2857142857142857,0.4409448818897637,0.12283244138728024,0.12868896652802714,0.02105576787966713,0.8421091188399491,0.5476190277040613,0.12750455373406194,0.11811023622047244,0.0625083110356009,0.15384239468614685,0.6081624081424837,0.046754346763452186
0,0.0,0.5763779527559055,0.27184729729282947,0.16831300377206396,0.0,0.377389485928922,0.6190476022771042,0.3430479659987857,0.2440944881889764,0.00678621363844454,0.15416066295891354,0.5006926735957834,0.1532592629882375
0,0.0,0.14692913385826772,0.0,0.234900776915886,0.9323199982884024,0.1682182332400219,0.5952380774194233,0.40255009107468126,0.49606299212598426,0.16032059979936172,0.10538445360339617,0.869690727616625,0.22747069794888167
0,0.42857142857142855,0.48503937007874015,0.13617370656801728,0.026781004926982495,0.0023101489719244495,0.14143708806272656,0.47619045313101843,0.24043715846994534,0.49606299212598426,0.15576814379847587,0.16798565291039338,0.3594579419816411,0.32225376469134637
0,0.0,0.21259842519685038,0.036663503337581345,0.30852851968148365,0.029046630653896385,0.7824745040103183,0.5714285525617423,0.1845780206435944,0.11811023622047244,0.31951091528404196,0.17963504533160632,0.8198623508146803,0.8266186101219893
0,0.0,0.14834645669291338,0.07204115981555625,0.7755289600747398,0.11489497428985214,0.008553878453946272,0.4047618829602356,0.6423800850030358,1.0,0.4968105290471004,0.17195385730664312,0.7895905126427735,0.10567697098481019
0,0.0,0.5133858267716536,0.1077961014628797,0.1059989599666795,0.004450154594396972,0.7520040491671902,0.4523809172676871,0.08136004857316333,0.11811023622047244,0.028786105386327837,0.3362918653835692,0.5217981079938815,0.26015195219498816
0,0.0,0.2692913385826772,0.17531734807309896,0.002882138593634564,0.03353702604239917,0.3537172864363999,0.4523809172676871,0.18579234972677597,0.007874015748031496,0.1366340553721972,0.17221331656192596,0.4529723713133664,0.093695417526917
0,0.42857142857142855,0.39999999999999997,0.08102328079655365,0.015096772768644151,0.011958210902185025,0.09626225405860192,0.3571428310437435,0.1281117182756527,0.11811023622047244,0.034593560817030786,0.351040526637845,0.3416056231151294,0.10289814863464734
0,0.0,0.305511811023622,0.15060576713506657,0.18806683095629034,0.0436505389487581,0.3105076499068736,0.7142857017078282,0.058287795992714025,0.0,0.27732037585796,0.07775816707481557,0.7894991919658335,0.6318268740145653
0,0.0,0.3102362204724409,0.04080095594168827,0.11279169891888478,0.09064306675514117,0.570433004486495,0.6190476022771042,0.5081967213114754,0.007874015748031496,0.358007000028096,0.0541792147742052,0.49677723193562767,0.16759506507836236
0,0.0,0.4110236220472441,0.1449730025566888,0.023057108369917444,0.05450490778610189,0.7969278275907233,0.5238095028463804,0.2568306010928962,0.49606299212598426,0.15402462363796526,0.15084127191074276,0.41766634748489995,0.30893358955692923
0,0.0,0.42677165354330704,0.1903776831816775,0.18200347082209836,0.04355065432428547,0.3851390402763379,0.6190476022771042,0.6095931997571342,0.007874015748031496,0.27359003683877375,0.07556759241513229,0.7603822426595848,0.1377631984917485
0,0.0,0.11984251968503937,0.09532345050494158,0.15775216305508175,0.083484309463153,0.6537862432652626,0.6190476022771042,0.6053430479659988,0.023622047244094488,0.4277351426035708,0.0828902579275205,0.8429851729046559,0.3329373484484918
0,0.42857142857142855,0.5307086614173228,0.2804415215617139,0.019961802567703118,0.0,0.2819866726013013,0.4523809172676871,0.11657559198542805,0.0,0.15533418502683163,0.3273294064397605,0.3393387925381283,0.12937016508298693
0,0.0,0.26456692913385826,0.10179313455436226,0.4366554113297658,0.027894988920236716,0.5517070769408364,0.6666666519924662,0.08500303582270795,0.023622047244094488,0.277088914652709,0.06964042620573845,0.7958011225811037,0.6439982793312589
0,0.0,0.5590551181102362,0.024351848366712538,0.08979863051536627,0.12080034024296507,0.5577125923771764,0.30952376812160115,0.4395871281117183,0.2440944881889764,0.11199761927978462,0.1342444420015158,0.8391540177402976,0.239658201040444
0,0.0,0.49921259842519683,0.11637906567050835,0.07020681231303903,0.01674149636427078,0.13647022618949836,0.49999998018982944,0.2586520947176685,0.0,0.12190865835136157,0.14838654375665947,0.6489691616242409,0.330500858525918
0,0.0,0.5039370078740157,0.8245637314380655,0.04899635647094665,0.004450154594396972,0.3299307323797959,0.6190476022771042,0.006071645415907711,0.023622047244094488,0.09211707673009192,0.09859563815585294,0.6147069793578168,0.902518192243112
0,0.0,0.15401574803149606,0.04079270640499751,0.4265606139798602,0.14812841198659543,0.5671531846122767,0.3571428310437435,0.7978142076502732,0.05511811023622047,0.37392206508679177,0.14336796347969472,0.7685151474365914,0.13068015717256073
0,0.0,0.305511811023622,0.05056722161199317,0.09814082195239998,0.04705928483533895,0.8916230078830004,0.6190476022771042,0.6211293260473588,0.11811023622047244,0.28729252366259056,0.06405195162740633,0.7655171021350426,0.36490640860670176
0,0.0,0.39999999999999997,0.028179142551739696,0.0877641387942097,0.052458746248407566,0.08869695457784546,0.5952380774194233,0.6909532483302975,0.49606299212598426,0.2481257302886117,0.20731678540820472,0.8180733962229323,0.30140262255778544
0,0.2857142857142857,0.27401574803149603,0.06846294632377756,0.02679502622927635,0.019865568790023148,0.5022610070083448,0.6190476022771042,0.19489981785063754,0.11811023622047244,0.0479600384418967,0.19590479957282972,0.5856114417897702,0.401423619965524
0,0.0,0.337007874015748,0.17138140669510146,0.10597494971876824,0.06146343332021319,0.6139137953616611,0.5238095028463804,0.23254401942926534,0.05511811023622047,0.39342984023309735,0.14025747746602293,0.7667020601926166,0.6298389007029236
0,0.42857142857142855,0.25984251968503935,0.34812387415282503,0.043557202116996735,0.019133137128864112,0.3704811771444047,0.5476190277040613,0.4195506982392228,0.023622047244094488,0.15533418502683163,0.10333753747261828,0.48628064131819876,0.15117433624263937
0,0.0,0.1905511811023622,0.15735288358024932,0.32252847531987283,0.07975043080976504,0.1163091724514555,0.30952376812160115,0.1196114146933819,0.0,0.18888049338174656,0.2381623913777565,0.7257980958734462,0.5678083463315223
0,0.0,0.1447244094488189,0.05490800955941688,0.4200849278393943,0.012528264172516462,0.8636568375205066,0.5238095028463804,0.5075895567698846,0.49606299212598426,0.08158826720588891,0.29762553741005277,0.8225149327935782,0.43963615116425975
0,0.2857142857142857,0.1537007874015748,0.25084205675477783,0.44963668030312254,0.0033822928927479544,0.062076749366762635,0.3333332819736318,0.2355798421372192,0.0,0.11812371812140432,0.29517040477662804,0.26564022349464117,0.11558667968630244
0,0.0,0.5984251968503937,0.1703142313695261,0.005362826600510993,0.01691146446373977,0.3426230067730313,0.49999998018982944,0.20218579234972678,0.49606299212598426,0.0625083110356009,0.23281810838379213,0.4556768670950684,0.11965990577442569
0,0.0,0.33228346456692914,0.007844568301586021,0.14891171868823855,0.1929632412374222,0.15652703440682142,0.38095235370029445,0.33879781420765026,0.49606299212598426,0.3293216765360645,0.20970339582305966,0.7987574575074394,0.22047959733881775
0,0.42857142857142855,0.2755905511811023,0.11984039324126744,0.48678839189350337,0.06641791079996111,0.5022610070083448,0.5476190277040613,0.11718275652701882,0.023622047244094488,0.03837559022194163,0.2622731485589363,0.30854327117498004,0.05588867251645544
0,0.0,0.4393700787401575,0.0480293430456819,0.07927665360274101,0.18048548178171026,0.4022878405107634,0.5714285525617423,0.24711596842744385,0.023622047244094488,0.1300114821615386,0.40747992183918685,0.4958245255336601,0.2245843872918419
0,0.0,0.5763779527559055,0.14911506472850347,0.08486716446460559,0.01881271361541344,0.10570468606744617,0.5476190277040613,0.24043715846994534,1.0,0.24317162588068467,0.07732361383984016,0.7413419047072215,0.06399608249441256
0,0.42857142857142855,0.3291338582677165,0.05577019327631287,0.15091488239149273,0.007737083022241016,0.5627582065563653,0.49999998018982944,0.20947176684881602,0.11811023622047244,0.05165002255941058,0.15416066295891354,0.3470114299723459,0.3631874719046706
0,0.2857142857142857,0.24409448818897636,0.06609563765771397,0.39987183475641214,0.01881560744255529,0.35348172324919025,0.2619047404175398,0.45051608986035213,0.007874015748031496,0.22379796766980295,0.18425287773150995,0.563159804258682,0.38058553944422996
0,0.2857142857142857,0.4299212598425197,0.1365185340226788,0.09374706981133614,0.011040815783951064,0.8840975007936279,0.3333332819736318,0.3691560412871888,0.11811023622047244,0.14866579266166338,0.3427919965191898,0.37592517647214513,0.12293511014459257
0,0.0,0.0,0.04499036950040424,0.6674779722800598,0.17943583034668978,0.26385524449288844,0.6190476022771042,0.3400121432908318,0.05511811023622047,0.13412692602000761,0.10131504391841246,0.8560952787410999,0.07812591457393812
0,0.0,0.29133858267716534,0.06470804333324262,0.11719675947911884,0.0740890776470692,0.8848986209744196,0.8333333370018835,0.29993928354584093,0.11811023622047244,0.6117160604823582,0.08275222223114988,0.8726765751842809,0.6395598578998469
0,0.0,0.1905511811023622,0.1374571946005622,0.08086697943498095,0.0,0.377389485928922,0.5476190277040613,0.017607771706132362,0.0,0.04070167823834967,0.1762379543716403,0.6092489958822367,0.8297068357805161
0,0.0,0.013181102362204723,0.10335505319250393,0.22156485203033044,0.07177057071399738,0.2848004164603974,0.6666666519924662,0.42319368548876746,0.007874015748031496,0.3247493880863174,0.060197679376914594,0.5423258583331996,0.17200208566031508
0,0.42857142857142855,0.11700787401574803,0.20216082546485423,0.3059693286856015,0.039124928381907786,0.0027749226906538384,0.5714285525617423,0.31693989071038253,0.49606299212598426,0.0575382001887388,0.16019851978244198,0.41671327004920183,0.3556546709818076
0,0.2857142857142857,0.16062992125984252,0.1324627184521822,0.24459162767489612,0.07757624239495306,0.385749745262097,0.8095238231498527,0.2610807528840316,0.007874015748031496,0.4869954707644913,0.018264867392461963,0.9076559811116623,0.7933603015891632
0,0.0,0.40944881889763773,0.009621589460328345,0.18081327155315496,0.29568249485498144,0.9779683625514193,0.5952380774194233,0.3503339404978749,0.2440944881889764,0.34421192045865845,0.06360886444801643,0.7856282743533478,0.26355695761061576
0,0.2857142857142857,0.32125984251968503,0.05546666119028829,0.05412997117822353,0.024269522989682903,0.6135379043339853,0.5238095028463804,0.6193078324225865,0.05511811023622047,0.2352439969656353,0.14185095516440613,0.41213258036984834,0.3357238936552056
0,0.42857142857142855,0.37480314960629924,0.19308950140118142,0.22271888900326853,0.004450154594396972,0.14349290063778822,0.49999998018982944,0.2143290831815422,0.0,0.06812602364358444,0.347604958868416,0.23556917950188289,0.17617658509160009
0,0.0,0.4393700787401575,0.1755956960243782,0.24419348221772413,0.038266242794535596,0.2588742305139379,0.4523809172676871,0.25318761384335153,1.0,0.11965246112426847,0.313504860845867,0.9071220635733522,0.11965990577442569
0,0.2857142857142857,0.06645669291338582,0.18734416800036827,0.26994834526452127,0.012154777984700708,0.47970060804105996,0.6428571249336552,0.42137219186399516,0.023622047244094488,0.03392214978787543,0.16089940272461203,0.40050704232842466,0.13221553848722747
0,0.0,0.11653543307086613,0.05597680363801071,0.008554285435874628,0.0503196817686845,0.6580858472282962,0.5238095028463804,0.2859744990892532,0.023622047244094488,0.46551868464588336,0.10067701478714035,0.8353319374425999,0.6785449600307023
0,0.0,0.0905511811023622,0.0,0.19433072832096424,0.5173582433721998,0.3312681618690103,0.49999998018982944,0.6624165148755312,0.0,0.4512888199527657,0.26058701660691,0.7591558988813116,0.3462245944636838
0,0.0,0.20157480314960627,0.04210445903512147,0.1480102490487373,0.002391642180437005,0.1438964298954631,0.42857140341565636,0.1827565270188221,0.0,0.2617042023306433,0.21903740607175037,0.6235933918026837,0.25282968571509234
0,0.5714285714285714,0.4110236220472441,0.5106283279489344,0.12453088070499321,0.0,0.6660820089552304,0.5238095028463804,0.29143897996357016,0.05511811023622047,0.08380145074363418,0.18397299511793208,0.4188660077540485,0.14749652448531161
0,0.0,0.34488188976377954,0.1412392018492187,0.0968731604860895,0.011714098216131369,0.6915068496191695,0.6428571249336552,0.16272009714632665,0.05511811023622047,0.10310409845819236,0.2717557964202562,0.8857414922042877,0.1603354780358037
0,0.0,0.3480314960629921,0.3363343039069552,0.0394636946662367,0.0016911464463739772,0.3712774689597148,0.4047618829602356,0.3697632058287796,0.023622047244094488,0.17528137286821832,0.2275405075122387,0.4938075088755133,0.16892182738150202
0,0.0,0.09858267716535433,0.16684032762645537,0.2681325050982676,0.0471142982276469,0.12042453542244312,0.19047615483884656,0.17182756527018822,0.2440944881889764,0.14866579266166338,0.18290453160469633,0.8940021562625253,0.1603354780358037
0,0.0,0.20157480314960627,0.1839120682678885,0.37893257622850857,0.07482355441574896,0.4209797197550076,0.4047618829602356,0.5482695810564663,0.05511811023622047,0.22291341979179236,0.4810816033721519,0.7466205552130194,0.031246911939904042
0,0.0,0.5228346456692913,0.13815187234918067,0.13188071807419044,0.044923185761520955,0.010340223003887112,0.49999998018982944,0.1700060716454159,0.2440944881889764,0.10064218502352623,0.2896583938844984,0.5369359595471818,0.0770321420908611
0,0.42857142857142855,0.505511811023622,0.23445372744268303,0.06747591534212187,0.0,0.14274293893172135,0.5476190277040613,0.17789921068609593,0.49606299212598426,0.142464950278398,0.1044891414296358,0.3143375039689015,0.09174593623644882
0,0.2857142857142857,0.0,0.05194662362199357,0.7770157944396703,0.03567448432613864,0.0027749226906538384,0.49999998018982944,0.18761384335154827,0.49606299212598426,0.2551015669287304,0.19297640901928134,0.7258505198476302,0.10142161589443757
0,0.2857142857142857,0.505511811023622,0.047971128974051376,0.3089175558420734,0.2531876147030016,0.21160572566448296,0.6190476022771042,0.30783242258652094,0.023622047244094488,0.09407950787430854,0.17160001194250893,0.3160201264773597,0.18541460904246046
0,0.2857142857142857,0.43622047244094486,0.029010584584740894,0.1301303207628832,0.13323070826478292,0.6370565951032604,0.47619045313101843,0.33758348512446873,1.0,0.1084876683485685,0.3000479698826369,0.40066224264598005,0.429274930443094
0,0.0,0.34015748031496057,0.38311732157285316,0.2511703692497447,0.026308066501862463,0.08869695457784546,0.42857140341565636,0.02853673345476624,1.0,0.05591952322792937,0.32323177435115236,0.3482452562641857,0.8220184977493324
0,0.2857142857142857,0.15118110236220472,0.08456990762299153,0.3816343120755906,0.08826783168576326,0.774564448134475,0.5952380774194233,0.13114754098360656,0.2440944881889764,0.06778866955669519,0.17821558490030262,0.44510837323260016,0.19836325160829252
0,0.0,0.34488188976377954,0.1559402577136188,0.20527115465879378,0.13660588292483097,0.6036704734906085,0.6666666519924662,0.15482695810564662,0.023622047244094488,0.4796093916561582,0.11797784383853382,0.7716292026179027,0.7351869574686904
0,0.0,0.3118110236220472,0.11377938392777895,0.24942297677404263,0.03241541592610177,0.7130545682997271,0.4523809172676871,0.13175470552519733,0.0,0.03955578619959046,0.24252920161962552,0.7023988691139248,0.0984746227392216
0,0.0,0.08881889763779527,0.0,0.2419728423526744,0.6438771447278544,0.986650568415164,0.5952380774194233,0.6848816029143898,1.0,0.2005141149191249,0.07435700283697481,0.37955716382187377,0.2721646008483874
0,0.0,0.37007874015748027,0.08224969284384005,0.04760135632781411,0.060680067469670265,0.9373728252930873,0.5238095028463804,0.18214936247723132,0.2440944881889764,0.38753090556614206,0.04544685900052056,0.5517291362245085,0.23143604856845393
0,0.0,0.25039370078740153,0.19225037569566322,0.04712535055625479,0.038522321719325035,0.37226251101644303,0.38095235370029445,0.230722525804493,0.0,0.20830688318191806,0.3032183302326213,0.787104091936222,0.19968730377971372
0,0.2857142857142857,0.39999999999999997,0.12935078339762143,0.16485485506549877,0.005354377804353688,0.7461181606480443,0.49999998018982944,0.2659380692167577,0.05511811023622047,0.12913704056892683,0.1534495085202286,0.6501252408897847,0.3604754451317481
0,0.0,0.029763779527559053,0.07090088628317266,0.22636846564373342,0.019133137128864112,0.024130869238983003,0.42857140341565636,0.3946569520340012,0.49606299212598426,0.1778133774825681,0.2416578049990374,0.6619434845750303,0.17200208566031508
0,0.0,0.14866141732283464,0.002533294748602443,0.12155298435153658,0.3586625720467782,0.8369682970632438,0.42857140341565636,0.3442622950819672,0.2440944881889764,0.5119471911467948,0.05811842768639262,0.5138291382868377,0.1674294210126558
0,0.2857142857142857,0.4236220472440944,0.15923799331593608,0.15912119269792718,0.017716055384028716,0.30367352590556823,0.4523809172676871,0.0989678202792957,1.0,0.030342553907075062,0.447032247567827,0.5166951264997763,0.20435182762877604
0,0.0,0.10251968503937006,0.08947849321942128,0.42934086419072004,0.22079447235754016,0.8414743830236889,0.6666666519924662,0.8129933211900425,0.11811023622047244,0.35749517823587057,0.054409790786376255,0.31755804583089037,0.05627230898158742
0,0.0,0.057480314960629914,0.092416707972632,0.5957308679652485,0.0772005120949232,0.03754139352177648,0.6428571249336552,0.20886460230722526,1.0,0.2611267681867688,0.1521155356522653,0.5949960752361173,0.19836325160829252
0,0.0,0.4110236220472441,0.008846656276807021,0.07073655724704735,0.30960951188946856,0.5186500889085229,0.5238095028463804,0.23254401942926534,0.007874015748031496,0.1392568326918087,0.12937047733133472,0.5759843532602255,0.26355695761061576
0,0.42857142857142855,0.3228346456692913,0.14538776192199518,0.12270729621479817,0.03889636716538973,0.7983431769090913,0.47619045313101843,0.3612629022465088,0.11811023622047244,0.0999600314179044,0.23949902469434567,0.29455129545963243,0.10882822248848754
0,0.0,0.15039370078740158,0.01942337423408059,0.4704943153628997,0.28711864644086793,0.5643641653143543,0.5238095028463804,0.599271402550091,0.05511811023622047,0.4977544503188892,0.18026850555538818,0.7887175475734038,0.11436178165730079
0,0.0,0.0878740157480315,0.0,0.38044229284312614,0.7798267133202887,0.8186440950755112,0.6904761878557976,0.47540983606557374,0.2440944881889764,0.4988040620160676,0.14427662916861367,0.4182472471693451,0.21180581058557274
0,0.0,0.4078740157480315,0.02399153467196027,0.1564363957821587,0.17074744275036127,0.48618643484592516,0.49999998018982944,0.647237401335762,0.023622047244094488,0.3244289700844036,0.17872038081527186,0.9122403502088441,0.28560216747776523
0,0.0,0.14629921259842518,0.012375466647202635,0.422636289200545,0.30701637061375564,0.026281692392049957,0.42857140341565636,0.6642380085003036,1.0,0.225263771569854,0.3111172192935361,0.45488645703075375,0.3317145492433022
0,0.2857142857142857,0.23464566929133857,0.0877859553275031,0.07328330519025159,0.08166163884848492,0.45992925612092445,0.5476190277040613,0.09957498482088646,0.05511811023622047,0.10911546245138984,0.16311187623765266,0.40947310334745707,0.21211641613281912
0,0.42857142857142855,0.24566929133858265,0.21480897061295678,0.42396916602636175,0.0016911464463739772,0.377389485928922,0.5238095028463804,0.23011536126290225,0.007874015748031496,0.04747853757174801,0.1911967284015472,0.3170288048635596,0.13374684441585155
0,0.0,0.17007874015748028,0.13757757107699087,0.1236834033166181,0.023132237124239022,0.10508603370310102,0.5952380774194233,0.19004250151791136,1.0,0.0479600384418967,0.23317194235414204,0.29468543961297716,0.1192530803627106
0,0.42857142857142855,0.01622047244094488,0.5141765824296248,0.5762982264265908,0.009561687443385918,0.05393047819687743,0.4523809172676871,0.41287188828172433,0.11811023622047244,0.06064528177778071,0.2879315519412933,0.5962554100969348,0.08602099693906924
0,0.0,0.23464566929133857,0.36128825273604864,0.15548205241077867,0.0,0.8454913611106795,0.5476190277040613,0.4201578627808136,0.2440944881889764,0.1377878803905009,0.13196495594632052,0.707378064479664,0.05695611800569638
0,0.0,0.5700787401574803,0.20725169562153375,0.236650804547103,0.005622035970609603,0.4313340662829134,0.49999998018982944,0.2604735883424408,0.11811023622047244,0.12190865835136157,0.2606395077710189,0.842167229045584,0.07377391170356222
0,0.0,0.0,0.5418724865139944,0.7115831199141736,0.0023101489719244495,0.17880199927630014,0.5714285525617423,0.4559805707346691,0.0,0.08569049562942407,0.3401268422604081,0.6247049470205575,0.11783460149667942
0,0.2857142857142857,0.039055118110236216,0.49412957246863526,0.45635334098855485,0.024805510274777502,0.2885770029946965,0.3333332819736318,0.44626593806921677,0.023622047244094488,0.0639593914082526,0.2650170566545577,0.5455812928256022,0.13108160307469946
0,0.0,0.15181102362204724,0.06174602095757443,0.1626200346513471,0.07328981423187178,0.7148408970326087,0.47619045313101843,0.36247723132969034,0.023622047244094488,0.20509879864941022,0.1893339187338155,0.6969356293271616,0.49037601151973065
0,0.0,0.6157480314960629,0.02593491252248515,0.21220182220055958,0.22041646569552376,0.9176014456237249,0.7619047514231901,0.6939890710382514,0.11811023622047244,0.28876878091589553,0.03201948363542897,0.7468949191970471,0.239658201040444
0,0.0,0.0,0.703559781578972,0.7707067771460355,0.007900848939863456,0.2669321065215123,0.42857140341565636,0.4517304189435337,0.0,0.10572314893012201,0.2622731485589363,0.4701989727127263,0.10375917582082425
0,0.2857142857142857,0.352755905511811,0.15245628285985974,0.10923205880908791,0.019133137128864112,0.377389485928922,0.5714285525617423,0.05768063145112325,0.023622047244094488,0.0948047784632827,0.13167280792398137,0.591184182906272,0.7988444670791385
0,0.42857142857142855,0.19370078740157481,0.2107067287481126,0.3425359030459933,0.008925577593424444,0.6915068496191695,0.5952380774194233,0.3035822707953855,0.007874015748031496,0.05165002255941058,0.1663575267140603,0.49131793438225185,0.3556546709818076
0,0.0,0.05133858267716535,0.021269817008427436,0.5205740240777382,0.3326234450496914,0.377389485928922,0.5952380774194233,0.4426229508196721,0.05511811023622047,0.020356855994936113,0.3013680708182575,0.8339708311214312,0.5113393082771874
0,0.0,0.08692913385826771,0.03314783118885647,0.23970337627878505,0.09262611312842614,0.6852831975101173,0.7142857017078282,0.5883424408014571,0.007874015748031496,0.332514370261904,0.10857390423891661,0.8108374964090893,0.3881839133285205
0,0.0,0.4551181102362204,0.11890009865110697,0.09743018307126805,0.09527503864466634,0.6674645031889411,0.5476190277040613,0.12629022465088038,0.05511811023622047,0.5294725684178168,0.09704598095175297,0.7791923387223818,0.6229931487360735
0,0.42857142857142855,0.22992125984251965,0.09685347093454566,0.07350665831758402,0.0,0.45992925612092445,0.5714285525617423,0.14511232544019428,0.05511811023622047,0.10911546245138984,0.3317068698699173,0.5145323399647265,0.08889650782309574
0,0.2857142857142857,0.30236220472440944,0.1392356166864062,0.0,0.03830434157448738,0.2669321065215123,0.49999998018982944,0.19672131147540983,0.0,0.10572314893012201,0.2620387100538994,0.6278899160236266,0.09345268753421222
0,0.42857142857142855,0.34488188976377954,0.09822778334599427,0.18969839033705535,0.011940596233792917,0.05393047819687743,0.5714285525617423,0.26229508196721313,1.0,0.015173769437865763,0.2361730765233304,0.5604001635887719,0.35599781848660517
0,0.0,0.17165354330708663,0.4025691250773454,0.16142680210986854,0.025590419394918757,0.9211228225181646,0.42857140341565636,0.36247723132969034,0.2440944881889764,0.04937626121979476,0.33453885191790733,0.5604877275491896,0.15824215599495756
0,0.2857142857142857,0.14598425196850393,0.0897420905540357,0.35010616453873117,0.01014687804898001,0.8100679190077764,0.5238095028463804,0.23132969034608378,0.11811023622047244,0.3397012778707883,0.15956817575865662,0.35387595594135235,0.10982000843584536
0,0.2857142857142857,0.28976377952755905,0.21744683229235517,0.17976811958525304,0.049388371266931526,0.8768755702466129,0.4523809172676871,0.14814814814814814,0.49606299212598426,0.2732765395351604,0.15374366754549054,0.5256842689087987,0.10982000843584536
0,0.0,0.057322834645669285,0.03517025772124844,0.23133783812220715,0.010205530946095057,0.1090271565034198,0.42857140341565636,0.29933211900425016,1.0,0.2294087740406466,0.3302249658039492,0.7544050129377915,0.7014739173612168
0,0.2857142857142857,0.46141732283464565,0.4231187495851389,0.1620128398426414,0.005773935545132849,0.2974417710222593,0.5714285525617423,0.3679417122040073,0.0,0.15402462363796526,0.2304156720025931,0.35064709673990285,0.1561022930455035
0,0.0,0.25354330708661416,0.10980066576145354,0.08907375989865837,0.09966506644868967,0.9711578142932938,0.38095235370029445,0.12871888281724347,0.49606299212598426,0.36446737892703146,0.16409452746469647,0.8355884299686047,0.7988444670791385
0,0.0,0.2094488188976378,0.007622089964011039,0.39804893275253744,0.3903934849796291,0.20136240379343032,0.4047618829602356,0.8099574984820886,1.0,0.6529538366698674,0.08892297615434541,0.9449252990060346,0.3680362032028642
0,0.0,0.21889763779527557,0.16036597678710715,0.34886253227828534,0.15707064462103687,0.07101059631978653,0.6428571249336552,0.7061323618700668,0.49606299212598426,0.30445971864365884,0.1571529156732673,0.8385186533961506,0.031246911939904042
0,1.0,0.5165354330708661,0.17366152141420774,0.005362826600510993,0.03162547190856041,0.14349290063778822,0.42857140341565636,0.2859744990892532,0.0,0.06812602364358444,0.29572313434200015,0.08719955427717946,0.4634972104135365
0,0.42857142857142855,0.2866141732283464,0.16451674309435893,0.05372904838088652,0.015208564784444094,0.09955126170184898,0.49999998018982944,0.14996964177292046,1.0,0.1913377028074484,0.13077868070378457,0.49911454346170087,0.15577210526832186
0,0.42857142857142855,0.27401574803149603,0.1208694394943692,0.13469070383487167,0.0,0.7520040491671902,0.5476190277040613,0.10200364298724955,0.11811023622047244,0.019192837924269793,0.31054277317535484,0.27612679620134434,0.08162055810557557
0,0.0,0.3669291338582677,0.00026166290568328544,0.1323857958672041,0.4755105453609567,0.6514024736770834,0.5476190277040613,0.2786885245901639,0.2440944881889764,0.0890910582098901,0.23730292974618603,0.9022181416757054,0.45869190235362806
0,0.42857142857142855,0.26614173228346455,0.2102899666051125,0.21652206487752876,0.06681409846783691,0.7520040491671902,0.49999998018982944,0.10564663023679417,0.2440944881889764,0.08622251139952633,0.15084125482006638,0.25931618545292384,0.19437141097944252
0,0.0,0.4866141732283464,0.049426073851251216,0.040349563805930466,0.041283130348546096,0.6237502580678101,0.38095235370029445,0.12750455373406194,0.023622047244094488,0.31162270336110426,0.10215326183922084,0.8028867537340604,0.5933516434315154
0,0.42857142857142855,0.552755905511811,0.29609768621318355,0.10807705498052923,0.019562244735185322,0.3168922586316745,0.4523809172676871,0.04068002428658166,0.0,0.07299787296985963,0.32769298209565706,0.3042019291713305,0.7351869574686904
0,0.2857142857142857,0.44566929133858263,0.08697914110211012,0.1130740112811197,0.0818661574663572,0.837926061629923,0.4523809172676871,0.18579234972677597,0.11811023622047244,0.027975373469802615,0.33791999157990227,0.3968833877778954,0.35780407033460165
0,0.2857142857142857,0.4803149606299212,0.03366211334628166,0.0040759595899849685,0.17767042274260245,0.9703628821901021,0.5238095028463804,0.40255009107468126,0.49606299212598426,0.07331103973265858,0.10962656457337679,0.416076869902557,0.19299172978853812
0,0.0,0.030078740157480313,0.3395337635257432,0.47322900013289526,0.0023101489719244495,0.3011500556094507,0.3571428310437435,0.432301153612629,0.0,0.18958604307938434,0.31467185210853443,0.5683977956515033,0.15813179454092055
0,0.42857142857142855,0.1795275590551181,0.20766778381394485,0.4377555413623678,0.05405452004944755,0.5394241591429263,0.6190476022771042,0.38919247115968425,0.11811023622047244,0.10332493690802205,0.3896655920216457,0.6875990292891861,0.1349873919272573
0,0.0,0.11716535433070867,0.0051093758225694095,0.46270174343026343,0.2945950167966254,0.22798262565404928,0.5714285525617423,0.5033394049787493,0.0,0.21610184127760632,0.03619656287264938,0.9241371602865407,0.5534953052724461
0,0.0,0.0,0.01155700007044691,0.7355727131352644,0.03587463349313489,0.8428417816779624,0.6428571249336552,0.48816029143898,0.2440944881889764,0.15877111949215708,0.10207602907258047,0.8594536596340007,0.5431282363723089
0,0.2857142857142857,0.7228346456692912,0.08326161057914228,0.024921869534777513,0.025590419394918757,0.6271325280877674,0.5476190277040613,0.1955069823922283,0.05511811023622047,0.04747853757174801,0.2814415954550213,0.28591248619097487,0.2985196333403705
0,0.0,0.3275590551181102,0.3604067953039123,0.014410692968172819,0.002391642180437005,0.6782880891438364,0.4523809172676871,0.3472981177899211,0.11811023622047244,0.17049208437384827,0.3489666300259276,0.5031080413429282,0.16516847834387233
0,0.0,0.4346456692913385,0.13232448228514518,0.05706343388063049,0.0,0.416338966796385,0.6190476022771042,0.3600485731633273,0.11811023622047244,0.11159054793750796,0.12233881476596704,0.7486380975022844,0.12293511014459257
0,0.2857142857142857,0.4645669291338583,0.2892732371169258,0.15299507225918707,0.03946226886745406,0.42372861367082315,0.38095235370029445,0.10018214936247723,0.49606299212598426,0.07076648902852402,0.2735600591275421,0.3532253019155575,0.17309822186729684
0,0.0,0.1779527559055118,0.04328450201028016,0.2457319485685892,0.17015016123313062,0.7520040491671902,0.6428571249336552,0.3381906496660595,0.11811023622047244,0.5816031312131343,0.16019851978244198,0.8280872719568719,0.35325899605045163
0,0.0,0.28503937007874014,0.3451658923016786,0.170281882016694,0.016269508359298333,0.5151240778931898,0.4047618829602356,0.33576199149969643,0.11811023622047244,0.17680518668118841,0.08710690948656095,0.620435585560641,0.16892182738150202
0,0.0,0.168503937007874,0.0017425551348804018,0.23352331098380213,0.4215436188397822,0.377389485928922,0.5952380774194233,0.6363084395871281,0.007874015748031496,0.10827756834344512,0.13498241740836064,0.9079089333574876,0.11436178165730079
0,0.0,0.14708661417322832,0.049739460875133736,0.2186764846115449,0.0651031505038673,0.37226251101644303,0.4523809172676871,0.151183970856102,0.0,0.20830688318191806,0.47448277927722776,0.8247660562759846,0.6439982793312589
0,0.2857142857142857,0.28976377952755905,0.22085936202565642,0.12386905855372426,0.016675992356961246,0.22113378346279272,0.5714285525617423,0.3430479659987857,0.0,0.1460639117191593,0.34608592815642036,0.3592194445915696,0.16538492209660152
0,0.0,0.15385826771653544,0.45360330861418213,0.4465468182772111,0.01674149636427078,0.4378866854769426,0.3571428310437435,0.41894353369763204,0.05511811023622047,0.14544465176698856,0.27486726799626693,0.575467596031955,0.10591778554607491
0,0.0,0.04267716535433071,0.08645571038334056,0.4293846854998767,0.020184185529637227,0.41215596508481267,0.5476190277040613,0.13296903460837886,0.007874015748031496,0.12466990128398578,0.17856943596132896,0.5390868575431143,0.10142161589443757
0,0.42857142857142855,0.3307086614173228,0.14094395426901918,0.31165220269616223,0.01659871875586985,0.11706268050872101,0.5476190277040613,0.416514875531269,0.49606299212598426,0.10176877141284713,0.12761605103642398,0.33321805006129324,0.16544872226510038
0,0.2857142857142857,0.37007874015748027,0.023935385686662824,0.04147874690203345,0.08656376157570185,0.16907996883206833,0.5714285525617423,0.05343047965998786,0.0,0.10507464024764118,0.12578556553465212,0.1889597367490946,0.6680001227913814
0,1.0,0.1826771653543307,0.050099347946447124,0.009188697230299891,0.16502331265257683,0.8517916565844476,0.4047618829602356,0.14146933819064966,0.11811023622047244,0.2960218173464514,0.12966522883337844,0.19493850316892178,0.21106386617956432
0,0.0,0.39212598425196843,0.020725706815217244,0.1525937608238065,0.11011563667186124,0.26880565107456106,0.49999998018982944,0.16029143897996356,0.0,0.486733165969501,0.09784225835268184,0.42666898624587235,0.31339483315018035
0,0.0,0.30393700787401573,0.21150880624530935,0.23144663781645325,0.05346631566328972,0.09158738620042045,0.47619045313101843,0.3691560412871888,1.0,0.0903644047207839,0.19652742430777553,0.402663150256324,0.20889777812092525
0,0.0,0.011574803149606298,0.08932880625039578,0.5481823019543185,0.1152591843419017,0.24663210407958033,0.5476190277040613,0.13904068002428657,0.0,0.12913704056892683,0.1534495085202286,0.6342709232027273,0.09530415579035283
0,0.0,0.5464566929133857,0.5441902407376935,0.07479653850521467,0.01172001565608465,0.7520040491671902,0.5238095028463804,0.30965391621129323,0.11811023622047244,0.07667067722854748,0.18921193118258214,0.5597517512250992,0.14749652448531161
0,0.0,0.6188976377952756,0.04522165853390569,0.1246167886705754,0.10061726064454866,0.3984640525414962,0.6190476022771042,0.2246508803885853,0.007874015748031496,0.20336539097193873,0.21689001955132364,0.3473680706861308,0.26971343953605964
0,0.0,0.09653543307086614,0.17113028380440784,0.2992867923161898,0.021367562612539907,0.33844000506145894,0.7142857017078282,0.17304189435336975,0.0,0.2481257302886117,0.2694091326130344,0.7559545116356642,0.1603354780358037
0,0.2857142857142857,0.168503937007874,0.2952683709393524,0.31982504273596635,0.004450154594396972,0.47970060804105996,0.6428571249336552,0.43169398907103823,0.007874015748031496,0.06778866955669519,0.1159826896696719,0.7424956804716878,0.15933250515375866
0,0.0,0.521259842519685,0.5273286963837337,0.025911887982761908,0.02530263186460004,0.02176308736788593,0.5714285525617423,0.30115361262902246,1.0,0.23837700741568316,0.07575063925624184,0.7124353624456912,0.16516847834387233
0,0.0,0.2960629921259842,0.2246466146444631,0.13355191853539952,0.011946335906707859,0.38495481315890534,0.49999998018982944,0.2562234365513054,0.007874015748031496,0.14198853353915009,0.2851749169886478,0.6423737278683403,0.09345268753421222
0,0.42857142857142855,0.2078740157480315,0.22434403626210217,0.44347070076747486,0.030141565488904974,0.2525179648494993,0.5238095028463804,0.1366120218579235,0.007874015748031496,0.03837559022194163,0.3689076723423466,0.3396334180557938,0.09652512107182326
0,0.0,0.3732283464566929,0.08965119623686336,0.01870592062570346,0.027058343299299598,0.7891672013017716,0.5714285525617423,0.04735883424408015,0.11811023622047244,0.10332493690802205,0.25192068211614893,0.7765946697356103,0.5362759841647207
0,0.0,0.03196850393700787,0.0944298810362766,0.41629940371549345,0.07482355441574896,0.7306481331430107,0.23809520455420854,0.4820886460230723,0.05511811023622047,0.34794527566277567,0.21745266170900632,0.7771358069719279,0.6185627965690261
0,0.0,0.30866141732283464,0.045826783508505387,0.15877818644805872,0.09022603000267122,0.9776796318454567,0.6190476022771042,0.6308439587128112,0.0,0.28099390317467926,0.0688128500794336,0.6135904151845801,0.28226049356124155
0,0.0,0.25984251968503935,0.1607344560926278,0.05277216464375826,0.15572479869062777,0.03367731922488639,0.5952380774194233,0.16029143897996356,0.49606299212598426,0.5720017882258056,0.06419779206599849,0.3419591796110287,0.1273097110305754
0,0.0,0.22362204724409449,0.07675641060528647,0.1716642201427875,0.03860721570567064,0.5390024263924007,0.47619045313101843,0.21797207043108682,0.007874015748031496,0.475484593492643,0.13579371181695077,0.40807453807923816,0.08489138143574647
0,0.0,0.31496062992125984,0.25525458928560985,0.06000174887119606,0.028470382280936735,0.9314133458241852,0.47619045313101843,0.2956891317547055,0.05511811023622047,0.10064218502352623,0.18056460152397516,0.7604909710023845,0.35381646810723616
0,0.42857142857142855,0.17165354330708663,0.4009098078630451,0.3303238245926742,0.0016911464463739772,0.42854504698499096,0.5238095028463804,0.22647237401335762,1.0,0.021457775890022457,0.21064850453095024,0.3706341272558503,0.10648939919242763
0,0.42857142857142855,0.9527559055118109,0.8320096138415717,0.014410692968172819,0.005622035970609603,0.5759769670316985,0.5238095028463804,0.006678809957498482,0.023622047244094488,0.04290145628019283,0.23952807884422148,0.32227422466086203,0.9702820608302105
0,0.2857142857142857,0.13070866141732282,0.16379396923580872,0.4961888826390836,0.013318252238527497,0.9885283585999294,0.5238095028463804,0.5300546448087432,0.49606299212598426,0.11520119193017656,0.31034563222310946,0.4678580590675187,0.1207042642017346
0,0.42857142857142855,0.45039370078740154,0.3083989248326377,0.0990338173867561,0.0,0.8768755702466129,0.5476190277040613,0.10625379477838494,1.0,0.05425227949209098,0.16355352780022517,0.4596631143588106,0.11958605977933151
0,0.2857142857142857,0.22519685039370077,0.03641922168116847,0.28734355659925404,0.0033822928927479544,0.854315171279328,0.5238095028463804,0.6715239829993929,0.05511811023622047,0.09576310718281715,0.17743515055639428,0.6565528128020737,0.3129906771163233
0,0.2857142857142857,0.07779527559055117,0.09647027280248238,0.49199952567200733,0.01881560744255529,0.1507494788695187,0.5714285525617423,0.45901639344262296,1.0,0.2760833475190433,0.12423928658758672,0.7181019596362918,0.20527490256745345
0,0.0,0.3543307086614173,0.081498447751917,0.38111322429097727,0.02653943108884356,0.2419342154627572,0.5476190277040613,0.12689738919247115,0.49606299212598426,0.07205010916110394,0.2874467692083856,0.44359565325327166,0.07641146079655396
0,0.2857142857142857,0.2094488188976378,0.16988308737527782,0.30070007930111886,0.03614236323815403,0.11005290667602,0.7142857017078282,0.2100789313904068,0.49606299212598426,0.122466032799565,0.11700618191641365,0.3611456198246785,0.17617658509160009
0,0.5714285714285714,0.5259842519685038,0.5058707899387569,0.2620499879522206,0.0,0.15390365579414958,0.5476190277040613,0.017607771706132362,0.0,0.04126265558142955,0.23952807884422148,0.6253070265471233,0.7862144178171965
0,0.42857142857142855,0.3259842519685039,0.34645774749436614,0.046191612584365264,0.019865568790023148,0.11005290667602,0.49999998018982944,0.1050394656952034,0.007874015748031496,0.06139732823859758,0.1959818785233825,0.8264911776063334,0.17244742347013395
0,0.0,0.18582677165354328,0.019214155810763828,0.2253547364835006,0.2008979359201741,0.8421091188399491,0.42857140341565636,0.19489981785063754,0.49606299212598426,0.18614947220895467,0.21134730810749194,0.4448510922599179,0.2534444373227073
0,0.0,0.1826771653543307,0.01998143965510006,0.20054197944919938,0.15281685244108753,0.6271325280877674,0.5952380774194233,0.6867030965391621,0.05511811023622047,0.41027568756621147,0.10831670095291823,0.8212530316161244,0.24503153640698747
0,0.0,0.1984251968503937,0.07519664733742469,0.4032046145175078,0.07284845800466096,0.9409674878957872,0.49999998018982944,0.12021857923497267,1.0,0.47451329930966546,0.07636424011404977,0.758098329071238,0.504182176439743
0,0.2857142857142857,0.1905511811023622,0.10678410107325995,0.3993287841828487,0.06951093928012844,0.5881830472203045,0.5714285525617423,0.5100182149362478,0.05511811023622047,0.30111790969294405,0.15537685827892944,0.3703494361663212,0.13100893894155763
0,0.0,0.12645669291338582,0.9967726668021349,0.4305643725836904,0.002391642180437005,0.12764644377007656,0.5238095028463804,0.4553734061930783,0.05511811023622047,0.020356855994936113,0.2820170385293257,0.4854688195156817,0.0769975624402886
0,0.0,0.2677165354330709,0.089947314866409,0.09016850966410109,0.0791092424072237,0.4708767978724112,0.4523809172676871,0.19429265330904674,0.05511811023622047,0.07331103973265858,0.3489134381440864,0.8399917036857842,0.1325272443887054
0,0.0,0.23937007874015748,0.29757526565733455,0.3467622943749288,0.04065791738206101,0.7664181908392033,0.49999998018982944,0.39829993928354585,0.49606299212598426,0.05296721737520844,0.44632457962712707,0.6302248467499285,0.11702276422003817
0,0.0,0.16692913385826771,0.0,0.029000218206043,0.6641415881424036,0.8442195030446451,0.47619045313101843,0.2641165755919854,0.2440944881889764,0.47232701972832847,0.07133206705245686,0.8414920713338321,0.22747069794888167
0,0.2857142857142857,0.4220472440944882,0.09663463409187956,0.008646416349642291,0.020293756884539837,0.7520040491671902,0.5238095028463804,0.048573163327261686,0.11811023622047244,0.09576310718281715,0.13109734775900056,0.6968361304484101,0.5616053234974706
0,0.42857142857142855,0.3464566929133858,0.07593242335592297,0.059015307789007834,0.0033822928927479544,0.2750783749164748,0.5952380774194233,0.09957498482088646,1.0,0.03392214978787543,0.20131451137293593,0.35357739746614264,0.2893031885586063
0,0.0,0.14566929133858267,0.025187625300766344,0.15455870529311744,0.4255639855936334,0.7384094809118616,0.5952380774194233,0.3302975106253795,0.49606299212598426,0.32843865740932027,0.059520279024114726,0.4730197875689663,0.12814498177696226
0,0.0,0.1952755905511811,0.0026300895031814283,0.45481565191377693,0.17572594237767974,0.4700936036922011,0.4523809172676871,0.10261080752884032,0.023622047244094488,0.3695880965641935,0.14936305373398442,0.8327225345140987,0.7113076201130122
0,0.0,0.07448818897637795,0.00032944396024556217,0.42417463232471336,0.47542763984838515,0.8267590789920592,0.4523809172676871,0.416514875531269,0.11811023622047244,0.3202934913208246,0.10164231328074853,0.3352462131910963,0.22744989310313354
0,0.2857142857142857,0.5448818897637795,0.10216876663736041,0.02101867623815815,0.031066266360466877,0.4016594315182379,0.49999998018982944,0.2738312082574378,0.007874015748031496,0.0890910582098901,0.36186036611118305,0.5539201213230828,0.14050790986073375
0,1.0,0.28031496062992123,0.10675197397584306,0.16537253989748676,0.11439298691728987,0.9243342960465121,0.4523809172676871,0.1153612629022465,0.0,0.09211707673009192,0.2756609248268148,0.040818518342964606,0.07641146079655396
0,0.2857142857142857,0.3181102362204724,0.11501846751774335,0.026274133711582416,0.017587732752900355,0.5217642736473361,0.28571427628087115,0.34547662416514874,0.11811023622047244,0.3430162097215359,0.12563087782257817,0.7189433404593454,0.43798861522569726
0,0.0,0.34330708661417325,0.058838842900591784,0.4002849569967265,0.07507817030208125,0.8145592978779611,0.5476190277040613,0.32908318154219796,0.11811023622047244,0.5154715412622362,0.027989371112375292,0.5509757522345584,0.3305493759967566
0,0.42857142857142855,0.23937007874015748,0.19907121979207226,0.2272606458860957,0.026464918382905166,0.2525179648494993,0.5476190277040613,0.1111111111111111,0.023622047244094488,0.028786105386327837,0.3998050288800301,0.3230521741757246,0.19437141097944252
0,0.0,0.28818897637795277,0.18360797031769013,0.04040027633112795,0.026470750872238356,0.00968323785749329,0.47619045313101843,0.04553734061930783,0.2440944881889764,0.21843174084277991,0.08612098824343309,0.6465612454711854,0.7570552344507949
0,0.0,0.368503937007874,0.1293285112380625,0.053784519352373564,0.012528264172516462,0.1739855576373642,0.6190476022771042,0.0230722525804493,1.0,0.14103067170851588,0.10889869545317504,0.8094041467286281,0.8916728767908609
0,0.0,0.009669291338582676,0.02519669438680542,0.5384062541529766,0.008827372631490188,0.8624614285745998,0.5476190277040613,0.2938676381299332,0.11811023622047244,0.07485704316367224,0.2077638604120874,0.7866197383204224,0.5591214775890803
0,0.42857142857142855,0.24094488188976376,0.1296595862858939,0.3561526710523996,0.008455732231869885,0.9505915580191936,0.4047618829602356,0.42926533090467517,1.0,0.075769344074808,0.26294868602800886,0.337586885664379,0.2057914781252992
0,0.2857142857142857,0.014677165354330708,0.13783884773269034,0.2610273201169857,0.06724694783434125,0.026281692392049957,0.6666666519924662,0.4159077109896782,0.49606299212598426,0.225263771569854,0.08876545708688162,0.7032003174317243,0.17200208566031508
0,0.2857142857142857,0.4440944881889764,0.09871061807881355,0.10087097577154605,0.05553741964693893,0.326233924872853,0.49999998018982944,0.04432301153612629,0.0,0.04290145628019283,0.25591701206885686,0.7450055226824823,0.6386044447729206
0,0.2857142857142857,0.0,0.11144615427263056,0.6354506902685603,0.0023101489719244495,0.8141071797239728,0.5238095028463804,0.16879174256223436,0.49606299212598426,0.0880589238582707,0.1689254350241401,0.6143618252299412,0.19983733911687668
0,0.0,0.1152755905511811,0.0,0.20339637421559098,0.511449219822944,0.9748614758592825,0.5714285525617423,0.9502125075895568,0.49606299212598426,0.19773069269785756,0.15197110234602987,0.5229023043760986,0.17809488967884135
0,0.2857142857142857,0.34488188976377954,0.3956342116647368,0.26901333900555296,0.017209163686315743,0.687629727635788,0.5714285525617423,0.2501517911353977,0.023622047244094488,0.07299787296985963,0.10989592502718591,0.6776124245344446,0.1324495267768706
0,0.0,0.27874015748031494,0.004748913095724635,0.09555225560780999,0.2426886619553682,0.7684798751506783,0.5238095028463804,0.2835458409228901,0.11811023622047244,0.5577542395991201,0.08897748401826923,0.7545315818191369,0.41803591232218545
0,0.0,0.23622047244094485,0.07179798445539325,0.1580044934141018,0.002390298859427804,0.6415466697597805,0.5714285525617423,0.48633879781420764,0.11811023622047244,0.07485704316367224,0.1694680013339478,0.8372131248358756,0.5194608190908525
0,0.42857142857142855,0.12724409448818896,0.42684269535475106,0.24014195905044158,0.011958210902185025,0.02339650398589895,0.5476190277040613,0.432301153612629,1.0,0.11097707451546847,0.12265471882849875,0.42123277008248666,0.15240110894922068
0,0.0,0.13984251968503936,0.011928857394344256,0.22918897306852104,0.17552856590453378,0.45558289471055335,0.5714285525617423,0.6775956284153005,0.023622047244094488,0.5918748522895736,0.1013870982101044,0.9904733997724883,0.194968373526981
0,0.0,0.026614173228346458,0.015969689008679722,0.4418515019722907,0.2246554151143514,0.6915068496191695,0.5952380774194233,0.6454159077109897,0.11811023622047244,0.2046669264166566,0.08738183010709141,0.8397382258088404,0.3881839133285205
0,0.0,0.23307086614173225,0.00559412686395023,0.33922070678662497,0.30113977775029993,0.36680573654217996,0.6428571249336552,0.5895567698846388,0.007874015748031496,0.20205480697242795,0.2193039750484146,0.9252588725527892,0.4845648981844776
0,0.0,0.23937007874015748,0.05748088650697513,0.26346172038497534,0.06042922244697429,0.6841739776629823,0.47619045313101843,0.13904068002428657,0.11811023622047244,0.11559524616200796,0.24844371503159307,0.3523218966205413,0.08843884197049767
0,0.0,0.2141732283464567,0.17847490831092977,0.228935543148207,0.08733976189285085,0.23389867758284252,0.8571428288426135,0.22586520947176686,0.0,0.3204887789657047,0.028951616071800457,0.8629959495793607,0.6944319355564096
0,0.0,0.1984251968503937,0.01030961798700369,0.3548528474182396,0.16405840732689658,0.499566501577266,0.49999998018982944,0.2956891317547055,0.05511811023622047,0.27793650393591474,0.2539510715628504,0.6516893335810602,0.11145542010093078
0,0.0,0.22047244094488186,0.06436114316261868,0.24188522817129118,0.07153563505465313,0.4400309792369184,0.5238095028463804,0.28415300546448086,0.007874015748031496,0.5975583982983759,0.0612511030949205,0.5136968647618847,0.3524153911396074
0,0.0,0.33385826771653543,0.010215126935414424,0.16423460770591514,0.1465187314544144,0.8842651893718241,0.16666664098681588,0.2847601700060716,0.11811023622047244,0.28640252186114307,0.29900304592769267,0.7120358209568076,0.22047959733881775
0,0.0,0.3590551181102362,0.09753939368353162,0.005362826600510993,0.029785241686087323,0.6140345044987047,0.30952376812160115,0.2677595628415301,0.023622047244094488,0.6629413959399671,0.026768336282492856,0.4747166484968357,0.21103868029382028
0,0.0,0.30078740157480316,0.0661018812376988,0.2036724020162921,0.11027693272886248,0.9898450316674177,0.47619045313101843,0.15421979356405585,0.49606299212598426,0.3721961875422472,0.16182665167566723,0.5602037321479053,0.26779974013504665
0,0.42857142857142855,0.2692913385826772,0.06379363861853864,0.20651891975306885,0.04179644447045402,0.7520040491671902,0.6190476022771042,0.11475409836065574,0.49606299212598426,0.009597050088502304,0.20131449428225953,0.5724971309043796,0.3038826376032956
0,0.42857142857142855,0.05401574803149606,0.2395330450689833,0.4704575369334107,0.05042830057543033,0.377389485928922,0.5238095028463804,0.22647237401335762,0.007874015748031496,0.10154447261386718,0.22739129451350412,0.37578821864634343,0.12105236330057403
0,0.42857142857142855,0.3574803149606299,0.11412327039482568,0.1580696424207714,0.015146581508389502,0.0598163611661779,0.49999998018982944,0.12082574377656345,0.49606299212598426,0.08186822907800598,0.21903740607175037,0.3374504627455389,0.046754346763452186
0,0.0,0.022677165354330706,0.03157487120549923,0.5016289242252501,0.1274280067092112,0.7162249174737992,0.5238095028463804,0.5610200364298725,0.2440944881889764,0.39342984023309735,0.08805738466684035,0.8398507108681623,0.13657194277452953
0,0.0,0.47401574803149604,0.030357345133148476,0.1858715473538394,0.09492718158698457,0.9031327212223867,0.42857140341565636,0.5658773527625987,0.49606299212598426,0.6635198423650857,0.023770127467414564,0.7298592455715502,0.21138720730819413
0,0.42857142857142855,0.1590551181102362,0.027362861227978662,0.34973392512480495,0.12024890059739163,0.06714921647282907,0.49999998018982944,0.24286581663630843,0.49606299212598426,0.07299787296985963,0.23549754475114998,0.25827334877390207,0.1540705093339025
0,0.2857142857142857,0.3732283464566929,0.017613902100157196,0.2539973697735529,0.1900717659692221,0.1994235819590066,0.5714285525617423,0.3321190042501518,0.0,0.24530851026907674,0.1684986865313862,0.6187005390779993,0.1038649117117028
0,0.0,0.7023622047244094,0.24477596102174978,0.07368730486341647,0.002391642180437005,0.3409435791618845,0.4523809172676871,0.2580449301760777,0.0,0.20692334262703924,0.25384226092311957,0.550850559269964,0.0986622331356985
0,0.0,0.17165354330708663,0.008783718193029113,0.12577398214274543,0.1110771754359304,0.7103292612267822,0.49999998018982944,0.4517304189435337,0.11811023622047244,0.20172573293293822,0.0882228736863975,0.8699845244922922,0.4525812073903743
0,0.0,0.11338582677165354,0.046830413558970295,0.4051242589573012,0.07400682499574461,0.08531466513342938,0.4523809172676871,0.26168791742562236,1.0,0.30272461694451375,0.30131933960295604,0.5434731564671195,0.3317145492433022
0,0.0,0.3606299212598425,0.3359293994795067,0.16635564248409096,0.01522031786004983,0.05393047819687743,0.5476190277040613,0.4474802671523983,0.2440944881889764,0.04550137463661169,0.3952991347136381,0.7701189716565169,0.08748968456114681
0,0.0,0.13716535433070864,0.05376968158250719,0.480169506852447,0.16546998773250118,0.2262607417257355,0.6190476022771042,0.6514875531268974,0.0,0.1738720914474217,0.1594180854385336,0.8716411591798708,0.22337128750543386
0,0.0,0.04645669291338582,0.6723904569613882,0.5014236095905252,0.002391642180437005,0.9280311035534549,0.5476190277040613,0.4541590771098968,0.05511811023622047,0.021457775890022457,0.32728556885480087,0.5530809357829352,0.08602099693906924
0,0.2857142857142857,0.4976377952755905,0.07997777361821691,0.3045311214710007,0.1285271340146373,0.9373728252930873,0.30952376812160115,0.2586520947176685,0.11811023622047244,0.28662532702881816,0.19281142132623183,0.40647644942239786,0.27993562846237785
0,0.0,0.3181102362204724,0.24499320200028535,0.19491747697698752,0.007900848939863456,0.377389485928922,0.47619045313101843,0.37158469945355194,0.023622047244094488,0.03392214978787543,0.3406733793040322,0.6893592751460305,0.45531894984922644
0,0.42857142857142855,0.2944881889763779,0.13452556040263078,0.2195912816922476,0.11795604403210883,0.5144670871969507,0.6190476022771042,0.11475409836065574,0.05511811023622047,0.0625083110356009,0.13211216363902448,0.32396188704416073,0.20114651612924195
0,0.0,0.28346456692913385,0.0009040606540270836,0.1671640475306223,0.4515548873822215,0.41162947900271496,0.6190476022771042,0.37462052216150576,0.0,0.42529366485475206,0.10634530282424887,0.8527496521326879,0.3744849921922226
0,0.0,0.19370078740157481,0.061738009846799585,0.3572813991576223,0.16858350661686672,0.0395163420747098,0.38095235370029445,0.3400121432908318,1.0,0.16650198159218205,0.13882098332724305,0.8918022818141559,0.6185627965690261
0,0.2857142857142857,0.3354330708661417,0.14241595772574991,0.3181880139856613,0.10854084882030332,0.6869912179246686,0.47619045313101843,0.4207650273224044,0.023622047244094488,0.30673231069514384,0.25544007965330773,0.5109695040265354,0.07612463512686692
0,0.0,0.16062992125984252,0.0,0.22515587703188975,0.5520837757844796,0.06051215915624591,0.4523809172676871,0.8202792956891317,0.49606299212598426,0.4843631470129853,0.12725535231105436,0.4992635444240078,0.17809488967884135
0,0.2857142857142857,0.02188976377952756,0.042940526530891476,0.16758003242189182,0.038522321719325035,0.9772116966321317,0.5952380774194233,0.2185792349726776,0.49606299212598426,0.21610184127760632,0.17323682020245196,0.5041067559274881,0.284407834844084
0,0.0,0.23464566929133857,0.44151784862764587,0.29515302006832067,0.0016911464463739772,0.03754139352177648,0.5238095028463804,0.015786278081360048,0.0,0.08831810917432556,0.19831336011307119,0.4855498285468591,0.7988533106668513
0,0.0,0.18740157480314962,0.101489996665852,0.45360818194933633,0.13867788360947003,0.031887957501504006,0.47619045313101843,0.2562234365513054,0.11811023622047244,0.25930251343235233,0.11304025627701692,0.5230019733119766,0.14895192634888987
0,0.2857142857142857,0.24251968503937008,0.06722250211658633,0.29281220573701794,0.02978649156141442,0.22709316303447785,0.6904761878557976,0.3005464480874317,0.0,0.14987392966752552,0.16798565291039338,0.4247086295303335,0.22396700706022932
0,0.0,0.1795275590551181,0.0,0.308052466515041,0.584439815160036,0.18404157222679773,0.6666666519924662,0.4432301153612629,1.0,0.3774498858807838,0.04966692869484051,0.5238692182779998,0.363262092223113
0,0.0,0.25984251968503935,0.030593408407190263,0.160606017519803,0.129270491269436,0.8226029107829055,0.4047618829602356,0.6533090467516697,0.49606299212598426,0.512675847713236,0.09367424685866874,0.621518493882566,0.16759506507836236
0,0.42857142857142855,0.009259842519685039,0.36694444027640616,0.5491493755913697,0.007670613094917844,0.7589123857009343,0.5714285525617423,0.4432301153612629,0.0,0.11015366842459288,0.2020571582313294,0.5843289791597466,0.15813179454092055
0,0.0,0.01889763779527559,0.15695473773276408,0.5934130401523764,0.012194324071513319,0.8031595824740322,0.5476190277040613,0.2222222222222222,0.2440944881889764,0.030342553907075062,0.1861014451689104,0.5123505224912454,0.09370599315369786
0,0.0,0.28976377952755905,0.08066709791026996,0.21937631745927025,0.08842828610236173,0.8922140386668828,0.5476190277040613,0.16636308439587127,0.49606299212598426,0.20915339820747714,0.17882527769010767,0.8209883918077855,0.504182176439743
0,0.0,0.2062992125984252,0.13483393730326684,0.2122768009060385,0.01960357085212079,0.3140278446842471,0.5714285525617423,0.24468731026108076,0.0,0.1392568326918087,0.42289994474060205,0.7151938436351931,0.4121610599492241
0,0.0,0.11511811023622047,0.0,0.03803721863316569,0.5147344097520795,0.2525179648494993,0.5476190277040613,0.26836672738312084,0.023622047244094488,0.019192837924269793,0.4165478359532604,0.7195417869472992,0.1677124361963929
0,0.2857142857142857,0.3779527559055118,0.2067334021864992,0.09239740571783248,0.011501406247394454,0.5534165680644136,0.5952380774194233,0.19672131147540983,0.0,0.015173769437865763,0.13967414989300714,0.2905829041941746,0.09091211225210712
0,0.0,0.2566929133858268,0.04580983047217995,0.20949590612476493,0.2441638609364642,0.6853323691401957,0.5476190277040613,0.2786885245901639,0.023622047244094488,0.41780590312840354,0.10744815847528853,0.4641904679393928,0.28333164765178137
0,0.0,0.32125984251968503,0.10154988289790615,0.31222791782333875,0.059696448623595445,0.9791866923587508,0.6190476022771042,0.2185792349726776,0.49606299212598426,0.10154447261386718,0.2194302979345608,0.450971834736753,0.10600418373018067
0,0.2857142857142857,0.368503937007874,0.06424086841458082,0.01222787801163677,0.06992583653549976,0.7637597316538761,0.5952380774194233,0.18032786885245902,0.11811023622047244,0.2557789276925441,0.11672533652806537,0.3675605611303889,0.06755951854245122
0,0.42857142857142855,0.4125984251968504,0.14019670837445913,0.039551377096252,0.0,0.09905128723113774,0.49999998018982944,0.100789313904068,0.007874015748031496,0.075769344074808,0.3923317489334427,0.37686806593999095,0.20114651612924195
0,0.0,0.09165354330708661,0.1858121066449239,0.5009218020444636,0.04087491508870889,0.35482907586194645,0.5238095028463804,0.1979356405585914,0.023622047244094488,0.0479600384418967,0.2797818401135685,0.5784546339994967,0.14714406472340644
0,0.0,0.3165354330708661,0.23578437294238433,0.3441788182408119,0.00478328436087401,0.7375899074951772,0.5714285525617423,0.21311475409836064,0.2440944881889764,0.10572314893012201,0.11304025627701692,0.5179655769127725,0.13374684441585155
0,0.42857142857142855,0.26456692913385826,0.437362078555172,0.03557802325799632,0.010205551397170264,0.7909535577838801,0.47619045313101843,0.21979356405585915,0.2440944881889764,0.11831592760495084,0.17916200959027584,0.36192428048752473,0.1167072682095406
0,0.2857142857142857,0.3511811023622047,0.12780182241325683,0.07675800419008684,0.07528702297473788,0.337372936289995,0.4523809172676871,0.26533090467516696,0.007874015748031496,0.24182539512022594,0.1600407215672637,0.5850631157749228,0.330500858525918
0,0.2857142857142857,0.22519685039370077,0.07357285240558396,0.16703294380426595,0.01522031786004983,0.15020684273736132,0.5952380774194233,0.17972070431086826,1.0,0.09576310718281715,0.16182665167566723,0.41220754464316495,0.08489138143574647
0,0.0,0.1637795275590551,0.03493506168173815,0.18585526247191617,0.08794304501407506,0.48587192510816646,0.7380952221632491,0.04068002428658166,0.023622047244094488,0.1392568326918087,0.09441350976313548,0.8043331050548306,0.7779972373161785
0,0.0,0.07259842519685039,0.03484465947565627,0.3503633860497142,0.005622035970609603,0.30175806614527717,0.4523809172676871,0.1050394656952034,0.007874015748031496,0.24821322031041085,0.4548319765242834,0.8437264673788846,0.8033598725528975
0,0.2857142857142857,0.028818897637795274,0.04189471098837016,0.43724073813928827,0.0395003251720958,0.17510519731920268,0.2619047404175398,0.5367334547662417,0.49606299212598426,0.09211707673009192,0.20659688624009637,0.46644101941146443,0.18173801990094549
0,0.0,0.026929133858267715,0.14153402344178173,0.44238033408084537,0.027058343299299598,0.9373728252930873,0.49999998018982944,0.42805100182149364,0.2440944881889764,0.14544465176698856,0.1716295389344317,0.4479184590301309,0.13221553848722747
0,0.42857142857142855,0.6141732283464566,0.09470410262970433,0.03575087713710638,0.04983426763283839,0.7130545682997271,0.49999998018982944,0.23132969034608378,0.2440944881889764,0.03955578619959046,0.18157057582740943,0.3631974518145451,0.24125018946724422
0,0.0,0.0,0.09258802494074957,0.8097299231008539,0.043977665695397905,0.39180362760093507,0.5476190277040613,0.13539769277474195,0.05511811023622047,0.07485704316367224,0.4508712122691587,0.5525178147980805,0.09057562800348944
0,0.2857142857142857,0.24409448818897636,0.09053224675543654,0.10438827329254718,0.07924018670887768,0.12216615460093282,0.5476190277040613,0.21554341226472373,0.0,0.1951321874034201,0.09015199517855156,0.3576113225642648,0.1273097110305754
0,0.0,0.25826771653543307,0.18622934563975585,0.2053224074856616,0.00870952535571499,0.2525179648494993,0.6428571249336552,0.151183970856102,0.0,0.7461823155706209,0.14028996684185463,0.9020246785046834,0.8112318067253059
0,0.42857142857142855,0.3795275590551181,0.0440117964241962,0.0067750464422462065,0.006622490771059023,0.10787507797532761,0.5476190277040613,0.1408621736490589,0.0,0.054673884300798746,0.3934401590543115,0.2219472341800725,0.21176277450896155
0,0.5714285714285714,0.3181102362204724,0.48588963639475596,0.31003560114058626,0.0,0.12764644377007656,0.42857140341565636,0.45294474802671525,1.0,0.04747853757174801,0.38392361468480324,0.47258863091428926,0.04936595602428203
0,0.2857142857142857,0.26614173228346455,0.32141040564450146,0.29979731104181345,0.019088875496056562,0.10629049167190202,0.5952380774194233,0.22768670309653916,1.0,0.24960793727657504,0.0757914859728319,0.4578966073077629,0.11900548028368478
0,0.2857142857142857,0.09622047244094487,4.348888706342943e-05,0.16485461809108196,0.4980641798788478,0.2934302040345156,0.5238095028463804,0.2671523982999393,0.0,0.09407950787430854,0.18029629499521055,0.5480057818186237,0.1677124361963929
0,0.42857142857142855,0.30866141732283464,0.18291141059384203,0.1779876454809642,0.0016911464463739772,0.5350647278466822,0.5476190277040613,0.3272616879174256,0.007874015748031496,0.20862478081012248,0.16524388684621377,0.4378671398088799,0.30103247562045476
0,0.0,0.14488188976377953,0.07015669224033637,0.3228505709472019,0.14118588548593486,0.647865529466349,0.42857140341565636,0.7207043108682453,0.2440944881889764,0.401381309404382,0.0868271009325808,0.5908573949480604,0.1430656221411485
0,0.0,0.5700787401574803,0.12332427272466015,0.17029483029882853,0.13660585146163834,0.6816703591637937,0.30952376812160115,0.4942319368548877,0.05511811023622047,0.2963076318568626,0.2391097104797945,0.904149047588879,0.05144040902775032
0,0.2857142857142857,0.08913385826771653,0.1598808404494462,0.5180228807330509,0.0,0.4708767978724112,0.4523809172676871,0.23132969034608378,0.05511811023622047,0.09765109433800112,0.2517815811009496,0.34138550735446055,0.10349123956544527
0,0.42857142857142855,0.4393700787401575,0.2996907584080422,0.060018112428625675,0.012414873972608773,0.013358683177086685,0.47619045313101843,0.09775349119611415,1.0,0.07205010916110394,0.2100730386690773,0.32919242684289285,0.13764670358171724
0,0.0,0.06377952755905511,0.46466725024853517,0.31704705800053123,0.009566568564432056,0.8487804214774576,0.5238095028463804,0.4159077109896782,0.05511811023622047,0.1913377028074484,0.09129083809719227,0.33358453862867726,0.15779092925230695
0,0.42857142857142855,0.010236220472440943,0.46906938105140866,0.5505185853347718,0.0428186080872361,0.12764644377007656,0.5238095028463804,0.4584092289010322,1.0,0.06778866955669519,0.2164291751591567,0.5739953032695214,0.13312115039671182
0,0.0,0.1889763779527559,0.13711777782468587,0.40898170007721574,0.009566374279217586,0.27705330404494927,0.5476190277040613,0.4013357619914997,0.0,0.21610184127760632,0.08421847693442998,0.5621732874080151,0.10882822248848754
0,0.0,0.3779527559055118,0.2142501638462894,0.17110989906596058,0.017918187518740265,0.7833882583031236,0.6190476022771042,0.4256223436551305,0.2440944881889764,0.07331103973265858,0.22534479995274403,0.5927029476434611,0.19167489105041252
0,0.0,0.09417322834645668,0.1083200598976765,0.45354789565769976,0.03186739475640724,0.0904832971853404,0.4523809172676871,0.20765027322404372,0.49606299212598426,0.1457546246791688,0.12662517919403296,0.31579934594792364,0.10361617052458501
0,0.0,0.3559055118110236,0.011494590338498676,0.0020379797949924843,0.15281685244108753,0.08067390385003873,0.47619045313101843,0.2938676381299332,0.05511811023622047,0.1621317775328103,0.26505266223038587,0.7705828411184404,0.1038649117117028
0,0.0,0.08173228346456693,0.025131725550026334,0.5124725891692075,0.13368952027126305,0.03054629070534095,0.49999998018982944,0.5476624165148756,0.49606299212598426,0.1646050388468092,0.09999449292831335,0.8640356943106275,0.41620586021969935
0,0.0,0.24094488188976376,0.00012512191511833935,0.08089056881632795,0.49707120151954637,0.8705192768329474,0.42857140341565636,0.4644808743169399,0.023622047244094488,0.1686424192943284,0.3900851852178811,0.875916008847052,0.09426758135038549
0,0.42857142857142855,0.2929133858267716,0.3442199263537315,0.05437501220418247,0.005622035970609603,0.46620196886314746,0.5238095028463804,0.1092896174863388,0.023622047244094488,0.0639593914082526,0.19364850556550584,0.36567181392485265,0.17244742347013395
0,0.0,0.1653543307086614,0.1440507329657717,0.08924503931974313,0.011352371396559877,0.389145140666381,0.49999998018982944,0.024286581663630843,0.023622047244094488,0.18227710393360097,0.34484609073405464,0.7481361197842823,0.9144440963045917
0,0.2857142857142857,0.5070866141732283,0.04854660648075973,0.2757854801414491,0.18683775092289412,0.14663460983477,0.5714285525617423,0.1894353369763206,1.0,0.33270104318681004,0.058746082777091445,0.34043855197531714,0.26971343953605964
0,0.0,0.3228346456692913,0.05770105917057282,0.12545231306936658,0.030969464342291846,0.377389485928922,0.4047618829602356,0.5409836065573771,0.007874015748031496,0.05425227949209098,0.315869076777749,0.8428379652720467,0.4259859512681027
0,0.2857142857142857,0.1653543307086614,0.061398155003040404,0.1084184118884567,0.20237446422115854,0.6606945520497799,0.49999998018982944,0.20765027322404372,0.05511811023622047,0.09694748450176757,0.13039398097186072,0.29115887222195064,0.1693531254864037
0,0.0,0.04629921259842519,0.05776389616176238,0.3578598537090572,0.04021802262014771,0.09905128723113774,0.5476190277040613,0.2416514875531269,0.49606299212598426,0.15092278112083082,0.18329743486129102,0.6693926205657874,0.4605903598108413
0,0.0,0.23307086614173225,0.058933825427469055,0.09601409030924403,0.024284077076012243,0.6702107331789736,0.7142857017078282,0.11475409836065574,0.023622047244094488,0.3680010048440756,0.05265172987428495,0.8138927736635806,0.9043137054488858
0,0.0,0.2992125984251969,0.014712779425636419,0.2496747668313923,0.20224351441344585,0.6589595871359023,0.16666664098681588,0.676381299332119,0.11811023622047244,0.4541192822636757,0.09518509113666995,0.8134295998899019,0.1975409405895215
0,0.0,0.01453543307086614,0.11431871606563414,0.3076418941194514,0.0765308888320454,0.10609870566506018,0.4047618829602356,0.15664845173041894,1.0,0.14987392966752552,0.2420044039163791,0.7946144639522644,0.09863877928902264
0,0.7142857142857143,0.29763779527559053,0.12061295678908576,0.05502813265486609,0.014349748624822507,0.4452195574331299,0.6428571249336552,0.10321797207043108,0.2440944881889764,0.08186822907800598,0.17954955776826592,0.27012697980120204,0.08162055810557557
0,0.2857142857142857,0.27244094488188975,0.10984357606829434,0.3993301396765128,0.006764585628179946,0.7520040491671902,0.47619045313101843,0.1657559198542805,0.05511811023622047,0.07667067722854748,0.3084709559290658,0.34843155384628566,0.20709170966530066
0,0.42857142857142855,0.3732283464566929,0.3355142204845883,0.22802136220098804,0.014072402941556804,0.5881830472203045,0.5952380774194233,0.44201578627808136,0.2440944881889764,0.05591952322792937,0.18157057582740943,0.88332906180751,0.08748968456114681
0,0.2857142857142857,0.1346456692913386,0.09842462778217612,0.2512385704869028,0.007174927013258904,0.29676521712105103,0.5476190277040613,0.11475409836065574,0.007874015748031496,0.1390944111332757,0.14918151087239787,0.36099048134607825,0.08281185457665494
0,0.42857142857142855,0.3181102362204724,0.20882800246894803,0.25521860321212186,0.007174927013258904,0.41344852407411925,0.5238095028463804,0.445658773527626,0.0,0.0903644047207839,0.13441675020095561,0.4859093447720559,0.19143407648914784
0,0.0,0.06661417322834645,0.08044884600585091,0.3329704117534761,0.020090452745902942,0.8454913611106795,0.4523809172676871,0.11596842744383729,0.49606299212598426,0.034593560817030786,0.37785203795674244,0.8405140109602747,0.08352616786529371
0,0.2857142857142857,0.32125984251968503,0.2015469391325976,0.1938959087030466,0.01881560744255529,0.8081264443472604,0.5238095028463804,0.1596842744383728,0.11811023622047244,0.19261144183555923,0.11615073089690445,0.5157089188438849,0.07648157781341908
0,0.0,0.1069291338582677,0.2022234710795086,0.48020391553776787,0.009566545360327494,0.6112860823197466,0.5952380774194233,0.2100789313904068,0.11811023622047244,0.06812602364358444,0.19004569413374292,0.38618183194379657,0.10853992967982512
0,0.0,0.5244094488188976,0.27803956802056135,0.22256142424278616,0.06225574730273916,0.3448158616800936,0.4523809172676871,0.143290831815422,0.0,0.5013958118826117,0.12725535231105436,0.8365737100401698,0.7228303462332852
0,0.2857142857142857,0.0,0.054590128048068697,0.8960863390694412,0.013318252238527497,0.1219705891493863,0.5476190277040613,0.5221615057680632,0.0,0.18852665976938165,0.3465666091269927,0.5781113814194903,0.41620586021969935
0,0.0,0.2944881889763779,0.09015509510460094,0.06340705512650548,0.0016911464463739772,0.5240533628733103,0.47619045313101843,0.07468123861566485,0.0,0.27585068810334024,0.1914733694835017,0.7509382592760829,0.9355906631723898
0,0.0,0.3653543307086614,0.22188227278518854,0.11820282962620035,0.004450154594396972,0.5759769670316985,0.6190476022771042,0.08136004857316333,0.023622047244094488,0.08569049562942407,0.1374534728552957,0.45835367448462566,0.29911231673256405
0,0.0,0.07448818897637795,0.4963776745347642,0.23734707329959953,0.01563398333142981,0.3558417394991375,0.5714285525617423,0.453551912568306,0.0,0.14987392966752552,0.16798565291039338,0.55203284279273,0.16981252337806996
0,0.0,0.3905511811023622,0.4999647129644441,0.08347341649429146,0.011501406247394454,0.9143251776505505,0.6428571249336552,0.031572556162720096,0.11811023622047244,0.3393372284813798,0.0626654135357364,0.6659523030573828,0.9628189286317478
0,0.0,0.050708661417322824,0.0,0.45344226194166215,0.5136510140429668,0.3325901905372916,0.3571428310437435,0.46690953248330297,0.007874015748031496,0.26399962235711955,0.07249558890781559,0.8439697263684983,0.2741885190649259
0,0.2857142857142857,0.12566929133858268,0.00892663958826451,0.35664647834214974,0.2728694384480843,0.05093100043732782,0.5714285525617423,0.2647237401335762,0.49606299212598426,0.15989957343707906,0.23649135049298925,0.4852406646908502,0.18215099914558514
0,0.0,0.41417322834645665,0.002867757669748443,0.20254914328060936,0.28749490689569357,0.6168892062167147,0.5476190277040613,0.517304189435337,0.05511811023622047,0.7326920566084199,0.06064505631608028,0.8322379490022177,0.4525812073903743
0,0.0,0.12393700787401575,0.05985129216673588,0.2844875788437582,0.12458379702213467,0.4829670805371362,0.6428571249336552,0.3424408014571949,0.05511811023622047,0.3825070983639882,0.1128811933517852,0.7570228414239247,0.29700915263442473
0,0.2857142857142857,0.647244094488189,0.07988871677010324,0.07741851255518897,0.0033822928927479544,0.7206198400312568,0.42857140341565636,0.07528840315725562,0.11811023622047244,0.048908760819014026,0.2089558610312165,0.25439705117232286,0.23656659281150197
0,0.2857142857142857,0.1779527559055118,0.23045929859800476,0.22480682319490425,0.0033822928927479544,0.4100456086293436,0.5476190277040613,0.19429265330904674,0.023622047244094488,0.16528513690174176,0.09975653374393857,0.28149735485415545,0.09754506793673627
0,0.0,0.3511811023622047,0.10432390167035474,0.1732282892096448,0.017716723976872035,0.837926061629923,0.49999998018982944,0.2750455373406193,0.11811023622047244,0.1667711244502693,0.16182665167566723,0.5035736113761169,0.21103868029382028
0,0.0,0.028346456692913385,0.4863340305119049,0.5785083920224174,0.007174927013258904,0.16659593296230765,0.6190476022771042,0.47601700060716456,1.0,0.05591952322792937,0.14541154123168296,0.7032318862183015,0.10328388392359135
0,0.42857142857142855,0.2062992125984252,0.5582917031087433,0.4709395808131104,0.002391642180437005,0.6611663166564179,0.49999998018982944,0.40922890103217974,0.023622047244094488,0.15877111949215708,0.2674880266481108,0.4427789307135631,0.08602099693906924
0,0.0,0.03181102362204724,0.04062265977015996,0.46419585764927823,0.039785712847396904,0.9149538918845721,0.4523809172676871,0.4049787492410443,0.11811023622047244,0.5559305013147261,0.08919472930285022,0.5405071901235273,0.3260914130892698
0,0.2857142857142857,0.352755905511811,0.06585894748246393,0.17020247662910906,0.08117502911131898,0.15390365579414958,0.5952380774194233,0.22343655130540377,0.49606299212598426,0.04126265558142955,0.23068456531124737,0.33404279620542565,0.044631315158354584
0,0.5714285714285714,0.46299212598425193,0.33183705705869143,0.016303837980780805,0.0,0.16659593296230765,0.5714285525617423,0.100789313904068,0.2440944881889764,0.027975373469802615,0.23317194235414204,0.43703209747872374,0.19903776875222406
0,0.0,0.3275590551181102,0.012694341917768364,0.2100702562793007,0.2633224360565671,0.5624277132639084,0.6666666519924662,0.35579842137219186,0.023622047244094488,0.41122706666512415,0.08533180917010133,0.7979039871686642,0.22047959733881775
0,0.42857142857142855,0.46929133858267713,0.1363841698925163,0.04280719135835821,0.00765976773241939,0.9323271278662175,0.5238095028463804,0.1281117182756527,0.49606299212598426,0.07931254947782815,0.20284423515146427,0.2801557278038424,0.1878660556318111
0,0.0,0.4346456692913385,0.1668899392910396,0.16780786910519027,0.014410286167175898,0.41504638005785155,0.3571428310437435,0.29326047358834245,0.0,0.2005141149191249,0.27418301428223163,0.5560095513976484,0.46609103061428975
0,0.42857142857142855,0.5291338582677165,0.7262801818598442,0.05041505215996493,0.014410286167175898,0.7520040491671902,0.49999998018982944,0.008500303582270795,0.49606299212598426,0.019192837924269793,0.3807366820756053,0.4973389770037313,0.8873734260235059
0,0.0,0.2629921259842519,0.18403691443548753,0.1059328441043893,0.0372816965708581,0.5319890867840422,0.49999998018982944,0.23436551305403763,0.11811023622047244,0.17931442529694958,0.2609727019011728,0.6206958038836904,0.09345268753421222
0,0.42857142857142855,0.0,0.32267488954204165,0.7063016805656901,0.019562244735185322,0.18814367106732408,0.28571427628087115,0.22525804493017607,0.0,0.10932390768656136,0.3155873255835517,0.4077467916172226,0.10853992967982512
0,0.2857142857142857,0.2818897637795275,0.13296803515936642,0.32929841733318094,0.1627850761896941,0.28390214623620585,0.47619045313101843,0.22161505768063144,0.0,0.024464825499240582,0.5450666461408403,0.34370916793119605,0.20435182762877604
0,0.0,0.30393700787401573,0.041854183669083646,0.18001389049241578,0.22781302179738522,0.5932348772263204,0.5952380774194233,0.5828779599271403,0.11811023622047244,0.6123364649320986,0.18440349216570914,0.9074138197635013,0.16469469433947526
0,0.2857142857142857,0.14866141732283464,0.3495597640308247,0.3010830299586849,0.0065896848866868855,0.9964493476711738,0.4523809172676871,0.4681238615664845,0.49606299212598426,0.2825838044917191,0.12071067717584968,0.6664367648913537,0.04936595602428203
0,0.0,0.2944881889763779,0.062127524676128594,0.1743568466932874,0.05003608828194293,0.2493172302719646,0.5952380774194233,0.18518518518518517,0.0,0.6433023547727614,0.11875460938390886,0.9441537498230246,0.6438087942572023
0,0.0,0.11968503937007874,0.011412852848102473,0.46441099250383566,0.33532780871134,0.5893920810366223,0.3333332819736318,0.6733454766241651,0.05511811023622047,0.4150035574455145,0.24562358251923871,0.46535605494428267,0.3317145492433022
0,0.2857142857142857,0.1889763779527559,0.18092157147983526,0.27242730620184796,0.002390298859427804,0.5559807353767124,0.6428571249336552,0.41894353369763204,0.007874015748031496,0.18662749620291239,0.130813910284732,0.45923483321554553,0.1349873919272573
0,0.2857142857142857,0.4078740157480315,0.17318403377992944,0.09303456357179973,0.009418513792047804,0.12764644377007656,0.6428571249336552,0.143290831815422,0.023622047244094488,0.1150036524759986,0.12061195003519334,0.4839007072923248,0.04162971183016613
0,0.0,0.12866141732283462,0.04044327256164041,0.37173924624314975,0.16518331871868036,0.42591730619384943,0.5238095028463804,0.7880995749848209,0.007874015748031496,0.48945818576063227,0.13697291151945815,0.8656079188244985,0.13068015717256073
0,0.0,0.25196850393700787,0.04209889830695982,0.22420048149409907,0.04195526673393497,0.406858221429951,0.6666666519924662,0.18761384335154827,0.007874015748031496,0.11015366842459288,0.09441350976313548,0.4138117398968212,0.230120799230885
0,0.2857142857142857,0.30393700787401573,0.07523432499016414,0.16482144167272847,0.07591967698627922,0.12764644377007656,0.47619045313101843,0.13600485731633272,0.49606299212598426,0.18178689124711395,0.17323249056443127,0.41191336127402844,0.21294673528516406
0,0.0,0.08661417322834646,0.006813111467103963,0.29216746470171273,0.39424245599164587,0.384836767947645,0.7857142740797411,0.4201578627808136,0.007874015748031496,0.4166880140942603,0.10761421718405893,0.9651494973745188,0.6432018877677196
0,0.0,0.3244094488188976,0.048575713516574984,0.18253856853423361,0.08432362158966522,0.8482804359070556,0.42857140341565636,0.5191256830601093,0.007874015748031496,0.075769344074808,0.1649210325752804,0.7416029578561647,0.34421948415373244
0,0.0,0.39842519685039374,0.2107760757205104,0.169721977822607,0.1257542907142365,0.9603135274151262,0.6666666519924662,0.13418336369156042,0.11811023622047244,0.2919133602944457,0.054681156546216025,0.8065663570792139,0.7351869574686904
0,0.0,0.10866141732283463,0.22257644189185305,0.4286006793393002,0.026295290085916537,0.6757646299474096,0.5952380774194233,0.26533090467516696,0.023622047244094488,0.1346322175652694,0.13331804188738838,0.8027220456771588,0.4536238949094057
0,0.42857142857142855,0.03637795275590551,0.0978437841028535,0.5288091694312101,0.002390298859427804,0.05393047819687743,0.49999998018982944,0.4304796599878567,0.49606299212598426,0.015173769437865763,0.34743690055050713,0.7217526841894147,0.20527490256745345
0,0.0,0.3496062992125984,0.05856889389957729,0.08243383058149162,0.040009487725736606,0.4860933639388807,0.5476190277040613,0.22161505768063144,0.023622047244094488,0.233285625275795,0.07678958147444694,0.4258823792772962,0.044631315158354584
0,0.0,0.337007874015748,0.006794688455531596,0.06725333380349058,0.26806750239198923,0.7568205379798119,0.49999998018982944,0.15179113539769276,0.11811023622047244,0.15749148031051002,0.2052620588383132,0.43953748728475134,0.31339483315018035
0,0.42857142857142855,0.29133858267716534,0.13609669817618797,0.014410692968172819,0.04389919256008762,0.2525179648494993,0.49999998018982944,0.19854280510018216,0.05511811023622047,0.028786105386327837,0.4290092178039036,0.5306023519271631,0.13255999011555866
0,0.0,0.5118110236220472,0.5556275001341543,0.016111633718691648,0.00478328436087401,0.27678788268958826,0.4523809172676871,0.3145112325440194,0.0,0.1257569384648693,0.3248598720630248,0.40866554843284164,0.1781513745293935
0,0.0,0.23622047244094485,0.0,0.037951301188606804,0.6048084017421799,0.6994289764087173,0.6428571249336552,0.5051608986035215,0.023622047244094488,0.3310166071968651,0.05905096335334676,0.8363258285886623,0.4711505001247526
0,0.2857142857142857,0.2755905511811023,0.13697579678126284,0.0,0.025367196695609658,0.7130545682997271,0.42857140341565636,0.048573163327261686,0.007874015748031496,0.03955578619959046,0.35365786688095857,0.5491142760082199,0.7988444670791385
0,0.42857142857142855,0.16062992125984252,0.15730447994030577,0.4115349572337009,0.00896072905880691,0.7008484881111212,0.5238095028463804,0.39829993928354585,0.023622047244094488,0.1059384260307502,0.3681569700784778,0.5150864324621368,0.45292934724307415
0,0.2857142857142857,0.6031496062992125,0.056356949918350246,0.026503508832794835,0.12034697136880934,0.659788650788189,0.5714285525617423,0.16757741347905283,0.023622047244094488,0.16528513690174176,0.17873222465401534,0.33374241348104067,0.26971343953605964
0,0.0,0.25511811023622044,0.0024570163215573396,0.10123856100792612,0.37583467917139796,0.07753003021335825,0.2619047404175398,0.20886460230722526,0.2440944881889764,0.3202934913208246,0.3983023767329154,0.49833571274172805,0.23789048196748147
0,0.0,0.27244094488188975,0.0,0.2932865716456129,0.6893873392742134,0.7067343488810401,0.6904761878557976,0.43897996357012753,0.11811023622047244,0.394686143233251,0.08786161096870679,0.6425029403650163,0.22747069794888167
0,0.0,0.3291338582677165,0.13942277785138957,0.17373767045806776,0.06328365767165453,0.8019175270776956,0.7380952221632491,0.21311475409836064,0.11811023622047244,0.3753704123000848,0.13159118285350682,0.4991771244842593,0.1875225820961302
0,0.0,0.7086614173228346,0.08223056790637122,0.0028805197739984467,0.12509548292382414,0.6362079127475508,0.5476190277040613,0.17972070431086826,0.007874015748031496,0.23477935987465892,0.10568926012005375,0.6132147744518418,0.2245843872918419
0,0.0,0.24566929133858265,0.2005411251007429,0.24784274605195883,0.0016911464463739772,0.42602158778856414,0.49999998018982944,0.3709775349119611,0.023622047244094488,0.1346322175652694,0.1044891414296358,0.6094710286505135,0.10621789697426123
0,0.2857142857142857,0.2944881889763779,0.11939547776611574,0.10952127186634035,0.01881560744255529,0.3219379005600904,0.49999998018982944,0.2896174863387978,0.023622047244094488,0.07931254947782815,0.2044608023536605,0.606243344389211,0.07262546791672204
0,0.0,0.1921259842519685,0.06137768725081313,0.14100093443752035,0.062150809689530656,0.2945330138102352,0.5476190277040613,0.1621129326047359,0.0,0.40586083983810106,0.05539108615309251,0.37007626258217896,0.25505855509571956
0,0.42857142857142855,0.22519685039370077,0.2268746317114352,0.011528554184958722,0.0,0.7695975585120197,0.5952380774194233,0.3910139647844566,0.2440944881889764,0.129837072300845,0.19262689329316784,0.5492033704827765,0.07459228997480197
0,0.0,0.0615748031496063,0.15511645484696363,0.5164601008070211,0.04065748476316239,0.08339920259821561,0.4523809172676871,0.2082574377656345,0.023622047244094488,0.0985812775071934,0.31054277317535484,0.5979945997895681,0.09370599315369786
0,0.0,0.5070866141732283,0.02842869818941267,0.18157473670720448,0.13376862660332497,0.7520040491671902,0.5238095028463804,0.3721918639951427,0.11811023622047244,0.4476305801487103,0.13224827378585433,0.5759296721641808,0.47652308154487816
0,0.0,0.006314960629921259,0.012675952603725445,0.8299324660827996,0.04328186112335554,0.30036168342349984,0.5952380774194233,0.5846994535519126,0.023622047244094488,0.28573292880646667,0.10731051586447506,0.8795619099616775,0.5431282363723089
0,0.0,0.1653543307086614,0.008397125511725596,0.030569696924887264,0.3447527889760524,0.19041482041810315,0.5714285525617423,0.14814814814814814,0.0,0.17515374279627613,0.08356676386825558,0.6930959249272612,0.1674294210126558
0,0.42857142857142855,0.2377952755905512,0.17639463265750924,0.22829516244217113,0.00478328436087401,0.7483072971587011,0.7142857017078282,0.3697632058287796,0.023622047244094488,0.20434237665456334,0.154446589975044,0.6177535373196393,0.10621789697426123
0,0.2857142857142857,0.49291338582677163,0.18931297476957884,0.022542526954892013,0.007174927013258904,0.41095150989093443,0.5238095028463804,0.28901032179720704,0.023622047244094488,0.09694748450176757,0.10539889522495206,0.4122442306032764,0.4634972104135365
0,0.42857142857142855,0.352755905511811,0.10529791286403822,0.284300824045358,0.012528264172516462,0.5317297425093737,0.7142857017078282,0.30965391621129323,0.11811023622047244,0.15533418502683163,0.22851105854039308,0.2604792988996098,0.21103868029382028
0,0.0,0.3669291338582677,0.14822653081518264,0.3967728349969885,0.0033822928927479544,0.7172375977605264,0.5952380774194233,0.23132969034608378,0.11811023622047244,0.08831810917432556,0.13572660242762985,0.5398953245823174,0.06342228851652698
0,0.2857142857142857,0.03622047244094488,0.48645003266752945,0.3880984149065629,0.0023101489719244495,0.7971248471017597,0.42857140341565636,0.4632665452337584,0.11811023622047244,0.23672409675590717,0.1578729458698947,0.4544518837738076,0.16981252337806996
0,0.7142857142857143,0.3291338582677165,0.3621418175150348,0.25825210324273895,0.002391642180437005,0.2525179648494993,0.6428571249336552,0.02185792349726776,0.023622047244094488,0.1243053891374372,0.11615073089690445,0.2475269133181414,0.8291060219931672
0,0.2857142857142857,0.30866141732283464,0.10604835684488378,0.15154494997090903,0.0,0.8031595824740322,0.4523809172676871,0.11900425015179114,0.007874015748031496,0.015173769437865763,0.41226645060891826,0.32121068739162145,0.05588867251645544
0,0.0,0.30393700787401573,0.2921447816260215,0.06168355535940393,0.0,0.377389485928922,0.49999998018982944,0.3673345476624165,0.2440944881889764,0.061022472230439835,0.16311188763143694,0.5663333639745357,0.11135871119013689
0,0.0,0.27401574803149603,0.41998950163007026,0.04123400351594202,0.0,0.2525179648494993,0.5238095028463804,0.42987249544626593,0.007874015748031496,0.06710882560501363,0.1514167320757236,0.4339042058312095,0.04936595602428203
0,0.0,0.4015748031496063,0.007453538736518127,0.36954732767741755,0.3936408797486217,0.7564605750083803,0.4523809172676871,0.4426229508196721,0.05511811023622047,0.4846273111000563,0.09811933809533052,0.83625446643448,0.3744849921922226
0,0.0,0.05984251968503937,0.09488040428897068,0.5498774747475321,0.14977001192769632,0.25621477235644213,0.28571427628087115,0.3412264723740134,0.0,0.3971831518388812,0.16584914745393972,0.9432615219191424,0.8600356549411797
0,0.0,0.20314960629921258,0.09285621276899847,0.044835556816891387,0.0065896848866868855,0.5486001347502458,0.5476190277040613,0.1135397692774742,0.05511811023622047,0.0999600314179044,0.12864261960491724,0.3473154302756042,0.08238540618114414
0,0.0,0.8062992125984251,0.15894989851321414,0.17712134284491768,0.028651412052353494,0.4328410712977537,0.5476190277040613,0.1366120218579235,0.007874015748031496,0.07931254947782815,0.1735863245347812,0.6726676580069558,0.052184635649942704
0,0.42857142857142855,0.08944881889763778,0.11887277186213056,0.3191893162074766,0.1471949855851383,0.687629727635788,0.5238095028463804,0.39344262295081966,0.2440944881889764,0.03653367219275818,0.3112749491460088,0.37349668340678105,0.05627230898158742
0,0.42857142857142855,0.09984251968503936,0.12798289894886597,0.3888589037260151,0.022480081439327795,0.12764644377007656,0.49999998018982944,0.12446873102610807,0.05511811023622047,0.03392214978787543,0.40326010280812075,0.3577937629415406,0.1693531254864037
0,0.5714285714285714,0.647244094488189,0.7635502216534475,0.09028734759464331,0.0,0.03415910962720579,0.5714285525617423,0.008500303582270795,0.49606299212598426,0.07331103973265858,0.1858569345585832,0.29720687662785256,0.9128557145944393
0,0.0,0.29133858267716534,0.04463436781781666,0.12714249992085055,0.03570436256043686,0.39406399637706085,0.5952380774194233,0.3770491803278688,0.007874015748031496,0.2552710930488919,0.07447381761015184,0.8026712758950239,0.5933516434315154
0,0.7142857142857143,0.19685039370078738,0.10550610001579333,0.059295726251703616,0.0,0.9505915580191936,0.5714285525617423,0.04007285974499089,0.11811023622047244,0.015173769437865763,0.14336796347969472,0.30965526544943484,0.9022855080770026
0,0.2857142857142857,0.15196850393700786,0.058640566001507105,0.48470093165070116,0.01483961637558494,0.7444387219372068,0.5714285525617423,0.3047965998785671,0.007874015748031496,0.10064218502352623,0.23032789998550757,0.5744560498642125,0.23208134519445914
0,0.0,0.22992125984251965,0.06614480426058847,0.5064978669458794,0.2222913888073468,0.3511322794546944,0.5238095028463804,0.2689738919247116,0.0,0.16405880982168974,0.20520797254440717,0.47183969932910613,0.07809964871089276
0,0.0,0.26456692913385826,0.027021339310215386,0.05124945235212275,0.24277361257546054,0.21108442868781674,0.6190476022771042,0.7474195506982392,0.007874015748031496,0.14821009463383514,0.09739283053234846,0.9029519227168896,0.3129906771163233
0,0.0,0.46771653543307085,0.11647785029599148,0.05215843882012523,0.07058936380480613,0.4417638074603241,0.49999998018982944,0.15361262902246509,0.023622047244094488,0.05165002255941058,0.10192219589432641,0.8880731300062306,0.18278366207485788
0,0.0,0.5149606299212598,0.11948999615721002,0.160285192075348,0.1165620515511826,0.46887702208616466,0.6666666519924662,0.17547055251973284,0.023622047244094488,0.5541888197874952,0.06630373369616126,0.7644737552846412,0.6229931487360735
0,0.2857142857142857,0.2866141732283464,0.41641629190351365,0.17229465740229402,0.0023101489719244495,0.6752885919598279,0.47619045313101843,0.25318761384335153,0.05511811023622047,0.11341059862594183,0.16089940272461203,0.5225112812032797,0.1167072682095406
0,0.2857142857142857,0.20314960629921258,0.33141415306409727,0.39805417462663734,0.0016911464463739772,0.4266295733500865,0.5238095028463804,0.19914996964177292,0.023622047244094488,0.17680518668118841,0.1875521758411294,0.3906444555981306,0.1148345875690476
0,0.0,0.2992125984251969,0.43205236519780194,0.2824495988591862,0.02080985628557504,0.3954814268874469,0.5952380774194233,0.5245901639344263,0.007874015748031496,0.45440924919306724,0.03961523536908097,0.46172004806247274,0.04936595602428203
0,0.0,0.15196850393700786,0.0,0.4139884765976389,0.5918664343424523,0.5608493372374646,0.5476190277040613,0.928354584092289,0.11811023622047244,0.48956970196787475,0.24915523976826667,0.457766235330679,0.1456054434768357
0,0.5714285714285714,0.37007874015748027,0.3749419194468824,0.06115888831319904,0.0016911464463739772,0.42854504698499096,0.5476190277040613,0.37158469945355194,0.023622047244094488,0.08569049562942407,0.19929348192000815,0.5112243887397075,0.1603366191438957
0,0.42857142857142855,0.4346456692913385,0.0690160817326583,0.10062988747885951,0.01522031786004983,0.5022610070083448,0.4047618829602356,0.100789313904068,0.023622047244094488,0.07667067722854748,0.3627067134970645,0.3098177874992738,0.30738361836022954
0,0.2857142857142857,0.28818897637795277,0.0166488792456026,0.3880984149065629,0.0016911464463739772,0.377389485928922,0.6428571249336552,0.5780206435944141,0.023622047244094488,0.22787613891969344,0.08112409603481678,0.4588905293733027,0.21232281405895298
0,0.2857142857142857,0.30236220472440944,0.06200319350850793,0.4239651943351361,0.002391642180437005,0.326233924872853,0.4523809172676871,0.5106253794778385,0.05511811023622047,0.12825644058776767,0.15384239468614685,0.299756187551738,0.07212602935718598
0,0.2857142857142857,0.184251968503937,0.12124762114516158,0.17937354770228658,0.0,0.1382302070314321,0.5476190277040613,0.3673345476624165,1.0,0.10176877141284713,0.12761605103642398,0.503166618293144,0.12654516860896
0,0.0,0.08377952755905511,0.0,0.4255682883489537,0.5080380355389346,0.14626571716211986,0.5952380774194233,0.4268366727383121,0.0,0.33891194640611233,0.0576336449534849,0.6431172949241689,0.22744989310313354
0,0.42857142857142855,0.2960629921259842,0.13622814397313965,0.07069044012974066,0.027879088995842766,0.9594152849401615,0.47619045313101843,0.08196721311475409,0.11811023622047244,0.054673884300798746,0.1505578458302585,0.38603239810880396,0.24634554275181333
0,0.2857142857142857,0.27874015748031494,0.08967012407557504,0.16682226406874456,0.0,0.3130151921467468,0.4047618829602356,0.1469338190649666,1.0,0.2046669264166566,0.06405195162740633,0.35918625253242115,0.1875225820961302
0,0.0,0.14629921259842518,0.04002312159162206,0.3814258504206106,0.056560479964710884,0.18468788224560062,0.4523809172676871,0.1323618700667881,0.0,0.11559524616200796,0.3121489834276542,0.6831982600496883,0.08843884197049767
0,0.0,0.415748031496063,0.055197405213936075,0.09776300890019035,0.05354102029470314,0.6755935837127578,0.5476190277040613,0.2859744990892532,0.11811023622047244,0.5814052405593411,0.1420794518109488,0.6579651063183243,0.401423619965524
0,0.0,0.14110236220472439,0.11289261754524815,0.28952719053937465,0.0,0.6271325280877674,0.49999998018982944,0.0358227079538555,0.023622047244094488,0.14182935128059773,0.1059237100188749,0.7162347942260844,0.9344175632999913
0,0.0,0.25511811023622044,0.020283322469588933,0.11240341159745212,0.1057315711428407,0.015777930984342776,0.07142849753349063,0.5622343655130541,1.0,0.28788406776747777,0.03065086568765104,0.5161949575712108,0.23672816149116582
0,0.0,0.3511811023622047,0.20142571068089607,0.33021674059320577,0.09680308792357717,0.041724410495423594,0.6904761878557976,0.20218579234972678,0.49606299212598426,0.5181417325957866,0.0309202227233249,0.8837600793245382,0.5824698736511121
0,0.0,0.25354330708661416,0.03858368838661061,0.21911709588420936,0.06274913735791615,0.023652941529049003,0.6428571249336552,0.41044323011536127,0.49606299212598426,0.2526288943905571,0.05406463318274412,0.8410186941325623,0.6264717352467026
0,0.0,0.18740157480314962,0.020476265621983913,0.06946217802996911,0.20886368477404865,0.3130151921467468,0.6428571249336552,0.21311475409836064,0.0,0.15417070615086872,0.10377076333172683,0.48989484996833693,0.11574260395629717
0,0.0,0.2141732283464567,0.005540606285949859,0.007741460342520927,0.301773824008115,0.6302701054248628,0.6190476022771042,0.3108682452944748,0.007874015748031496,0.8485895823451539,0.10665731021256193,0.8114640487021348,0.472117731871203
0,0.2857142857142857,0.5606299212598425,0.11526518429751079,0.15823378985980785,0.05128082724284582,0.5022610070083448,0.5952380774194233,0.14268366727383122,0.05511811023622047,0.03837559022194163,0.24588421533430085,0.6186630337517327,0.09871079136039758
0,0.0,0.039212598425196844,0.02747657131579824,0.42225605900928387,0.06426082577666105,0.6709832994052785,0.3333332819736318,0.48633879781420764,0.11811023622047244,0.3620687268724724,0.16449538358270813,0.7950000607567734,0.6056892429910313
0,0.2857142857142857,0.6866141732283465,0.15374113786765595,0.014647573543114462,0.04695282912308621,0.33705749972805754,0.5714285525617423,0.16636308439587127,0.023622047244094488,0.18769830382981115,0.15499054632653209,0.4636366691770191,0.09012268959870091
0,0.0,0.11763779527559054,0.18771103872570946,0.021557246099448493,0.034348652132559464,0.35631494706557476,0.21428569070217787,0.1469338190649666,0.007874015748031496,0.20336539097193873,0.2733628042374541,0.4841056261297784,0.13897411794662365
0,0.2857142857142857,0.40629921259842516,0.052674935319817526,0.04465730276477104,0.018957162705922664,0.406502504090236,0.5476190277040613,0.20886460230722526,0.023622047244094488,0.18482809398597513,0.24929916035421015,0.3436044683963208,0.348303999061194
0,0.0,0.4944881889763779,0.06713826465098642,0.11995047803427256,0.21856933244858837,0.36902922659574705,0.47619045313101843,0.40012143290831814,0.007874015748031496,0.3743519334158583,0.21193085216240876,0.7842866163835571,0.1893874176184909
0,0.0,0.3763779527559055,0.04220433724080559,0.04674206149922149,0.08669970616524406,0.7408650654992751,0.3333332819736318,0.42926533090467517,0.05511811023622047,0.513541224224014,0.16136211569739842,0.724575756167516,0.4259859512681027
0,0.0,0.03307086614173228,0.1578115387461823,0.4526675830941313,0.0033822928927479544,0.7436437620847882,0.5476190277040613,0.23193685488767457,0.023622047244094488,0.0911197400627036,0.19590479957282972,0.764866216213166,0.13374684441585155
0,0.42857142857142855,0.4220472440944882,0.4323698658634871,0.08967111363378277,0.009566568564432056,0.1382302070314321,0.42857140341565636,0.38129933211900424,1.0,0.20205480697242795,0.12761605103642398,0.9339599691089683,0.16516847834387233
0,0.0,0.42519685039370075,0.011645114659340866,0.056708192167673234,0.33269384394319385,0.5881830472203045,0.4523809172676871,0.302367941712204,0.05511811023622047,0.2481257302886117,0.1156288443055377,0.6631969601948521,0.47652308154487816
0,0.0,0.1480314960629921,0.3792681417961521,0.47847263732240897,0.01691146446373977,0.031887957501504006,0.7380952221632491,0.24408014571949,0.49606299212598426,0.13122559162674008,0.10052512424910348,0.5499555331533634,0.1148345875690476
0,0.2857142857142857,0.25196850393700787,0.16387189954117953,0.18709984263002927,0.042128003594355125,0.8229309898926216,0.7142857017078282,0.1572556162720097,0.05511811023622047,0.2412845477127402,0.0714239465287699,0.2987926438728897,0.2331116842937811
0,0.0,0.45669291338582674,0.3360103053403081,0.12264365436541946,0.002390298859427804,0.9791866923587508,0.5238095028463804,0.10625379477838494,0.49606299212598426,0.03392214978787543,0.38419040014336847,0.7182174593446747,0.1254229295543746
0,0.2857142857142857,0.5984251968503937,0.09272467795970486,0.0040759595899849685,0.1941614068074393,0.06714921647282907,0.6666666519924662,0.19489981785063754,0.0,0.14544465176698856,0.10382537943660115,0.35364384342339467,0.26601871492665463
0,0.0,0.6771653543307086,0.09548449290558919,0.07586754438199061,0.07414090853744293,0.19987655478918356,0.6904761878557976,0.2550091074681239,1.0,0.31695153775850354,0.13520199272182382,0.5005216579654619,0.2329963101149115
0,0.2857142857142857,0.7338582677165354,0.4826442464075254,0.014962632926059621,0.002391642180437005,0.4378866854769426,0.5238095028463804,0.022465088038858532,0.023622047244094488,0.03653367219275818,0.22558932195685547,0.4177758642743772,0.7747072596716068
0,0.2857142857142857,0.14299212598425196,0.07848948090291068,0.28533172911132126,0.023563783914568624,0.2262607417257355,0.6904761878557976,0.2659380692167577,1.0,0.28617953076425995,0.24463709158689761,0.37803946580666,0.2780053218632408
0,0.0,0.0,0.1540454202005626,0.6565978417128435,0.009561337022078037,0.12764644377007656,0.49999998018982944,0.21068609593199758,0.05511811023622047,0.00678621363844454,0.14336796347969472,0.8079614902854249,0.09370599315369786
0,0.42857142857142855,0.09133858267716535,0.07829015047917887,0.1903013101272818,0.038165086270501025,0.6271325280877674,0.6190476022771042,0.10746812386156648,0.11811023622047244,0.027140394318664482,0.2656281053046903,0.2954906446472989,0.08352616786529371
0,0.0,0.003968503937007874,0.03503324483811071,0.5987221201968366,0.25888381335153166,0.2934302040345156,0.5952380774194233,0.42501517911353975,0.0,0.18698516202284365,0.13211216363902448,0.8854711632120799,0.5204175567182429
0,0.2857142857142857,0.3417322834645669,0.27245879936592693,0.24338369324059858,0.014847682751594635,0.07411805464599755,0.4523809172676871,0.20765027322404372,0.0,0.1430976260558713,0.23878134161727685,0.42339091869590423,0.11844050951658167
0,0.0,0.3307086614173228,0.14724520789341103,0.14084576358939271,0.017918187518740265,0.09626225405860192,0.6428571249336552,0.273224043715847,0.0,0.034593560817030786,0.3352465597368521,0.400433036558912,0.07262546791672204
0,0.0,0.1811023622047244,0.01717429557539994,0.12033359931341876,0.10653637601283951,0.6340408368722847,0.6904761878557976,0.7437765634486946,0.007874015748031496,0.15533418502683163,0.1113178408189987,0.9005786209189498,0.23672816149116582
0,0.0,0.08944881889763778,0.006524696219951023,0.4928456949616016,0.39722960296282595,0.19055765956360454,0.8571428288426135,0.9939283545840923,1.0,0.5401143505947256,0.04182165593423082,0.7232974985864388,0.194968373526981
0,0.0,0.5763779527559055,0.3051819933627311,0.054086642775853865,0.01559533237244743,0.21160572566448296,0.42857140341565636,0.2537947783849423,0.023622047244094488,0.18698516202284365,0.4884918927824301,0.6573359258696868,0.1297728743547989
0,0.0,0.3811023622047244,0.22413719065350066,0.06240162386245171,0.002391642180437005,0.5725946970117413,0.5238095028463804,0.2786885245901639,0.023622047244094488,0.10064218502352623,0.14448514681444763,0.40710289349727213,0.35381646810723616
0,0.0,0.08755905511811024,0.02625173351535933,0.7255733880384035,0.22155066659493058,0.6484884996104008,0.5952380774194233,0.7941712204007286,0.05511811023622047,0.24960793727657504,0.0643922611758337,0.8600918994895597,0.33580896733884763
0,0.0,0.05700787401574803,0.056235750077758634,0.3214212644916965,0.08120482475473655,0.705664921425289,0.5952380774194233,0.26229508196721313,0.49606299212598426,0.0999600314179044,0.12864261960491724,0.7532438164987136,0.4121610599492241
0,0.0,0.48976377952755906,0.0868665341315282,0.08996562164740443,0.07172810326974936,0.15711516817141474,0.5476190277040613,0.3691560412871888,1.0,0.11015366842459288,0.32451699321624566,0.8604679421755062,0.2150749833843964
0,0.42857142857142855,0.9228346456692913,0.2014196387675707,0.0665161784330152,0.008821850526552261,0.16659593296230765,0.5476190277040613,0.12325440194292653,0.023622047244094488,0.05591952322792937,0.45811042400869784,0.4123449353416524,0.07115129890041706
0,0.0,0.3354330708661417,0.08416312757833785,0.09291455024815012,0.060799768399439076,0.5943288072494299,0.5714285525617423,0.2416514875531269,0.2440944881889764,0.29205865364115496,0.06763790595534919,0.6364944819708991,0.2380646232130871
0,0.0,0.03811023622047244,0.06598968118068005,0.3905022265168306,0.23535833587398614,0.8388397881735014,0.4523809172676871,0.5652701882210079,0.49606299212598426,0.28099390317467926,0.37025127865490604,0.8216599628601421,0.018386338466455265
0,0.0,0.384251968503937,0.045127629710692084,0.028821385936345638,0.022280617383351,0.2923362601367926,0.07142849753349063,0.45112325440194295,0.0,0.210730656338368,0.2337761319461471,0.6612086058923929,0.21138720730819413
0,0.0,0.01905511811023622,0.08114944307520856,0.5806553802387223,0.0491087657398554,0.6761823945584876,0.5238095028463804,0.29508196721311475,0.11811023622047244,0.5929972862599141,0.13875975313060288,0.5250241999020904,0.0665007943793417
0,0.2857142857142857,0.2629921259842519,0.1447861720089755,0.35750601298885215,0.05592082696596973,0.26282760737285854,0.21428569070217787,0.5021250758955677,0.0,0.35885797735464875,0.18460698515268226,0.7349284629961722,0.1207042642017346
0,0.0,0.2566929133858268,0.012243870165072116,0.36821630873102856,0.045663176454708576,0.49221165223336877,0.47619045313101843,0.6180935033394049,0.0,0.3675616128077954,0.13170007324972755,0.43424234123768135,0.21232281405895298
0,0.0,0.415748031496063,0.01037555705830995,0.05706343388063049,0.3319510451600643,0.5534165680644136,0.4047618829602356,0.14450516089860352,0.007874015748031496,0.1359701641465684,0.1735863245347812,0.30229234223792645,0.3396964169542131
0,0.42857142857142855,0.5322834645669291,0.12403759220089118,0.023939752761747247,0.029046630653896385,0.20136240379343032,0.49999998018982944,0.35276259866423804,0.0,0.15092278112083082,0.23426887893425605,0.3590724224758259,0.14050790986073375
0,0.0,0.4818897637795275,0.3286611157722495,0.13634705073963505,0.0,0.983342416580274,0.49999998018982944,0.3035822707953855,0.2440944881889764,0.2056372496359919,0.12659475209315324,0.7381758738841508,0.08855554064983111
0,0.7142857142857143,0.032755905511811026,0.25326077640633776,0.4349080567699704,0.01667599157038143,0.17880199927630014,0.5238095028463804,0.009107468123861567,0.11811023622047244,0.06431700764706173,0.27901591575392165,0.23328839187271638,0.8277712311795232
0,0.2857142857142857,0.2944881889763779,0.0016586712390187382,0.03259250770309039,0.43377438436757565,0.7179702605985397,0.5714285525617423,0.14754098360655737,0.2440944881889764,0.22320869603301438,0.1218199532243227,0.387095085092412,0.3396964169542131
0,0.0,0.5196850393700787,0.5024980042161331,0.1786925969760927,0.0,0.8031595824740322,0.5476190277040613,0.01639344262295082,0.0,0.030342553907075062,0.19668522821984594,0.49942574800322787,1.0
0,0.0,0.30393700787401573,0.11851126095137916,0.15754670623570688,0.08144250557763748,0.5128447563950868,0.5476190277040613,0.20522161505768063,0.2440944881889764,0.14357021678519308,0.18684780070408208,0.6516795630261548,0.10321146431361211
0,0.2857142857142857,0.4393700787401575,0.2872034076976347,0.23746905825039702,0.03689669564112076,0.28487160432710346,0.6904761878557976,0.14814814814814814,0.0,0.3019574420438,0.06454330857383497,0.6309538661915703,0.14102902947401713
0,0.0,0.3669291338582677,0.3151040719585945,0.11816769105967566,0.02860060056942086,0.6892356863937771,0.49999998018982944,0.25743776563448695,0.2440944881889764,0.1243053891374372,0.2838922446343377,0.5601691332525284,0.16854520058036349
0,0.2857142857142857,0.22047244094488186,0.11686432281063336,0.3946074291290091,0.02367605009191972,0.9119565591402623,0.3571428310437435,0.5470552519732848,0.49606299212598426,0.6643413809003601,0.15487037038699686,0.7062846744548503,0.20527490256745345
0,0.0,0.0013307086614173227,0.1712654681197211,0.5985102271523012,0.012528264172516462,0.19202073755225177,0.5476190277040613,0.013964784456587736,0.0,0.05165002255941058,0.1663575267140603,0.7189782794689753,0.75719974763987
0,0.2857142857142857,0.6551181102362204,0.7735063156799817,0.16387738299103802,0.011958210902185025,0.4708767978724112,0.5238095028463804,0.019429265330904676,0.0,0.07331103973265858,0.1387277365968182,0.4469397648072837,0.9309135463804554
0,0.2857142857142857,0.2944881889763779,0.08658137037806594,0.46242571562956236,0.04804536017017812,0.6271325280877674,0.5714285525617423,0.1930783242258652,0.023622047244094488,0.2861051590810304,0.10723339133878519,0.3241983746681915,0.10982000843584536
0,0.2857142857142857,0.44724409448818897,0.18399893795560013,0.07190789619610562,0.05021156637302069,0.26717299756028795,0.7380952221632491,0.28901032179720704,0.11811023622047244,0.5340234750086353,0.07442994584383941,0.6414443192927058,0.11965990577442569
0,0.0,0.0,0.05080360342305862,0.6213755663451588,0.22381398708813502,0.5046698063991938,0.49999998018982944,0.2859744990892532,0.023622047244094488,0.5816596330335878,0.028392817607239586,0.8838493283964822,0.6150764260710555
0,0.2857142857142857,0.25511811023622044,0.13035115496056882,0.32581404029816313,0.0540333138576171,0.20136240379343032,0.5714285525617423,0.11475409836065574,1.0,0.030342553907075062,0.2883731750194051,0.42086826036166575,0.24634554275181333
0,0.42857142857142855,0.1168503937007874,0.04998237237728313,0.22751309947181245,0.011155922301016544,0.6782880891438364,0.47619045313101843,0.3084395871281117,0.023622047244094488,0.14942207004490396,0.313504860845867,0.6024830875868717,0.6785449600307023
0,0.0,0.44724409448818897,0.10173142356929826,0.13073633069950485,0.035189696307825806,0.32034804745339795,0.42857140341565636,0.07407407407407407,0.007874015748031496,0.44208484900069245,0.13761055326206528,0.8344944060945011,0.6386044447729206
0,0.2857142857142857,0.012803149606299212,0.07001052125881761,0.2563300701008241,0.015572187261371348,0.7431802389985415,0.42857140341565636,0.40255009107468126,0.49606299212598426,0.3366528858692149,0.058036141776430704,0.5566173201080834,0.17200208566031508
0,0.0,0.26141732283464564,0.0,0.16855188346318584,0.5555934713246036,0.6476282458270712,0.4047618829602356,0.5282331511839709,0.023622047244094488,0.3581773938178951,0.15649403021989808,0.8611275783095289,0.47052386876682306
0,0.0,0.28031496062992123,0.27226529289256796,0.04611421673983489,0.0033822928927479544,0.48466744216506125,0.4523809172676871,0.008500303582270795,0.05511811023622047,0.08675122795912532,0.1752144507311143,0.6743579640055849,0.9839493977246774
0,0.0,0.1732283464566929,0.02221601629587092,0.20549179679879792,0.2011215998907598,0.27839020629885247,0.4047618829602356,0.17182756527018822,0.0,0.3179388425121763,0.16976016075007122,0.4594917122350197,0.15301211120167635
0,0.0,0.20314960629921258,0.05212128491095841,0.1239319610429225,0.0371086962061997,0.9356521512310666,0.5476190277040613,0.23436551305403763,0.2440944881889764,0.5411029568528548,0.12008076041897424,0.6399354951675486,0.21106386617956432
0,0.2857142857142857,0.3968503937007874,0.12297737891206063,0.45925291255776723,0.01890663439172367,0.19414050099564226,0.5714285525617423,0.11839708561020036,0.11811023622047244,0.06676628202733903,0.21429563208661195,0.33226859638836387,0.052184635649942704
0,0.0,0.3732283464566929,0.3897972336998692,0.2231351298269082,0.04253084258115223,0.9958612028068897,0.5952380774194233,0.34365513054037644,1.0,0.12913704056892683,0.11396166591363628,0.6992329774285031,0.13856291149491262
0,0.2857142857142857,0.2677165354330709,0.09983259321690349,0.1419718565391005,0.018602611067429713,0.029032131939804154,0.5238095028463804,0.16697024893746204,0.49606299212598426,0.05833059122182759,0.25110604363187705,0.21632766087690172,0.09091211225210712
0,0.0,0.1732283464566929,0.0,0.18318837134308188,0.9265583011386216,0.6571401813245483,0.30952376812160115,0.44383727990285365,0.023622047244094488,0.5671123458646864,0.12265471882849875,0.7212698765474929,0.21180581058557274
0,0.0,0.2692913385826772,0.05250243194434236,0.13896704937087084,0.007900848939863456,0.9042524025280655,0.5238095028463804,0.50394656952034,0.49606299212598426,0.30959617828710445,0.06305472775028759,0.7712332168689373,0.16271193752196822
0,0.0,0.13133858267716533,0.0043619124835740436,0.6661550294217957,0.3329695637659805,0.17344476682879614,0.49999998018982944,0.5506982392228293,1.0,0.1894686391138862,0.2336828966095065,0.8364833169475563,0.565277857629873
0,0.0,0.5070866141732283,0.026659534658735582,0.17014137514547858,0.14187027285195278,0.8739851275243471,0.6190476022771042,0.3976927747419551,0.11811023622047244,0.36162024496379747,0.05371418886321302,0.5209937996244088,0.47652308154487816
0,0.2857142857142857,0.22519685039370077,0.08990031634986326,0.0814573926633858,0.014009565439822397,0.5022610070083448,0.5476190277040613,0.1408621736490589,0.0,0.009597050088502304,0.1762379543716403,0.5328947992913132,0.1278841163163674
0,0.0,0.24094488188976376,0.06780678548712259,0.2844925268695812,0.045660953580149495,0.9487641049320366,0.5714285525617423,0.567698846387371,0.2440944881889764,0.2598014647916188,0.13331804188738838,0.8347038546354155,0.3832609896274191
0,0.0,0.04535433070866141,0.043844537783068786,0.2878211453599177,0.20011391248890528,0.6066709141483317,0.6904761878557976,0.3108682452944748,0.023622047244094488,0.5406249741764988,0.1201388516280494,0.813544001956832,0.5204175567182429
0,1.0,0.4771653543307086,0.09822726198799148,0.027804886071231476,0.06054649677801176,0.6855099641923975,0.5952380774194233,0.14389799635701275,0.11811023622047244,0.1874608928899018,0.09247710764283609,0.05654268048928095,0.35780407033460165
0,0.42857142857142855,0.24881889763779524,0.13005941065182722,0.09419087549913921,0.15733188350941707,0.9402371837420609,0.5714285525617423,0.14754098360655737,0.49606299212598426,0.1392568326918087,0.11334408292822772,0.35697281989314666,0.1056817595634104
0,0.0,0.012314960629921259,0.07612350742197622,0.584188318071233,0.0903351128915083,0.6359562827579623,0.6190476022771042,0.6508803885853066,0.023622047244094488,0.46403521747106524,0.12998016442424762,0.3663182319822233,0.05627230898158742
0,0.2857142857142857,0.5196850393700787,0.1816266318823389,0.2255924976553751,0.022318287477303238,0.4900549268197388,0.4523809172676871,0.23132969034608378,0.023622047244094488,0.0625083110356009,0.15719738561325364,0.300826341589174,0.24560459681538535
0,0.0,0.05448818897637795,0.04019572605968558,0.3675227225289303,0.23974349474895046,0.889081622685992,0.47619045313101843,0.29326047358834245,0.49606299212598426,0.17566364332001805,0.26177119539314114,0.7259674727714578,0.28333164765178137
0,0.0,0.25196850393700787,0.0005421961735374445,0.023573329647907204,0.4605892599762704,0.4990167338937937,0.6666666519924662,0.2938676381299332,0.007874015748031496,0.44771515727958294,0.08003631436035973,0.8083507665077623,0.27190846283560205
0,0.0,0.15433070866141732,0.24297968560332184,0.36988270335106466,0.01691146446373977,0.32344490557493066,0.49999998018982944,0.4080145719489982,0.05511811023622047,0.12190865835136157,0.15283193123171215,0.645092168334417,0.10702135933258461
0,0.0,0.4188976377952756,0.0735556412334669,0.18846684377186682,0.11622531673209437,0.7323754947687157,0.4047618829602356,0.4808743169398907,0.11811023622047244,0.6039438270676567,0.28181146617672426,0.778273906561277,0.38058553944422996
0,0.0,0.0,0.05294103135803078,0.8238013691813064,0.12622007968368165,0.5144670871969507,0.7619047514231901,0.5245901639344263,0.007874015748031496,0.24663356575861595,0.06305472775028759,0.842829586093631,0.4083055002296429
0,0.0,0.27086614173228346,0.7341712531335524,0.22261818435510067,0.005073439024490005,0.24415770551632432,0.5952380774194233,0.4681238615664845,0.0,0.0911197400627036,0.16214256143509106,0.6948740422421285,0.0769975624402886
0,0.42857142857142855,0.14614173228346455,0.078063378822031,0.4212502163576426,0.026308066501862463,0.8031595824740322,0.5476190277040613,0.11718275652701882,0.2440944881889764,0.0908686715895212,0.13196495594632052,0.404109115083625,0.15279307957881008
0,0.0,0.33228346456692914,0.10385469218387712,0.267951693618241,0.008823805570684108,0.33647724674390567,0.5476190277040613,0.43594414086217365,0.0,0.13276976055623407,0.19134393609425115,0.566623172237599,0.392773001781932
0,0.0,0.3181102362204724,0.22792021518606503,0.11690845640362697,0.009566568564432056,0.1307635199783334,0.5238095028463804,0.029143897996357013,0.49606299212598426,0.3367754751937382,0.058014242923073354,0.8507520374467029,0.6944319355564096
0,0.0,0.4188976377952756,0.0037636411414027175,0.26409250836661874,0.3386231848490884,0.701922743932354,0.7857142740797411,0.28840315725561627,0.05511811023622047,0.42930746328104724,0.04317393861350798,0.5570899243224143,0.2139399272407066
0,0.0,0.3118110236220472,0.25324884875251746,0.2029271648703058,0.015116567195783177,0.4501240390442722,0.6190476022771042,0.3709775349119611,0.007874015748031496,0.4659983406851119,0.1297129972739095,0.7031323255005949,0.45531894984922644
0,0.0,0.0615748031496063,0.16307572229064868,0.37575108093510484,0.04004832903703438,0.2307256367337606,0.7619047514231901,0.16939890710382513,0.0,0.27585068810334024,0.0699050924204304,0.5600398434571587,0.14714406472340644
0,0.0,0.3385826771653543,0.06872333285605763,0.2584990969378924,0.21308445633333617,0.34980515880327573,0.7857142740797411,0.19064966605950212,0.007874015748031496,0.6083880516106427,0.10437395027071655,0.4773119521435747,0.2501365279795476
0,0.2857142857142857,0.46299212598425193,0.12699631158287086,0.029264442784991594,0.02437533291990698,0.919207376632487,0.5476190277040613,0.13600485731633272,0.2440944881889764,0.0772656548261438,0.12362402793416823,0.5247539791280541,0.11099321019289507
0,0.2857142857142857,0.03023622047244094,0.1417904298507721,0.5756234654721639,0.005073439024490005,0.17880199927630014,0.4523809172676871,0.3126897389192471,0.007874015748031496,0.021457775890022457,0.31850377545119035,0.567704148092177,0.3329373484484918
0,0.42857142857142855,0.3811023622047244,0.14295401190069582,0.05289740088355437,0.004761578612202622,0.41972123681634227,0.5238095028463804,0.43776563448694594,0.0,0.0772656548261438,0.3168111319514566,0.7424796023433625,0.18905350086308015
0,0.42857142857142855,0.8960629921259842,0.17752421835083526,0.016111638458179988,0.007174927013258904,0.6496929270550522,0.6666666519924662,0.11718275652701882,0.0,0.09576310718281715,0.13109734775900056,0.285458232686569,0.052184635649942704
