flood,Density_River,Density_Road,Distan2river,Distan2road_met,NDVI,aspect,curvature,dem,flowDir,lulc,rainfall,slope,twi,NDBI,NDWI
1,3.03E-04,1.2711849,1084.2618,212.83913,0.057740048,120.06858,-33,212,2,40,543.7235,5.0861926,5.395567,0.23088345,-0.2267614
1,2.27E-04,1.2371418,1329.4915,204.73795,0.061483525,36.027374,-22,365,128,40,465.79077,6.2932734,6.907494,0.11774019,-0.4518031
1,4.49E-06,0.55728793,6316.827,297.0445,0.16278078,332.52557,32,345,64,10,588.2233,12.869495,8.318536,0.044402752,-0.51813215
1,1.55E-04,1.3112665,895.95135,2114.2915,-0.024909623,56.309933,-19,216,2,80,338.1645,3.346183,6.04367,-0.22190201,0.70899105
1,2.87E-04,1.5179712,558.99994,30.38851,0.09610491,63.434948,5,108,4,40,867.1514,1.0386748,7.871607,0.15130338,-0.27885425
1,2.97E-04,1.9939367,451.49997,139.33037,0.25996965,299.4759,8,408,64,10,703.00104,6.113464,8.2666025,0.028530924,-0.5945317
1,3.20E-04,2.73848,1068.4769,456.08383,0.35425955,291.80142,-6,189,2,40,599.4676,2.5001462,6.3630805,-0.33704737,-0.6216216
1,2.55E-04,7.2129464,1855.0859,60.811176,0.13124686,63.434948,5,27,2,60,1150.6046,2.0766673,7.3546042,0.1678875,-0.36243704
1,1.75E-04,6.852604,124.59009,59.77513,0.3518459,71.56505,8,9,1,40,937.09937,1.4687471,8.874465,-0.2173913,-0.49828768
1,2.14E-04,3.544512,4065.2437,85.99999,0.1762917,278.1301,12,201,64,40,516.1493,1.6420193,8.455561,0.11735808,-0.34469855
1,7.56E-05,13.012509,4120.2495,0,0.16809443,0,4,735,64,50,309.84097,4.1736455,7.746737,0.08746518,-0.26486486
1,2.73E-04,1.9255883,2932.113,300.99997,0.22681385,93.14496,-17,465,1,30,693.56775,20.27803,7.114031,0.18901831,-0.48326233
1,2.81E-04,0.89588875,1717.8969,2710.9329,0.19634268,270,2,463,32,40,518.1785,1.3934064,8.559347,-0.10869092,-0.55752754
1,1.71E-04,1.0120895,3904.5051,1165.758,0.28624845,223.93909,16,446,16,10,735.0716,17.205202,8.422224,-0.19799362,-0.6710342
1,3.57E-04,13.253564,90.31358,71.469795,0.30034631,270,6,2,1,30,1188.0552,1.3934064,7.1278443,0.047992166,-0.53453493
1,3.40E-04,0.43810043,1819.2693,3015.2278,0.47389203,328.0919,36,1042,16,10,434.6904,26.849506,7.8869348,-0.4088152,-0.72432566
1,4.04E-04,1.2006557,248.70006,2865.6587,0.14358112,135,-9,331,2,40,659.67914,0.9853842,7.12855,0.03822336,-0.5937721
1,1.39E-05,0.6773994,1273.0121,1028.1642,0.14672926,49.51399,19,365,128,30,695.80316,12.327781,7.9619074,0.17493866,-0.4158031
1,2.34E-04,0.9804362,71.39868,1161.132,0.12542719,45,18,278,1,10,461.86383,10.396187,7.9842205,0.24058019,-0.39964157
1,1.29E-04,0.97368824,1814.966,1466.3363,-0.02836981,-1,0,47,1,80,1085.573,0,11.859108,-0.31137726,0.6716642
1,2.32E-04,0.05258935,650.74097,3929.948,0.3540793,273.36646,-13,621,16,10,781.1781,19.044176,6.8811088,-0.31470293,-0.7348837
1,4.86E-04,9.72746,500.91782,60.811176,0.20292073,90,-3,21,1,40,1047.1208,0.9290393,11.859108,0.004047298,-0.42792127
1,2.42E-04,3.59802,159.2218,1171.6648,-0.06726471,-1,0,509,16,80,309.89728,0,11.859108,-0.3621399,0.47750592
1,1.68E-04,1.8148897,4698.742,182.43353,0.14747883,333.43494,6,205,2,40,354.64743,2.0766673,7.991281,0.16402116,-0.4403927
1,2.85E-04,1.5670774,83.77643,21.499998,0.36720622,45,1,31,128,10,1101.0088,0.3284902,11.859108,-0.049172018,-0.6146145
1,1.85E-04,2.7922163,3703.6807,883.7112,0.11306879,308.82983,-3,395,8,30,499.86005,12.044478,7.655731,0.20925382,-0.37171054
1,1.63E-04,0.799562,1764.1399,112.12451,0.11421775,71.56505,15,368,8,40,532.67535,4.3985453,7.930998,0.07819761,-0.3695587
1,3.23E-04,2.0396347,442.68604,30.405588,0.18163472,234.46233,10,362,4,30,674.7843,1.9973403,7.9778237,0.17107332,-0.43422353
1,1.00E-05,4.8914585,6102.9805,60.811176,0.1689429,161.56505,3,369,8,10,481.3532,2.9355664,8.289822,-0.03454754,-0.48873535
1,7.03E-06,5.965087,5677.57,152.02794,0.21439043,191.30994,-5,26,1,40,973.7952,1.1842326,6.3334537,0.08212128,-0.3122201
1,1.39E-04,0.2564325,1313.9253,212.83913,0.14642256,31.159304,19,263,64,10,713.5303,22.167328,8.173726,-0.09667397,-0.6447855
1,2.99E-04,2.2791333,1003.3844,165.81934,0.18995503,73.61046,13,202,32,30,456.58533,4.108957,7.7866354,0.03749531,-0.4894111
1,6.51E-05,1.177104,530.0914,519.99207,0.46828273,163.81079,-12,167,4,10,1029.5796,21.43472,7.7185287,-0.25387657,-0.69062585
1,1.88E-04,2.3152986,1206.9983,159.27518,0.10874301,163.81079,11,155,2,10,816.4535,7.455642,7.2150464,0.1996598,-0.34188947
1,2.48E-04,3.1362936,1824.5541,545.3053,0.22790658,199.359,1,516,4,30,639.5072,9.033801,7.628239,0.114849366,-0.44627687
1,1.79E-04,5.743646,3763.7715,30.405588,0.30398697,78.69007,7,7,1,40,947.7853,1.1842326,7.694997,0.06537245,-0.44843304
1,4.59E-04,11.253108,30.405588,30.38851,0.31704146,307.87497,-10,12,4,10,1095.3052,2.6465178,7.82023,-0.14199063,-0.6959192
1,2.16E-04,1.0774198,2719.6497,2688.9976,0.19522679,129.28941,29,319,2,10,613.64233,27.409918,8.35916,0.04247191,-0.49850535
1,1.50E-04,0.6823714,4376.107,2007.1017,0.113481775,275.52753,-4,338,32,40,541.9046,7.196245,7.566628,0.1009013,-0.36015964
1,2.12E-04,3.6003397,1339.0804,926.3237,0.21221909,333.43494,5,243,1,10,510.06754,5.1797853,7.933657,0.13051024,-0.43061107
1,2.02E-04,5.3529644,420.9958,274.28836,0.34351686,182.48955,0,46,1,10,992.2761,5.3320456,7.3060317,-0.096993305,-0.62239623
1,2.69E-04,2.17926,1177.6239,375.33612,0.19228792,251.56505,10,244,4,30,446.60168,1.4687471,8.589158,-0.012797075,-0.5151864
1,4.16E-04,7.0413947,393.91092,21.499998,0.26232034,90,-11,158,8,40,560.5148,1.3934064,11.859108,-0.1729548,-0.5282284
1,4.04E-04,12.251444,603.40735,212.83913,0.1946723,0,5,11,1,40,1077.5101,0.4645502,11.859108,0.23898375,-0.27955183
1,1.27E-04,1.6736913,1254.3899,1352.1322,0.31146094,160.11484,13,610,2,30,635.7391,11.454289,7.720366,-0.017607551,-0.5903546
1,1.37E-04,0.10542997,236.23573,641.1085,0.24608137,36.869896,-4,389,64,10,785.11066,2.3215306,9.281996,-0.008227067,-0.70741904
1,1.95E-04,1.9615012,2074.176,42.999996,0.12283252,271.73572,-16,274,64,30,517.27576,7.623457,7.0891304,0.09171005,-0.4327227
1,4.45E-04,11.488211,71.47445,60.809933,0.2577832,78.69007,-6,12,1,40,1069.5377,1.1842326,7.459422,0.05468952,-0.44878563
1,1.69E-04,4.4152117,881.7277,294.39883,0.38538837,94.398705,-11,552,4,10,681.8857,6.0347114,6.513139,-0.2328712,-0.63976485
1,2.02E-04,5.773768,1161.5807,56.576008,0.014793666,315,0,3,64,80,935.94037,1.3137449,7.893446,-0.46107784,-0.031349067
1,1.26E-04,3.9557955,2307.3933,129.68169,0.20897011,284.03625,-14,482,16,40,679.49646,3.8251698,7.0025625,-0.13859203,-0.517179
1,1.76E-04,2.7101252,177.11955,0,0.33704898,183.81407,0,61,4,10,883.5511,3.487623,7.679184,0.040603664,-0.5514236
1,3.60E-04,4.8977203,21.499998,91.21677,0.41091603,23.19859,19,179,64,10,472.93256,1.7684314,9.541855,-0.2749274,-0.6377202
1,1.89E-04,2.046171,1313.9253,583.9143,0.13018139,63.924644,-22,669,2,30,378.4059,22.989767,7.6213474,0.045574635,-0.53723407
1,3.90E-04,2.6318476,872.5173,129.74591,0.28337845,263.15723,-10,264,16,30,316.17148,5.8284774,7.0019727,0.020319864,-0.57750684
1,1.28E-04,4.1319213,2585.1804,107.49999,0.080515996,180,-2,455,2,40,670.89856,0.9290393,8.181434,-0.042433638,-0.49693933
1,6.03E-04,2.9742632,71.474106,84.16956,0.06868105,29.054604,3,190,2,30,407.30774,2.3900836,7.7229652,0.16523868,-0.28474134
1,3.92E-04,2.4913802,945.99994,278.6858,0.105014235,292.38013,1,108,16,30,841.56555,4.262538,7.537589,-0.2074609,-0.59194034
1,1.13E-04,1.4326828,2990.2327,60.785393,0.09941362,150.94539,-3,229,128,40,461.42648,2.3900836,7.652755,0.1616674,-0.25923473
1,3.29E-04,7.86086,730.432,21.499998,0.38497952,4.3987045,-5,592,2,30,403.59894,3.0257473,7.702088,-0.15639001,-0.63746226
1,1.96E-04,0,3125.9036,7781.0566,0.22097623,235.30484,-29,604,4,10,688.2159,14.380891,6.474481,-0.25736293,-0.63187295
1,1.12E-04,0.52405995,2144.0034,383.1978,0.15047865,65.556046,0,366,1,40,548.52747,2.8044105,7.763635,0.051701933,-0.510551
1,2.28E-04,10.335154,1155.4124,60.811176,-0.07661249,149.03624,-28,2,1,80,1172.0385,2.7068136,7.571999,-0.1004313,0.32882375
1,1.55E-04,0.73715556,629.6166,2790.8074,-0.11386188,-1,0,202,4,80,570.43286,0,11.859108,-0.22531645,0.5754386
1,3.21E-04,6.1156464,294.62766,30.405588,0.15314592,233.1301,-2,6,4,40,1059.6826,2.3215306,6.72148,0.047434207,-0.43592745
1,1.46E-04,7.3791313,2198.1538,60.811176,0.2959517,105.9454,15,16,1,10,957.35864,3.3781307,8.388783,0.18046972,0.00711344
1,2.55E-04,11.575606,1185.818,187.16727,-0.03707429,-1,0,0,64,80,1236.096,0,11.859108,0.0647482,0.252483
1,2.74E-04,0.8892225,945.99994,1553.8625,0.11204195,285.9454,1,453,2,30,529.25,3.3781307,7.1444736,0.10877387,-0.40857393
1,2.55E-04,5.7276196,805.4486,105.22559,0.3985251,265.9144,1,598,16,10,407.86252,6.4924836,7.2970023,-0.10742937,-0.6261203
1,1.61E-04,3.8580918,3475.2158,807.6036,0.1353327,85.601295,-4,185,128,40,569.2616,3.0257473,6.9515653,0.023036031,-0.452151
1,2.27E-04,5.8466697,1773.0543,42.999996,0.36727384,135,-8,673,32,10,392.93915,0.9853842,7.054911,-0.24427333,-0.6956978
1,1.42E-04,1.6589361,1798.745,334.4615,0.28541237,17.650124,15,91,64,10,1050.9954,10.602508,7.9710126,0.001302932,-0.61879617
1,5.44E-04,2.4902637,1048.8649,182.43353,0.117649496,323.1301,-2,191,16,40,414.93076,2.3215306,7.779227,-0.09612263,-0.45302415
1,4.19E-04,1.2673203,722.149,208.3155,0.122842655,116.56505,5,118,16,40,823.4787,1.0386748,7.0471363,0.19175836,-0.358253
1,4.40E-04,7.6116447,480.06732,60.809933,0.24379706,45,4,4,16,40,1073.6947,1.9701859,7.127027,-0.24898873,-0.624902
1,3.96E-05,3.6352346,2562.4053,193.89166,0.40182352,193.3925,2,226,4,10,1014.77277,9.927914,8.187348,-0.32592666,-0.7203725
1,2.73E-04,4.2708573,2551.0754,412.10587,0.24042928,95.013115,-3,271,1,10,490.2187,13.0598345,7.3266797,-0.017584099,-0.54184765
1,2.69E-04,1.0412403,2770.0798,1408.1986,0.25683776,290.9245,-3,348,16,10,499.51276,16.443417,7.71054,-0.14354451,-0.52187836
1,1.01E-04,4.917827,2647.112,155.0355,0.35436094,251.56505,-1,428,4,30,782.5406,1.4687471,8.84512,-0.16735254,-0.5210009
1,4.78E-04,9.657724,1119.4448,84.1935,0.14707316,191.30994,-3,7,1,40,1087.4622,1.1842326,11.859108,-0.23413025,-0.44219652
1,1.31E-04,3.8687007,374.78,273.0876,0.011416553,315,1,0,0,80,920.58746,0.3284902,11.859108,0.04730447,-0.13109244
1,3.65E-04,10.147056,564.8925,171.99998,0.008353144,358.15237,12,18,64,60,1085.28,7.166818,7.85023,0.032749742,0.018394649
1,2.96E-04,1.6489024,1129.0688,459.51376,0.2694953,123.69007,-9,472,8,30,472.71564,1.6745193,9.945365,-0.09766904,-0.59831697
1,1.22E-04,4.9739695,3210.8472,85.99999,0.22034949,164.24883,6,317,2,10,481.62488,9.32904,7.0022936,0.056818184,-0.476493
1,1.93E-04,0.97093046,881.7621,399.1134,0.21897921,345.96375,-9,230,128,10,343.9271,3.8251698,7.005814,0.06771443,-0.47865286
1,1.29E-04,4.357953,1362.9598,71.47445,0.11768299,0,0,437,1,30,662.2414,1.3934064,11.859108,-0.07294361,-0.55355805
1,0,4.2943163,8056.0312,42.999996,0.08997872,6.340191,2,428,4,40,477.2078,2.1024425,8.001566,0.063170165,-0.45378911
1,1.84E-04,1.4737567,2686.0132,675.35455,0.12948233,120.96376,9,196,8,30,355.59985,4.0564528,7.49832,0.18928203,-0.37289122
1,7.68E-05,0,4950.2944,7426.2686,0.34406197,135,12,407,1,10,643.1002,0.3284902,9.319037,-0.3098217,-0.7254088
1,4.37E-04,12.615357,1517.9734,90.31767,0.100557275,341.56506,3,3,4,40,1134.5986,0.7344942,8.587828,0.009169315,-0.4084398
1,0,1.4300754,6448.1494,243.2447,0.37350795,241.38954,5,468,4,10,835.56964,5.801021,7.5716743,-0.16310647,-0.5417032
1,2.45E-04,1.690548,210.56412,645.5078,-0.06581141,45,-5,197,32,30,348.37878,4.262538,7.085575,-0.24955116,0.608769
1,2.42E-04,1.736324,345.45483,121.62235,0.12710537,329.03625,0,195,1,30,347.46924,2.7068136,8.049583,0.05354347,-0.38718066
1,6.28E-04,10.096193,580.20825,0,0.094310254,146.30994,-1,3,1,40,1079.3531,1.6745193,8.557667,-0.24520303,-0.47704116
1,2.20E-04,0.6619098,3909.0935,3627.1313,0.43303126,104.03625,-25,854,16,10,323.48523,7.616542,6.6593833,-0.42691338,-0.7606052
1,4.76E-04,12.625745,614.258,100.44561,0.120795995,18.434948,3,9,4,40,1089.4225,2.2025177,8.182222,0.22645526,-0.34499043
1,9.26E-05,4.5335865,2907.1116,315.97006,0.26549906,104.534454,-3,424,1,10,398.9541,6.4515057,8.6158285,-0.033492822,-0.6081218
1,1.41E-04,0.7247526,3709.5867,1289.9999,0.25411397,237.26477,-19,334,16,10,798.0297,7.6853986,6.9645734,-0.12984337,-0.5871453
1,3.08E-04,4.9410577,141.51059,30.38851,0.1743795,317.60257,-15,489,32,30,277.87894,7.196245,7.440467,0.05939124,-0.520096
1,2.89E-04,11.520733,627.52637,152.02794,0.17071658,83.659805,-7,7,16,40,1226.4109,2.1024425,6.661431,-0.1979284,-0.1319149
1,2.12E-04,2.6456687,2014.1112,435.5443,0.1572976,305.2176,18,445,16,30,669.78,9.576685,8.60568,0.11557993,-0.42473823
1,1.93E-04,2.0252686,464.925,1923.9119,0.31767505,221.56638,8,270,4,10,782.9175,16.023031,8.194999,-0.14824797,-0.64217687
1,2.18E-04,3.603099,3935.5964,21.499998,0.12113121,67.619865,13,202,128,40,518.01605,4.262538,7.2264037,0.16398287,-0.36827558
1,2.56E-04,1.5271624,1626.6874,1471.7719,0.32186526,302.00537,-3,245,8,10,857.24316,17.012379,7.01538,-0.16308329,-0.6255085
1,5.86E-05,4.889568,4621.6494,143.32114,0.14922643,323.74615,-15,322,16,40,481.8093,8.576682,6.276684,0.21192677,-0.4098582
1,2.66E-04,3.243047,738.78253,243.2447,0.075431034,52.765167,34,509,64,30,309.09235,7.2547255,7.2277994,0.07898723,-0.32751092
1,5.57E-05,0.80615675,3640.385,64.49999,0.17256267,148.49573,9,544,2,30,622.9261,8.385167,8.777026,0.10915751,-0.37432188
1,6.78E-05,2.6125066,2383.7317,42.999996,0.15763724,15.945395,6,313,32,10,454.14178,3.3781307,8.965786,0.05573042,-0.51672864
1,3.64E-04,10.765676,445.96384,21.499998,0.13026756,251.56505,-2,14,16,40,1057.4165,0.7344942,11.859108,0.16344969,-0.34499836
1,1.08E-04,9.725339,1896.5276,90.31358,0.09036811,130.23636,-17,28,1,60,987.0612,3.9493225,5.8596096,0.41393307,-0.16484955
1,2.56E-04,1.8402181,422.58908,2191.1062,-0.07530851,-1,0,509,4,80,290.57156,0,11.859108,-0.42944786,0.5620301
1,2.33E-04,1.7102029,1869.8418,171.99998,0.38341495,351.8699,-28,89,4,10,1099.5809,11.346588,6.1000333,-0.27280405,-0.69755
1,4.35E-04,2.7455058,1145.8406,218.78787,0.19348238,230.44034,1,182,4,30,833.0406,13.597979,7.9389305,0.12073448,-0.4786173
1,6.15E-05,0.42367372,4308.337,3113.124,-0.017074632,-1,0,47,1,30,1085.3302,0,11.859108,0.46345216,0.063563116
1,7.54E-05,0.20593189,4658.4067,4812.717,0.06983264,281.30994,12,353,8,10,664.9194,4.726852,8.6065235,-0.017291626,-0.5742634
1,2.62E-04,3.9561746,509.18054,64.49999,0.2555015,149.03624,7,17,1,40,1150.9872,1.3541625,8.876015,-0.057578586,-0.538717
1,1.15E-04,3.3770902,939.07,303.76245,0.21967927,270,2,3,32,40,938.00385,0.9290393,7.1261487,0.09007934,-0.4821592
1,3.72E-04,2.5992117,677.9344,352.37958,0.1391152,343.61047,-1,225,16,30,322.33734,4.108957,6.7971783,0.14815569,-0.39892906
1,2.29E-04,5.3812766,641.2899,56.576008,0.36806184,161.56505,7,15,4,40,1162.5238,1.4687471,8.588294,-0.2039199,-0.6640754
1,3.53E-04,1.8059107,849.42535,531.3974,0.17117888,322.8533,4,365,1,10,636.17194,9.527709,7.639824,-0.04527629,-0.5712755
1,1.75E-04,1.3000375,2740.244,348.92932,0.14410153,141.3402,3,161,1,40,822.0835,2.9719696,8.048738,0.24567114,-0.45871097
1,2.57E-04,4.6123877,3462.67,238.64386,0.20531791,55.124672,3,333,16,10,355.3914,9.261801,7.3166485,-0.27128458,-0.6698592
1,1.60E-04,0.7873542,4232.654,2007.6704,0.06670613,157.83365,-23,364,8,40,534.2704,6.7407994,5.6836386,0.15100197,-0.2976704
1,3.55E-04,2.7143426,1428.4061,21.499998,0.109359264,190.00798,-15,228,8,30,407.5022,4.0032506,11.859108,0.21648063,-0.33383155
1,3.11E-04,1.5889157,140.61954,56.576008,0.16643643,101.30993,9,200,4,10,525.9252,3.548659,7.778846,0.081716634,-0.39838853
1,1.27E-04,7.210028,2182.5574,182.43353,0.30470723,63.434948,2,18,4,10,949.2829,1.0386748,8.150431,-0.10910745,-0.5536501
1,1.74E-04,0.5752116,1122.675,2515.5837,-0.09065429,-1,0,202,4,80,573.10724,0,11.859108,-0.2231405,0.5763359
1,1.57E-04,3.5297506,116.936714,211.02396,0.1294687,315,5,5,16,40,1021.8557,1.6420193,8.225409,0.07956021,-0.43675676
1,1.64E-04,4.7081237,21.499998,178.10735,0.19069462,225,9,166,1,80,537.18353,3.9357235,8.820362,-0.09119898,-0.3887987
1,2.81E-04,9.695577,198.26741,171.99998,0.053808123,45,-3,17,64,40,1076.929,0.9853842,7.127435,0.3756405,0.20080726
1,2.67E-04,3.5021396,3191.9414,383.6743,0.37391424,118.44293,-5,579,4,10,671.8431,12.478897,7.4350753,-0.0776218,-0.682243
1,1.34E-04,1.0705307,1032.3787,859.99994,-0.023970298,-1,0,69,1,30,985.63763,0,11.859108,0.06498195,0.4045977
1,5.56E-05,2.7201192,5277.3447,91.21677,0.3066537,119.74488,-9,518,2,30,672.86835,3.7400842,7.168438,-0.054984037,-0.5739614
1,1.38E-04,2.8632445,701.69464,256.60696,0.058943663,144.46233,7,302,16,40,507.5186,3.989838,7.329926,0.3226601,-0.35135135
1,3.96E-04,11.548902,227.42166,56.576008,0.17750975,101.30993,-9,15,1,40,1071.4983,1.1842326,11.859108,0.16425715,-0.39440596
1,3.67E-04,10.502662,897.05493,30.405588,0.12472266,8.130101,1,4,64,40,1128.4531,1.6420193,11.859108,-0.21171822,-0.44379377
1,1.51E-04,0.4337408,365.44452,2813.9011,0.17712116,156.8014,-2,142,2,10,833.4861,1.7684314,7.898132,0.10723293,-0.58148676
1,3.49E-04,5.569943,138.143,198.9353,0.23151328,-1,0,22,1,30,972.66425,0,11.859108,0.11258707,-0.4942717
1,2.59E-04,1.7682666,110.72653,121.62235,0.18816078,307.87497,2,198,64,30,342.40012,2.6465178,8.155616,0.23963599,-0.20861459
1,1.66E-04,4.9387836,243.2447,188.9699,0.39324278,189.46233,-7,168,4,40,545.7618,2.8235226,7.129986,-0.38069594,-0.599712
1,1.27E-04,1.4229357,1468.7347,598.9767,0.3712436,288.43494,-11,461,64,10,690.20435,5.1280046,7.582779,-0.13616191,-0.6431322
1,2.05E-04,3.6409333,548.2963,395.24997,0.101773106,45,1,454,1,40,655.63635,0.3284902,11.859108,-0.12212672,-0.5385037
1,6.32E-05,2.432782,1518.1914,151.8209,0.18935904,139.39871,7,3,1,30,929.47284,4.275084,7.592942,0.12474526,-0.56291896
1,8.46E-05,2.3528843,2634.6929,837.80634,0.09114601,145.7843,-16,335,16,30,446.0662,6.9875455,6.996097,0.007350097,-0.4873207
1,1.70E-04,0.2275112,2366.7795,1321.9672,0.11998816,213.69006,35,255,2,30,659.56635,3.346183,9.500396,0.07241718,-0.55346197
1,1.22E-04,2.7011793,889.31305,286.43903,0.20148113,255.96376,-3,510,4,40,615.7172,1.9147184,8.556742,0.10293115,-0.43589744
1,1.50E-04,2.0735953,3499.914,241.06192,0.14274469,322.0165,-48,274,64,10,492.98462,20.579967,7.162137,0.057790782,-0.44232923
1,1.23E-04,0.72842926,243.2447,2400.243,0.17718823,350.2176,10,272,64,10,505.70935,25.51089,7.705141,0.014219908,-0.5240749
1,4.58E-04,2.4089506,944.40814,994.3873,0.110996366,351.8699,-2,275,4,40,326.81677,3.2813458,7.4579973,0.09096672,-0.4455645
1,1.38E-04,9.568823,513.7338,405.13776,0.20800023,-1,0,743,16,80,233.80176,0,11.859108,0.1332233,-0.2667126
1,1.77E-04,1.0172359,239.77672,1997.2909,-0.09838817,-1,0,202,4,80,582.40125,0,11.859108,-0.2247191,0.47929937
1,3.84E-04,10.909903,183.20183,114.47444,0.10141275,0,3,16,2,40,1065.8462,0.4645502,8.182021,-0.14514166,-0.41829926
1,5.43E-04,10.432463,490.30728,85.99999,0.196432,198.43495,3,3,8,40,1087.2239,2.2025177,7.0278063,-0.27845806,-0.5270856
1,3.11E-04,2.0573385,30.405588,459.1702,0.081763655,315,8,253,1,80,663.4515,1.9701859,8.710025,0.1539182,-0.21470192
1,8.18E-05,8.825021,1288.3177,432.85455,0.079578236,108.43495,3,700,16,40,333.38065,1.4687471,7.4089313,0.14444445,-0.35427135
1,2.62E-04,3.195886,1278.4208,292.98196,0.22758877,297.18112,61,362,32,30,341.52444,9.571257,8.432156,-0.040233236,-0.535284
1,2.76E-04,5.757307,716.8699,179.16753,0.44129646,180,-14,503,16,10,356.0621,10.113953,7.2019124,-0.29811463,-0.7565042
1,2.78E-04,4.811366,2403.2256,0,0.08304298,299.0546,-5,196,8,40,495.00684,2.3900836,7.2976384,0.1159105,-0.32294816
1,2.22E-04,2.6597853,626.2802,70.18832,0.29645118,71.56505,-4,776,64,10,495.35086,10.885139,7.772336,-0.110968016,-0.6215539
1,1.06E-04,0.5849067,3120.5916,1955.9747,-0.04228222,-1,0,47,64,80,1088.2408,0,11.859108,-0.16317016,0.45553738
1,2.58E-04,7.9009566,1774.5195,198.22327,0.21000384,135,7,9,64,40,1150.9315,0.3284902,8.588183,0.121466555,-0.4613594
1,3.44E-04,1.9624034,3459.788,751.5804,0.14663135,329.30026,25,454,32,30,420.919,16.791084,8.143011,-0.017832266,-0.5587796
1,1.50E-04,1.1789489,2669.1016,152.02722,0.31892347,45,4,56,128,10,925.6111,2.6261098,7.82057,-0.18644889,-0.6843009
1,2.28E-04,6.049606,188.9699,42.999996,0.26591045,101.30993,6,4,64,40,940.6928,1.1842326,8.512145,-0.06577044,-0.4776454
1,5.35E-06,2.02377,6311.86,30.405588,0.115395546,156.2505,-2,368,2,40,507.36688,6.3185296,6.9888754,0.20005038,-0.29565394
1,1.14E-04,0.34497702,3775.3416,242.68199,0.22593221,220.6013,14,167,128,40,771.935,4.275084,8.9963875,0.01393971,-0.5247205
1,2.30E-04,1.3214217,2108.5479,1187.3033,0.06213295,108.43495,-4,511,32,40,490.17844,2.9355664,7.0051594,0.16448691,-0.34876168
1,6.58E-05,5.310016,5464.5093,129.74591,0.37998006,93.01279,-2,51,2,30,989.92194,4.4106984,6.97987,-0.21911955,-0.62146443
1,3.03E-04,1.9898529,3515.2231,169.58961,0.1918491,318.8141,17,246,16,30,359.09528,4.9261703,7.8937354,0.16517095,-0.38348082
1,2.50E-04,0,2558.708,6898.7026,0.16736428,228.46823,-12,491,8,10,696.4078,10.732859,7.076122,-0.18971062,-0.64444447
1,3.68E-04,6.8769274,353.29935,121.62235,0.24812582,78.69007,-1,3,1,40,1068.9735,1.1842326,6.765884,-0.20123102,-0.48794883
1,2.29E-04,1.6365782,578.91296,90.31766,0.09695341,63.434948,1,169,1,40,846.8168,2.0766673,8.851101,0.097299054,-0.43693343
1,9.98E-05,0.90972596,3624.6182,30.405588,0.11366713,286.92752,5,348,16,30,468.47855,5.5668116,7.0084553,0.1672064,-0.29946807
1,1.27E-04,2.7310138,447.37604,470.607,0.12750065,161.56505,13,500,8,30,612.5327,0.7344942,8.674256,0.17844166,-0.48702958
1,4.79E-04,13.143819,766.52893,21.499998,0.20705445,161.56505,2,11,8,40,1087.0667,2.2025177,7.027849,0.12967281,-0.41128927
1,4.05E-04,1.14182,42.999996,3042.2642,0.18277918,-1,1,319,1,30,659.5401,0,8.377175,0.05455283,-0.55971897
1,1.74E-04,0.7093595,0,188.51329,-0.05224932,157.38014,13,171,4,80,654.4054,6.017067,8.289177,0.21806167,0.3364486
1,3.13E-04,2.1601639,3289.7305,30.405588,0.079974085,39.289406,2,213,1,40,436.7153,3.2976756,8.128688,0.057467952,-0.39530918
1,4.56E-04,1.0519089,627.0102,837.80756,0.12329531,254.05461,9,310,16,40,670.63367,3.3781307,8.441919,0.24246009,-0.36712915
1,5.57E-04,12.953984,1337.846,129.74591,0.2141819,281.30994,1,9,16,40,1100.8748,1.1842326,7.8205595,0.14123932,-0.19063842
1,3.92E-04,7.441176,169.48521,56.576008,0.10307251,135,-4,4,4,40,1074.0499,0.9853842,7.127178,-0.17889027,-0.5486936
1,3.39E-04,6.9651456,452.98157,349.28,0.3111056,171.8699,-2,3,4,40,1064.8516,1.6420193,7.0834627,-0.27114624,-0.6282628
1,2.33E-04,1.1218103,227.79872,182.43353,0.12522104,248.1986,-9,357,2,30,465.43158,4.9908075,7.450547,0.16161016,-0.4058188
1,0,7.7202306,6573.7817,159.27518,0.2949044,204.44395,-1,709,8,10,366.04385,2.8044105,11.859108,-0.002291476,-0.57735306
1,7.78E-05,0.6671742,285.90225,315.78168,0.43932745,102.09476,2,266,2,10,1066.218,13.071385,7.625835,-0.36093086,-0.7411967
1,2.59E-04,6.505567,378.66776,413.03632,0.16327941,329.93143,-4,403,64,40,452.1298,5.0861926,6.6793947,0.047328245,-0.4422188
1,2.36E-04,2.2775605,218.78787,186.5876,-0.018387973,-1,0,76,1,80,980.7434,0,11.859108,0.070032574,0.22100955
1,1.93E-04,2.851947,2446.543,547.3006,0.14993654,127.7468,22,440,2,10,498.23422,17.634163,7.7868075,-0.07388674,-0.5965792
1,2.57E-04,2.6451318,1386.7743,266.10458,0.12756264,5.194428,-3,407,128,30,657.37836,2.5639057,11.859108,0.24956535,-0.40723178
1,1.07E-04,2.08705,1563.4912,1398.6571,0.022136535,172.87498,5,24,4,80,968.25323,3.7400842,8.045786,0.12484022,0.28556523
1,1.78E-04,1.9791254,2524.982,687.2096,0.14695194,76.53479,40,391,1,10,492.9389,16.48737,7.8555346,0.14021139,-0.45627376
1,8.47E-05,2.7898386,1791.1265,146.22046,0.33059302,25.016893,6,471,1,10,826.71704,7.6441627,7.5940022,-0.24244131,-0.69815195
1,1.56E-06,1.400013,6361.7153,129.74591,0.37109834,123.69007,-7,473,2,10,834.8853,5.012164,6.6161785,-0.34080896,-0.75886524
1,1.10E-04,0.79500014,2129.1343,2306.8225,0.47816712,122.47119,8,434,2,10,945.1149,22.921907,7.8423715,-0.31618792,-0.6940737
1,2.50E-04,3.6038046,972.9788,121.62235,0.27907163,70.46335,13,44,1,40,1001.851,7.595757,7.435559,-0.07494352,-0.5554292
1,2.71E-04,2.3518338,1129.0756,60.811176,0.16203794,186.3402,8,251,16,30,445.09027,4.1992383,7.469808,0.08592668,-0.4144581
1,2.93E-04,11.770231,679.6924,84.1935,0.37299055,206.56505,1,4,16,40,1223.4218,5.1797853,7.651146,-0.27539936,-0.59297687
1,2.86E-04,4.5714107,521.6087,60.811176,0.19585916,167.00539,15,33,2,40,985.3264,3.0959876,8.41416,0.10501694,-0.4203789
1,3.71E-05,0.45343217,4540.2256,4079.2952,0.46181872,216.17963,13,578,4,10,918.2917,18.598648,7.679322,-0.36622807,-0.6885549
1,3.41E-04,6.6613445,732.0836,155.8252,0.2813756,35.537678,13,155,1,40,574.9429,3.989838,7.5277433,-0.43206778,-0.60365427
1,2.18E-04,3.2530313,3788.6343,1651.4496,0.43881047,141.20345,2,403,2,10,856.8521,14.85749,7.636306,-0.29266438,-0.698377
1,3.21E-04,8.6485,560.9764,152.02794,0.1633872,297.89728,4,524,4,40,423.85785,4.458975,7.0264425,-0.16384664,-0.5902839
1,3.45E-04,2.7023492,692.7065,489.56992,0.36895892,304.992,14,410,8,10,695.68945,5.6522746,7.9851923,-0.2575556,-0.6977162
1,3.06E-04,0.03183181,169.48521,4054.4653,0.39715445,166.18498,-9,478,4,10,810.0526,14.287491,7.650066,-0.34164223,-0.715625
1,4.22E-04,12.566326,679.81854,90.31767,0.1814988,293.19858,-2,7,64,40,1102.9138,1.7684314,6.660574,-0.15010571,-0.42036554
1,2.30E-04,6.244603,369.37683,42.999996,0.11340086,206.56505,4,10,32,40,942.42175,1.0386748,7.531342,-0.28348735,-0.5171577
1,2.72E-04,0.9081679,2126.667,42.999996,0.25883815,12.264773,4,1025,128,30,563.73254,5.450723,8.707279,0.029796131,-0.66367877
1,2.11E-04,2.4494264,1470.2899,394.34485,0.15346971,73.88658,-1,130,1,10,631.59283,10.752023,7.286095,0.17757817,-0.49764076
1,4.81E-04,12.241996,225.23746,252.19577,0.14401358,315,1,12,64,40,1086.1519,1.3137449,7.1272163,0.1884139,-0.3354824
1,1.92E-04,4.547667,129.74591,243.2447,0.14672787,161.56505,1,448,1,40,686.22925,1.4687471,7.126055,0.06080247,-0.38664845
1,4.72E-04,9.459079,1004.077,112.224754,0.29963207,225,1,6,1,30,1086.7063,0.9853842,8.225694,-0.10393234,-0.6218164
1,8.13E-06,1.9171727,4581.297,56.576008,0.21286991,217.87498,-8,664,4,40,408.71365,5.2817907,7.2280345,0.20606793,-0.38145292
1,1.37E-04,9.381578,4366.2725,42.999996,0.47081858,300.96375,2,27,64,40,973.2089,1.3541625,7.7761235,-0.09842719,-0.5983758
1,1.66E-04,1.5748373,1776.2167,668.6926,0.3759259,83.659805,7,153,128,40,594.025,2.1024425,7.701766,-0.16805758,-0.4863601
1,2.38E-04,8.599197,1667.7076,91.21677,0.15715584,86.18593,3,16,128,40,1079.2987,3.487623,7.970298,-0.013506852,-0.5005109
1,3.13E-04,1.8962545,365.02606,509.99255,0.18782374,80.537674,10,367,128,40,659.7427,2.8235226,8.963809,0.30735043,-0.3592754
1,1.87E-04,4.1176057,1941.865,21.499998,0.1452587,168.69006,20,164,2,30,599.4634,7.0702996,7.8473625,-0.006354708,-0.3648472
1,1.91E-04,7.130106,1286.6575,29.369543,0.2521751,225,0,34,2,40,1003.4554,0.3284902,8.557048,0.004047855,-0.4750866
1,9.68E-05,1.2529765,4149.906,1072.5535,0.070949785,227.60257,-16,356,4,10,518.00354,7.196245,6.9036436,0.12544672,-0.45977363
1,1.80E-04,0.07167277,1876.3737,1983.532,0.53511393,185.52754,1,533,8,10,815.86926,14.172356,7.7399716,-0.37407658,-0.7622739
1,1.12E-04,3.6132064,3448.0872,60.809933,0.13269831,196.38954,-1,212,2,40,537.4428,4.108957,6.7211633,-0.059930313,-0.45689654
1,3.32E-04,7.276891,308.72998,60.535225,0.29830593,25.709953,19,52,64,10,1049.3429,20.024736,7.8824477,-0.232408,-0.6811977
1,5.54E-04,10.108109,608.11176,0,0.15529518,270,-1,3,1,40,1083.6833,0.4645502,7.4591537,-0.12855108,-0.55120546
1,1.18E-04,4.3268824,2155.3333,829.3931,0.09855799,86.42367,9,351,2,40,491.78546,7.4059467,7.586296,0.16180371,-0.21491735
1,9.30E-05,1.9642633,4657.8193,1037.1929,0.2981646,218.6598,-13,1041,8,10,233.15012,11.731798,7.3249803,-0.021385254,-0.6165698
1,2.34E-04,4.1840377,1177.2943,29.369543,0.21631825,220.91438,-3,14,2,10,1030.389,4.6007166,6.802041,0.36101013,-0.05495894
1,4.40E-04,1.3771396,155.8252,462.95233,0.14752544,355.6013,7,324,128,40,650.14777,3.0257473,7.680875,0.24493986,-0.38090128
1,3.29E-04,8.98376,1459.5807,21.499998,0.3080455,209.93152,-8,510,2,10,427.77686,8.775692,6.900902,-0.053353332,-0.5010687
1,7.56E-05,2.7363648,4433.813,169.97234,0.32433867,40.23636,4,545,128,10,662.3515,7.86147,8.283819,0.040341213,-0.52628607
1,3.65E-04,8.805061,1220.7822,21.499998,0.05566764,321.34018,-1,1,1,40,1085.9805,2.9719696,7.8206167,-0.1071879,-0.5247467
1,1.01E-04,1.910934,169.97234,216.18456,0.2180344,191.30994,-9,13,1,40,942.23346,1.1842326,7.1263485,-0.3158476,-0.6294017
1,2.91E-04,2.5092826,715.5319,112.196724,0.15515098,101.30993,4,217,1,30,323.6267,5.901052,7.7683334,0.23286362,-0.47452182
1,1.37E-04,1.5291499,1042.6869,1537.3271,0.24862672,312.61404,-7,219,64,60,337.27838,7.841366,7.3847537,-0.106247514,-0.4654718
1,2.26E-04,4.549617,1684.5208,156.75093,0.16281947,26.56505,-12,180,64,40,530.65845,4.147893,6.7246466,-0.21512264,-0.5977814
1,1.79E-04,0.8346645,2207.9382,542.64624,0.18991625,278.1301,9,358,64,10,475.43976,1.6420193,8.456132,-4.92E-04,-0.5270108
1,4.79E-05,1.1392348,4533.0156,335.42392,0.23469204,293.58704,6,352,16,30,313.1798,17.436357,7.7143044,-0.19426964,-0.6262534
1,0,0.4948305,7059.5933,1728.5015,0.44818622,33.690067,13,652,64,10,835.9002,27.754045,8.234636,-0.38203067,-0.7748593
1,1.20E-04,1.5650834,1459.58,990.68445,0.16567853,232.90717,-33,226,16,30,337.74173,11.770849,7.0653124,0.07129799,-0.10243055
1,4.51E-04,8.142499,60.811176,56.576008,0.13713971,194.03624,4,4,8,40,1075.1174,1.9147184,8.181999,-0.20476611,-0.541502
1,3.58E-04,6.611944,1967.1698,85.99999,0.15260926,0,1,164,128,40,545.72784,2.3215306,7.435572,-0.14016712,-0.48066637
1,2.78E-04,0.6555194,150.10814,1671.8528,0.17516975,0,1,206,4,40,561.49084,0.9290393,8.183095,0.030166337,-0.38709676
1,2.02E-04,1.2112519,2302.6155,769.74384,0.10316964,45,-2,400,128,30,466.2872,2.9538245,9.676625,0.18725379,-0.42174578
1,1.19E-04,3.9305842,177.8693,0,0.14854585,258.69006,-7,6,16,30,923.69055,1.1842326,6.6771097,0.0754236,-0.42665434
1,3.02E-04,2.9354475,3125.6982,60.811176,0.15189612,258.69006,5,234,32,40,337.30942,2.367454,8.1053095,0.18083765,-0.4899363
1,1.22E-04,4.237883,2266.1213,117.59998,0.10040614,135,-5,449,1,40,651.55963,1.3137449,7.8195605,0.07190874,-0.4087817
1,8.99E-05,3.0937624,4625.587,412.0685,0.08537336,142.12502,11,272,1,30,548.62177,15.500821,7.123113,0.11093018,-0.3857868
1,1.65E-04,1.367828,516.895,91.21677,0.40071356,234.46233,10,51,64,30,1013.20874,1.9973403,8.73528,-0.36236855,-0.7498165
1,9.49E-05,3.2801056,4158.533,0,0.21245441,198.43495,0,508,4,40,616.0792,3.6676545,7.1686616,-0.075,-0.5700824
1,1.85E-04,1.7961123,2468.4248,140.61954,0.21631837,291.80142,3,225,4,10,491.75714,4.9908075,7.287907,0.039575838,-0.5104229
1,4.01E-04,3.1910203,1406.8009,0,0.18687718,21.801409,10,419,32,10,312.0364,2.5001462,8.044726,0.017802866,-0.566482
1,1.03E-04,0.7398843,2408.8872,2594.2168,0.17813788,96.340195,-21,197,1,40,643.7634,8.353843,6.2803435,0.17482096,-0.43403643
1,1.46E-04,4.197411,1354.1967,273.6503,0.0625572,0,8,430,32,80,755.5502,0.9290393,9.249961,0.0345801,-0.08571429
1,1.83E-04,1.3279564,3034.475,791.474,0.42067075,12.9946165,-1,88,64,10,986.8016,6.1740007,8.6262045,-0.26372728,-0.7170989
1,2.06E-04,2.4903443,917.8984,91.21677,0.14840081,135,3,121,4,40,639.7221,2.6261098,7.2990346,0.1658031,-0.27986908
1,1.50E-04,2.260565,1883.8113,1121.7805,0.13145857,10.304846,-4,247,4,40,498.03638,5.1797853,6.5550175,0.15454546,-0.39312464
1,2.07E-04,1.861117,645.6073,327.32864,0.12626247,26.56505,-13,207,64,40,317.07944,2.0766673,6.818022,0.16968699,-0.30216536
1,9.59E-05,0.77315795,4854.1714,91.21677,0.23211843,104.03625,7,551,1,30,588.00616,1.9147184,7.409504,0.040509257,-0.47508895
1,1.23E-04,4.1590815,3234.3345,91.21677,0.2086651,206.56505,1,443,1,40,655.57526,1.0386748,8.844212,0.11400206,-0.43658063
1,5.84E-04,12.90742,961.82574,71.47445,0.12342323,270,-2,7,128,40,1101.3591,1.3934064,6.766029,0.18506323,-0.36895674
1,1.05E-04,3.5505419,3461.4998,159.27518,0.12821606,221.63354,8,207,4,30,535.26465,5.5763736,7.7797956,-0.07436823,-0.39000466
1,2.06E-04,7.9167533,2923.9333,716.95526,0.38284376,270,7,0,4,80,1087.9415,0.4645502,8.737055,-0.6089918,-0.77300704
1,6.56E-04,10.415871,180.97562,60.811176,0.123925894,18.434948,5,3,1,40,1079.995,0.7344942,7.3533387,-0.13359684,-0.44665825
1,3.73E-04,11.684573,483.77783,158.41486,0.12061124,300.96375,-3,12,4,40,1070.561,1.3541625,7.1271853,0.24156928,-0.31452546
1,2.17E-04,5.179922,1223.7394,325.0629,0.30211475,149.03624,7,409,2,40,719.285,1.3541625,9.280596,-0.20245013,-0.67821133
1,4.82E-04,9.01058,90.31767,121.62235,0.2183831,45,-1,3,4,40,1082.1768,0.3284902,11.859108,-0.22332506,-0.5492995
1,1.17E-04,1.8290613,110.97417,2137.3062,-0.09077461,-1,0,202,4,80,530.4957,0,11.859108,-0.19642857,0.51405257
1,4.18E-04,8.038401,306.36673,84.16956,0.17871442,98.130104,-4,6,1,40,1075.1099,1.6420193,7.126971,-0.21745878,-0.47844523
1,1.67E-04,0.103126936,97.51856,2007.141,0.15088318,315,4,232,16,40,647.6014,5.5668116,7.696141,0.2136776,-0.46072078
1,6.04E-04,12.931323,242.08922,85.99999,0.09685449,348.69006,-2,10,2,40,1101.7782,1.1842326,7.489012,0.25,-0.27292818
1,2.83E-04,0.3901407,198.75902,470.8439,0.21338974,233.1301,-3,456,4,10,815.5501,6.934349,7.920323,-0.06301575,-0.56444937
1,3.44E-04,2.2650416,489.5695,289.80743,0.09492398,23.962488,11,215,64,30,452.52826,4.5657005,8.163093,0.19471154,-0.35819986
1,4.02E-04,7.269941,214.99998,0,0.30210984,305.5377,-9,161,8,40,559.22253,1.9973403,7.3737907,-0.14627966,-0.5623234
1,1.34E-04,0.24513863,577.7062,1199.54,0.17006935,46.507435,-21,347,128,10,723.42596,12.294831,7.323767,-0.10380743,-0.6507442
1,2.03E-04,1.0554646,691.6274,459.9246,0.19335404,90,13,317,2,10,487.67953,1.8575904,8.269964,0.007323184,-0.4989088
1,1.81E-04,0.079326056,773.99994,2720.4214,0.29056385,243.8861,15,266,8,10,656.2605,12.967005,7.867707,-0.08489723,-0.49176702
1,7.87E-05,1.9580361,4666.14,420.32367,0.11314511,96.340195,16,345,2,40,490.37195,2.1024425,8.184312,0.20394915,-0.29220638
1,2.53E-04,6.080804,364.86707,60.811176,0.3242548,45,-4,12,64,40,1197.509,1.3137449,7.1284337,-0.35849056,-0.6823932
1,1.86E-04,5.0187573,91.21677,531.3974,0.4202614,201.8014,8,162,4,40,544.5949,2.5001462,7.8231883,-0.2836829,-0.65112025
1,1.65E-04,5.1097193,2930.3284,584.97217,0.41400564,311.63354,15,368,32,10,473.81265,5.5763736,8.385928,-0.2966203,-0.6890595
1,4.92E-04,8.953394,330.90186,30.405588,0.2480064,153.43495,4,1,4,40,1081.427,1.0386748,8.064373,-0.2861368,-0.6499388
1,1.71E-04,1.4643474,1624.8657,442.50287,0.15061352,195.70863,-10,316,4,30,543.299,15.084259,7.2348886,0.10612109,-0.5116737
1,2.07E-04,2.4733012,152.89137,280.24683,0.09242636,135,-2,147,8,40,830.97565,0.3284902,8.067889,0.22701974,-0.34208116
1,3.72E-04,6.3394156,915.6172,83.77643,0.18572097,351.8699,1,176,128,40,539.0959,1.6420193,7.94636,-0.25881997,-0.6145417
1,3.38E-04,0.31493443,122.00497,1025.3124,0.39128843,341.56506,6,359,16,10,851.9764,4.3985453,7.4114246,-0.3703994,-0.73525035
1,8.34E-05,0.22915901,3526.5842,4295.512,0.22974761,181.33221,0,209,1,10,649.94324,9.891299,8.287668,0.07122615,-0.60391515
1,9.74E-05,3.046133,2712.827,1647.1395,0.4265101,239.93141,-61,416,8,10,1012.33124,28.103481,7.009142,-0.32267064,-0.70286125
1,1.05E-04,0.6115187,2986.3853,1136.1259,0.20389427,98.130104,-4,321,128,10,553.8766,6.5413065,7.090696,0.08881778,-0.5225434
1,1.47E-04,2.1350262,3613.7458,29.369543,0.32889795,165.96376,-9,289,16,10,327.4284,1.9147184,9.098156,-0.606587,-0.67855644
1,2.92E-04,2.1445534,2253.3252,779.9429,0.31567165,34.330215,17,444,128,30,695.94336,21.927624,7.6165957,-0.09687779,-0.59192127
1,9.76E-05,6.5812526,1228.2181,70.18832,0.391824,308.29016,24,743,8,40,209.21329,5.60496,7.4941792,-0.30215827,-0.4171379
1,3.67E-04,6.310328,1476.1855,60.535225,0.15016858,234.46233,-8,180,2,40,539.6478,1.9973403,11.859108,-0.29968756,-0.5259594
1,3.75E-04,6.0737915,554.38617,90.83059,0.34231198,120.96376,1,155,4,40,565.6817,2.7068136,6.8822756,-0.25070423,-0.6260427
1,3.88E-05,0.9186127,5940.3423,464.925,0.14751792,217.87498,-1,217,32,10,561.8545,2.6465178,8.184648,0.08487344,-0.5126683
1,9.00E-05,2.5931745,2137.2166,30.405588,0.28796196,251.56505,-3,446,16,40,814.40436,2.2025177,7.1265025,0.019716665,-0.54086316
1,1.75E-04,1.4301382,2062.2349,196.6038,0.36576703,170.53767,2,68,128,10,1107.2822,5.6333976,7.7219615,-0.13913205,-0.58568835
1,1.73E-04,0.63624376,787.72546,2928.217,-0.093549944,-1,0,202,4,80,575.7112,0,11.859108,-0.17880794,0.5176152
1,2.01E-04,2.1084802,257.99997,21.499998,0.08111364,270,-11,189,64,30,322.35968,4.635463,6.950509,0.1694125,-0.3996857
1,3.29E-04,10.931961,146.7161,0,0.1037569,171.8699,-13,18,4,30,1077.5308,1.6420193,6.8903117,0.2014355,-0.27802595
1,3.95E-04,12.202211,345.45483,90.41355,0.11861226,135,6,13,4,40,1077.5796,1.9701859,7.1273017,0.20369808,-0.3451101
1,7.17E-05,0,5038.5254,7360.0503,0.3808671,71.56505,-22,453,1,10,641.9413,20.394194,6.989352,-0.22741742,-0.6387302
1,8.42E-05,3.7575197,4510.5317,30.38851,0.15941669,235.88553,-14,409,16,40,406.89212,8.631441,6.536531,0.051396195,-0.48825398
1,1.60E-04,12.026801,2444.5723,0,0.39236122,119.47589,-2,770,4,10,257.437,6.113464,6.9259577,-0.13695318,-0.6460853
1,2.27E-04,2.8608456,2752.3037,152.02794,0.11797282,341.56506,-4,361,16,40,498.15314,1.4687471,7.373025,0.10770235,-0.45039788
1,2.31E-04,1.15051,1618.8406,1278.7191,0.14652124,239.03624,1,264,8,30,815.3552,18.31175,7.61603,0.18793994,-0.4011178
1,4.01E-04,2.2545762,209.30655,577.7062,0.16593483,192.26477,7,321,2,30,304.72806,5.450723,8.900663,0.12838428,-0.41426548
1,1.52E-04,1.749402,4226.377,854.7748,0.16624777,262.99875,15,235,32,30,548.307,13.105968,8.039345,0.1677117,-0.47352302
1,1.42E-04,1.8314532,1551.8143,691.9064,0.33068317,231.3402,9,89,16,30,933.05457,2.9719696,7.9876256,-0.030271124,-0.6517091
1,3.03E-04,4.514922,2542.8896,42.999996,0.08019337,161.56505,3,208,64,40,502.40115,1.4687471,7.49071,0.17204882,-0.22089505
1,2.33E-04,0.16792627,42.999996,2635.5103,0.33701122,213.2317,30,215,8,10,669.6924,8.000713,8.378768,-0.015762758,-0.5413514
1,2.95E-05,1.6981387,502.17822,1166.7847,0.4932558,147.43956,17,148,4,10,1024.0062,21.763706,8.121412,-0.3315417,-0.7497351
1,4.42E-04,8.313242,188.9699,0,0.18598081,120.96376,0,33,1,40,1035.23,1.3541625,8.225663,-0.019785458,-0.3529412
1,2.58E-04,3.8501909,473.9722,152.02794,0.32514,357.51044,-20,276,8,10,402.3818,5.3320456,7.6519685,-0.005830468,-0.5290909
1,1.25E-04,6.724104,4396.9634,42.999996,0.37010807,315,9,24,4,40,943.48956,0.6569588,8.511961,-0.102276534,-0.5635759
1,1.59E-04,4.6242123,1324.2041,42.999996,0.21970642,74.74488,23,170,64,40,520.1328,2.6465178,8.533455,-0.29154077,-0.5951493
1,5.18E-04,3.1576478,610.7906,100.445595,0.07869238,9.462321,-4,202,8,40,434.87543,2.8235226,7.6732483,-0.14240919,-0.3460591
1,0,2.5188339,8243.173,243.2447,0.372438,267.7974,5,775,16,30,382.34714,11.912816,7.535617,-0.3158013,-0.67977047
1,4.11E-04,12.626223,1864.6886,198.63875,0.29010868,287.80188,20,50,16,10,1155.5116,24.896671,8.090259,-0.15213555,-0.6102615
1,2.74E-04,2.1988256,539.7058,30.38851,0.14525226,234.46233,5,125,4,40,672.95764,1.9973403,7.414611,-0.23819873,-0.5615103
1,1.47E-04,4.8839426,1291.7891,60.811176,0.13045031,33.690067,3,261,1,40,482.82684,1.6745193,9.07276,0.18816067,-0.3926499
1,2.77E-04,3.0309837,980.7952,242.02574,0.23952194,135,5,185,1,40,488.28406,3.6086526,7.17376,-0.41796586,-0.69551706
1,1.62E-04,2.980219,841.13104,227.79872,0.40707392,327.99463,-10,410,64,10,320.44696,4.374136,6.8908095,-0.09651955,-0.70917225
1,1.12E-04,0.72246724,522.98285,4221.6646,0.04544742,312.1376,27,234,16,80,398.7187,6.5494075,8.3396845,-0.14986376,0.6131989
1,1.73E-04,5.8414087,0,528.242,0.4067657,135,2,677,128,40,235.4252,1.9701859,8.04528,-0.2938302,-0.512317
1,3.28E-04,4.360107,608.21326,60.794098,0.18985116,0,-9,171,32,40,557.9643,3.711284,6.766127,0.11731939,-0.47479954
1,1.29E-04,3.4290361,2192.9663,101.880035,0.14714807,108.43495,6,5,16,30,919.1694,3.6676545,7.351644,0.10696361,-0.39115563
1,2.78E-04,2.2295904,554.8805,42.999996,0.19805975,90,7,122,2,40,677.90173,4.1736455,7.464678,0.09783389,-0.47093907
1,1.97E-04,2.1914158,925.95953,91.20252,0.13377711,210.96376,-2,132,4,40,645.72845,2.7068136,7.491345,0.120518826,-0.43609354
1,1.68E-04,3.8289964,60.811176,1111.3907,0.18914476,108.43495,4,174,1,30,518.8358,5.855801,7.5804753,0.17490713,-0.5411656
1,5.94E-06,0.9282227,5894.2417,202.44328,0.23442836,348.69006,4,393,16,40,828.25714,1.1842326,7.8944783,-0.059138756,-0.46286017
1,3.54E-04,13.301002,100.44561,0,0.19280031,30.963757,-6,9,2,40,1203.6122,2.7068136,6.4948034,-0.079393595,-0.45306122
1,2.04E-04,2.0191863,3100.4868,159.27518,0.079178974,225,4,209,8,40,470.66486,4.262538,8.228996,0.18356666,-0.33963075
1,0,0.5837381,6780.268,193.35074,0.14162354,274.3987,5,294,128,30,581.03546,3.0257473,9.256157,0.1674215,-0.43941605
1,1.56E-04,3.809248,4384.8765,169.97234,0.20024887,168.69006,-3,210,128,40,545.06903,2.367454,7.0850515,0.055778224,-0.3719971
1,2.02E-04,0.83590186,2234.846,1959.7543,0.16271362,318.0128,1,328,64,10,487.55414,6.225406,7.5035567,0.036221445,-0.49116382
1,1.74E-04,6.42644,91.21677,241.00049,0.30936834,284.03625,-10,679,64,40,238.88777,1.9147184,11.859108,-0.12283346,-0.45224172
1,3.06E-04,7.794811,1708.2917,396.16702,0.18786107,135,-5,27,4,40,1050.2607,0.6569588,11.859108,-0.045614034,-0.491755
1,3.53E-04,2.8681238,1798.745,169.31851,0.171352,139.08562,13,390,4,30,335.41302,4.6007166,7.209124,0.393186,-0.18953069
1,2.07E-04,5.4374423,1801.9121,30.405588,0.30611145,245.85446,0,635,8,30,402.6457,7.3415356,7.971357,-0.09881584,-0.64035356
1,5.86E-04,12.867445,881.7621,91.21677,0.31375343,0,0,8,64,40,1104.1685,0.4645502,7.4889402,-0.24722503,-0.48915663
1,2.49E-04,0.20840345,3409.4883,141.503,0.32250854,42.137596,7,410,64,10,868.40375,6.5494075,8.313658,-0.012581476,-0.48181012
1,1.95E-04,1.8816185,314.90613,986.24756,0.29460523,294.44394,-3,183,32,10,634.3749,2.8044105,8.045862,-0.022649394,-0.5613117
1,2.56E-04,8.71503,2782.74,21.499998,-0.08336504,45,7,4,2,80,1112.3744,0.6569588,8.375973,-0.11592994,0.32115677
1,2.07E-04,2.1426902,2529.1016,42.999996,0.16000038,0,-8,186,16,30,532.0711,1.8575904,6.6646533,0.081245914,-0.39715138
1,2.63E-04,1.606563,1587.077,336.15845,0.20750679,151.69925,9,426,2,30,618.02203,6.826663,7.373145,0.09725936,-0.5708055
1,3.55E-04,7.312097,1864.7277,113.47326,0.2979129,56.309933,-2,21,2,10,1058.9662,1.6745193,8.064134,-0.12808503,-0.6118404
1,2.03E-04,1.5550401,1124.2125,42.999996,0.2916479,222.61406,4,246,8,10,468.2933,7.841366,8.601563,-0.13202225,-0.54424965
1,2.62E-04,1.8378841,588.9483,42.999996,0.12237641,160.34618,15,233,16,30,454.99756,6.8730288,8.427923,0.10835688,-0.40696
1,1.93E-04,1.4057889,30.405588,1923.412,-0.041091003,235.561,1,169,64,80,641.52625,18.988005,7.1715236,-0.057377048,0.31564987
1,3.83E-04,9.229754,1021.7447,112.224754,0.11683866,288.43494,-2,11,64,40,1093.0281,0.7344942,8.152865,0.11867948,-0.34345472
1,1.23E-04,0.9022846,2335.8813,1864.9026,-0.038820386,-1,0,47,1,80,1086.958,0,11.859108,-0.22342733,0.61076605
1,2.05E-04,7.67635,341.75546,139.33037,0.29870397,135,-1,9,4,40,939.21875,1.9701859,7.1259456,-0.3450011,-0.45274103
1,3.00E-04,1.5642436,2666.7622,847.30865,0.14907026,117.181114,-23,433,2,30,682.1851,9.571257,6.641105,0.20255445,-0.48024315
1,1.97E-04,4.9105587,586.4185,97.51856,0.24409376,146.30994,5,389,4,30,383.68152,3.346183,7.413682,0.21539284,-0.34555453
1,6.02E-04,12.584076,209.30655,0,0.1154715,135,3,5,1,40,1090.5564,0.6569588,8.182118,-0.13736713,-0.47507954
1,7.61E-05,1.0883057,3923.9404,152.89339,0.15256388,264.2894,4,529,16,10,629.288,13.736917,7.459406,0.018923465,-0.5527454
1,4.13E-04,2.8048992,1620.7241,83.77643,0.11731142,34.99202,6,186,16,40,443.74725,5.6522746,7.904532,0.09805437,-0.38339922
1,1.94E-04,5.5017014,1953.3857,81.66979,0.007171127,-1,-2,3,64,80,931.64185,0,7.12578,0.1706998,0.026362939
1,2.97E-04,5.254927,1248.0469,30.38851,0.14532605,204.44395,2,183,8,40,493.6387,2.8044105,7.472146,0.05794228,-0.3463476
1,4.18E-04,1.5520298,171.99998,29.369543,0.18329346,33.690067,15,356,4,30,623.29004,1.6745193,8.588474,0.07920228,-0.5385592
1,1.48E-04,5.5892506,3152.267,198.75902,0.10267669,40.23636,12,354,128,40,469.4674,3.9493225,8.752771,0.08744504,-0.29782307
1,4.41E-04,2.0745084,225.23746,431.52643,0.07283122,299.0546,5,185,2,40,390.8722,2.3900836,7.645696,0.10700564,-0.3782488
1,2.07E-04,1.6364162,3644.6794,1771.3326,0.18277934,41.009087,17,217,128,10,709.73047,26.301447,7.584924,0.05553323,-0.5536753
1,2.38E-04,0,112.223595,6589.0913,0.40120262,85.10091,4,415,1,10,949.0376,15.898244,7.7351303,-0.34535366,-0.7184732
1,1.40E-04,8.009543,1426.6371,60.811176,0.1926701,81.869896,8,23,64,40,974.02,1.6420193,8.604993,0.10170599,-0.4518362
1,3.58E-04,12.630895,1258.7382,42.999996,0.14087021,270,1,6,2,40,1206.0919,0.9290393,7.460264,-0.25177222,-0.54480034
1,5.87E-04,3.1506195,42.999996,100.14675,0.07387766,251.56505,3,194,64,40,428.20618,2.9355664,7.7506566,0.20631945,-0.36968577
1,1.76E-04,10.674447,874.54584,0,0.4671191,305.5377,4,22,128,40,1005.81067,1.9973403,8.046063,-0.27409917,-0.64166665
1,2.46E-04,0.4558989,2328.7668,1747.5918,0.3708725,237.26477,15,703,16,10,743.2294,7.6853986,7.758939,-0.24217118,-0.7085427
1,3.83E-04,8.704648,1236.4299,71.47445,0.03403961,26.56505,3,23,64,30,1069.0096,1.0386748,8.226032,-0.1885413,-0.4358529
1,4.35E-04,2.2723398,713.57166,900.3135,0.21233428,216.25385,0,120,32,10,855.4955,4.312499,7.5983953,-0.026569573,-0.6239103
1,1.79E-04,0.15051499,30.38851,4784.6377,0.33446315,315,1,363,16,10,802.9965,1.3137449,8.850535,-0.09475655,-0.65796936
1,2.78E-04,1.5707872,1329.8524,724.151,0.24962793,241.18921,21,258,16,10,852.19714,20.31163,7.4485316,-0.07095151,-0.61001164
1,4.51E-04,2.1842122,42.999996,830.8192,0.19899975,309.2894,-9,110,16,30,853.5668,3.2976756,6.89457,0.08218812,-0.42437106
1,1.24E-04,7.39067,1177.3623,30.405588,0.18732396,315,4,17,128,40,948.6243,1.6420193,8.224539,0.12231574,-0.44815055
1,1.63E-04,3.3588042,71.47445,486.4894,0.20271716,229.08562,4,465,2,40,613.53876,4.6007166,8.181705,-0.03483366,-0.5336427
1,2.51E-04,0.23637953,836.53735,4376.1978,0.1830091,13.52316,9,658,64,10,741.10425,33.377117,7.854301,-0.32436746,-0.71741056
1,5.04E-04,12.653384,152.02794,60.811176,0.12716171,347.00537,8,7,64,40,1101.5143,3.0959876,7.943969,0.20384908,-0.3221194
1,2.14E-04,5.2596326,1790.1158,85.99999,0.20992476,58.570435,1,19,128,10,925.5915,9.70599,7.617659,-0.044666003,-0.5924012
1,7.99E-06,16.026455,6301.577,168.62822,0.30581748,23.962488,-15,747,1,40,297.1607,4.5657005,7.0686483,0.030927835,-0.56353956
1,2.34E-04,0.49724513,1139.2598,1857.2817,0.13933083,225,-6,211,2,40,567.73175,1.6420193,8.183112,-0.29719797,-0.5745748
1,4.14E-04,3.0236905,2141.9155,100.44561,0.043102875,166.6075,0,167,4,30,832.8698,5.0014973,7.172405,0.3570791,-0.23048009
1,2.63E-04,10.667121,1282.152,30.405588,0.115757905,90,-8,4,2,40,1177.7432,0.9290393,6.766775,-0.2830611,-0.5109354
1,3.49E-04,6.366308,1439.9993,29.369543,0.17659949,129.80557,2,170,1,40,545.1933,3.6234941,7.641397,-0.2793846,-0.5898547
1,9.34E-05,2.4489033,3253.398,150.96252,0.18706149,108.43495,1,538,4,40,642.2655,2.2025177,7.4579287,0.12920837,-0.39504373
1,4.31E-04,9.548153,1817.6243,0,0.13057864,333.43494,-3,16,128,40,1065.7384,1.0386748,8.226191,0.14978369,-0.35738954
1,3.84E-04,10.906881,211.02396,97.13187,0.12043697,180,5,16,1,40,1065.8611,0.4645502,7.820284,-0.1573741,-0.33957845
1,2.39E-05,5.0089946,5340.562,212.83913,0.36783925,124.69515,-3,44,2,10,990.0876,3.6676545,7.5701528,-0.15480727,-0.55978453
1,4.16E-04,9.610828,543.83026,100.44561,0.06443855,-1,-3,3,4,40,1086.8057,0,7.4593697,-0.35154095,-0.5153814
1,2.44E-04,0.014262545,974.7614,5529.7144,0.40863112,108.43495,4,349,1,10,819.5569,0.7344942,9.099816,-0.28283817,-0.7294601
1,2.03E-04,1.2560406,1273.2823,786.88245,-0.09050487,-1,0,202,1,80,584.5979,0,11.859108,-0.19180633,0.48470208
1,3.07E-04,1.3030286,957.38043,112.21826,0.08069381,258.69006,3,202,64,40,541.8035,4.726852,8.847546,0.17939973,-0.27503973
1,1.39E-04,4.7499437,220.04875,350.36703,0.3742885,90,4,432,16,30,683.8449,0.4645502,8.918168,-0.01464919,-0.56109136
1,4.94E-04,8.844123,507.8941,30.405588,0.4449957,56.309933,0,27,4,10,1029.8583,1.6745193,7.37122,-0.113099955,-0.64605296
1,3.36E-04,13.674869,30.405588,21.499998,0.20511912,18.434948,6,6,128,80,1209.7645,2.9355664,7.978339,-0.011258956,-0.08690869
1,1.35E-04,4.16082,2620.254,129.74591,0.1550004,201.8014,0,455,4,40,669.55444,2.5001462,8.874588,0.21954778,-0.35844266
1,2.47E-04,8.493139,1816.8301,30.405588,0.15363862,330.9454,4,20,64,40,1080.9592,2.3900836,7.9442053,0.08730857,-0.4297532
1,1.45E-04,0.9054932,2773.018,456.08383,0.23454803,129.95755,-26,250,4,10,320.38922,11.072262,7.3000016,-0.107248835,-0.6123457
1,1.09E-05,0.6544353,6137.115,837.52936,0.13936946,36.027374,-11,333,128,40,581.33246,6.2932734,6.9081097,0.21260834,-0.38556144
1,3.73E-04,7.0548964,459.51376,21.499998,0.2263773,45,2,2,32,10,1070.6569,0.3284902,7.488899,-0.038069706,-0.38022813
1,1.79E-04,1.0867326,2110.8286,214.99998,0.23493925,66.80141,-7,197,1,30,852.9357,1.7684314,7.358498,0.117395595,-0.5872265
0,1.89E-04,3.3746903,2179.902,171.85269,0.28313515,135,-1,709,128,10,446.15778,1.6420193,7.367063,-0.008867495,-0.6200163
0,1.89E-04,1.7417524,4338.0938,332.521,0.4708225,328.49573,-11,251,64,10,330.1466,8.385167,7.1776247,-0.24966717,-0.7147729
0,3.62E-04,0.010733434,1084.3124,5633.418,0.39917386,123.90628,-26,546,4,10,842.7358,16.592272,6.707115,-0.34768778,-0.7234042
0,1.28E-04,1.894136,2700.2715,1238.4246,0.024506822,108.43495,3,374,4,40,554.0259,1.4687471,7.761234,0.002355713,-0.43356842
0,2.96E-04,0.9343741,2794.5037,3413.4648,0.3869514,303.84534,-11,868,16,10,540.84875,22.533674,7.674097,-0.28887933,-0.6793722
0,2.83E-04,1.5610731,1028.2513,639.42346,0.18939838,45,-4,72,1,40,1082.3588,0.3284902,8.183327,0.16296457,-0.37603402
0,1.77E-04,0.8385935,863.5917,273.6503,0.34628117,247.1355,6,814,16,10,429.2299,20.061184,7.7769375,-0.048305225,-0.5174212
0,3.54E-04,6.4086833,2315.2986,120.27224,0.15531066,112.380135,7,166,2,40,543.53955,8.478408,6.9350767,-0.049568687,-0.38899302
0,7.47E-05,2.8933573,5445.1836,218.78787,0.10295518,0,12,352,16,10,432.01837,4.1736455,8.278857,0.04493872,-0.34183672
0,1.67E-04,6.559337,3806.804,150.49998,0.18950993,159.44395,20,598,2,30,279.53754,7.8881917,7.563126,0.07007455,-0.58763635
0,2.67E-04,4.1969075,505.90875,679.7316,0.25051105,103.392494,-12,353,2,30,405.50647,9.927914,8.309257,0.090699166,-0.5341991
0,2.09E-04,3.57646,2846.2766,1348.9703,0.45788965,108.43495,27,350,1,10,865.04486,21.673931,8.157881,-0.36020672,-0.7270341
0,6.16E-05,0.008009694,2200.48,5944.2207,0.4452267,288.43494,-1,535,8,10,916.1679,4.3985453,9.591671,-0.339823,-0.7591866
0,1.51E-04,1.8707936,2388.695,56.576008,0.39854413,244.65382,33,326,16,10,320.3686,4.8716373,8.127543,-0.2063136,-0.7136353
0,1.45E-04,1.2193334,2199.6536,557.6707,0.19047783,327.5288,-19,162,4,10,358.83728,3.0257473,6.796105,-0.048711203,-0.5769657
0,1.39E-04,1.1792338,3914.2012,1192.147,0.091851555,323.1301,0,199,32,40,693.0169,2.3215306,8.472614,0.21422587,-0.35247084
0,1.87E-04,0.37987128,3063.8054,3985.35,0.4973475,36.027374,-14,833,128,10,319.77258,12.438259,7.288821,-0.4284058,-0.77159977
0,6.15E-05,1.7695693,4398.4053,256.74396,0.19137996,45,-1,248,4,30,330.68802,3.6086526,7.794792,-0.029311521,-0.50498337
0,3.14E-04,3.1022217,141.51059,141.51059,0.2823423,275.19443,15,218,16,30,332.04227,7.6510515,8.154842,-0.06410147,-0.6193808
0,9.20E-05,3.3742437,4472.4067,0,0.1269619,218.6598,-4,515,4,40,617.3094,2.9719696,8.063871,-0.09544215,-0.5510204
0,2.60E-04,2.1605625,100.44561,369.2776,0.26138684,114.443954,4,265,16,10,296.2373,2.8044105,7.7982335,0.001192369,-0.59936357
0,2.83E-04,2.4346821,1894.4851,555.6986,0.22488278,182.48955,-16,877,4,10,260.69928,20.471878,7.40739,-0.29611537,-0.68848485
0,3.77E-04,11.519483,1613.3707,346.4456,0.3539288,192.8477,12,82,8,10,1115.2762,13.333903,7.623372,-0.22528227,-0.6877907
0,6.63E-05,1.1637228,2150.5354,628.9745,0.22818989,191.30994,-1,631,4,30,396.15195,5.901052,7.83713,-0.03649097,-0.53409714
0,1.58E-04,1.567077,2470.044,408.49997,0.11631918,145.30484,6,235,4,30,540.7121,3.6676545,8.045217,0.15148924,-0.4553899
0,2.01E-04,0.73991925,634.09406,2091.5232,0.34361503,53.1301,-24,466,2,10,793.69025,13.671308,6.7937527,-0.13484313,-0.68424296
0,1.30E-04,1.2633536,3161.4985,1999.234,0.44504935,202.72974,66,358,4,10,923.2054,33.044846,7.990595,-0.3123555,-0.7340595
0,1.61E-04,0.6570253,1246.6292,651.9469,0.13356902,260.5377,1,238,64,40,546.7454,2.8235226,8.125499,0.1541502,-0.36425588
0,1.26E-04,1.2276403,2296.5474,1718.5851,0.15010872,183.57634,0,510,4,30,322.10458,14.572376,7.988014,0.084231146,-0.49480414
0,1.67E-04,2.5713432,3574.7856,653.8141,0.21172118,315,0,210,128,40,554.5551,2.2982233,7.4167433,-0.030173944,-0.35670874
0,2.57E-04,2.2069361,3598.1082,266.3064,0.2305001,132.7094,9,343,2,30,300.0746,8.163224,6.9341817,-0.033160716,-0.555039
0,1.81E-04,1.8296833,486.4894,29.369543,0.13472402,26.56505,-3,155,16,30,365.25708,5.1797853,6.495878,0.19272727,-0.38410154
0,2.32E-04,0.19848816,829.1444,3259.1008,0.43925765,230.7106,8,439,16,10,846.9634,6.573647,8.10645,-0.300162,-0.7296798
0,6.62E-05,1.2015086,4107.9375,363.38934,0.25961435,309.64417,-21,535,64,30,637.5954,10.440772,7.3310933,0.08742989,-0.54352677
0,4.57E-05,1.0193911,5642.784,3052.1216,0.24258779,209.05461,-4,948,8,30,242.52892,24.66125,7.453684,-0.099040546,-0.49107707
0,1.11E-04,0,1223.1567,12220.754,0.43489107,17.020525,-11,549,1,10,766.3041,11.736144,6.7992396,-0.38212526,-0.74940616
0,3.78E-04,1.6339718,1387.0339,304.04633,0.09312237,29.74488,-13,264,128,40,587.8097,7.448564,7.7389507,0.28418714,-0.30663964
0,2.43E-04,2.8166037,760.1397,267.68762,0.33512726,299.0546,4,795,8,10,257.48828,20.588758,7.303359,-0.23564065,-0.66633564
0,1.75E-04,1.8907505,4563.8193,1100.9818,0.39222378,267.337,-3,916,16,30,460.14264,19.240294,7.6613035,-0.179567,-0.6652018
0,1.10E-04,1.8103068,2264.7341,2011.2328,0.45995817,343.76764,-25,491,32,10,939.98773,18.44703,7.005905,-0.36176288,-0.7189189
0,2.82E-04,2.5253263,2122.2683,847.4771,0.19060445,264.80557,11,185,16,10,687.7068,5.117584,8.157387,0.114964955,-0.45774814
0,2.53E-04,5.672433,488.4828,112.224754,0.27635235,192.52881,20,509,1,30,348.24927,4.275084,7.6297293,-0.015704826,-0.5631916
0,3.93E-04,2.3422787,752.49994,475.95752,0.165898,341.56506,-8,218,4,40,333.5104,2.2025177,6.679851,0.18488982,-0.26103896
0,1.80E-04,5.779891,322.49997,60.811176,0.33877242,347.00537,-9,593,8,10,368.91153,3.0959876,7.0840034,-0.10871441,-0.65486157
0,1.39E-04,4.130966,3059.0508,364.1293,0.31386352,47.48955,-26,454,128,30,735.3025,7.519032,5.728603,-0.09926929,-0.62401265
0,3.07E-04,3.8212066,326.47733,247.6463,0.22579558,244.98311,6,194,8,30,481.0889,3.8391652,7.6403146,0.01654997,-0.50145775
0,2.28E-04,5.27502,2401.6204,182.43353,0.4168873,120.96376,-7,60,16,30,1010.9038,2.7068136,6.8774815,-0.31837463,-0.6936756
0,1.71E-04,5.0411444,1021.97894,211.22862,0.3494385,126.869896,-8,567,2,10,391.9714,4.635463,7.351576,-0.18307906,-0.6747382
0,2.07E-04,2.811272,1619.9087,286.19244,0.4382573,145.43747,17,754,4,30,475.74698,12.49106,7.712589,-0.4634352,-0.7069813
0,5.81E-05,0.21511701,1892.3511,516.895,0.40330642,225,16,237,2,10,1071.8375,7.1889,8.556868,-0.16788916,-0.7218384
0,2.45E-04,1.7169695,100.44142,391.0286,-0.0902537,188.1301,-21,201,4,80,348.00784,1.6420193,11.859108,-0.101639345,0.6264591
0,2.68E-04,9.93514,459.0167,30.405588,0.25921062,326.30994,-5,10,128,30,1181.6831,1.6745193,7.3719172,-0.019859381,-0.1602582
0,1.46E-04,2.5369213,3005.0586,159.27518,0.1851207,236.88866,-18,410,8,10,304.5575,12.551673,6.6540837,0.11010444,-0.33057386
0,2.30E-04,2.348974,3348.7446,273.6503,0.3464675,119.0546,7,428,4,10,287.60617,2.3900836,9.657357,-0.19574735,-0.73976344
0,1.02E-04,1.368764,5486.658,3287.0188,0.43061665,310.34665,-12,449,32,10,914.66266,26.321339,7.729674,-0.29876933,-0.7214253
0,1.51E-04,1.8713444,2617.055,198.75902,0.19001563,315,1,208,4,30,363.83884,0.9853842,9.07224,0.13782766,-0.4661438
0,0,5.429252,6516.7974,0,0.14704481,225,6,33,4,10,978.6729,0.9853842,9.279504,0.03947576,-0.3394253
0,3.62E-05,8.159537,3047.0735,29.369543,0.24159864,116.56505,-3,733,4,10,329.25137,1.0386748,7.004469,0.1049405,-0.51618814
0,2.15E-04,1.559608,1356.5919,420.74783,0.10959568,188.1301,-10,198,8,40,824.5041,1.6420193,11.859108,0.29336214,-0.33597946
0,1.66E-04,4.8560314,1185.9385,187.31105,0.28757286,105.25512,19,697,4,10,235.46828,2.6465178,9.403481,0.080714725,-0.5402615
0,1.24E-04,0.6225158,551.79425,0,0.09472117,90,4,172,16,50,714.049,2.3215306,8.312558,0.10588922,-0.29213247
0,2.36E-04,2.0503278,365.49997,198.30946,0.3005445,75.96375,-2,163,16,10,347.24417,3.8251698,7.354403,-0.15071203,-0.6384117
0,1.29E-04,2.6010985,4148.9434,140.61954,0.08780131,151.69925,-7,340,128,40,507.738,3.4254887,8.742206,0.17587048,-0.46011788
0,1.78E-04,0.81904876,1462.661,1553.3866,0.14675632,95.710594,3,245,8,10,712.41235,13.736917,7.134209,0.072839506,-0.46251217
0,2.01E-04,4.936002,1400.1727,0,0.19673733,320.19443,-11,585,16,50,276.12122,3.6234941,7.456408,-0.029481532,-0.3243243
0,2.59E-04,1.9210615,4150.379,888.04114,0.2211439,324.7824,14,278,32,10,355.38266,18.64633,7.8035073,0.024240486,-0.51800996
0,1.40E-04,5.053114,456.06696,0,0.21527751,243.43495,-16,692,16,10,371.3795,3.1132982,6.197554,-0.009030999,-0.5712657
0,0,12.611138,8178.5923,30.405588,0.2854603,174.80557,-1,767,8,10,301.06723,2.5639057,7.8202972,-0.089301504,-0.61045754
0,2.96E-04,1.8077412,3051.799,896.40045,0.14809923,197.52557,-17,418,2,10,700.13434,9.177011,7.2924604,0.17986494,-0.37279078
0,9.93E-05,4.173322,5324.7783,624.3389,0.13437708,251.56505,2,377,16,40,490.03903,2.2025177,7.699549,0.006218717,-0.4476359
0,1.28E-05,2.3221705,5880.112,370.7919,0.44248584,61.260204,22,322,8,10,311.60974,8.15679,7.283533,-0.24742,-0.7020471
0,7.11E-05,3.0615492,1825.3235,157.83482,0.23385307,19.536654,-9,328,128,10,458.11035,14.933534,7.190964,-0.048158642,-0.55742633
0,2.15E-04,9.0866585,1318.2787,462.3108,0.4331307,317.91083,21,78,32,10,1254.6387,18.711323,7.840242,-0.34201,-0.7112553
0,2.74E-04,1.7861477,2779.862,1194.9376,0.117346615,186.3402,-34,681,1,30,330.44925,21.989902,7.296513,-0.015446339,-0.5513331
0,4.04E-04,6.457572,326.47733,60.811176,0.31228337,45,-15,160,16,40,569.5954,1.3137449,11.859108,-0.32519105,-0.6205782
0,7.37E-05,0.528702,3160.008,2938.7559,0.42569292,43.83086,12,316,128,10,1159.5631,15.694838,7.9010224,-0.34562212,-0.7265009
0,1.92E-04,1.0584927,2553.446,21.499998,0.3367659,90,-1,148,1,30,1014.72614,2.7851665,8.155341,-0.013459716,-0.6643836
0,6.97E-06,1.7960935,6231.054,916.0679,0.15127105,220.6013,23,373,4,10,511.73398,12.639977,8.1461935,0.16530156,-0.4171934
0,1.49E-04,2.3475738,236.26796,91.21677,0.21287668,135,4,42,4,40,914.8333,0.6569588,7.820345,0.14187364,-0.45786035
0,4.63E-05,3.5128474,5876.5327,30.405588,0.29790032,219.80557,15,687,64,40,354.34082,3.6234941,8.680672,-0.080278836,-0.5309114
0,1.04E-04,1.3455036,4936.0244,278.6858,0.46470118,38.516926,-14,234,128,10,1020.8837,26.92043,7.2209826,-0.36363637,-0.776607
0,0,0.95408475,8196.542,456.08383,0.2687099,266.1859,5,240,64,10,301.9882,3.487623,8.135648,0.018378379,-0.5436343
0,1.53E-04,2.6744568,2424.018,1270.8113,0.27382088,147.875,10,397,1,10,866.42487,11.631338,7.9210253,0.19129135,-0.5345317
0,1.90E-04,2.9981828,84.19339,21.499998,0.3638302,45,-5,73,4,40,871.7265,0.9853842,7.126659,-0.22947045,-0.70971185
0,2.39E-04,2.1003377,85.99999,171.99998,0.1769222,189.46233,-7,204,16,40,318.73587,2.8235226,7.7134323,0.017007109,-0.49153468
0,2.40E-04,7.098785,1341.4716,29.369543,0.244982,168.69006,23,437,4,10,450.49774,2.367454,8.876321,-0.026412027,-0.526284
0,3.27E-04,0.6159023,1904.0663,982.57153,0.29134172,242.96915,12,356,4,30,297.34286,12.571803,7.501315,-0.041042708,-0.57598656
0,3.20E-04,0.5535742,755.2627,1429.0626,0.28143653,249.55046,18,828,16,10,473.69382,27.046736,7.5126724,-0.18041149,-0.66834897
0,3.02E-04,0.26194677,236.26822,1279.1555,0.15052545,308.29016,-13,246,16,40,809.1044,5.60496,7.210991,0.21541104,-0.43551913
0,1.45E-04,3.243098,4154.398,2304.8572,0.40401965,243.43495,0,442,4,10,992.2817,7.232853,7.6403966,-0.44066098,-0.7542683
0,9.12E-05,2.3714159,3928.8293,322.49997,0.43454528,155.55605,-6,312,2,40,319.90326,2.8044105,7.777534,-0.21305957,-0.74633557
0,1.71E-04,4.2144876,3953.9434,1572.8771,0.40930647,309.50766,-9,464,64,10,1013.4193,16.673302,7.1267476,-0.41272706,-0.74450386
0,2.05E-04,1.5278833,1017.8473,1278.3124,0.10395258,341.56506,8,165,4,30,370.98517,2.9355664,7.459142,0.21843825,-0.37488654
0,1.53E-05,2.555944,5449.0464,1021.4794,0.45789608,93.01279,-7,311,128,10,311.1964,4.4106984,6.765933,-0.29864132,-0.77518815
0,4.25E-04,1.9584142,70.18832,412.10587,-0.036685277,63.434948,-4,96,1,80,838.40674,1.0386748,9.329433,-0.42391303,0.40895906
0,1.88E-04,5.818531,2013.556,242.42546,0.2331877,203.7495,3,652,4,10,298.8907,6.3185296,7.701328,-0.025652668,-0.5472603
0,1.49E-04,6.0238056,2312.8818,81.66979,0.3330565,276.1155,7,589,16,10,287.10342,12.861659,7.185895,-0.1585342,-0.6372196
0,2.72E-04,2.2294102,3117.1562,561.16016,0.103780374,344.0546,7,151,64,30,699.7642,3.3781307,7.807663,-0.028594282,-0.5621014
0,8.12E-05,3.4331064,4317.9614,169.31851,0.32626212,240.9454,6,390,32,10,418.207,2.3900836,8.515678,-0.13680154,-0.6257922
0,3.06E-04,1.9106607,2166.7576,276.7923,0.2212425,203.1986,5,194,4,30,366.25162,1.7684314,8.228936,0.078434356,-0.47711462
0,2.96E-04,0.37411836,1096.201,2429.551,0.5194189,165.1013,-22,999,4,10,532.14984,24.572924,7.888522,-0.41321266,-0.7785877
0,2.35E-04,1.8854408,2476.792,91.21677,0.19627476,333.43494,8,241,16,30,337.9596,8.252758,7.7619724,0.10975506,-0.48466432
0,1.92E-04,2.1753452,2971.7026,0,0.108194396,218.6598,2,220,4,30,341.3918,5.928032,7.1296625,0.20259242,-0.315991
0,2.02E-04,0.47310892,193.5335,277.02795,0.24918383,180,-1,370,8,30,808.2696,4.635463,7.188671,0.14426315,-0.3870697
0,8.69E-05,2.9843175,782.0778,0,0.24538921,194.03624,0,443,4,10,806.15704,1.9147184,8.736018,0.041570026,-0.56892526
0,3.15E-04,8.51563,519.99207,30.405588,0.22269407,169.69516,-14,509,4,10,428.0788,5.1797853,6.631805,-0.097177334,-0.63414633
0,2.20E-04,0.23556566,112.08627,1694.3392,0.09513515,334.6538,7,230,32,60,656.75104,4.8716373,8.675223,0.10770031,-0.28128502
0,1.51E-04,4.0625577,1607.2122,499.396,0.38371518,329.03625,4,64,16,10,1008.4077,2.7068136,7.7199583,-0.35307094,-0.7524812
0,2.13E-04,0.31513733,432.14127,2903.5916,0.24489605,225,-13,242,8,10,781.39996,8.15679,6.251801,-0.1417926,-0.63195264
0,5.36E-04,12.794047,1677.447,30.405588,0.07973817,239.93141,-11,14,16,50,1100.9401,5.0861926,6.472886,0.10973176,-0.2459152
0,1.99E-04,1.9661266,3150.2783,121.62235,0.25068069,255.96376,4,647,16,10,476.71436,5.727144,7.380081,0.005059022,-0.5902965
0,8.90E-05,3.716803,4583.117,91.21677,0.17598206,135,-18,710,4,10,340.93933,6.8653235,6.5182676,-0.05045164,-0.5877456
0,1.61E-04,1.5081221,308.25214,117.59998,0.17439257,53.1301,-14,235,32,10,1057.6234,6.934349,8.515887,-0.1354209,-0.61948955
0,2.88E-04,1.9162704,3575.197,150.49998,0.25740984,30.650667,15,787,64,10,259.53564,14.277069,7.72171,0.02832046,-0.5225439
0,4.68E-05,2.0473356,5561.3467,501.6944,0.36429003,122.637505,11,575,1,10,654.3693,23.193476,7.8220415,-0.12616396,-0.69125307
0,2.47E-04,2.054361,581.21014,107.49999,0.05268462,255.25644,38,590,16,30,460.47284,9.051114,7.5116262,0.067637876,-0.34787515
0,1.89E-04,2.928013,1291.8774,540.485,0.18690985,0,-40,448,128,30,303.89404,6.934349,5.410043,0.08847185,-0.5232
0,2.68E-04,8.309699,2930.8772,21.499998,0.29757684,251.56505,17,470,2,10,435.31702,2.2025177,8.266969,-0.062526226,-0.5668317
0,2.65E-04,4.5681963,3276.7417,315.97006,0.081060424,161.56505,2,197,1,40,504.6428,1.4687471,7.896189,0.12537764,-0.23217706
0,0,6.8861046,6773.659,0,0.22181031,100.49148,-32,707,4,10,373.4942,6.352043,6.3316555,0.0465066,-0.5821967
0,3.19E-04,2.170816,657.51306,912.16766,0.14523911,326.30994,-4,409,64,30,621.9282,6.669694,7.031121,0.19152571,-0.46229914
0,4.60E-04,3.8828604,1177.2426,85.99999,0.26300284,8.972626,15,449,32,10,268.8624,4.458975,7.8253455,-0.16985184,-0.68564355
0,0,1.5195537,7486.256,1186.0734,0.31777424,263.65982,-1,257,32,10,298.88638,2.1024425,8.266579,-0.26219574,-0.64431787
0,1.57E-04,5.821944,1948.9939,60.811176,0.41209424,249.67686,16,605,16,10,354.04822,13.140447,7.9423127,-0.2,-0.7030758
0,8.03E-05,1.6990517,3624.5117,128.99998,0.4681505,281.30994,15,252,16,10,335.2833,2.367454,8.51332,-0.24986586,-0.70981157
0,2.68E-04,2.565954,2525.764,150.49998,0.23681763,36.869896,-5,233,128,40,565.6896,4.635463,7.510989,-0.05314386,-0.6192757
0,3.73E-04,11.643123,1189.9143,30.405588,0.1489687,53.1301,-1,8,128,50,1210.5049,2.3215306,7.1281595,0.03822715,-0.3719705
0,2.14E-04,6.0111957,1547.0927,150.49998,0.25787607,236.7683,-3,698,2,10,387.22726,8.000713,7.620233,-0.04473565,-0.5803144
0,1.12E-04,1.0759562,2910.7576,923.24207,0.11429452,211.6075,16,592,2,30,305.03787,13.90296,7.5321484,-0.004285158,-0.5854859
0,2.27E-04,1.8915944,331.69983,474.0613,0.27962047,90,-1,191,64,10,321.90573,2.7851665,8.560122,0.02746365,-0.5761225
0,1.49E-04,2.8203504,1933.0997,1466.1232,0.28127605,329.62088,-3,407,64,30,298.6653,7.760402,7.777208,-0.12865895,-0.630686
0,1.38E-04,7.260166,3835.8308,85.99999,0.060564015,153.43495,11,747,8,10,418.2489,3.1132982,9.206268,0.17400058,-0.439599
0,1.21E-04,0.30885607,1490.5978,218.78787,0.3701105,325.30484,-9,383,32,10,969.7265,7.3054957,7.1226,-0.04848425,-0.632032
0,2.65E-04,2.0442746,1441.076,60.811176,0.1730224,90,7,588,1,40,333.2517,6.017067,7.5741515,0.2178566,-0.36864632
0,1.64E-04,1.128573,1591.1617,1703.7686,0.06873553,140.31454,-18,449,4,30,461.90967,13.906544,7.0367265,0.07569808,-0.46659744
0,2.23E-04,0.19027956,613.13983,873.8012,0.45267078,167.90524,-15,557,8,10,780.65076,13.071385,7.5942574,-0.4775798,-0.7655592
0,2.13E-04,0.1358221,2807.327,4592.187,0.4069339,92.489555,-66,541,1,10,875.1536,15.641928,6.906969,-0.30938795,-0.70574325
0,0,2.2790184,7605.606,116.40558,0.25307,220.23636,6,783,8,10,390.36185,11.701324,7.431738,-0.051778477,-0.60329443
0,1.61E-04,2.0865695,2253.3557,1081.1156,0.45776385,70.29202,58,293,128,10,885.97406,29.986856,8.164115,-0.2893773,-0.716236
0,2.20E-04,1.7145892,429.30225,64.49999,0.16636881,168.69006,-9,384,8,40,649.35254,1.1842326,11.859108,0.11919113,-0.5626078
0,1.45E-04,0.21100318,152.02794,248.70006,0.12856676,158.1986,-15,397,16,30,796.1723,4.9908075,6.6040535,0.24886253,-0.2535665
0,2.24E-04,2.1551657,740.65814,645.44666,0.20492321,292.16635,21,592,16,30,352.47607,6.7407994,8.107624,-0.1229077,-0.5246753
0,1.05E-04,6.0522165,4489.7305,489.56992,0.12850824,219.80557,4,336,4,40,418.77957,3.6234941,7.12944,0.11085044,-0.3205575
0,1.84E-04,6.6820893,522.3412,412.10587,0.20124538,147.99461,-6,685,2,40,377.45258,4.374136,7.805472,-0.018393481,-0.57281554
0,1.56E-04,1.974017,308.72998,547.30005,0.387914,184.76364,-28,358,4,10,469.58966,21.332544,7.010923,-0.11159885,-0.5815518
0,2.44E-04,2.081327,454.95605,300.99997,0.37780616,298.61047,-2,615,32,10,364.62247,5.801021,7.437919,-0.17904092,-0.6648366
0,1.93E-04,1.7235975,1487.4497,21.499998,0.12860866,244.98311,24,183,32,30,349.16913,3.8391652,9.527874,0.1372162,-0.42810458
0,4.12E-04,8.799221,163.21848,21.499998,0.26485372,251.56505,-4,35,1,10,1040.072,1.4687471,6.433892,-0.12199037,-0.65228695
0,1.43E-04,0.68394345,2523.6638,1096.201,0.30477136,230.04245,25,749,16,30,400.8644,21.37433,8.063101,-0.05973296,-0.5765813
0,4.88E-05,0.41738337,4537.713,344.62814,0.43027127,283.3925,-8,584,16,10,904.2327,14.710716,7.444849,-0.2544945,-0.6801414
0,1.64E-04,1.4896898,3194.4182,71.47445,0.45245606,348.69006,0,237,128,10,345.71362,3.548659,8.094986,-0.29971063,-0.74589074
0,5.19E-06,7.1553874,6336.529,30.38851,0.29882744,310.91437,6,658,64,10,279.7472,4.6007166,7.41444,-0.08498064,-0.6246567
0,2.00E-04,1.6688452,1762.9999,425.67825,0.22376262,8.130101,9,206,4,10,344.45874,1.6420193,8.406988,-0.022734102,-0.59214216
0,2.08E-04,0.005258152,1924.5256,6044.185,0.36948597,311.42368,52,730,32,10,816.09894,20.185802,7.8391337,-0.28969395,-0.6689298
0,3.42E-05,1.1349082,3044.635,60.811176,0.35130018,4.3987045,2,373,64,30,819.7445,6.0347114,7.4475446,-0.14305459,-0.7175493
0,2.50E-04,2.97093,2524.3857,451.6014,0.15963838,186.11551,21,303,2,30,487.9637,12.861659,8.005725,0.14239219,-0.4659249
0,2.79E-04,0.91979206,1697.5981,2110.6418,0.07557819,231.91122,3,308,4,10,571.08685,10.79024,7.5824876,-0.01029601,-0.481598
0,2.46E-04,1.6569731,911.81616,1575.267,0.197453,246.99113,-13,548,8,10,677.5969,17.8239,7.3085947,0.022542499,-0.47312728
0,3.75E-04,2.403249,273.6503,21.499998,0.2790562,277.125,-6,252,4,10,318.61572,3.7400842,7.573954,-0.074484944,-0.6066351
0,2.88E-04,4.389863,2631.901,317.11423,0.22803056,135,2,705,128,10,408.2837,5.241232,7.700453,0.16750629,-0.48040313
0,2.39E-04,1.3926417,1103.0138,1251.5957,0.12296724,100.30485,-7,264,1,10,865.8511,10.27626,7.280725,0.0645225,-0.5493464
0,2.26E-04,6.0891886,2982.2808,601.99994,0.35800505,257.34744,-3,67,16,30,1078.2073,11.507721,8.060676,-0.2603652,-0.7266446
0,1.71E-04,1.7621764,2215.4631,591.07904,0.101875685,333.43494,23,631,4,40,381.2035,1.0386748,8.244768,0.22550178,-0.47085202
0,1.75E-04,1.182892,277.7531,0,0.23703942,358.6678,-23,739,8,30,504.27817,9.891299,6.699781,0.097754076,-0.56152123
0,2.87E-04,0.5126667,1514.1119,217.72624,0.21263355,220.7321,-53,479,8,10,823.04877,21.066643,8.011221,-0.27433628,-0.67940444
0,9.92E-05,0.10224063,2897.5173,3199.8906,0.4101169,239.74356,5,974,2,10,732.3933,18.671362,7.876857,-0.33604702,-0.75103736
0,2.63E-04,1.6400031,1399.2969,797.1359,0.1314,296.56506,-7,183,16,40,849.5281,2.0766673,8.473411,0.19652848,-0.3931103
0,1.56E-04,10.841479,395.27264,30.405588,0.47233176,18.434948,2,16,1,40,1002.0029,1.4687471,7.8941355,-0.17959848,-0.64022416
0,1.72E-04,0.8164218,1635.295,1063.446,0.41730922,221.94711,-50,509,16,10,975.8397,23.297121,6.691857,-0.42550173,-0.76861167
0,1.08E-04,0.787225,1951.9944,1869.0897,0.4654154,126.17962,-14,217,1,10,1109.8718,18.598648,8.086214,-0.30299917,-0.7092428
0,1.38E-04,1.6883907,701.7232,188.9699,0.3773786,208.81079,13,119,4,10,992.5118,10.485152,8.138235,-0.25153744,-0.7165376
0,1.89E-04,2.5461383,4116.0967,456.08383,0.27641058,339.77515,-6,429,32,30,294.66425,9.323457,7.4526577,-0.10086059,-0.61985564
0,2.47E-04,1.0112767,432.254,1159.3823,0.2005056,139.59425,10,382,2,10,515.6008,32.789604,8.104032,0.003624648,-0.4630396
0,3.03E-04,6.1849003,2247.1472,1128.978,0.39661762,78.53605,-11,252,1,10,1100.752,30.605623,7.3421016,-0.3427098,-0.7543645
0,2.02E-04,0.19801883,608.11176,3138.3523,0.4799214,211.86598,-11,244,8,10,974.9541,10.016232,7.593746,-0.30406994,-0.7275557
0,1.76E-04,6.314126,529.39667,56.576008,0.3582515,171.02737,3,683,2,10,231.97238,4.458975,7.4325123,-0.11015995,-0.56842774
0,8.21E-05,1.6399418,3505.662,550.2539,0.30712354,281.30994,3,229,16,30,336.96207,1.1842326,7.06545,-0.1177437,-0.5541595
0,1.37E-04,0.22184584,4437.153,4527.518,0.47964916,211.94475,-31,480,32,10,322.09433,22.101776,6.947027,-0.40388697,-0.7742002
0,1.69E-04,1.0995414,1793.9752,2248.0886,0.46968758,158.33405,35,939,1,10,492.2444,17.663729,8.035108,-0.33988643,-0.7480764
0,2.12E-04,5.5281353,1889.7338,114.47444,0.15090777,322.12503,-21,605,128,40,313.84863,2.6465178,6.0692616,0.07670588,-0.3749124
0,2.18E-04,1.2257692,1152.693,2044.9628,0.15911643,225,-4,178,32,10,374.19165,0.9853842,6.314761,0.18181819,-0.44050103
0,1.87E-04,1.197566,0,159.27518,0.2992826,61.927513,20,223,64,10,488.98474,7.848073,6.9413104,-0.17301369,-0.6005211
0,3.29E-05,2.621654,1371.9548,494.30768,0.43905333,229.02826,37,240,8,10,1021.271,22.19901,8.061217,-0.29655683,-0.7453277
0,1.07E-04,4.285034,3931.2188,278.6858,0.13052718,265.6013,-4,701,16,10,310.81287,3.0257473,7.063888,0.10677149,-0.4178744
0,2.13E-04,0.16408865,1457.8009,4700.3467,0.40295058,296.56506,27,509,16,10,891.1758,9.267424,8.428908,-0.3527118,-0.7459204
0,1.51E-04,1.8129454,2776.2673,469.07758,0.12877388,204.44395,-7,236,8,10,361.87405,5.595448,6.889693,-0.051968504,-0.5436164
0,2.31E-04,6.192617,1171.9132,0,0.38587633,95.19443,-10,12,128,10,936.5066,2.5639057,6.3091264,-0.18258248,-0.5536105
0,2.58E-04,5.527083,743.83527,91.21677,0.32572198,276.34018,-9,166,16,40,554.3266,4.1992383,6.5465994,-0.39550453,-0.6121547
0,2.51E-04,1.733648,181.4947,42.999996,0.11757022,61.699245,9,230,1,30,456.23306,6.826663,8.34763,0.21310398,-0.33842713
0,1.55E-04,3.9979234,985.48987,30.405588,0.21734563,104.03625,2,696,2,40,262.81378,3.8251698,7.0884867,0.052186176,-0.54584295
0,2.37E-04,3.8221047,2735.5366,611.2467,0.2503359,123.929794,9,469,2,10,440.93417,15.041845,7.966488,4.33E-04,-0.5352863
0,1.36E-04,0.766525,1613.6396,42.999996,0.32218435,135,-4,771,64,30,427.68597,2.6261098,8.436962,-0.14409044,-0.6123986
0,8.38E-05,4.206467,4113.5454,1253.4064,0.3637424,278.97263,-39,572,16,30,797.83136,21.30113,7.29174,-0.33540758,-0.72832215
0,0,3.7203722,8090.2437,30.405588,0.3883487,339.44394,7,908,16,40,359.445,3.9628742,7.9582095,-0.25251493,-0.6597379
0,3.29E-04,10.267518,1673.3813,304.05588,0.36936224,69.227745,19,132,128,10,1209.0481,20.667637,8.241033,-0.25789356,-0.70085084
0,2.50E-04,2.3082726,2050.0166,214.19727,0.23107679,318.57632,8,261,16,10,327.34702,10.416028,7.8178434,-0.30960855,-0.7318553
0,9.70E-05,7.202399,1286.084,152.02794,0.30118978,298.1786,19,787,16,10,212.93199,14.442765,7.765609,-0.22751322,-0.6771084
0,1.52E-04,0.6681598,3040.6135,2237.6526,0.42543226,178.40886,-36,455,8,10,978.6799,16.278042,7.6323133,-0.40970486,-0.74165636
0,1.72E-04,1.886811,1136.5942,128.99998,0.4151776,85.601295,8,269,2,10,326.03024,6.0347114,7.8583097,-0.23573287,-0.737561
0,4.22E-04,2.6797879,899.34766,84.1935,0.36591095,14.0362425,-15,258,16,10,317.0285,3.8251698,6.8918185,-0.197309,-0.7054345
0,2.89E-04,2.3130505,638.51733,364.86194,0.2384944,357.27368,21,257,32,30,336.22665,4.8716373,7.8805046,-0.11600907,-0.6721935
0,4.00E-04,11.914148,355.4266,21.499998,0.3747718,54.462322,-8,13,64,10,1092.1758,1.9973403,6.660572,-0.06881801,-0.47815257
0,9.34E-05,1.657581,3848.1714,1602.8215,0.4081338,265.9555,-12,1075,16,10,649.49225,21.917555,7.7819996,-0.3910891,-0.72718674
0,3.02E-04,2.8828683,2220.9753,368.84695,0.32713765,180,-10,225,4,10,328.15192,4.1736455,6.8919144,-0.16318537,-0.650191
0,1.15E-04,0.41995758,1580.6144,2002.8396,0.10950956,45,5,206,128,30,692.7979,3.6086526,8.590561,0.19338913,-0.28193757
0,2.50E-04,4.324735,237.10469,90.24482,0.4206552,315,-1,20,128,10,1076.2566,0.3284902,11.859108,-0.4166022,-0.74059486
0,2.78E-04,4.056302,0,97.38068,0.31125414,71.56505,-1,398,16,10,320.3116,1.4687471,8.858521,0.004997224,-0.45336577
0,1.86E-04,1.717606,60.535225,198.75902,0.26047322,225,-25,207,4,10,313.84415,6.216869,6.6010895,-0.0422604,-0.6448214
0,1.22E-05,0.35791567,5263.968,252.5563,0.45861045,28.300755,10,458,1,30,906.20966,3.4254887,8.227771,-0.17415428,-0.62295896
0,1.68E-04,0.6294499,4020.162,561.16016,0.12194243,253.92642,20,448,16,30,607.598,13.978003,7.91972,0.022592593,-0.5118877
0,1.87E-04,9.542538,1352.419,29.369543,0.4168954,254.64987,57,132,8,10,1229.5647,23.210178,7.7850966,-0.26372367,-0.6970455
0,1.08E-05,8.063249,5533.8794,110.97417,0.5134939,272.29062,-7,725,16,10,359.048,5.7918396,7.2763476,-0.33088234,-0.81453633
0,9.89E-05,0.9792952,3540.816,1593.0907,0.48508033,69.72732,-48,496,1,10,1102.0256,25.627798,7.323219,-0.519277,-0.76525325
0,1.58E-04,1.9936222,902.99994,0,0.12827861,288.43494,-3,157,8,40,362.08194,2.2025177,7.0699973,0.17642537,-0.39043912
0,2.31E-04,3.1057484,1735.278,296.41135,0.10696386,288.43494,8,144,16,40,770.42236,2.2025177,11.859108,0.24034822,-0.39455703
0,1.96E-04,0.022907343,273.6503,4865.255,0.43511784,263.04706,1,186,64,10,965.1946,9.505855,7.778615,-0.3529887,-0.7094017
0,1.70E-04,4.743909,1457.9658,42.999996,0.20564263,180,18,410,4,10,365.1254,4.635463,8.384211,-0.052786462,-0.573392
0,1.46E-04,1.2175336,2904.0059,424.36227,0.1484494,135,-2,169,16,30,351.3037,1.3137449,7.130593,0.16550116,-0.3871833
0,1.18E-04,3.3152251,4390.228,701.7232,0.088057876,54.462322,4,195,4,40,539.42346,1.9973403,7.7613864,0.21752553,-0.33590108
0,1.32E-04,2.892607,2004.896,290.253,0.19182616,311.0548,1,669,32,10,437.11887,9.461983,7.3188787,0.09466128,-0.51274365
0,9.98E-05,0.8114385,3177.6536,962.0392,0.116428524,239.03624,-6,332,16,10,700.2409,2.7068136,7.7776694,0.21119593,-0.48708487
0,2.12E-04,3.3194945,1596.8982,168.81543,0.11480139,115.346176,10,676,2,30,482.6013,4.8716373,8.164219,0.11752944,-0.4277498
0,2.50E-04,7.1932,1712.2739,464.925,0.37286878,167.00539,11,38,4,10,1036.3818,9.216683,7.730222,-0.08772261,-0.6634006
0,2.75E-04,9.394911,1583.8672,0,0.12508374,243.43495,4,18,8,50,1044.8524,1.0386748,7.8199806,0.072653964,-0.24297976
0,2.08E-04,1.9947047,1308.7128,967.39435,0.23371202,236.30994,-3,328,16,30,565.0953,1.6745193,7.435161,0.010951404,-0.5831279
0,5.72E-05,0.25662163,3203.8005,1489.6531,0.38961288,327.99463,-2,164,32,10,1067.7461,4.374136,8.172379,-0.24419391,-0.7051916
0,1.70E-04,8.846868,1934.8838,358.26715,0.2277596,207.89728,-2,766,8,30,225.22191,4.458975,8.201808,0.053448528,-0.40156114
0,2.55E-04,4.2588844,756.71466,56.576008,0.3365308,170.53767,5,21,4,10,1152.1552,2.8235226,7.202021,-0.14206426,-0.6555779
0,0,0.6991932,7388.777,1368.1371,0.48814422,180,20,620,16,10,830.5986,7.3916836,7.8204627,-0.3847201,-0.7838667
0,2.99E-04,3.857861,1116.703,21.499998,0.2098557,209.05461,-6,610,32,30,276.67444,2.3900836,7.432284,-0.43342486,-0.74879634
0,3.21E-04,2.4576309,667.38226,198.759,0.25009444,116.56505,-6,376,1,10,296.05963,5.1797853,8.441569,-0.03026455,-0.5688044
0,2.55E-04,1.1694074,727.22577,494.49994,0.2651651,34.08887,-10,248,128,10,853.66156,25.85598,7.9103293,-0.0656677,-0.59667194
0,1.37E-04,6.848839,2436.3333,296.43347,0.18382537,270,5,659,16,40,358.84464,0.9290393,8.846333,-0.19767797,-0.50653344
0,7.79E-05,3.3161206,4006.1514,2345.77,0.49607098,118.663956,-20,469,1,10,1010.6084,19.112268,7.628925,-0.35692567,-0.7430834
0,2.64E-04,2.0632374,1856.3104,322.3942,0.39825132,194.74356,35,500,8,10,710.36066,4.5539675,8.156211,-0.34341714,-0.74488103
0,3.97E-04,2.2851877,3236.5125,365.02606,0.16207704,272.29062,1,243,16,30,367.8632,11.467673,7.588274,0.08022778,-0.45131937
0,2.04E-04,3.1378028,599.61,225.23746,0.28468,46.709812,-11,99,128,10,890.5459,21.021872,7.648175,-0.07380953,-0.64448494
0,2.03E-04,2.0665889,583.83875,91.21677,0.05105741,258.69006,5,190,4,40,630.3253,5.901052,7.462192,0.1958619,-0.20083319
0,1.14E-04,1.4872464,3601.9243,996.8761,0.34281576,2.2906094,-5,197,64,30,353.209,5.7918396,8.390293,-0.08827086,-0.63729393
0,2.05E-04,5.19486,541.3363,71.47445,0.21053945,135,-5,514,128,40,391.7053,1.9701859,7.3725,0.03093765,-0.519403
0,2.69E-04,6.4855227,1408.1984,29.369543,0.396757,201.37062,2,707,16,10,288.10718,5.71784,7.3058267,-0.17707007,-0.6747799
0,4.62E-05,0.6989961,5874.259,2325.279,0.45445147,232.12502,0,545,32,10,924.6729,10.475307,7.676203,-0.38166988,-0.7182305
0,2.79E-04,1.5823851,887.90247,821.81573,0.29350442,84.55967,19,314,1,30,714.6105,18.884867,7.8028345,-0.013018573,-0.61751664
0,1.80E-04,0.768248,2730.3367,2178.7048,0.19226092,271.73572,4,459,8,10,738.1242,14.986164,6.933595,0.08297046,-0.5317476
0,0,1.7564504,7165.7236,655.9517,0.38751805,69.376465,-4,560,1,10,513.46277,21.941708,7.2170253,-0.23347345,-0.69359916
0,3.19E-04,5.291753,729.73413,64.49999,0.15478879,63.434948,3,619,128,40,286.70142,1.0386748,7.775829,0.039383937,-0.584755
0,1.56E-04,1.4050294,2508.2217,447.37604,0.07150397,251.56505,13,167,16,40,357.03928,0.7344942,8.743602,0.16204293,-0.40730986
0,3.61E-04,12.634516,182.97406,60.811176,0.23648447,135,4,5,16,10,1144.6055,0.3284902,8.514015,-0.17254592,-0.48437724
0,5.39E-05,2.1872358,5257.509,732.00714,0.4536898,244.65382,-4,281,16,10,326.4888,4.8716373,6.703479,-0.23210248,-0.72059983
0,4.18E-04,2.4713476,674.5314,451.6014,0.16113423,336.80142,12,206,2,40,396.48068,1.7684314,8.268003,0.27174702,-0.4509399
0,1.35E-04,1.73065,2698.3508,261.24463,0.17779003,246.8014,-1,178,2,30,376.58414,1.7684314,7.700832,0.12185906,-0.47508729
0,3.55E-04,2.4578764,1603.8868,193.54971,0.28229374,133.05852,32,261,1,30,321.69193,18.698847,7.443537,-0.066958584,-0.620618
0,3.52E-05,0.6341372,528.242,1128.6569,0.19033694,289.7989,7,312,32,10,695.60754,6.1481314,7.866052,-0.00286533,-0.5765766
0,2.19E-04,1.6515747,1016.2069,85.99999,0.13880114,0,-16,629,2,30,304.90866,0.9290393,11.859108,0.13950722,-0.44109276
0,1.09E-04,6.321071,3985.028,239.20786,0.09400237,170.53767,5,338,4,40,416.29855,5.6333976,7.644532,0.06526316,-0.39066058
0,2.70E-04,0.06605108,2795.8157,4178.4834,0.30293977,223.99492,-14,392,8,10,809.9361,18.099892,7.3312907,-0.13742518,-0.6131824
0,1.41E-04,2.957063,3996.3074,300.99997,0.20360129,39.289406,0,452,128,30,806.205,6.573647,7.9375343,0.18301731,-0.3163604
0,0,6.306322,7750.527,30.405588,0.4489763,35.537678,-11,789,4,10,335.22098,3.989838,6.5609202,-0.205654,-0.7292975
0,2.63E-04,2.0896826,1543.2786,204.26329,0.11137751,160.01689,12,218,4,30,340.42932,5.421303,8.067765,0.21897924,-0.37623763
0,1.27E-04,0.8835407,4627.157,1037.0367,0.15941969,201.9745,-53,364,8,10,534.57275,26.490215,6.9812875,0.064935066,-0.45606694
0,3.38E-04,2.106426,823.0292,257.03857,0.19095239,130.23636,2,399,2,30,693.94196,3.9493225,8.736736,-0.013457077,-0.38520086
0,1.39E-04,1.6756667,1009.8277,1058.5979,0.2601821,16.38954,-8,473,64,40,677.6845,4.108957,7.5829945,0.01189387,-0.53554505
0,3.31E-04,5.1984615,3317.5996,377.15967,0.27287325,55.88553,7,694,1,10,388.53677,8.631441,8.199794,0.018966418,-0.6048961
0,1.58E-04,2.7610252,3440.345,178.10736,0.0966725,292.83365,-17,351,32,40,493.83694,9.489428,6.3135347,0.0706304,-0.5499297
0,3.05E-04,1.0309659,1895.4703,3242.2776,0.444022,116.96571,-1,749,1,10,544.49255,14.534997,7.8913236,-0.34144905,-0.7348908
0,1.63E-04,2.1538875,3058.9148,1213.9053,0.40964586,186.70984,-14,328,4,10,930.64935,29.037012,7.3767295,-0.14107509,-0.6546472
0,2.54E-04,1.7029021,4372.035,297.08923,0.09444151,230.35582,-6,210,4,30,356.818,10.440772,7.8604646,0.23462574,-0.34195933
0,3.57E-04,2.8001263,432.9972,168.81094,0.14950556,322.12503,5,365,32,40,652.08215,2.6465178,6.890805,0.19994304,-0.4190452
0,1.72E-04,3.1349242,163.954,42.999996,0.16160947,135,3,328,8,10,316.7095,1.3137449,9.539726,0.045454547,-0.6078634
0,1.68E-04,4.8184505,64.49999,155.8252,0.30067858,343.61047,-8,605,8,30,307.80695,4.108957,7.4107504,-0.1292876,-0.64720976
0,0,1.1299311,9639.37,2128.391,0.36656505,125.27242,-23,354,1,10,344.44955,11.507721,7.3468895,-0.1544086,-0.7277116
0,1.74E-04,0.0833421,1341.3064,2633.437,0.41259843,352.5686,12,542,32,10,844.1611,5.371903,8.406702,-0.31382623,-0.73178273
0,2.06E-04,3.1302447,1363.5183,760.1397,0.41676456,29.538782,11,651,64,10,722.50555,15.620078,7.640231,-0.31499362,-0.73593074
0,2.76E-04,4.9916162,1004.9757,21.499998,0.18733175,315,-3,164,2,40,598.1755,1.3137449,7.463013,-0.21777059,-0.5913025
0,3.82E-05,2.8707135,2714.0728,71.47445,0.1589935,227.1211,5,671,32,40,322.95633,8.8054285,7.673607,0.1369981,-0.4738081
0,2.34E-04,1.1062446,152.02794,71.47445,0.063108794,128.6598,-9,360,1,30,460.96957,8.852785,6.9737854,0.25520322,-0.32328203
0,1.71E-04,0.34869483,185.90688,60.811176,0.24995558,188.1301,-2,804,16,30,523.654,3.2813458,8.124016,-0.012268744,-0.63305056
0,3.24E-04,0.5723317,181.65817,1352.0698,0.29225907,81.869896,7,622,2,30,413.085,4.915313,8.605711,0.05076661,-0.59473383
0,2.22E-04,0.8813026,248.70006,1785.4282,0.4951192,238.49573,-16,1063,8,10,583.99335,8.385167,6.368287,-0.38886142,-0.7689303
0,3.58E-04,3.1720371,496.80115,1066.0305,0.15695593,332.10272,-1,242,8,30,346.1576,4.458975,7.881974,0.061981283,-0.4892066
0,1.89E-04,1.4438236,789.55426,588.42194,0.19698244,305.5377,0,158,64,40,674.72,1.9973403,7.5871344,0.11857507,-0.42610127
0,2.60E-04,0.8798299,180.00728,585.01385,0.37910753,203.1986,-5,339,8,10,802.93146,1.7684314,8.227317,-0.2940948,-0.73173904
0,5.36E-05,0.9279735,4536.861,727.29285,0.46737283,265.23636,3,507,16,10,330.2941,16.3255,7.271287,-0.28460845,-0.71291405
0,2.03E-04,3.6069913,2094.2136,137.64674,0.3104278,351.8699,-8,410,16,10,321.55386,3.2813458,6.900217,-0.28564364,-0.7677054
0,1.90E-04,0.87356484,525.4233,81.66979,0.27893814,283.49573,7,317,16,10,531.6451,11.775179,7.937933,-0.106781565,-0.57967913
0,4.03E-04,3.1407914,1332.4679,21.499998,0.22970611,194.74356,-6,415,2,10,310.76767,4.5539675,7.989913,-0.081783555,-0.6539911
0,2.20E-04,1.7753334,2069.8694,926.0121,0.17940064,32.47119,-3,200,16,40,611.2332,3.0257473,7.2497983,0.19833584,-0.43254113
0,2.55E-04,0.060358323,3572.5515,5594.211,0.4391547,141.3402,24,689,128,10,777.04803,14.552002,8.24532,-0.4022082,-0.7452761
0,1.06E-04,0.62074643,3790.5208,2195.4463,0.4698783,246.2505,-18,381,2,10,1096.2827,6.3185296,7.2641315,-0.4447127,-0.7807404
0,2.30E-04,3.095662,2529.097,843.0862,0.308022,302.5926,21,662,16,10,299.02728,16.358032,8.323614,-0.14992929,-0.6583376
0,1.63E-04,1.3357956,1655.2053,542.605,0.33744127,95.38931,-46,870,2,10,507.47925,12.178719,6.454094,-0.24244943,-0.6693969
0,2.47E-04,2.056383,779.7787,522.98285,0.11643273,104.23728,-9,660,2,30,320.32028,15.654397,7.674873,0.23783033,-0.32816288
0,2.37E-04,0.8049684,932.8901,1408.9047,0.2827734,275.52753,4,270,16,10,837.749,14.172356,7.821658,-0.13944504,-0.60455054
0,2.58E-04,0.7498982,300.83527,627.8712,0.35869128,210.17352,-18,552,16,30,517.0166,11.400579,7.767025,-0.25212857,-0.693537
0,2.38E-04,0.272463,2508.0332,3165.8965,0.3643408,259.79602,-10,711,16,10,740.0047,22.387774,7.240289,-0.3767033,-0.7105407
0,3.68E-04,3.797299,1512.1526,60.811176,0.11092893,153.43495,3,570,2,30,308.4661,1.0386748,8.842892,0.22030757,-0.29238328
0,1.42E-04,12.882494,2622.7703,0,0.18786578,35.537678,-23,723,8,10,280.16583,3.989838,5.6131225,0.07594129,-0.42706963
0,2.91E-04,5.82805,2051.5337,81.66979,0.30273327,196.38954,10,567,8,10,371.43216,4.108957,8.395217,-0.11620926,-0.62433696
0,1.12E-04,0.004623208,2843.0276,6282.9673,0.36645117,169.1597,-8,814,4,10,860.7093,10.979138,7.43431,-0.35346308,-0.737964
0,2.93E-04,3.0150073,121.5343,214.99998,0.14536072,11.309932,7,27,64,60,940.8413,1.1842326,7.989717,0.16894233,-0.31392977
0,0,1.0418937,9136.619,1976.3633,0.35806674,357.03906,-20,413,32,10,340.96335,25.215696,7.533018,-0.23858027,-0.69868904
0,2.94E-04,0.09208202,1392.326,3218.8748,0.41081226,84.80557,6,575,128,10,867.89514,26.22317,7.5191126,-0.4183587,-0.78541
0,1.41E-04,1.5306199,2807.0793,899.9386,0.44642562,4.3987045,11,262,64,10,333.45242,3.0257473,8.276229,-0.12732147,-0.72693944
0,5.05E-04,12.70792,1246.6292,0,0.034431938,18.434948,-7,12,64,50,1101.049,0.7344942,11.859108,0.18185398,-0.049080994
0,2.35E-04,1.8873645,1103.1113,425.67825,0.09455523,8.130101,-4,218,4,30,336.15054,3.2813458,7.1432323,0.13531573,-0.45556805
0,3.06E-04,0.825864,42.999996,121.55584,0.09877753,149.03624,6,167,4,40,821.9635,1.3541625,9.074765,0.21369539,-0.3133504
0,3.27E-04,6.0252547,139.33037,21.499998,0.24197063,333.43494,-14,175,128,40,537.55255,2.0766673,7.491022,-0.20964138,-0.47265962
0,7.86E-05,0.036263842,2755.8862,4367.0005,0.49690342,87.35745,-37,1016,128,10,718.1921,27.815594,7.521414,-0.4089647,-0.776
0,4.47E-04,3.1054196,86.97113,141.51059,0.37987265,319.96973,-16,384,16,30,313.74332,7.540038,6.8803124,-0.035781544,-0.5983726
0,1.50E-04,4.318881,2988.6628,334.4615,0.19643512,42.229782,-27,320,64,10,509.295,19.589645,7.5850215,-0.11832535,-0.55654323
0,2.50E-04,5.6314125,3389.6902,955.38184,0.3767677,100.49148,15,307,1,10,929.241,12.551673,6.8985734,-0.1124226,-0.5934035
0,1.93E-04,4.7239733,227.79872,0,0.34372225,153.43495,27,390,1,10,379.09793,6.2083197,8.5887,-0.055627987,-0.6150266
0,2.56E-04,0.04197486,2619.4744,3643.2957,0.44117403,27.776564,-16,957,128,10,841.34485,30.97414,7.6054387,-0.3704497,-0.7283284
0,2.74E-04,3.1467848,364.85986,486.4894,0.16422567,105.25512,17,202,1,40,488.5232,5.2817907,7.31702,0.1411397,-0.47970173
0,3.86E-04,3.1398218,800.67285,128.99998,0.45571515,128.6598,-4,429,4,10,308.9755,2.9719696,7.8374934,-0.31572327,-0.7680118
0,1.24E-05,7.5645804,5104.9917,21.499998,0.38427445,170.83765,19,729,8,10,352.49527,7.2547255,7.9297495,-0.18936877,-0.7124066
0,7.62E-05,4.644014,3840.6646,239.25206,0.13734189,246.0375,-12,355,8,40,485.92905,4.5657005,5.8634768,0.1674661,-0.4349389
0,1.78E-04,0.9611562,2933.8452,486.4894,0.081626095,225,-1,193,8,40,853.14374,1.6420193,7.3584404,0.2936532,-0.32762557
0,1.44E-04,1.2471852,1862.2161,795.4371,0.15198171,142.12502,1,214,2,40,723.0453,2.6465178,7.536151,0.120421715,-0.41747573
0,1.84E-04,2.6011827,3390.415,666.49994,0.2546443,74.0546,-3,409,64,10,288.31195,3.3781307,8.05618,-0.19475473,-0.5513979
0,2.38E-04,2.3460684,1459.0369,90.31358,0.47856942,95.90614,13,285,1,10,333.2906,6.7407994,7.8151584,-0.29915768,-0.74501216
0,3.58E-04,2.9174697,1468.055,986.24756,0.18309817,244.85521,9,243,16,10,832.7711,12.377019,7.7952876,0.022311075,-0.5822441
0,2.39E-04,0.04700544,2885.042,4906.657,0.49367058,189.63754,1,753,8,10,758.432,23.551497,7.3652925,-0.3882175,-0.75131017
0,5.81E-05,0.08438656,3563.8938,2581.274,0.34764948,280.00797,-6,731,16,10,1071.6204,15.638808,7.7984366,-0.33351627,-0.66381377
0,1.77E-04,4.929761,675.3829,287.7556,0.17710337,307.87497,-2,185,32,40,520.6724,2.6465178,7.808607,0.16939321,-0.3918742
0,2.24E-04,2.706886,792.85657,336.5249,0.37667572,216.65611,-17,129,8,10,885.94635,23.48965,7.680829,-0.17666835,-0.7039922
0,2.89E-04,9.924883,648.1096,422.5912,0.2339394,278.97263,-23,163,8,10,1187.907,13.167192,7.7429814,-0.07718939,-0.6222301
0,3.28E-04,0.5495215,985.56573,1504.2252,0.20756194,236.51384,-13,661,8,30,256.30582,17.534256,7.7857924,-0.03899202,-0.5886913
0,1.09E-04,2.2869444,3723.2195,241.00049,0.42476928,143.1301,-7,320,4,40,321.63153,4.635463,6.3143816,-0.2357502,-0.75720865
0,4.11E-04,6.1315875,718.11755,225.23746,0.18021956,315,5,155,64,40,572.7159,1.9701859,8.290094,-0.08824062,-0.5350799
0,2.92E-04,5.829433,1363.7079,21.499998,0.2109359,225,3,617,4,30,281.16922,0.6569588,7.2831917,-2.26E-04,-0.5179979
0,2.38E-04,1.8042989,2236.737,159.27518,0.37860417,29.219246,25,694,128,10,325.70673,15.326235,8.069504,-0.2305465,-0.7237009
0,1.64E-04,5.114311,812.42334,64.49999,0.14291248,293.19858,-5,448,16,40,723.8629,1.7684314,6.6593895,0.14670111,-0.33693087
0,3.33E-06,7.1131682,6330.655,197.57343,0.28292882,165.96376,-10,774,2,40,311.26697,7.616542,7.1042776,-0.027138159,-0.57403904
0,3.61E-04,9.791557,2910.1907,535.24164,0.31434673,72.19813,39,52,1,10,1123.1361,24.896671,7.9445333,-0.033161238,-0.6374508
0,0,1.288325,7972.692,1355.8998,0.1313969,143.1301,-5,239,8,10,300.20178,2.3215306,8.182966,0.13228,-0.41428572
0,3.19E-04,1.7734873,497.57922,128.99998,0.31788296,135,-2,60,1,10,1084.1375,0.9853842,7.129218,-0.07286319,-0.57295656
0,1.08E-04,9.521174,2044.1145,0,0.35444853,355.6013,2,23,64,10,985.7232,3.0257473,7.7762427,-0.24779452,-0.70621467
0,8.74E-05,4.102958,3608.8591,29.369543,0.4198591,149.03624,14,453,2,30,786.291,6.7407994,8.018853,-0.25383452,-0.649801
0,2.61E-04,2.1613922,687.2096,155.8252,0.1470675,240.64224,-15,875,16,30,256.43488,8.466039,6.702119,0.06903353,-0.46432266
0,3.17E-04,3.69883,688.2254,112.224754,0.4340616,90,-9,743,128,10,454.64395,2.7851665,5.84855,-0.16011617,-0.6789017
0,2.98E-04,5.321266,1293.2576,0,0.26344296,217.64763,19,508,4,10,280.44675,10.159885,7.2169437,-0.059234884,-0.648
0,1.31E-04,3.9434786,181.98657,0,0.23749936,42.137596,-14,441,128,30,774.0112,6.5494075,6.6358347,0.06233445,-0.5271786
0,2.76E-04,2.5705366,1461.6327,309.882,0.2179848,229.08562,7,165,16,30,689.6385,4.6007166,7.4097166,0.078382105,-0.5689251
0,2.24E-04,0.62165457,50.86954,188.9699,0.23714931,26.56505,-6,225,16,40,543.1977,4.147893,6.958252,0.004896422,-0.48970962
0,1.94E-04,0.34603378,294.39883,0,0.16084498,116.56505,6,1207,128,30,525.7893,10.27626,7.197836,-0.026817156,-0.61602956
0,6.58E-05,7.1341853,4790.6606,0,0.15916264,132.7094,26,722,1,30,339.11176,8.163224,8.713785,0.054279223,-0.4765471
0,3.65E-04,4.0111694,1639.7054,91.21677,0.2027477,135,7,558,16,40,311.16315,1.3137449,9.066015,-0.036646705,-0.5669804
0,1.30E-04,2.9569538,515.99994,611.36847,0.37494668,209.82709,-2,72,4,10,996.9683,19.314661,7.609976,-0.2694658,-0.70033
0,2.05E-04,0.7632985,308.90207,519.65375,0.05159293,18.434948,-1,250,128,30,538.52673,5.855801,7.880808,0.26688203,-0.31693837
0,2.24E-04,2.8399324,1198.973,248.70006,0.23879689,241.69925,-5,78,8,10,878.181,3.4254887,6.73655,0.11565074,-0.53021663
0,2.95E-04,2.706819,706.93286,463.41684,0.24138361,294.77515,4,381,32,10,300.73962,6.621851,8.017938,-0.24462366,-0.7300327
0,1.33E-04,0,1834.1156,7268.1836,0.33757514,89.356255,-29,1007,1,10,852.90753,19.841146,7.108269,-0.21549636,-0.6725369
0,3.51E-04,6.3307548,3051.6257,30.405588,0.20307437,305.5377,-2,640,32,10,297.7545,1.9973403,7.351536,0.054227155,-0.47420964
0,1.12E-04,7.9593477,1435.0237,21.499998,0.33765155,102.72436,-12,718,1,30,372.5169,7.3415356,6.043419,-0.12596284,-0.6807575
0,1.95E-04,1.6610956,1363.229,21.499998,0.2744566,45,6,214,32,30,316.4177,1.6420193,8.289202,-0.030420711,-0.6088934
0,1.32E-04,3.114748,1295.6984,1148.4545,0.4746005,249.44395,13,217,16,10,995.6307,15.488203,7.396308,-0.31782946,-0.73178333
0,3.39E-04,8.470549,963.81116,21.499998,0.16610876,167.00539,6,569,1,30,417.91104,3.0959876,7.6808176,0.019530285,-0.39844853
0,2.37E-04,0.29652268,729.59845,885.38715,0.32875475,0,20,523,1,10,798.72473,0.4645502,9.147258,-0.2875151,-0.776507
0,1.29E-04,0.17447345,2371.5671,2165.2434,0.48613727,53.24632,35,892,128,10,750.623,21.7881,8.118658,-0.42991385,-0.7680949
0,6.93E-05,0.4273322,3614.2322,1382.1846,0.31803417,76.79891,2,631,1,10,610.224,18.638811,7.6477904,-0.22015712,-0.6954207
0,0,7.5005903,7427.395,60.809933,0.07068129,105.25512,7,761,2,40,325.84613,2.6465178,7.80599,0.11278196,-0.41802576
0,2.66E-04,1.5855173,3217.7769,1518.8357,0.18699695,0,-4,266,64,30,640.2635,4.635463,8.344964,0.11575939,-0.4658626
0,1.24E-04,0.19799134,4390.706,5042.8867,0.16681698,208.49564,-45,500,16,10,319.22922,17.895388,6.7803373,-0.29090154,-0.6468094
0,1.81E-04,2.05064,1793.9297,42.999996,0.18787472,68.96249,11,153,128,40,606.9824,3.2318566,8.74419,0.11466203,-0.40023264
0,2.01E-04,0.47056195,1763.6797,1533.0145,0.17382818,354.17365,6,214,64,30,571.617,11.292312,7.8359923,0.07845994,-0.41108987
0,2.91E-04,1.5003979,1217.6743,296.41135,0.35024258,257.55002,-2,55,16,10,1118.7566,17.728016,7.109109,-0.35011724,-0.69559824
0,5.91E-05,5.421349,5751.7144,188.9699,0.33487743,15.255118,2,358,64,10,445.01953,2.6465178,7.896023,-0.16819029,-0.63361055
0,1.56E-04,1.6588843,3165.7312,920.51733,0.10919302,255.96376,-3,250,8,30,508.7768,3.8251698,7.3571777,0.26311636,-0.30174217
0,1.22E-04,0.6751626,1156.9341,405.28232,0.12939477,214.69516,-3,191,16,40,720.9321,3.6676545,6.894308,0.15720524,-0.2712004
0,1.98E-04,1.975684,1929.2015,897.9249,0.17026886,239.74356,-19,319,8,30,450.41013,6.4267893,6.4640355,0.13596874,-0.46344244
0,3.09E-04,8.9255495,390.6422,60.811176,0.34156543,71.56505,8,17,8,10,1047.2704,0.7344942,8.874974,-0.35228273,-0.72861737
0,1.20E-04,0.6939273,442.60147,3533.7766,0.42236328,290.55603,-4,258,16,10,401.30768,7.8881917,8.180498,-0.33483046,-0.7606635
0,1.88E-04,1.4679621,878.3735,1535.9609,0.35552835,236.68938,-4,355,32,10,335.93158,9.636182,8.361323,-0.19683465,-0.6312443
0,1.72E-04,0.050325558,1360.5972,2676.6655,0.46410328,251.56505,-2,523,16,10,821.5661,0.7344942,9.43564,-0.3751535,-0.78649294
0,1.56E-04,0.87698466,4335.3125,1283.6449,0.2835358,196.92752,-4,288,16,10,531.89545,16.298826,7.8668118,-0.10996564,-0.5336323
0,1.34E-04,0.012270527,1101.261,5524.4644,0.4491316,272.77917,-1,730,32,10,734.7324,22.687819,7.713419,-0.40853173,-0.76957047
0,2.01E-04,4.4776034,1435.019,138.4367,0.3801989,225,-6,67,4,10,998.37427,1.6420193,7.0271997,-0.26153848,-0.71355087
0,1.95E-04,3.4564865,2633.253,923.3918,0.45272946,327.09476,15,309,64,10,858.9011,9.323457,7.9896245,-0.30397728,-0.7333019
0,4.28E-04,2.2240913,2427.1228,304.05588,0.12880999,21.03751,0,208,32,40,429.08197,3.2318566,7.308715,0.016733987,-0.17258464
0,3.19E-04,0.010265583,821.8933,5791.5044,0.4577826,207.38742,19,546,4,10,811.4168,20.754799,7.635267,-0.3771114,-0.7475915
0,2.44E-04,2.1604111,3800.344,257.99997,0.19952282,130.23636,6,387,1,30,289.1997,11.701324,7.3142695,0.049685895,-0.5145631
0,3.59E-05,0.47096503,2680.1,1316.593,0.15686667,270,-32,568,2,10,633.7217,11.458753,7.2019634,-0.09315718,-0.56955254
0,0,1.2717412,8600.099,30.405588,0.14789034,206.56505,4,243,4,30,323.4675,4.147893,8.499383,0.13250959,-0.48667398
0,1.70E-04,4.1521654,1057.9269,296.41135,0.39742228,254.74489,-40,155,16,10,1018.7098,31.001795,7.66054,-0.31748128,-0.71127886
0,1.15E-04,3.3846834,1711.5874,542.7446,0.43501392,107.38697,-16,105,1,10,939.8855,22.810055,7.5669894,-0.30411658,-0.7158852
0,1.59E-05,11.811769,5661.4385,30.405588,0.1301617,74.74488,-16,798,8,50,302.6767,5.2817907,6.2062273,0.15914072,-0.3150497
0,2.86E-04,5.754737,2411.666,315.97006,0.32739738,63.434948,-33,556,8,10,370.17764,1.0386748,6.18682,-0.07475978,-0.6108184
0,6.90E-05,2.65806,2213.2478,465.35544,0.3869891,110.556046,-3,304,1,10,320.20087,3.9628742,8.413865,-0.2168,-0.7225368
0,0,8.426536,6620.1226,56.576008,0.24165301,313.15237,13,769,64,10,308.2077,10.083203,7.965836,0.03432104,-0.52782464
0,3.05E-04,2.7757077,1161.6196,100.165375,0.16986647,54.462322,11,447,64,10,270.22513,3.989838,7.7832837,0.06758807,-0.4878967
0,3.95E-04,1.5693445,1220.0096,152.02794,0.17603774,131.98721,-20,347,4,40,636.05237,6.225406,6.7549853,0.177899,-0.45454547
0,2.32E-04,6.6058245,1436.0042,121.62235,0.20972215,120.96376,-11,644,2,40,406.30988,2.7068136,6.661603,0.05657531,-0.5171856
0,9.09E-05,0.49740914,3588.7495,2317.7046,-0.052002087,-1,0,47,64,80,1090.0627,0,11.859108,-0.08035714,0.7867841
0,1.80E-04,1.5696951,4465.6987,613.77057,0.2720489,110.170654,0,307,2,30,715.839,22.940786,7.529419,-0.039315324,-0.6330018
0,3.72E-05,8.22145,3674.3867,81.66979,0.20264137,155.55605,10,738,8,40,345.08444,2.8044105,8.499397,0.039748482,-0.48782185
0,1.95E-04,0.37139764,3224.6365,3749.573,0.42156982,249.22775,13,445,4,10,780.4993,20.667637,8.027205,-0.29693452,-0.7379679
0,9.13E-06,0.358208,5540.729,653.14526,0.3926055,107.525566,-7,552,2,10,893.2688,32.871014,7.7255616,-0.03433304,-0.58170414
0,8.03E-05,0.7724589,4892.2676,748.23706,0.29157507,141.18861,5,777,4,10,402.69812,25.578255,7.164423,-0.05114428,-0.6001212
0,1.01E-04,2.2872043,3687.137,257.37656,0.41709584,142.76517,5,321,2,40,321.22308,7.2547255,7.653621,-0.249593,-0.762204
0,1.15E-04,3.0158994,2281.2158,188.77557,0.34447032,225,-1,454,32,40,784.56537,2.9538245,7.1264715,-0.13954419,-0.6360505
0,2.03E-04,3.4806104,955.99664,223.47238,0.26491442,241.38954,18,649,16,10,481.90002,5.801021,7.512787,-0.18873827,-0.58421344
0,2.01E-04,3.8270724,420.08487,951.44855,0.2418116,139.08562,-20,599,4,30,478.23935,4.6007166,7.2376666,-0.106640816,-0.58376694
0,2.50E-04,1.0557224,257.99997,473.9722,0.099327184,242.8189,-9,232,8,30,705.89996,9.571257,7.578267,0.13467939,-0.42231947
0,2.61E-05,2.0580814,5111.0073,699.32855,0.18814526,90.93919,13,739,128,30,299.95023,13.8922,7.8851,0.20972644,-0.47475892
0,2.38E-04,1.9388396,180.00728,283.71387,0.1029803,188.1301,5,144,4,40,707.1085,3.2813458,7.3741455,0.21730262,-0.44063818
0,2.18E-04,0.9619787,1955.9502,1003.42444,0.23937696,87.87891,15,378,2,10,523.77313,6.2509456,7.733228,0.09824561,-0.50998825
0,0,2.4048436,8840.126,247.34898,0.21131843,101.30993,-38,830,4,30,388.3795,11.679504,5.5598655,0.09211514,-0.41541463
0,9.19E-05,1.1255149,4718.1997,1669.374,0.1185424,108.43495,-5,356,1,10,512.27106,8.745848,7.8067074,-0.013297098,-0.5656869
0,3.09E-04,0.86193484,1852.0724,680.5717,0.037528016,240.9454,-7,231,8,30,754.58673,9.47846,7.525004,0.14541532,-0.5591419
0,3.77E-05,0.4738338,2461.397,1384.5447,0.21674037,114.48914,3,557,1,10,640.65985,40.393417,7.429634,-0.1476265,-0.59112823
0,3.57E-04,2.6286883,21.499998,398.55655,0.21879828,185.71059,21,232,64,10,322.67645,4.6584816,7.9165087,-0.097640514,-0.54983747
0,2.17E-04,2.9368284,1390.3818,570.99005,0.23183113,347.94922,-5,815,32,30,429.9561,20.251095,7.400714,0.03747341,-0.50550294
0,2.89E-04,5.348268,2394.8926,21.499998,0.17713276,165.96376,-12,562,16,10,280.64203,1.9147184,11.859108,0.023541048,-0.49575758
0,2.71E-04,2.9942899,1920.0751,553.67114,0.3899712,137.79271,3,1002,2,10,263.07513,13.243268,7.8632517,-0.26652807,-0.68753463
0,2.81E-04,5.5095334,29.369543,207.17804,0.31675023,348.69006,-15,578,4,30,287.75714,2.367454,6.070864,-0.21166033,-0.56422144
0,2.84E-04,6.2991204,2700.8691,171.99998,0.33196908,199.69862,-25,694,4,10,297.83542,19.228264,7.326452,-0.048483677,-0.55797935
0,1.78E-04,0.70499474,3087.5847,2406.3652,0.33867016,343.1786,14,390,64,10,1106.4053,10.32141,8.004151,-0.30171221,-0.6882759
0,1.44E-04,0.21388808,3567.248,2028.098,0.3250649,150.12401,-39,678,16,10,861.14685,23.724834,7.1021957,-0.30016196,-0.6626395
0,2.18E-04,1.8153073,1014.8664,826.3579,0.3437349,333.8247,8,514,64,10,701.291,14.923641,7.4570255,-0.21249741,-0.6591166
0,4.00E-04,11.344999,100.44561,0,0.08742071,14.0362425,-2,7,1,50,1126.382,1.9147184,7.8946605,0.20351018,-0.07030336
0,9.00E-05,3.6019132,3952.9546,150.49998,0.17404719,143.1301,-6,333,32,40,495.42404,2.3215306,7.8234043,0.14790675,-0.33372572
0,3.62E-04,4.842468,647.5495,110.97417,0.15694404,125.53768,-4,68,16,40,1005.763,1.9973403,6.765579,0.28231707,-0.44129804
0,1.95E-04,1.0330256,597.44763,129.74591,0.3999501,168.69006,-19,249,16,10,346.827,3.548659,5.5788097,-0.31415713,-0.69595957
0,1.83E-06,8.223649,6202.979,0,0.25080892,274.76364,12,776,4,40,316.46255,5.5763736,8.015867,-0.057017542,-0.5548387
0,1.79E-04,5.02009,140.61954,60.811176,0.30991778,341.56506,8,463,16,10,390.06552,0.7344942,7.490114,-0.10663557,-0.6425425
0,4.27E-04,3.0814397,183.20183,178.96527,0.2880398,229.08562,-3,393,4,10,292.76877,9.1428585,7.0303955,-0.15480837,-0.6950646
0,3.53E-04,4.161278,1742.4747,60.811176,0.3162248,121.75948,9,549,2,10,313.79065,5.71784,7.1927457,-0.03871215,-0.6286058
0,0,1.1921779,6838.1016,152.02794,0.28834343,142.52382,28,531,4,10,821.5216,17.040493,7.8208265,0.082791865,-0.58092487
0,7.25E-05,1.5135226,4312.1553,124.57483,0.4666018,149.03624,-13,392,1,10,301.9059,1.3541625,5.8686996,-0.3284345,-0.7918552
0,4.88E-04,2.0354953,368.9514,198.35855,0.28403425,348.69006,21,342,64,10,300.0507,5.901052,8.247352,-0.2280665,-0.6961294
0,2.96E-04,1.6319803,162.87154,30.405588,0.46200228,351.8699,-6,207,8,10,529.5483,1.6420193,8.377546,-0.3372831,-0.72709054
0,5.63E-05,0,1558.8734,9063.0205,0.44063252,118.20163,-26,462,4,10,680.5189,17.609928,7.4699435,-0.3512257,-0.7285753
0,8.51E-05,5.493296,3031.4438,919.25836,0.43523288,202.23499,-10,236,4,10,1288.6838,34.85248,7.4413,-0.3240853,-0.68567026
0,8.13E-06,1.1741797,3487.8792,376.65152,0.114598885,183.81407,-4,704,4,30,412.57825,10.361364,8.14282,0.06906206,-0.48714125
0,7.28E-05,0.30419195,2801.4631,2450.9026,0.35461256,268.22855,30,267,32,10,1094.05,21.476229,7.7634816,-0.35762677,-0.7041618
0,1.49E-04,2.8849823,1612.4999,716.9621,0.26833886,354.80557,2,258,16,40,493.70743,2.5639057,6.980199,0.044842426,-0.5600907
0,1.16E-04,2.0735745,2457.793,1980.4434,0.41260278,160.46335,-34,497,2,10,980.5865,7.595757,5.7172,-0.28315243,-0.6885577
0,1.85E-04,5.9215474,4136.6836,42.999996,0.16796279,207.47443,-9,731,1,30,210.95319,6.5169425,7.236884,0.12477478,-0.47308567
0,1.59E-04,1.5242742,490.81287,198.35837,0.4139797,191.30994,3,246,16,30,1057.1182,2.367454,7.490489,-0.28383884,-0.74201477
0,8.95E-05,0.053175237,4059.442,5184.9805,0.24197903,8.130101,1,446,64,40,742.5115,4.915313,7.8083067,0.10088394,-0.56829226
0,0,0.90561765,7405.5713,321.5704,0.2824164,241.69925,15,236,1,10,304.23343,3.4254887,9.070544,-0.09573422,-0.6435206
0,4.80E-05,0.27586335,2418.6895,4366.2725,0.39722934,34.315086,-26,602,64,10,695.6395,17.182983,7.4244723,-0.3465681,-0.698455
0,1.82E-04,0.94008344,3779.531,56.576008,0.119616814,254.74489,-9,309,16,30,715.4409,5.2817907,6.398556,0.09933775,-0.27829996
0,1.94E-04,2.1178958,3515.4197,1116.5402,0.44387943,155.85446,-4,740,1,10,741.34216,14.449621,7.2451363,-0.20399429,-0.6462939
0,1.79E-04,2.728539,878.3198,125.07517,0.19097596,270,-7,153,8,40,804.84937,2.7851665,6.665431,0.11495561,-0.4008287
0,4.02E-04,2.3676517,113.47326,30.38851,0.14606458,324.4623,11,207,8,40,585.0358,1.9973403,8.065762,0.046360016,-0.3876153
0,3.29E-04,5.134969,343.99997,30.405588,0.22968821,290.55603,-11,611,64,10,286.37363,3.9628742,7.2159805,-0.09218107,-0.6232416
0,1.15E-04,0.92183954,112.15455,139.31558,0.43919283,325.00797,-18,392,16,10,762.90717,11.196627,7.328785,-0.32868218,-0.7356962
0,1.95E-04,0.065821216,1516.3057,2439.9172,0.40204316,11.056413,20,472,64,10,815.5503,19.76707,7.6692758,-0.29952788,-0.7462406
0,2.66E-04,1.0717223,1129.0688,2169.046,0.20979762,213.69006,7,457,16,10,513.71423,1.6745193,8.044681,0.09166667,-0.47887757
0,2.69E-04,1.8705502,3132.5327,638.725,0.23766145,146.30994,-9,218,4,40,633.9381,3.346183,6.412503,-0.009944428,-0.50097805
0,2.79E-04,1.5303028,900.61224,152.02794,0.23853198,250.34618,-13,222,16,30,490.35156,6.8730288,6.21012,-0.014488356,-0.5048948
0,1.03E-04,0.7540703,1584.0527,1622.6884,0.45358095,111.37062,-8,264,8,10,1065.5565,11.324008,7.0066905,-0.33933687,-0.77008384
0,1.70E-04,1.9659979,554.941,547.0074,0.17855158,163.0725,-1,186,4,10,320.34418,5.5668116,7.2520595,-0.007528231,-0.5783784
0,1.31E-04,4.4773083,2806.6003,334.88693,0.11739466,135,8,267,4,40,482.58444,3.6086526,8.152115,0.18061441,-0.37878788
0,2.54E-04,0.7140424,709.49994,915.2649,0.26732826,294.77515,10,368,64,30,733.98346,6.621851,8.409323,0.07433975,-0.5145372
0,1.37E-04,4.493812,278.6858,182.43353,0.32372224,81.3045,39,53,1,30,1252.8191,19.218632,8.114651,0.025839793,-0.3768546
0,1.74E-04,2.1347485,1737.8453,255.75345,0.19107595,270,9,296,64,30,490.30035,2.3215306,8.754321,0.094450004,-0.5010846
0,5.40E-04,9.91901,657.2088,0,0.19535246,303.69006,-11,8,16,50,1083.7649,1.6745193,11.859108,-0.120485246,-0.5098452
0,1.58E-04,3.690452,3978.9368,21.499998,0.37145892,282.17145,-1,84,64,10,1087.2819,11.942688,7.717035,-0.1495308,-0.7253521
0,1.23E-04,1.8452072,3319.5457,211.02396,0.44934118,178.8767,0,902,16,10,265.30084,11.683872,7.293297,-0.41881764,-0.72121215
0,1.05E-04,0.661161,4062.4717,3831.6511,0.40728563,166.8908,-16,173,4,10,1072.224,16.902182,7.087511,-0.35453025,-0.7582622
0,1.23E-04,8.847235,472.99997,42.999996,0.30722848,262.5686,4,748,16,40,226.55159,5.371903,6.76468,-0.11690714,-0.49789134
0,2.65E-04,0.08759671,1891.1458,4730.8403,0.34241712,323.47113,-24,576,32,10,678.1708,15.239652,7.0348296,-0.24112663,-0.690053
0,2.86E-04,2.7900522,321.2167,469.31024,0.28642592,140.71059,8,217,2,10,325.11197,3.2976756,7.8225374,0.06378088,-0.5322884
0,7.39E-05,8.682467,3328.1646,30.405588,0.20317318,191.30994,8,24,8,30,979.83813,1.1842326,9.072458,0.055992298,-0.41680712
0,2.51E-04,1.8008581,1650.0255,121.62235,0.30936113,284.30026,2,436,32,10,707.64655,12.044478,7.8151655,-0.1462766,-0.6264151
0,1.18E-04,6.860655,322.49997,60.811176,0.20113035,119.0546,10,672,1,10,365.15256,4.771878,7.806944,-0.01200453,-0.5375086
0,1.26E-04,0.8818655,1425.0203,1608.1469,0.12907843,109.798874,-2,179,2,40,653.9052,6.1481314,6.93223,0.26665142,-0.28519857
0,5.02E-05,0.95918787,2285.8274,2470.044,0.32071766,263.65982,-24,534,16,10,869.5672,27.201092,6.845536,-0.18113612,-0.72619045
0,2.45E-04,1.8903702,2265.5127,163.60626,0.19558455,165.96376,10,274,8,10,301.05557,5.727144,7.7761383,-0.04207186,-0.58025455
0,3.83E-04,1.9586143,1522.7379,0,0.23703629,116.56505,-6,372,2,30,621.77527,1.0386748,7.8660183,0.018096514,-0.55231786
0,1.96E-04,0.056582183,1787.449,4839.6743,0.46334797,145.7843,-9,722,8,10,828.7044,6.9875455,7.575044,-0.3616248,-0.7274207
0,3.42E-04,5.8299756,2449.0369,121.62235,0.13252273,315,0,174,128,40,537.32043,0.6569588,8.156663,0.17943092,-0.34623173
0,2.85E-04,1.2871013,2579.9998,105.22559,0.3468907,33.690067,2,188,4,10,366.70084,1.6745193,7.4808927,-0.0627566,-0.59366757
0,2.70E-06,6.9894686,6161.0493,30.405588,0.29359177,167.73523,-19,716,64,10,367.95175,5.450723,6.310492,-0.028201573,-0.61627907
0,1.07E-04,2.2212567,4356.016,1405.4026,0.3813337,330.1729,-9,1167,32,10,238.60199,19.314661,6.9786325,-0.35530382,-0.74613005
0,2.89E-04,2.43261,601.99994,21.499998,0.14094052,90,-3,138,4,40,813.15485,0.4645502,7.37515,0.16899225,-0.42312333
0,2.37E-04,2.4434867,163.21848,30.405588,0.09420806,315,-6,173,4,50,609.32007,1.3137449,11.859108,0.09055059,-0.130894
0,4.42E-04,3.5590892,330.90326,30.405588,0.35738516,135,-3,454,128,10,277.42218,0.6569588,7.1711183,-0.23242366,-0.7253231
0,3.09E-04,5.749988,760.1397,212.83913,0.3586775,101.30993,1,57,1,10,1051.7252,15.041845,7.9914002,-0.07638682,-0.596455
0,2.92E-04,5.82676,155.63524,257.99997,0.12829405,329.03625,-2,574,16,40,291.62396,1.3541625,11.859108,0.031847134,-0.36690646
0,4.61E-04,3.1020155,743.2141,105.22559,0.37105492,205.34618,3,415,8,10,285.0601,4.8716373,7.4330297,-0.22701149,-0.72547036
0,2.02E-04,2.9231641,480.0472,192.653,0.19371565,128.54118,-6,412,1,10,437.01962,17.003935,7.5753284,0.033407573,-0.437615
0,2.59E-04,1.9332062,3767.2388,1129.8634,0.37810436,288.43494,55,555,64,10,723.43115,15.7506275,7.872477,-0.27515233,-0.70798415
0,1.12E-04,4.0145693,360.7303,354.43433,0.29563445,11.309932,-17,674,64,30,320.93027,8.233659,7.593031,-0.019970775,-0.6228365
0,7.45E-06,6.943976,5543.7173,0,0.20332664,251.56505,-30,760,16,40,362.36,2.2025177,11.859108,0.12227956,-0.5623003
0,1.97E-04,3.7054892,1922.1553,42.999996,0.39380497,180,-7,576,2,10,310.08127,6.017067,6.917232,-0.1954717,-0.65690374
0,1.84E-04,1.4003568,85.99999,214.92514,0.27401343,219.80557,-10,279,8,10,314.27844,7.218233,6.617031,-0.2918919,-0.6837338
0,3.05E-04,2.2812612,972.9788,71.47445,0.3757307,90,6,408,64,40,707.149,1.8575904,8.375547,-0.13930605,-0.58653843
0,1.16E-04,7.3603206,1478.4303,248.70006,0.19997089,306.3268,24,38,16,10,950.8958,18.889793,7.8133774,0.035467528,-0.57278055
0,1.30E-04,1.3944275,3687.8215,2019.3948,0.4311284,323.74615,-12,268,32,10,922.7677,20.658892,7.530676,-0.23892894,-0.7488007
0,2.63E-04,3.4596922,227.42166,129.74591,0.19698538,45,-5,264,32,40,355.94864,2.9538245,7.029167,0.13516857,-0.48210973
0,1.39E-04,0,762.6987,7518.9995,0.44658935,181.50743,10,718,2,10,761.448,17.130072,7.719094,-0.37286302,-0.7118187
0,1.04E-04,0.6281658,2148.5686,2442.0852,0.3891,238.89717,3,311,8,10,1067.2611,29.80838,7.434742,-0.26829734,-0.70397943
0,1.30E-04,0,964.93176,6504.4263,0.5030046,139.82077,-40,942,2,10,253.62982,25.526953,7.181763,-0.41997492,-0.7755715
0,3.09E-04,2.2161236,84.1935,360.64407,0.14003105,149.03624,6,186,1,30,616.6825,4.0564528,7.294609,-0.012298632,-0.4720403
0,2.20E-04,8.775679,4286.1743,100.44561,0.16765478,306.8699,13,687,32,40,274.46524,6.934349,8.549288,0.10452218,-0.494482
0,9.16E-05,0,2508.055,11880.43,0.49761033,26.56505,-4,652,32,10,689.00415,9.267424,7.5260487,-0.3797706,-0.7619175
0,1.71E-04,2.5910013,169.48521,85.99999,0.2773216,319.2364,-5,384,32,10,448.074,17.246763,7.929568,-0.07807661,-0.6006776
0,2.61E-05,8.076144,5245.5894,171.99998,0.5016498,165.96376,0,733,4,10,325.51562,3.8251698,7.4564567,-0.31937698,-0.76123405
0,2.18E-04,0.23192409,1086.5521,997.6474,0.37423304,225,-6,547,8,10,787.57837,0.9853842,7.129092,-0.2568282,-0.74655646
0,1.40E-04,0.24933897,1662.4302,29.369543,0.21096438,133.72697,-4,356,1,10,709.50366,27.299355,7.675317,-0.12025875,-0.65652174
0,2.34E-04,2.5852637,5148.6846,2934.8413,0.19564264,186.60484,-20,1083,2,30,292.61053,21.191727,6.675051,0.12068965,-0.46097633
0,1.06E-05,1.9680353,6092.5303,334.4615,0.35092792,97.47156,61,561,1,10,655.60706,26.511393,8.085941,-0.17319098,-0.7160208
0,1.29E-04,4.94212,1078.7662,112.15455,0.3359817,198.43495,4,654,64,10,285.2606,1.4687471,8.988627,-0.024487095,-0.5563003
0,9.79E-05,2.2549198,3640.3027,29.369543,0.14841852,66.80141,-10,380,8,40,319.73798,3.5335,11.859108,0.0968572,-0.45816025
0,2.55E-04,4.305411,3381.0144,129.74591,0.1744357,110.22486,26,521,4,40,423.04947,4.6927934,8.782264,0.052506533,-0.4232691
0,2.20E-04,0.9352021,1374.4535,3158.944,0.30729556,123.31063,-46,529,1,30,306.29712,9.636182,11.859108,-0.07625708,-0.6325294
0,1.61E-04,0.90365434,4387.5938,2584.0847,0.20254776,77.73523,-9,410,1,10,489.88425,5.450723,6.763069,0.038806535,-0.4968387
0,9.26E-05,1.1649697,4243.746,1804.7047,0.12914121,359.46454,-12,351,64,30,606.48676,23.451332,7.4761677,0.020992678,-0.504
0,1.43E-04,1.1151159,2297.8152,1128.9781,0.17751276,145.0975,3,429,2,10,463.83362,23.031096,8.011079,-0.07275119,-0.5880767
0,1.00E-04,5.745361,3750.4944,29.369543,0.1338111,270,-7,366,8,40,449.92807,0.9290393,6.6626763,0.12384536,-0.41687414
0,2.33E-04,1.4188753,1240.7571,1220.4365,0.18371364,190.30484,12,238,2,10,867.1339,5.1797853,8.927573,0.13794212,-0.48039758
0,6.10E-05,0.86786455,2191.3699,679.94073,0.15700608,285.25513,-3,305,64,30,697.8113,7.8948574,7.9585867,0.13965726,-0.42194468
0,2.38E-04,2.3340385,473.58768,335.56848,0.23910321,236.30994,-31,494,16,30,680.912,19.331402,7.3888702,0.07134424,-0.52309823
0,2.02E-04,2.791545,421.61377,518.3719,0.14441583,68.498566,11,438,2,30,441.5947,8.182497,7.4233637,0.039341263,-0.34918085
0,3.40E-04,2.261549,956.11487,425.67825,0.06513863,135,0,129,32,40,834.35223,1.6420193,7.492177,0.16862796,-0.3675787
0,1.34E-04,0.15292357,3333.53,3424.2312,0.34155655,180,-6,936,16,10,793.9856,11.904265,7.1121383,-0.31865472,-0.738437
0,1.67E-04,1.6355425,3149.4807,81.66979,0.18165563,239.03624,-4,184,4,10,363.35934,1.3541625,7.130516,0.17177737,-0.43361065
0,8.03E-05,15.677396,4542.3086,30.405588,0.2121458,45,16,748,8,10,283.3678,0.9853842,9.206072,0.05027377,-0.5387097
0,7.35E-06,1.733183,3763.8354,747.42773,0.4342599,135,-4,272,8,10,300.9786,1.9701859,7.4563046,-0.2878503,-0.7449958
0,2.44E-04,1.0705875,555.64905,514.6868,0.20664433,220.55261,-3,298,8,10,820.46857,27.364061,8.050324,0.033854682,-0.5641026
0,1.46E-04,4.6285305,680.50494,257.03857,0.35946447,239.03624,-2,18,4,10,943.8274,5.4015985,8.450008,-0.18131459,-0.6730679
0,4.39E-04,2.0800292,60.811176,240.99713,0.087489165,102.52881,-11,189,16,30,389.65915,4.275084,6.5788717,0.08639947,-0.41490716
0,2.44E-04,4.2335467,776.5738,151.73618,0.17784224,106.69924,3,435,1,30,685.5517,4.8386173,7.939292,0.07321275,-0.5103874
0,3.38E-04,6.4247675,493.20166,60.811176,0.3048436,303.40784,28,12,8,10,1061.3246,12.8577385,7.8950677,-0.016936323,-0.54736537
0,2.82E-04,5.332818,1030.8948,265.74655,0.27966928,180,6,163,16,40,593.73175,0.4645502,8.51645,-0.18513988,-0.5356577
0,9.08E-06,0,5943.6694,7660.915,0.34227824,295.42688,13,597,8,10,669.43677,15.313444,8.081612,-0.38098747,-0.7351852
0,1.03E-04,1.452607,3826.2913,237.8631,0.37440836,347.00537,2,231,64,10,339.80988,6.1740007,7.8797803,-0.22920588,-0.68698347
0,2.56E-04,0.10522798,3452.8464,5379.663,0.40584406,77.39984,23,734,1,10,782.0997,19.448053,7.8517227,-0.33559322,-0.71517414
0,9.03E-05,1.7384857,4485.2705,1252.0682,0.38586625,346.84906,-16,411,32,10,923.6527,24.011374,7.1925616,-0.29034713,-0.6668305
0,8.13E-06,2.4551408,5038.5986,188.9699,0.20502421,240.25513,-4,770,16,10,391.97043,7.448564,7.2609367,0.09971634,-0.52645206
0,1.20E-05,4.8216286,5793.4434,60.811176,0.5097748,90,17,773,2,10,390.55804,1.3934064,7.931003,-0.339895,-0.8026926
0,3.16E-04,1.0700517,1274.1144,1990.712,0.15508178,180,0,391,4,10,576.5079,5.5572324,7.469114,0.13814351,-0.43291473
0,1.26E-04,0.66169465,1457.0575,3011.067,0.21954425,132.06433,-5,276,2,10,555.7772,12.619969,8.220807,0.030749243,-0.47043365
0,4.27E-05,0.53153026,4320.5986,3495.7432,0.43764317,350.6398,-13,700,64,10,912.98456,20.50063,7.8764863,-0.36248264,-0.73949367
0,1.95E-04,0.3369926,2797.0752,7878.255,0.45385015,152.44719,22,1257,32,10,539.5913,11.878573,7.656398,-0.34910995,-0.7403755
0,6.20E-06,0.23498626,5659.3135,3558.828,0.4974216,38.29016,10,985,128,10,837.6352,5.60496,8.004508,-0.43615353,-0.7878825
0,3.24E-04,0.80280375,727.0224,121.62235,0.089424156,180,1,190,2,40,663.2003,1.8575904,7.7221346,0.22800577,-0.30902624
0,2.87E-04,0.5036742,1584.2142,627.7618,0.2562359,331.62076,14,528,32,10,824.5779,21.84487,7.1112804,-0.2414905,-0.7299051
0,2.77E-04,2.7695441,2601.1196,1050.0212,0.40047178,245.09523,9,196,16,10,961.72955,14.05258,7.815935,-0.28708544,-0.7036478
0,1.39E-05,0.09566565,2856.7627,4808.504,0.4406075,9.293308,-20,831,8,10,692.7438,12.731555,7.348845,-0.37954497,-0.7209549
0,2.46E-04,11.437339,1537.7778,247.73125,0.23716097,135,-6,31,16,30,1023.7572,0.9853842,6.659854,0.11062135,-0.47816285
0,1.97E-04,0,3243.2856,8308.58,0.31353286,241.58734,-25,692,8,10,811.013,15.704153,6.7478414,-0.32489452,-0.715847
0,1.13E-04,3.9936898,4657.9233,152.02794,0.20590968,198.43495,7,734,1,40,206.86096,1.4687471,8.735478,-0.02513258,-0.46587536
0,2.62E-04,5.389338,1610.0533,497.82385,0.2986597,173.92755,3,577,16,10,288.6023,10.847289,7.628907,-0.055555556,-0.655496
0,1.87E-04,7.980069,1223.129,60.811176,0.33956602,135,-15,17,2,10,939.21313,1.3137449,11.859108,-0.08223944,-0.48261294
0,1.08E-04,0,2227.1418,8786.524,0.38587117,209.74489,-5,599,1,10,773.41736,7.448564,7.596732,-0.380042,-0.7298795
0,2.93E-04,5.8469224,97.51856,30.405588,0.20295459,225,9,491,16,30,349.9691,1.3137449,9.435639,0.066200465,-0.5009367
0,2.51E-04,2.2023532,2132.4792,21.499998,0.2175139,315,-3,219,32,10,335.9135,1.6420193,7.3562284,-0.09118012,-0.54231536
0,1.50E-04,12.763468,2756.5679,30.405588,0.10354109,180,3,791,4,40,263.37936,2.3215306,6.523383,0.08541071,-0.45277506
0,1.17E-04,0,1822.9078,9729.776,0.46365678,52.35238,-13,485,128,10,767.7443,10.159885,7.5704494,-0.38567933,-0.73653334
0,2.83E-04,8.4904995,2275.6372,21.499998,0.33246812,40.601295,6,464,128,30,431.80057,4.275084,8.395724,-0.058061633,-0.61706483
0,1.68E-04,0.9277591,1168.901,1785.4282,0.19362932,298.44293,7,443,32,10,986.27045,12.478897,7.730577,-0.26490566,-0.51605606
0,1.39E-05,0.2781758,3308.5344,2896.176,0.41930357,69.623566,-39,613,128,10,692.0284,31.192963,7.09849,-0.22832167,-0.6504581
0,1.59E-04,3.2459452,2464.6155,273.6503,0.22658372,23.19859,5,603,128,40,347.39798,7.040324,7.973055,0.09125279,-0.48664606
0,1.84E-04,1.8060733,738.9347,939.60846,0.26961753,254.05461,-14,305,2,10,321.78644,3.3781307,8.064954,-0.21553513,-0.64857256
0,5.74E-05,2.1435854,4400.637,91.20252,0.145172,300.96375,-4,202,1,40,522.50024,1.3541625,7.411794,0.124039516,-0.36100057
0,1.34E-04,6.810644,1736.1547,60.811176,0.21027365,85.91438,-22,683,4,10,356.26572,6.4924836,7.103345,-0.19079523,-0.5531915
0,1.24E-04,0.15947345,1656.2051,1737.4832,0.4854678,271.0609,-36,581,16,30,814.22955,23.649233,7.255609,-0.5556546,-0.7938547
0,2.28E-04,1.9100828,577.68506,501.07065,0.31919658,119.0546,-3,285,64,30,337.38306,2.3900836,6.9583235,-0.06776798,-0.610647
0,2.36E-04,3.7500236,1061.2992,344.31427,0.12093596,39.559666,-2,656,64,40,463.6009,6.89609,7.3339653,0.10408114,-0.34371606
0,1.85E-04,2.2066958,1474.6246,968.7302,0.3211831,279.4623,16,313,16,10,329.4649,19.046614,8.097234,-0.33009022,-0.66538954
0,2.76E-04,3.037198,1468.6099,740.65814,0.41507357,137.79271,-54,771,2,10,283.596,35.2234,7.0889964,-0.25790215,-0.68864864
0,2.79E-04,5.6046114,1967.488,181.98657,0.42949352,4.236394,1,612,16,10,377.12286,12.381112,7.5517726,-0.12127317,-0.6180233
0,1.17E-04,0.72980946,2243.3416,202.50821,0.23201135,192.33908,-9,872,4,30,467.16858,14.87406,7.3110523,-0.010218978,-0.53097343
0,2.91E-04,4.4648275,836.3419,249.5824,0.33168578,181.08092,40,569,4,10,276.74402,12.128574,7.6981325,-0.088575095,-0.6825397
0,2.24E-05,0.48495093,5332.063,2652.0188,0.4031918,150.06848,22,221,1,10,935.9759,8.775692,7.9148674,-0.0632466,-0.61536294
0,3.03E-04,1.5605733,2011.8185,1216.2235,0.1817729,135,14,400,1,40,682.5994,1.9701859,9.068704,0.16597717,-0.41097423
0,2.85E-04,2.3803017,1290.417,29.369543,0.109559305,282.5288,7,345,16,40,662.2675,4.275084,7.683549,0.29680496,-0.387336
0,6.70E-05,3.3618362,3492.2827,56.576008,0.14911029,202.61987,-13,563,32,30,301.34177,6.017067,7.803167,-0.04961738,-0.41450432
0,1.52E-04,0.75914156,2063.9998,906.88153,0.111628845,259.5923,38,852,4,10,456.73892,11.418514,8.760593,0.19712448,-0.36112893
0,1.77E-04,0.01082294,1571.6771,6175.5786,0.38152605,33.99646,-40,596,64,10,864.2761,22.808153,7.533618,-0.34715027,-0.7240822
0,1.01E-04,1.7252346,4451.3726,515.99994,0.20138218,214.69516,7,196,2,40,759.2703,3.6676545,7.8101773,0.1518485,-0.48181486
0,1.82E-04,2.0311534,2514.9255,273.6503,0.32165846,108.43495,14,244,16,10,553.9701,0.7344942,8.560005,-0.06637759,-0.5838494
0,1.58E-04,1.0286613,866.8404,387.64795,0.12758335,94.398705,0,335,128,30,773.15045,6.0347114,7.742889,0.22214076,-0.42416108
0,3.97E-05,8.158886,3647.7637,113.38257,0.16444036,320.35583,-21,720,16,10,305.17053,10.440772,8.131586,-0.016912866,-0.5589104
0,1.76E-04,2.6761332,2037.1744,21.499998,0.13776238,208.30075,-10,449,4,50,297.76413,3.4254887,7.7214723,0.006304177,-0.57625
0,9.25E-05,2.569042,1686.3271,455.35916,0.2779949,280.61966,-5,477,16,30,835.4445,7.519032,8.255909,-0.22994849,-0.7187661
0,1.61E-04,0.11726775,550.81,545.4611,0.31673193,130.23636,-10,572,2,10,825.9143,34.620445,7.1466846,0.028410034,-0.45400298
0,1.50E-04,0.5748582,3253.0898,373.14972,0.4272427,228.94519,-8,1123,16,30,562.718,9.461983,7.3465023,-0.18629251,-0.68091166
0,1.45E-04,11.672537,1297.9971,0,0.25151724,81.869896,2,724,32,40,281.45425,1.6420193,8.556948,-0.030829353,-0.54155844
0,3.50E-04,2.8204234,724.54614,56.576008,0.17393216,186.84277,-1,300,2,30,342.92136,5.8284774,7.020068,0.15165165,-0.4169279
0,5.00E-05,0.24285841,4529.8633,2167.869,0.22677365,71.56505,0,47,64,30,1091.0057,0.7344942,11.859108,0.00778761,-0.44410098
0,4.24E-04,2.8251197,519.65375,71.39868,0.20396346,315,17,408,32,10,301.6694,1.3137449,8.857244,-0.065469354,-0.6725127
0,1.13E-04,2.4192412,4653.173,399.1134,0.44736323,1.7357038,-54,460,32,10,295.9906,7.623457,11.859108,-0.30692422,-0.770092
0,5.06E-05,0.24304932,2659.1682,4221.626,0.434923,239.03624,10,240,8,10,925.22235,10.708851,8.394153,-0.3500586,-0.7389664
0,1.84E-04,1.3036587,451.6014,723.32684,0.2849318,5.9644866,6,822,32,10,435.88074,15.274997,7.3325577,0.09981516,-0.51666147
0,1.74E-04,3.1694858,609.5841,42.999996,0.17546377,29.29136,3,442,128,30,305.6245,10.79024,7.080273,0.049045835,-0.5134828
0,2.02E-04,2.6811512,1920.1272,345.60846,0.329896,32.275642,-16,76,128,10,905.1207,10.326413,7.266006,-0.012655623,-0.57876164
0,2.31E-04,4.9486904,1762.1156,60.811176,0.23706362,181.54816,-3,478,4,10,392.51505,8.533835,6.794272,0.056988083,-0.5860058
0,1.55E-04,0.88034266,4305.0303,1253.3873,0.22901177,181.59114,7,288,16,10,531.80414,16.278042,7.875614,-0.031891122,-0.51010704
0,0,15.231078,7462.01,30.405588,0.0908939,237.09476,-21,776,1,50,301.16586,4.6927934,6.028218,0.17310345,-0.16013546
0,3.12E-04,0.84566003,1987.5537,994.3875,0.2520089,165.96376,8,293,4,30,535.83923,20.190315,7.8574347,-0.002438175,-0.4736303
0,1.03E-04,0.80719554,2618.4023,1261.7085,0.37833673,233.1301,15,904,8,10,461.01624,4.635463,8.89953,-0.123488605,-0.6134358
0,2.25E-04,1.204915,754.4078,1126.5847,0.06781006,358.02505,21,371,128,40,458.42368,6.7092934,7.5971875,0.20811856,-0.29130548
0,4.06E-04,5.5656123,1482.9568,159.27518,0.37920535,315,-1,586,16,30,309.52545,4.915313,7.1254487,-0.24538644,-0.71601206
0,7.98E-05,0.14039958,3762.4998,3469.0623,0.21199822,17.354025,2,434,64,30,758.22644,7.740022,8.289985,0.032956503,-0.51812303
0,2.36E-05,2.5223176,5689.764,21.499998,0.10700611,164.74489,1,207,4,40,530.16376,2.6465178,7.4581747,0.14356743,-0.31163144
0,6.70E-05,1.3877355,1487.2814,1795.325,0.47459748,60.195248,-21,529,128,10,890.0124,25.69786,7.8874207,-0.37293795,-0.76640624
0,2.51E-04,1.7202382,1946.4825,522.4557,0.38450143,179.43274,-19,630,2,10,333.14145,22.268095,7.683194,-0.18934485,-0.68916154
0,5.26E-05,0.76064295,5481.491,1941.6427,0.42183688,60.802513,-15,181,1,10,943.8128,17.526125,8.0014515,-0.26111054,-0.73425364
0,3.40E-04,9.172837,1657.4188,219.91838,0.364363,128.991,17,28,1,10,1068.9329,6.2509456,8.345452,-0.18869807,-0.7071929
0,3.27E-04,1.719265,1825.1489,279.49997,0.19480415,231.3402,-1,145,2,10,860.4282,2.9719696,7.8110394,0.091604955,-0.46905273
0,1.83E-04,1.9150434,1628.225,2170.0608,0.17687294,252.34988,-7,309,32,30,628.35675,20.524916,7.530182,0.072649576,-0.47243425
0,2.26E-04,7.5143356,2244.0845,30.38851,0.27095073,349.992,-2,509,1,10,391.9988,4.0032506,7.2460456,0.017147636,-0.59755266
0,2.49E-04,6.182957,2121.1116,0,0.23872666,282.99463,10,592,16,10,393.93268,3.0959876,8.153589,-0.07712716,-0.5072925
0,1.65E-04,1.860532,804.43744,712.2775,0.14899036,319.0856,-2,470,64,30,467.9873,13.572206,7.92945,0.13765979,-0.37622598
0,2.07E-04,1.3289064,1214.6041,2579.8877,0.20465654,206.1139,5,507,4,10,672.9704,12.967005,7.5189266,-0.055217136,-0.55337
0,1.79E-04,1.8545474,3943.694,912.16766,0.10754954,266.63354,19,217,8,40,462.90796,3.9493225,7.8559093,0.123104475,-0.32133862
0,1.85E-04,2.6724875,654.3392,752.7384,0.1815236,133.5312,15,239,4,10,519.12714,24.10108,8.2164135,0.08365468,-0.4829343
0,4.59E-04,1.4390743,1303.6873,671.41205,0.2908563,57.804264,17,562,64,30,273.40665,21.208609,8.444921,-0.17563902,-0.64849603
0,1.23E-04,0,820.61554,10031.207,0.4670961,68.498566,-12,555,1,10,768.66125,23.333975,7.689735,-0.3946741,-0.78031456
0,2.35E-04,0.86085916,889.2088,60.809933,0.10193743,238.3925,6,300,32,30,762.61676,7.0553284,7.397719,0.29138687,-0.31437856
0,1.07E-04,6.797218,4485.234,30.405588,0.3666628,329.03625,9,643,64,10,286.05817,5.4015985,7.5806613,-0.12870201,-0.66415095
0,2.30E-04,4.111772,1828.6195,169.48521,0.3404426,63.434948,9,518,64,10,320.7946,2.0766673,8.964118,-0.18481013,-0.687188
0,2.47E-04,0.41297266,181.98657,4090.211,0.4167726,168.11134,-38,289,4,10,941.9355,17.477232,7.0122676,-0.314597,-0.7661344
0,2.02E-04,1.2879481,945.99994,958.0488,0.15933286,104.123184,86,284,1,10,472.3599,32.94179,7.704374,0.05551594,-0.4736173
0,1.43E-04,0.07835524,3545.308,2373.1997,0.44461325,234.09027,-24,664,8,10,808.1682,8.259114,5.8095455,-0.3619086,-0.7387713
0,2.29E-04,1.0446271,1959.84,574.0801,0.22884174,32.47119,-11,458,128,10,517.1878,6.0347114,8.153878,0.108011566,-0.52088165
0,0,7.581519,6884.065,0,0.16651459,98.130104,-7,704,1,10,375.11664,8.15679,8.1516905,0.068882465,-0.52144825
0,6.23E-05,1.1067138,4781.8477,3155.0461,0.27250937,234.67336,3,423,8,10,1187.7294,27.103697,7.630388,-0.28562972,-0.58680445
0,1.33E-04,0,1507.1453,9099.723,0.35039625,55.304848,4,458,64,10,681.5586,3.6676545,7.4125137,-0.29746467,-0.72694486
0,6.52E-05,0.82663596,5463.449,1983.9775,0.43310606,36.528854,-20,209,128,10,952.3113,15.239652,7.3512955,-0.33363006,-0.7250432
0,1.83E-04,0.21448144,2591.9434,4393.01,0.4309475,287.44717,-13,847,16,10,310.88147,16.566122,7.1904716,-0.3303041,-0.75837374
0,6.26E-05,0.59388494,1734.6238,1490.7883,0.43530747,315.99634,-6,644,32,20,915.9461,33.402016,7.61528,-0.45858783,-0.7107651
0,1.55E-04,2.8628802,982.57153,169.97234,0.46006647,95.463844,54,415,1,10,855.31665,25.095768,7.5865593,-0.35990503,-0.76413643
0,2.28E-04,1.2573336,972.9788,1584.0483,0.08335228,306.8699,-17,476,16,30,486.56522,9.211026,6.730628,0.14079823,-0.36563876
0,6.10E-05,0,3692.0303,12663.988,0.44830686,333.43494,-3,581,32,10,766.6258,24.382744,7.5957704,-0.41361257,-0.76542705
0,1.59E-04,4.780788,659.6544,60.811176,0.08512524,90,13,490,2,10,391.85074,5.5572324,7.1738896,0.1641051,-0.43979505
0,1.14E-04,2.7036774,555.58905,56.576008,0.1451025,149.03624,8,13,16,60,931.1057,1.3541625,7.8056307,0.14005168,-0.23381117
0,5.36E-05,7.0857067,4107.754,669.71735,0.31437302,225,16,675,16,10,313.7186,3.2813458,8.622592,-0.20894738,-0.6012548
0,6.65E-05,2.6477869,5231.3975,121.62235,0.123598054,45,-25,356,2,40,517.11194,2.9538245,6.4361215,0.1839585,-0.4954296
0,2.06E-04,2.3294659,1216.2235,923.031,0.43791184,246.9296,28,222,8,10,992.18335,25.449697,7.7916665,-0.2865009,-0.68265766
0,5.75E-05,0,2050.1235,6577.314,0.38917795,118.37924,20,1089,1,10,704.1152,21.84487,7.33336,-0.31961057,-0.7629134
0,1.35E-04,0.4171258,620.6938,4217.028,0.41148695,6.632514,15,200,128,10,1124.6222,9.953978,7.818921,-0.3639489,-0.71182
0,2.01E-04,5.3022523,762.12646,323.9231,0.42747772,101.30993,-11,169,8,40,553.2418,1.1842326,7.129994,-0.43425015,-0.65869516
0,2.13E-04,2.378407,1103.3356,169.97234,0.3270418,14.743562,22,439,64,10,276.04794,9.051114,7.6182003,-0.14943987,-0.63893914
0,0,0.6540858,6830.656,655.9517,0.36223018,290.55603,20,436,64,10,833.9106,19.104988,7.541562,-0.2021196,-0.5746158
0,7.04E-05,3.3305514,3923.0525,21.499998,0.21557583,29.47589,9,514,64,40,641.0409,6.113464,8.016663,-0.024941543,-0.470506
0,3.04E-04,2.0219228,1307.3011,665.5465,0.242196,140.71059,-32,381,2,10,704.2656,9.807055,7.3857555,0.09069882,-0.5162535
0,1.76E-04,3.21159,768.2499,991.91235,0.2331266,29.74488,32,629,64,10,291.94812,7.448564,8.184172,0.039882913,-0.53271025
0,2.55E-04,2.034502,4111.6904,945.99994,0.080999136,318.57632,-13,208,32,40,362.5516,5.251402,6.8098807,0.12209684,-0.37069455
0,9.83E-05,0.511442,1855.1289,1098.8269,0.49299532,164.74489,-41,116,4,10,1085.9016,2.6465178,11.859108,-0.33814767,-0.74584854
0,2.70E-04,5.2389984,695.70105,1022.6222,0.42264813,191.30994,-12,760,4,10,249.36847,9.390223,7.6552,-0.29347622,-0.70719606
0,1.74E-04,2.9580047,1746.5686,0,0.16527094,239.03624,-3,159,4,40,773.81934,1.3541625,7.7640758,0.11801592,-0.4233087
0,1.47E-04,0,2305.7837,8757.182,0.35571104,270.8814,-12,883,32,10,841.2008,14.764288,8.007132,-0.2912673,-0.6875435
0,9.91E-05,1.1076639,286.43903,100.44561,0.28494355,127.874985,-4,498,4,30,643.285,2.6465178,9.097959,0.10505173,-0.41113243
0,4.11E-04,7.751144,279.49997,30.38851,0.2878534,281.30994,8,6,4,50,1076.4346,2.367454,7.8201585,0.010464563,-0.5916858
0,1.43E-04,0.88817513,2429.4998,540.706,0.32769486,180,3,33,1,10,1186.2772,0.9290393,9.099396,-0.24928682,-0.6999104
0,3.64E-04,2.023068,60.811176,792.3671,0.32731152,167.27565,15,284,4,10,325.08627,7.3415356,7.8991623,-0.16835396,-0.64867723
0,1.70E-04,1.909366,417.7075,692.77057,0.2020717,345.25644,7,198,16,30,320.26486,4.5539675,7.8219686,0.104523465,-0.5035461
0,1.18E-04,1.8371718,4277.4536,383.2924,0.31971067,63.434948,-9,193,2,40,759.3097,3.1132982,7.374597,-0.09914476,-0.55815
0,7.65E-05,0.35864684,5154.8115,3445.964,0.22451773,236.84207,-36,324,4,10,605.23224,19.960737,7.066176,-0.018682858,-0.5833031
0,2.08E-04,3.1066935,914.058,30.405588,0.39395922,174.80557,2,49,4,10,895.69244,2.5639057,7.720257,-0.23105998,-0.6881127
0,1.95E-04,6.7589297,1041.5728,21.499998,0.2437017,111.03751,11,403,2,50,455.26227,3.2318566,7.574073,-0.005940594,-0.48624927
0,4.48E-04,3.1225774,267.68762,42.999996,0.22425106,193.3925,-21,388,2,10,312.17767,5.0014973,6.9194975,0.002997464,-0.5581982
0,1.05E-04,0.6094485,2277.6921,2554.0693,0.3476887,216.9643,39,321,8,10,1067.4781,26.204697,7.750203,-0.23030724,-0.6727387
0,3.44E-05,5.0842586,3423.9988,932.19574,0.13295715,113.19859,5,317,1,40,431.2384,3.5335,7.472256,0.11854478,-0.3511342
0,1.63E-04,0.64906687,1764.5449,1513.4103,0.37761807,142.90717,-12,595,2,10,947.094,32.011147,7.8019996,-0.17048031,-0.60259664
0,2.79E-04,3.4054794,1702.713,56.576008,0.3049428,259.99203,16,403,8,40,486.7199,7.9677925,8.797626,-0.09538688,-0.61386406
0,1.17E-04,0.8497883,42.999996,2580.4568,0.455024,172.79395,-11,252,2,10,952.0382,19.570845,7.3243046,-0.3259346,-0.75267017
0,6.36E-05,0.45203018,1213.2136,2728.5793,0.36376953,16.699244,26,419,16,10,893.90063,4.8386173,8.655244,-0.30814922,-0.72116286
0,2.66E-04,3.254796,257.99997,308.72998,0.36239272,55.619656,-8,516,1,10,286.08286,5.3320456,7.8204956,-0.10190664,-0.6002546
0,5.17E-05,8.387986,3077.416,56.576008,0.18419212,260.5377,9,753,4,40,337.9916,2.8235226,7.9896636,0.13835958,-0.49425286
0,3.80E-05,12.167052,4681.053,364.6422,0.26191404,301.26373,-40,776,8,30,302.6488,27.976767,6.5988755,-0.23893805,-0.6320101
0,1.85E-04,3.6031663,1024.6117,665.46857,0.39733514,130.1009,-1,118,2,10,997.8929,11.387108,7.040114,-0.21873279,-0.67830044
0,3.20E-04,2.1253757,169.31851,60.535225,0.181539,33.690067,6,395,1,40,612.50366,1.6745193,8.182623,0.2012348,-0.35826772
0,1.92E-04,0.023286048,2168.9363,5379.2476,0.16942853,315,-8,240,128,40,782.78094,1.3137449,7.7633653,0.14009662,-0.38730127
0,5.83E-05,1.4331623,4603.8135,931.75305,0.25791156,251.56505,16,562,8,30,289.05942,12.294831,7.9020767,-0.01875541,-0.5842058
0,1.09E-04,1.7488902,1102.0032,21.499998,0.36313158,114.443954,-12,635,8,10,298.92316,2.8044105,6.9559565,-0.17598653,-0.67948717
0,1.18E-04,7.0208807,2140.813,0,0.19661078,3.814074,-14,722,32,10,351.65686,3.487623,6.4946985,-0.01721731,-0.4875808
0,1.46E-04,4.2501006,1882.6583,290.02682,0.2031932,338.19858,-2,412,32,10,747.32336,2.5001462,7.7208767,0.19361901,-0.48246118
0,1.63E-04,4.0367284,1146.6041,489.56992,0.46257126,277.8355,-1,227,16,10,1015.1477,24.039572,7.177446,-0.37025458,-0.7310513
0,4.10E-05,14.055036,5294.351,152.84537,0.07235373,-1,-6,742,16,30,296.57367,0,11.859108,0.09723208,-0.11644237
0,2.39E-04,0.7718323,424.36227,2647.0903,0.24222222,341.56506,-9,210,16,10,574.3345,2.9355664,7.4344044,0.008754863,-0.5404384
0,2.23E-04,2.6830957,509.10654,21.499998,0.1862675,264.80557,1,124,8,50,697.0889,2.5639057,7.464855,0.0868107,-0.3826169
0,1.94E-04,0.6729957,2210.418,1628.9547,0.22822756,95.33216,5,484,1,10,334.2635,16.981388,6.8782873,-0.20515089,-0.65675676
0,1.87E-04,2.4868555,2440.5154,30.405588,0.13085115,24.443954,7,277,64,30,494.34927,5.595448,8.282937,0.18019368,-0.44883558
0,2.04E-04,0.01217516,469.07758,5547.3564,0.37037313,256.47684,-6,250,32,10,977.3178,18.232029,7.235929,-0.26423392,-0.7028498
0,1.48E-04,1.9531636,2473.2517,176.71037,0.17809698,225,5,289,2,10,312.16272,0.6569588,8.226983,-0.13780999,-0.5959339
0,9.94E-06,7.9695115,6046.6685,375.20944,0.5324105,112.380135,-15,748,2,10,324.7079,4.262538,7.38823,-0.32263243,-0.78664356
0,2.53E-04,4.9407353,220.5916,85.99999,0.13271275,318.57632,1,579,32,40,283.76938,5.251402,8.5061865,-0.2820907,-0.3206651
0,2.10E-04,1.3152579,3149.0396,159.27518,0.12407187,19.133642,9,309,2,10,457.2978,11.874286,7.411289,0.11228136,-0.4221151
0,1.65E-04,2.0661516,3164.1182,0,0.21313852,262.5686,-3,694,16,10,476.70352,5.371903,7.459225,-0.039106146,-0.5591431
0,9.97E-05,0.18432845,4533.2583,3657.355,0.48548228,118.07249,-8,770,2,10,881.2844,15.412236,8.088825,-0.36378467,-0.7382716
0,1.35E-04,1.9752313,3523.6887,64.49999,0.15081263,344.0546,8,367,128,40,560.9871,3.3781307,7.0702724,0.055045873,-0.33862817
0,1.86E-04,0.9015028,209.30655,446.46976,0.15396947,288.43494,-5,195,16,30,653.3794,8.026948,7.338375,0.13870777,-0.4684184
0,2.09E-04,4.9866486,2043.8646,21.499998,0.1067763,300.96375,5,612,16,30,314.55457,1.3541625,7.756653,0.006530061,-0.43900847
0,4.10E-05,0,5289.4565,7254.9595,0.36128008,199.44003,-17,627,4,10,680.2279,23.678076,7.217047,-0.31267485,-0.70295924
0,1.07E-04,0.21139593,4108.2627,3831.5042,0.15093654,292.75098,22,264,16,10,683.87775,15.246085,7.784083,0.06794362,-0.5251331
0,1.76E-04,6.4012437,198.16425,225.23746,0.26823628,90,-13,687,1,10,234.6183,1.3934064,7.7940197,-0.03417467,-0.57429445
0,1.89E-04,0,938.6854,8042.193,0.4598269,191.00354,3,569,16,10,799.5435,16.560305,7.867914,-0.37402648,-0.74873
0,3.53E-04,4.3050222,218.78787,169.31848,0.35591167,257.90524,29,560,64,10,296.4487,13.071385,7.5882664,-0.16290079,-0.628692
0,5.25E-05,8.465362,2662.15,282.33167,0.30038828,236.68938,2,716,8,10,339.5278,9.636182,7.52094,-0.008849558,-0.6233535
0,3.86E-04,1.6083702,1447.3865,757.14343,0.29856157,127.99873,17,590,1,10,322.09363,18.224289,8.0703125,-0.28702578,-0.7426988
0,1.39E-04,3.2047641,1751.2175,171.99998,0.37460768,161.56505,-6,431,2,10,310.8084,5.1280046,6.966167,-0.25910136,-0.77992046
0,1.57E-04,0.9181974,3007.9253,1473.6881,0.3091651,222.2073,-15,536,4,10,839.28394,25.205872,7.727152,-0.27047145,-0.6050157
0,8.82E-05,0.028617674,3901.9805,5246.8853,0.25065178,51.009007,-31,497,128,10,626.2419,6.2509456,7.497753,0.002208481,-0.5299695
0,3.66E-04,6.735353,1703.9106,267.65326,0.31301302,295.55997,-2,57,16,10,1094.4688,5.901052,8.499884,-0.08857274,-0.58896035
0,3.47E-04,1.8238055,1042.6819,858.7516,0.34859863,315,11,96,16,10,1074.2245,13.538986,8.088955,-0.153471,-0.6404959
0,1.39E-04,2.913989,930.05316,765.90466,0.2188928,228.44739,-54,524,8,10,441.79886,25.48837,7.034767,0.024358697,-0.5111853
0,2.02E-04,9.96569,955.75134,29.369543,0.36368117,268.1524,-30,105,16,10,1225.8827,20.667637,7.107046,-0.28712872,-0.69405097
0,3.27E-04,0.011007981,1012.9162,5609.559,0.32371765,283.29858,17,494,64,10,802.6109,12.9046955,7.7114425,-0.2891751,-0.73575556
0,2.29E-04,2.4106557,974.74133,241.42955,0.22262037,63.434948,3,728,2,40,408.2234,2.0766673,7.351948,0.13300803,-0.4983678
0,2.03E-04,1.903021,2920.1082,205.3404,0.20925987,315,18,568,64,30,477.0922,9.120014,7.8813705,0.10515548,-0.4777027
0,3.04E-04,2.4410167,1046.2585,0,0.30417475,110.556046,3,276,1,10,331.90405,3.9628742,6.892169,-0.18534577,-0.7235619
0,6.97E-05,6.758492,3224.5293,30.405588,0.12838292,45,0,732,1,10,353.6813,4.5890746,7.6383576,-0.012430939,-0.61157936
0,1.47E-04,1.9281781,3142.9585,0,0.3745479,302.90524,-1,289,16,10,304.00854,4.6927934,7.3516083,-0.2688679,-0.7279192
0,1.50E-04,2.62003,2706.7717,0,0.2221632,284.03625,0,475,32,50,288.60123,1.9147184,7.864745,-0.057457335,-0.63166094
0,1.17E-04,2.0545688,1793.9297,1752.6394,0.041209403,86.18593,-4,356,4,40,538.13055,3.487623,7.1741467,0.041533545,-0.3802169
0,1.82E-04,0,2114.6394,8518.761,0.36624858,350.2176,-26,637,128,10,844.9532,13.420103,6.858527,-0.31762463,-0.7067749
0,2.30E-04,3.44E-04,1102.1976,6300.9707,0.47783145,279.68878,-30,533,16,10,812.4226,9.571257,5.5049973,-0.32452378,-0.7433928
0,2.81E-04,5.406748,773.99994,227.79872,0.31836557,53.1301,-12,165,64,40,593.5088,2.3215306,5.9705353,-0.34763092,-0.60451305
0,2.37E-05,0.5657339,3764.5918,2200.48,0.40026605,128.72893,5,744,2,10,630.1677,27.693672,7.8585954,-0.23236421,-0.7066167
0,2.52E-04,0.38909736,796.13513,1059.2609,0.37291646,257.61923,-19,454,16,10,816.1867,27.045273,7.485296,-0.17523868,-0.66455835
0,3.10E-04,2.0561662,150.49998,704.91345,0.11203743,225,1,362,64,40,667.92725,2.6261098,7.0662165,0.2623574,-0.34834585
0,1.01E-04,7.6182947,1891.037,154.52695,0.27551463,275.19443,3,28,64,10,951.97406,2.5639057,8.150982,0.048566643,-0.5979484
0,1.31E-04,1.6172968,3655.3625,30.405584,0.28155285,178.2643,-26,191,4,30,348.34106,7.623457,6.986806,-0.022274753,-0.6150531
0,1.25E-04,1.1757295,2994.1973,1881.2954,0.3119236,307.23483,17,611,32,30,682.26794,26.985172,7.740481,-0.16394383,-0.6131082
0,7.15E-05,0.40955204,3771.5676,2524.487,0.3878329,145.43747,4,161,1,10,930.0148,12.49106,7.4111814,-0.22416201,-0.7005659
0,1.07E-04,2.1146743,4008.5388,30.405588,0.34700653,237.26477,-16,667,16,40,460.61444,7.6853986,7.0153546,-0.14285715,-0.6
0,8.89E-05,0.53482544,1687.7166,3391.3833,0.45354575,79.592285,20,521,1,10,939.0823,21.995916,7.883238,-0.3458956,-0.75091577
0,0,11.053417,8227.897,56.576008,0.26342615,102.99461,23,771,1,30,297.8822,3.0959876,9.766288,0.05936706,-0.562548
0,1.92E-04,2.473527,2421.7935,375.33612,0.29344565,315,-2,470,16,10,285.41675,12.603937,7.5978174,-0.19068359,-0.7350993
0,2.61E-04,5.9871416,4360.4453,42.999996,0.2625063,176.18593,13,594,2,10,331.4273,3.487623,7.650909,-0.052983083,-0.49541575
0,1.68E-04,0.00169499,625.338,6177.665,0.36042386,324.4623,2,265,8,10,781.3815,1.9973403,7.614103,-0.24287653,-0.69750535
0,6.07E-05,0,4544.1494,8297.854,0.35936502,202.10945,-13,894,16,10,690.96576,15.645046,7.7410364,-0.36712563,-0.7365733
0,8.64E-05,1.6854166,5171.644,187.08377,0.14063029,18.434948,-9,195,128,10,372.8464,1.4687471,7.596656,0.21183953,-0.4109919
0,4.38E-04,2.529304,1391.297,112.15455,0.10261001,212.47119,-4,208,4,40,463.6877,3.0257473,6.5643034,0.22561905,-0.30080506
0,2.62E-04,4.5041003,1117.5596,141.51059,0.18017359,274.3987,-13,576,32,30,288.2042,3.0257473,6.4341335,0.11188272,-0.5305851
0,2.27E-04,1.6313802,2542.6733,121.62235,0.39326945,344.0546,5,648,64,40,300.30405,3.3781307,7.4676924,0.14230716,-0.46123213
0,1.07E-04,4.644027,3374.0461,56.576008,0.37840143,171.8699,-15,709,2,30,312.72348,3.2813458,6.1016345,-0.069276646,-0.61776954
0,1.74E-04,7.713804,1975.9268,71.47445,0.27073056,96.340195,-2,703,1,10,393.4416,6.284831,7.4488964,0.07145951,-0.61689293
0,2.81E-04,4.010063,2261.7085,105.22559,0.13249469,329.03625,-2,185,2,40,534.31525,1.3541625,11.859108,0.20213725,-0.3064193
0,2.96E-04,2.9932895,1650.789,383.6743,0.19058137,341.56506,8,424,64,40,267.97742,0.7344942,8.269809,-0.22675668,-0.5224676
0,1.06E-04,2.2359316,4952.0776,21.499998,0.16051221,219.80557,1,346,4,30,432.30923,3.6234941,7.6403966,-0.074664734,-0.5750332
0,1.69E-04,1.5546415,4408.8105,248.70006,0.45182288,155.55605,-17,205,128,10,344.6027,5.595448,6.7546034,-0.21734087,-0.71311975
0,1.60E-04,8.345623,2111.4976,21.499998,0.09765615,66.80141,-2,15,128,50,1237.3792,1.7684314,6.6614103,-0.036055677,-0.09889719
0,1.65E-04,2.1989365,3233.8774,235.33241,0.29604807,149.03624,-2,723,8,30,489.66037,2.7068136,8.125928,-0.10057321,-0.64315355
0,1.11E-04,4.8104796,1563.0922,100.44561,0.21084435,264.2894,9,446,16,10,366.74457,4.6584816,7.7487955,-0.035920177,-0.5939952
0,1.84E-04,1.1676166,2940.306,206.6291,0.15440188,207.89728,-4,480,2,30,605.38983,4.458975,8.171638,0.18840037,-0.44744745
0,5.43E-05,0,3084.9465,7822.2954,0.13350247,263.3675,-7,1110,16,10,695.39734,9.953978,7.7733808,-0.3730847,-0.73495424
0,2.79E-05,1.5242481,6028.2485,1406.2812,0.13897073,317.8624,14,411,64,10,517.14105,12.931998,6.9867353,-0.001771165,-0.5018587
0,1.56E-04,0.952855,3961.5603,501.25818,0.10776128,68.19859,2,323,128,30,709.5264,2.5001462,8.28878,0.19598316,-0.46473888
0,3.17E-04,7.5653715,2311.6113,91.21677,0.25631815,87.510445,7,25,2,10,1057.8356,5.3320456,7.599893,0.04874785,-0.49789283
0,4.12E-04,3.6581924,885.0467,121.62235,0.20625612,19.983107,-6,421,64,10,325.75797,5.421303,7.069865,-0.036882684,-0.5857234
0,2.32E-04,0.2566505,1125.97,1221.1707,0.30825502,239.30028,19,425,16,30,809.8696,16.791084,8.380028,-0.11836337,-0.61500585
0,2.40E-04,1.915475,503.49442,1521.3083,0.41952994,33.690067,-6,861,32,10,246.22855,5.012164,8.467439,-0.2834891,-0.67607427
0,1.11E-04,1.979443,1450.82,1474.0603,0.47454458,210.69972,-14,299,8,10,941.05615,16.791084,7.3634286,-0.34828046,-0.724842
0,2.07E-04,4.461929,1135.4469,0,0.22399756,78.69007,3,503,8,40,685.885,1.1842326,8.224618,0.09021358,-0.4658449
0,2.07E-04,1.5302646,872.5173,155.8252,0.09577264,251.56505,1,179,8,40,317.8119,1.4687471,5.986408,0.205512,-0.4407583
0,2.24E-04,1.656142,2999.2776,159.27518,0.06661325,190.61966,-21,508,16,40,476.14062,7.519032,6.7642617,0.113625646,-0.32768363
0,2.28E-04,6.556248,391.68777,128.99998,0.37099734,315.93918,-3,39,16,10,935.9223,19.278723,6.9543567,-0.32696187,-0.67799115
0,2.22E-04,2.2817514,3357.678,348.1136,0.31022692,262.47617,-23,346,16,30,293.19925,12.228633,7.385481,0.010951009,-0.63792557
0,1.83E-04,1.7889876,334.4615,56.576008,0.14868309,337.0679,-6,248,16,30,457.11636,12.892975,7.923227,0.03034272,-0.4571897
0,5.87E-05,0.26908243,1957.1523,697.79346,0.24529015,300.0049,31,855,8,10,423.6865,18.38593,8.129176,-0.36559746,-0.6961789
0,8.53E-05,1.1479057,2316.3179,871.1452,0.44460836,149.03624,-8,504,4,10,889.4145,8.072643,8.352185,-0.31814596,-0.7487897
0,3.72E-04,2.439952,91.21677,390.6422,0.2738884,336.80142,-17,310,32,30,297.68057,8.775692,7.4341373,-0.10937202,-0.63350195
0,3.27E-05,4.2890096,5012.197,611.36774,0.06259103,195.25513,0,372,4,40,476.49023,2.6465178,8.2279,0.13828368,-0.27667984
0,1.09E-04,0.28032503,584.6119,1155.4124,0.37094688,249.6559,-16,364,8,10,1013.9259,21.047472,7.678383,-0.29450756,-0.70406383
0,1.00E-04,0.9553907,2969.3652,29.369543,0.092982136,153.43495,-2,332,4,40,701.9175,1.0386748,8.183137,0.16629712,-0.22875817
0,2.94E-04,7.1832833,42.999996,70.18832,0.16849789,97.125015,-9,660,2,40,286.7275,3.7400842,6.3462133,-0.18835169,-0.66474897
0,3.91E-05,1.8474437,5571.7446,243.23805,0.08399537,55.304848,-4,337,1,30,503.5078,3.6676545,7.480488,0.2515773,-0.37089202
0,2.54E-04,0.42737567,30.405588,0,0.1895425,217.87498,-10,426,2,30,272.02222,5.2817907,6.6520023,-0.014786795,-0.5498949
0,3.77E-04,1.7944148,2348.2224,354.1812,0.082205266,49.76364,-12,137,64,40,860.28503,3.9493225,6.884438,0.15535702,-0.41312233
0,2.99E-04,6.337801,572.9026,138.24681,0.14452972,35.537678,-15,765,1,40,270.66013,3.989838,7.720021,0.19960785,-0.45215225
0,1.13E-04,1.1088369,974.75995,239.20786,0.48219633,204.32558,-4,107,16,10,1016.39954,17.992765,7.8739347,-0.30368856,-0.744642
0,3.28E-04,0.8348582,522.2471,121.52299,0.1542689,315,1,195,1,40,684.45483,1.9701859,7.7608147,0.23622146,-0.3864469
0,1.35E-04,5.084383,236.26822,544.9902,0.23490551,242.10274,-12,769,16,30,208.66093,4.458975,6.8979216,-0.049253732,-0.5965178
0,2.30E-04,1.6847446,1057.9324,267.48746,0.27780658,86.18593,-29,251,2,10,319.51074,3.487623,6.362417,-0.15761611,-0.7083333
0,1.59E-04,4.819789,1031.5818,171.99998,0.14385574,164.05461,-16,471,4,10,392.64352,6.7329373,7.5759034,0.12226512,-0.40763673
0,6.53E-05,0.06523782,2126.5007,4739.946,0.11281019,239.80838,61,263,32,10,1095.9131,27.290709,8.359908,-0.17696498,-0.6038176
0,1.18E-04,0.55056834,5038.2383,2454.2947,0.41045678,230.44034,45,1059,8,10,274.8925,25.816593,7.7705665,-0.43978637,-0.7618996
0,5.23E-04,2.5989714,30.405588,129.74591,-0.021302946,219.80557,3,205,32,80,448.28983,3.6234941,7.1743736,-0.38158596,0.23421828
0,1.62E-04,0,152.02794,7780.7764,0.2481485,302.00537,-29,420,32,10,725.8294,8.697871,8.128481,-0.38425925,-0.7455607
0,1.09E-04,0.30428657,71.47445,1486.5289,0.23249973,258.4654,14,796,16,30,487.55197,22.07189,7.8318176,-0.15067437,-0.5715789
0,1.94E-04,6.4129677,169.48521,21.499998,0.37190625,120.96376,-5,12,8,40,934.749,1.3541625,7.1260567,-0.08834271,-0.4817901
0,1.44E-04,7.529783,2382.8352,60.811176,0.47146353,315,6,22,4,40,958.3621,0.9853842,7.819313,-0.16836122,-0.6795949
0,1.98E-04,2.6149957,2713.6436,193.49998,0.3960704,216.40408,-54,198,2,10,878.7629,26.503832,7.359951,-0.33033398,-0.69787985
0,1.87E-04,0.43791708,3289.759,3739.375,0.47226906,107.818886,-12,783,2,10,322.01883,13.412633,6.972036,-0.41377717,-0.77532655
0,6.48E-05,2.3002696,5155.1587,182.43353,0.23905948,154.44003,4,281,4,10,305.1599,5.901052,7.9158525,-0.09658663,-0.57063544
0,3.10E-04,0.8721919,2505.208,113.466866,0.08787518,270,11,195,2,40,757.4169,2.3215306,8.850007,0.23736052,-0.34173533
0,0,1.341539,6719.348,386.99997,0.30091548,264.66785,-29,742,16,10,420.77487,16.981388,7.5335493,-0.16412294,-0.59450173
0,1.14E-04,2.675435,1008.1952,150.49998,0.10872313,180,7,12,16,60,929.1512,0.4645502,8.586928,0.12313994,-0.17232774
0,1.94E-04,1.1210823,345.45483,71.47445,0.20546244,98.972626,-7,163,4,30,579.3681,4.458975,6.904269,0.069942,-0.5108771
0,2.42E-04,0.3658136,2687.4998,3932.3408,0.39630702,177.2073,7,491,2,10,802.8885,18.408873,7.6854005,-0.19383825,-0.6955333
0,2.01E-04,2.741987,2748.7734,146.7161,0.48541296,296.56506,0,523,32,10,292.29062,6.2083197,7.641755,-0.32551596,-0.7777312
0,2.37E-04,2.765406,3298.002,30.38851,0.20670816,348.69006,-1,542,16,40,646.44434,4.726852,6.375454,0.13206989,-0.44135725
0,2.88E-04,4.2440543,2906.9785,60.811176,0.08118151,92.12109,3,459,1,30,455.85315,6.2509456,8.140138,0.13946946,-0.32446644
0,2.33E-04,3.1537714,2282.5027,867.9763,0.17898403,300.96375,1,698,32,30,300.18793,2.7068136,7.3537893,-0.13969572,-0.6204523
0,8.79E-05,3.4671698,762.3652,398.09036,0.3870442,189.46233,-38,669,4,10,323.72452,11.159937,11.859108,-0.08117017,-0.6267824
0,2.34E-04,2.02967,2129.1343,128.99998,0.104364924,8.130101,9,201,1,40,338.69504,1.6420193,8.183687,0.23169547,-0.34618875
0,1.02E-04,2.8931634,1486.5283,408.49997,0.1406216,341.56506,-8,323,32,30,474.8892,6.5817065,8.155318,0.18035847,-0.4801079
0,2.85E-04,0.86239433,2649.3186,2879.1462,0.1585608,153.43495,2,291,4,10,510.66064,5.1797853,8.145393,0.1375117,-0.40228137
0,2.03E-04,4.9335685,300.33728,0,0.33637702,315,6,458,8,10,398.14008,1.9701859,9.253427,-0.07376692,-0.64438504
0,4.11E-04,3.6678133,616.55505,674.5314,0.25243345,63.434948,12,483,8,30,275.29944,4.147893,7.3529096,0.032021347,-0.56189454
0,3.22E-04,4.007469,900.3134,650.3875,0.26334986,218.6598,-6,646,2,30,284.6804,22.554958,7.272134,-0.15078448,-0.63875824
0,1.85E-04,9.40205,325.33786,0,0.29067883,261.8699,-3,688,64,10,267.00717,6.5413065,8.1328745,-0.13444301,-0.6478611
0,2.35E-04,2.151434,404.01202,974.7625,0.161277,209.66672,18,194,2,10,702.9442,20.233112,7.487938,-0.03710524,-0.5390081
0,1.52E-04,6.2874675,1162.6473,21.499998,0.24839965,104.03625,2,648,8,10,355.99493,1.9147184,7.0047917,-0.014037985,-0.60732985
0,2.87E-04,4.117047,2713.6436,243.2447,0.095751084,348.69006,6,431,4,40,454.03,3.548659,8.065395,0.21087883,-0.33976567
0,2.33E-04,3.8717537,1254.8707,91.21677,0.09283664,219.28941,18,507,4,10,319.33914,3.2976756,8.470435,-0.11393443,-0.6044864
0,1.98E-04,0.47636202,1688.1078,1605.3698,0.262204,338.5747,38,245,16,10,572.2473,18.985558,7.490014,-0.1206634,-0.51567864
0,3.17E-04,10.121473,927.00354,30.405588,0.3303106,180,1,722,4,10,273.4376,0.9290393,7.720176,-0.05733524,-0.6699968
0,2.81E-04,2.3557494,2107.2898,389.98752,0.099776894,325.30484,-10,495,16,30,684.51666,3.6676545,6.8401937,0.13511516,-0.24658264
0,3.30E-05,0.097228795,5731.497,886.9407,0.47410202,151.50436,6,118,2,10,1089.6595,17.895388,7.548719,-0.31144148,-0.75100505
0,1.14E-04,8.6129265,2175.9697,60.811176,0.12669651,90,1,742,4,30,324.03937,2.7851665,7.969376,0.16474292,-0.42016056
0,1.26E-04,0.2926932,1254.7644,454.8045,0.39506283,261.15817,7,383,4,10,975.7572,10.460522,7.8534865,-0.36692077,-0.7245609
0,3.96E-04,2.1518798,738.04877,214.99998,0.068069875,95.19443,-1,213,1,40,581.80457,2.5639057,7.4114275,0.123356745,-0.30160427
0,1.23E-04,6.79286,2447.267,60.811176,0.27287757,54.462322,6,374,8,10,429.39304,1.9973403,8.510612,0.008492989,-0.51891077
0,1.33E-04,0.12053518,2797.967,2551.1091,0.29318386,303.3407,-36,500,4,10,852.7698,20.244354,7.2209587,0.009852618,-0.55737704
0,2.36E-04,1.0648679,364.86707,636.1222,0.1181338,53.615646,-4,312,32,10,466.15973,20.94267,7.310822,0.1372756,-0.42682502
0,3.26E-04,2.4045286,705.5219,1554.0114,0.41967136,288.43494,19,56,16,10,1152.4032,21.03681,8.230931,-0.32894626,-0.7340379
0,2.11E-04,1.6363806,1496.4103,211.02396,0.09887642,270,-10,179,16,40,319.13208,1.3934064,7.3726325,0.23491365,-0.39683363
0,1.99E-04,1.1904763,2165.8062,1535.9609,0.09703083,49.332314,4,488,128,30,464.55658,20.780851,7.2326655,0.16434656,-0.44157705
0,1.95E-04,0.037515864,2367.0574,5198.55,0.14407645,88.02506,5,249,1,10,784.0229,6.7092934,7.782609,0.16812927,-0.36440486
0,2.35E-04,2.4973779,2442.1157,152.0279,0.12392485,342.75854,23,214,2,40,332.95172,7.0177555,8.128029,0.14108826,-0.30702397
0,3.30E-04,0.96358347,842.8254,30.405588,0.19596988,186.3402,6,328,8,40,748.4248,4.1992383,8.161968,0.15251873,-0.39113018
0,1.25E-04,6.599607,1382.5013,0,0.18436643,213.69006,-4,26,8,30,944.27545,1.6745193,6.677313,0.16768488,-0.36542267
0,1.72E-04,0.6844832,2611.258,1460.6906,0.358796,6.581944,8,622,16,10,761.6766,22.99729,7.3155665,-0.14911081,-0.65435743
0,3.67E-04,0.63544714,2957.3232,2841.0625,0.1373996,235.30484,-2,437,16,10,554.2089,3.6676545,7.9491267,0.12775666,-0.42750466
0,0,0.6346131,9803.392,334.4615,0.17938109,235.12468,28,218,16,10,337.7361,9.261801,8.188523,0.012148753,-0.47025535
0,8.11E-05,5.4333887,1589.5996,21.499998,0.30909985,126.869896,2,703,2,10,371.69083,2.3215306,8.287765,-0.05865041,-0.6593081
0,2.88E-04,4.04151,761.7945,21.499998,0.19082873,147.99461,15,713,2,10,437.16647,4.374136,8.063796,0.14104779,-0.44948187
0,1.49E-04,3.640296,703.6479,84.16956,0.2610886,135,-20,264,2,10,487.815,0.6569588,7.1304245,-0.037910447,-0.5750849
0,3.76E-04,2.4422019,849.0317,236.59013,0.088653624,255.96376,-10,402,8,40,698.9882,3.8251698,6.52443,0.19965725,-0.31660557
0,2.02E-04,1.1320018,2124.525,3023.4656,0.40871325,67.619865,21,713,128,10,1062.2114,8.478408,8.642032,-0.36203167,-0.72782433
0,1.87E-04,3.3534331,3881.2717,152.02794,0.1835025,40.914383,8,218,128,30,509.9402,4.6007166,7.316552,0.27214873,-0.39997852
0,1.19E-04,0,2268.68,8820.601,0.4104943,285.25513,19,522,64,10,772.04626,13.0135145,8.137741,-0.38027892,-0.7651344
0,7.51E-05,3.5248916,4205.0186,2253.9414,0.5361053,148.73627,0,421,2,10,1009.099,27.976767,8.033129,-0.37122762,-0.7433711
0,1.07E-04,0.76596445,4688.228,1655.8948,0.1370623,285.25513,-3,251,16,10,319.98672,5.2817907,7.7615767,-0.007826087,-0.5310436
0,1.84E-04,5.5730095,4353.856,139.33008,0.17770842,274.0856,16,455,64,30,661.7354,6.4924836,7.894529,0.14277364,-0.43108076
0,4.47E-04,2.262207,2767.3472,425.6782,0.18623722,219.80557,-1,215,32,30,366.53918,3.6234941,7.5355597,0.0793315,-0.5239874
0,2.78E-04,4.025455,478.27505,135.66142,0.29954597,174.47246,-3,723,4,10,432.6489,7.196245,7.6219945,-0.07686756,-0.60602796
0,1.45E-04,1.7508508,1612.6707,1661.0273,0.11956869,207.47443,29,487,8,40,672.4601,6.5169425,8.670153,0.1471993,-0.44766584
0,1.73E-04,1.585383,408.49997,866.27203,0.3047809,187.69606,23,293,16,10,315.13583,8.607149,7.9996395,-0.17275034,-0.5843882
0,2.89E-04,2.7417126,2565.0525,112.473526,0.2730354,219.55966,-6,459,2,30,675.7824,6.89609,7.8789015,0.012545841,-0.53357315
0,2.59E-04,1.5549809,3252.6362,956.21954,0.19253483,108.43495,-22,220,1,10,347.535,2.2025177,8.5158825,0.16083074,-0.43072185
0,1.76E-04,4.989763,2443.5176,643.3908,0.3128826,179.27478,-5,129,4,10,950.3159,32.643295,7.246389,-0.10206586,-0.611726
0,2.44E-04,0,735.7283,8242.838,0.37485272,350.1342,-37,624,16,10,794.4359,10.718461,7.0731783,-0.34911814,-0.7136719
0,1.07E-04,4.6597934,2684.189,304.05588,0.22301482,214.99202,-6,334,8,30,488.21027,5.6522746,7.1160426,-0.012615899,-0.54105943
0,0,0.93687403,7612.9297,386.99997,0.46667933,227.00955,15,893,8,10,438.16647,18.107698,7.96036,-0.4109152,-0.7330858
0,1.57E-04,0.07791934,1283.3939,2846.3027,0.33058354,267.31024,6,588,8,10,843.1282,31.162205,6.860808,-0.21711674,-0.6630336
0,3.18E-04,4.980253,140.61954,30.405588,0.46655324,0,2,20,64,40,1077.9373,0.9290393,6.4346824,-0.4601215,-0.7440387
0,8.12E-05,0.6324919,3938.5105,2144.9917,0.44575113,166.10881,-19,1296,1,10,251.57019,21.225473,6.600169,-0.4079349,-0.7211254
0,1.83E-04,4.209105,1362.4514,83.77643,0.113117985,266.1859,2,277,16,40,470.15424,3.487623,7.4626117,0.21497385,-0.32527882
0,2.94E-04,5.388618,820.83606,746.5345,0.41678432,320.7928,3,282,32,10,1087.1318,21.684158,7.760398,-0.35298792,-0.74043375
0,1.71E-04,3.1154888,4111.3203,501.6944,0.48434186,114.145546,-7,209,2,10,995.57635,32.789604,7.530605,-0.28033876,-0.7386304
0,2.99E-04,8.309853,71.47445,241.90575,0.2640973,209.74489,12,468,4,10,430.37662,7.448564,7.8127365,-0.04021559,-0.57156277
0,2.14E-04,7.964415,757.0205,105.22559,0.40235308,90,9,437,8,10,436.2853,5.0966787,8.20795,-0.17215349,-0.68424225
0,3.31E-04,2.0375571,671.41205,0,0.13107234,84.289406,-5,419,1,30,606.8949,4.6584816,7.9117064,0.09717663,-0.32722008
0,1.85E-04,0.7007769,737.06055,719.5085,0.1550259,229.08562,5,371,2,30,533.3799,4.6007166,7.6615562,-5.70E-04,-0.3447308
0,7.90E-05,3.6073604,2497.9485,30.405588,0.19986382,354.80557,12,664,8,10,316.8467,2.5639057,8.403978,-0.06271123,-0.58233154
0,2.80E-04,0.69432485,3366.975,3905.6975,0.46687424,248.38522,-3,813,8,10,324.81732,13.0135145,7.741014,-0.42673028,-0.7736163
0,2.01E-04,3.5249856,623.49994,429.99997,0.3209653,119.248825,-28,612,1,10,303.55426,24.921694,6.7929835,-0.2620865,-0.735277
0,2.15E-04,5.6867833,2894.956,0,0.12921405,238.3925,11,640,8,40,400.64948,7.0553284,7.58429,0.2605849,-0.492511
0,2.05E-04,6.901545,3186.8037,60.811176,0.26444513,55.619656,-10,695,1,10,422.3976,5.3320456,6.8989277,-0.018794555,-0.6432056
0,0,5.995552,6726.475,30.405588,0.28334194,71.56505,-7,732,2,30,381.18582,2.2025177,8.152249,-0.044470314,-0.6294951
0,4.02E-05,7.383222,4622.4683,392.01535,0.18589063,147.52881,12,706,8,30,316.20642,6.0347114,8.383065,0.054837923,-0.50836253
0,1.73E-04,0.005618309,1887.3265,6012.943,0.26922685,106.22019,-28,397,1,10,776.00336,24.91169,6.672107,-0.008061183,-0.5911909
0,1.77E-04,2.6350908,1062.4738,1307.4403,0.11594229,152.8787,-1,202,4,30,620.2807,20.48073,7.319641,0.13248572,-0.47632486
0,9.45E-05,0.060308546,1749.7241,3355.612,0.33895296,316.66028,60,835,32,10,823.7915,21.591862,7.6868753,-0.32771084,-0.74091625
0,2.05E-04,4.0352845,3141.912,60.535225,0.1172235,232.59465,2,346,4,10,422.40247,4.958596,7.4077907,0.08016702,-0.44981903
0,1.57E-04,4.859063,2498.3657,91.21677,0.29268822,249.77515,-1,478,16,10,373.47705,4.6927934,7.975983,-0.06960036,-0.5975855
0,3.40E-04,1.8638244,136.80093,257.03857,0.13880529,159.22775,-14,214,4,30,505.496,7.166818,6.6534534,0.14707993,-0.36643678
0,1.65E-04,1.3246808,2803.157,0,0.14493835,300.96375,16,169,4,10,355.29538,1.3541625,8.380495,-0.110009186,-0.4916091
0,1.55E-04,0.13084455,2352.5286,2525.5518,0.44890356,15.832386,23,536,32,10,786.5937,15.766082,7.4694004,-0.24339035,-0.70046085
0,9.01E-05,0.28599274,4317.8564,4922.8457,0.38417035,158.29457,-20,530,4,10,1056.9569,24.20075,7.5642805,-0.25921804,-0.6740658
0,1.79E-04,5.4188805,2077.0347,29.369543,0.20260108,16.189205,16,479,64,40,343.28168,7.455642,8.161036,0.034166474,-0.5451211
0,2.81E-04,4.7802095,942.1383,100.03815,0.13896862,315,-6,428,16,40,700.40173,0.9853842,7.1270027,0.006365044,-0.4909654
0,1.68E-04,0.6931567,816.99994,292.2753,0.4463034,161.56505,-14,395,2,30,939.3181,1.4687471,6.6800294,-0.42276052,-0.7270458
0,1.74E-04,0.8022407,1117.9999,1240.4928,0.41062763,315,-52,563,16,10,970.5852,14.466743,7.781651,-0.43255165,-0.72829133
0,1.36E-04,3.3220947,1746.8857,399.1134,0.09264316,0,6,547,64,30,306.26337,2.7851665,7.8047028,0.11511326,-0.48890972
0,4.25E-04,2.337507,59.53357,345.60846,0.40432593,113.19859,3,246,8,10,322.53192,1.7684314,8.048662,-0.18950437,-0.71308607
0,3.35E-04,0,171.99998,8454.056,0.3939942,160.01689,4,498,2,10,811.0228,5.421303,7.894981,-0.28729838,-0.7083612
0,3.52E-04,0.44575083,1081.0166,3726.4717,0.44739923,97.943474,23,855,1,10,543.69025,19.393414,7.14869,-0.23191838,-0.7062831
0,1.07E-04,0.9707348,5083.671,178.96507,0.15245411,162.40758,27,206,2,10,343.5883,9.891299,7.5732265,0.11766634,-0.4372664
0,1.25E-04,4.477844,2294.8704,0,0.17269176,18.434948,-11,691,128,50,292.41574,3.6676545,6.5510507,0.04714959,-0.39943343
0,2.09E-04,7.20523,1515.6996,42.999996,0.35409996,248.9625,-23,468,16,10,400.48386,6.443278,6.804253,-0.083491065,-0.66086394
0,2.78E-04,2.0939128,21.499998,283.25815,0.20289978,145.30484,-6,565,64,10,339.9827,3.6676545,6.4090905,-0.010934744,-0.45704117
0,1.79E-04,2.5980303,3749.4495,117.59998,0.24300396,278.97263,0,174,32,40,747.30145,4.458975,7.451802,0.105014615,-0.37716264
0,2.35E-04,0.028769141,1738.9591,5213.408,0.3832178,222.56335,-4,685,4,10,806.3715,15.0940275,7.446419,-0.4034807,-0.74007934
0,1.48E-04,6.379207,1452.6567,42.999996,0.358167,274.3987,-11,701,8,10,359.37524,3.0257473,6.89073,-0.15313807,-0.6662636
0,2.47E-04,1.1272178,1062.7919,1883.1962,0.2851283,228.85065,-15,579,8,10,1065.5002,30.86305,7.592301,-0.27647957,-0.45354792
0,1.38E-04,2.0548713,3858.4243,100.44561,0.18326887,351.57303,56,249,32,10,607.3131,23.874975,8.5056925,0.0760165,-0.47230047
0,2.66E-04,3.1073117,2932.68,183.20183,0.11063463,30.963757,6,263,8,30,354.81366,1.3541625,7.895888,0.1448715,-0.40350878
0,1.86E-04,2.4721706,590.34784,334.4615,0.24119996,204.55046,-33,255,4,30,330.65256,19.85038,7.4049816,-0.03947552,-0.49969813
0,1.45E-04,5.1561437,326.47733,121.57627,0.29308546,277.125,14,429,16,10,372.80457,7.448564,7.65613,-0.035631653,-0.5940171
0,1.46E-04,0.48483974,3164.9128,413.03632,0.11899556,83.659805,-21,222,16,30,547.6946,2.1024425,11.859108,0.13584997,-0.44279405
0,3.40E-04,0.5574477,56.576008,2059.0876,0.32570556,168.69006,32,671,8,10,443.93927,12.810585,8.2245655,0.07117767,-0.565109
0,3.53E-04,2.4010603,1928.1423,112.224754,0.1881427,180,1,390,4,30,674.7047,2.7851665,8.741927,0.20765495,-0.4052685
0,1.77E-04,1.9360108,364.86707,434.91498,0.17300242,180,16,260,8,30,454.95685,3.711284,7.627424,0.055742692,-0.42529112
0,2.25E-04,6.1289816,732.8488,692.91095,0.41416627,261.50143,-5,190,16,10,1057.3317,19.627176,7.5000935,-0.3862481,-0.68115944
0,1.37E-04,1.4994035,1704.6699,1418.2217,0.44545975,335.55603,12,228,32,10,335.97632,2.8044105,7.7764597,-0.30111963,-0.74407583
0,2.89E-04,2.0131238,432.25504,296.26547,0.2640848,246.8014,10,238,4,10,315.77417,1.7684314,7.9920163,-0.10980827,-0.6366398
0,2.33E-04,1.2581716,236.46713,107.49999,0.12011878,103.392494,-1,343,2,30,468.42065,5.0014973,7.463498,0.15040414,-0.3759784
0,6.79E-05,1.2966372,1645.5686,1790.5165,0.4212645,46.527527,-35,608,128,10,887.2013,23.27497,6.9041634,-0.357926,-0.7603613
0,1.84E-04,1.3084491,236.49998,502.17822,0.46319112,164.47589,-16,292,1,10,316.68372,8.613229,6.4777718,-0.3405666,-0.7402191
0,8.71E-05,0.9390803,5043.5205,0,0.15117402,158.49857,9,506,8,30,594.211,8.182497,7.862539,0.15766893,-0.2728255
0,2.92E-04,2.986639,187.14351,218.78787,0.3601451,29.74488,-29,61,32,10,944.6472,7.448564,6.8899655,-0.12767734,-0.6528948
0,1.27E-04,2.7398803,3611.7964,490.82388,0.1975197,175.60129,0,406,2,10,825.24805,6.0347114,7.9433823,0.1127556,-0.54965985
0,2.90E-04,6.005307,1465.5562,304.05588,0.09711844,264.80557,-4,747,16,10,277.80557,2.5639057,8.55614,0.12404943,-0.39251983
0,1.78E-04,0.16293631,352.37744,2619.2534,0.3874665,243.8861,-15,316,32,30,974.90894,12.967005,7.3848414,-0.31693858,-0.7028075
0,1.03E-04,2.4161477,3986.4788,156.83203,0.25668895,141.70984,-2,365,4,30,319.99625,5.60496,8.020994,-0.06865796,-0.5960347
0,4.22E-04,2.8469248,334.70526,29.369543,0.22280504,284.53445,34,390,2,10,311.6004,6.4515057,8.75407,-0.056273445,-0.49146557
0,3.69E-04,5.7348967,1328.6292,497.82385,0.3465151,61.955315,11,147,128,10,987.1721,26.173862,7.948254,-0.13903743,-0.6732616
0,3.05E-04,6.132244,1993.212,30.405588,0.07025811,209.05461,-5,474,128,40,444.613,2.3900836,8.144205,0.14783035,-0.33282208
0,3.08E-04,3.2251883,129.7459,90.31358,0.3555814,237.52881,-2,49,16,30,923.63385,6.0347114,7.900209,-0.17260076,-0.6379702
0,1.65E-04,2.2055655,3501.7993,364.25308,0.41063213,60.780754,-9,846,1,30,475.1521,15.326235,7.999066,-0.08004426,-0.67601603
0,2.04E-04,1.8683363,2122.7534,1269.9736,0.37391937,285.25513,70,699,16,10,374.70343,17.929678,8.441901,-0.2635055,-0.66076386
0,3.04E-04,2.6752162,128.99998,169.31851,0.24602017,90,0,347,128,40,660.3517,1.3934064,7.0045676,-0.064058065,-0.5148248
0,4.93E-07,8.441101,6402.8687,90.31767,0.20184056,180,-3,691,4,10,283.05905,6.017067,8.390331,0.10948591,-0.5310651
0,2.79E-04,5.7778068,2821.2114,405.13873,0.40514207,33.690067,7,175,16,40,514.44336,1.6745193,11.859108,-0.2381086,-0.663023
0,2.86E-04,2.4628086,1084.3124,298.22366,0.30187115,339.22775,0,209,16,10,322.30072,7.166818,6.7650547,-0.05142857,-0.57770634
0,9.28E-06,1.5030098,6319.8613,1302.6129,0.289986,82.77568,-17,269,1,10,338.73285,16.179619,7.449704,-0.12715745,-0.62539685
0,1.69E-04,0.002592144,1211.2571,6161.0493,0.19231343,209.05461,3,409,1,10,793.15955,9.47846,8.517954,-0.16967995,-0.7030739
0,3.36E-04,1.7674474,42.999996,1479.1683,0.24221402,239.03624,10,351,1,10,649.3562,4.0564528,7.945442,-0.013400942,-0.5557409
0,2.45E-04,3.0082629,693.6061,0,0.23337865,0,-8,51,64,50,915.0546,2.7851665,7.48858,0.14572601,-0.35250208
0,2.89E-05,1.0938522,3733.4033,1623.5549,0.44981298,343.7398,-21,649,2,10,1190.6968,11.458753,6.833501,-0.29307553,-0.6651539
0,0,1.0101935,7281.3984,1367.0946,0.2674415,252.97948,1,620,16,10,826.3394,11.736144,7.2012615,0.09927611,-0.5047509
0,2.58E-04,2.9014719,2139.264,764.0078,0.1262776,243.43495,11,222,4,40,569.4402,2.0766673,8.742048,0.18623199,-0.3128668
0,2.87E-04,5.964299,1924.5256,267.90518,0.40382975,155.55605,1,43,1,10,1075.9299,16.37869,7.686034,-0.38963908,-0.7324763
0,1.28E-04,2.176895,3904.5051,29.369543,0.15206666,296.56506,-8,645,8,40,461.35056,4.147893,7.4311743,0.0644185,-0.43739623
0,4.80E-04,2.5509622,945.99994,232.17186,0.28909045,213.69006,12,214,16,10,460.01984,5.012164,8.145448,-0.14074074,-0.632266
0,1.18E-04,2.482419,3444.2588,1235.8004,0.44033873,141.24191,-12,265,4,10,867.5969,20.260078,7.66,-0.3046903,-0.7160348
0,2.07E-04,2.0785434,560.9764,171.99998,0.1657249,325.30484,-5,196,32,30,322.73495,3.6676545,7.2461305,0.10063524,-0.5340747
0,1.38E-04,2.725854,3161.9065,182.43353,0.12309707,288.43494,0,348,64,40,491.8318,5.1280046,6.991125,0.15189873,-0.40896514
0,4.45E-05,2.9282994,2278.315,0,0.15440214,204.44395,4,689,4,50,323.0726,2.8044105,7.311164,0.11423684,-0.36018682
0,1.18E-04,7.4669333,1682.0095,70.18832,0.3617946,194.03624,-5,22,16,10,952.8348,1.9147184,6.6590023,-0.14606096,-0.6251699
0,1.47E-04,0.6648123,951.2519,922.6879,0.41307732,196.69925,-10,235,8,10,1068.2008,22.940786,7.434991,-0.3682407,-0.70783216
0,2.28E-04,1.0348791,1016.2954,447.3341,0.18821044,180,9,469,4,30,510.58826,13.231889,7.5587173,0.013747228,-0.4821726
0,2.68E-04,9.535284,733.95624,29.369543,0.31019098,-1,3,15,128,30,1240.8295,0,8.1827965,-0.076652795,-0.5946316
0,3.20E-06,3.788775,6061.521,625.1871,0.1897079,63.434948,17,485,128,10,467.2482,18.073837,8.273055,0.11130502,-0.46188197
0,2.22E-04,1.416034,263.06372,60.811176,0.1254132,71.56505,-19,184,2,40,377.9591,3.6676545,11.859108,0.26504064,-0.3251599
0,4.52E-04,12.087109,519.99207,30.405584,0.27585226,78.69007,-7,24,1,50,1079.612,1.1842326,7.3533287,-0.052678414,-0.58941287
0,1.12E-04,3.1387513,182.43353,0,0.11797418,0,-3,9,32,50,932.28705,0.4645502,8.181357,0.18532111,-0.39732495
0,2.84E-04,2.3127663,338.82135,300.64584,0.28847814,247.83365,-1,439,8,30,689.4482,13.299998,8.040947,-0.05197579,-0.5739015
0,3.09E-04,6.509919,2128.206,243.2447,0.4953785,66.80141,-1,660,4,10,295.08862,1.7684314,6.65863,-0.30796993,-0.7614419
0,1.21E-04,1.5096946,3572.688,778.77313,0.2710827,160.51387,0,176,2,10,1035.93,15.616954,7.5478544,-0.23646247,-0.5953601
0,2.22E-04,0.40281174,555.68866,2567.579,0.25654474,71.56505,5,225,16,10,784.7154,1.4687471,7.9250646,-0.039689388,-0.58866185
0,3.47E-05,0.760511,4967.321,1440.3245,0.07301599,130.60129,-31,911,4,10,428.72537,4.275084,11.859108,0.16889375,-0.4826104
0,1.61E-04,1.2193707,1636.2325,1552.7303,0.28234708,340.86636,-9,250,32,30,337.93698,11.874286,7.2486243,-0.1347164,-0.59799373
0,3.23E-04,2.8278236,1035.3513,107.49999,0.25033763,255.25644,0,231,32,40,334.70273,4.5539675,7.1292768,-4.27E-04,-0.5108439
0,1.46E-04,0.89600927,1067.7429,2232.923,0.332664,165.96376,2,424,4,10,985.0371,13.171008,7.6443734,-0.062410478,-0.5877676
0,2.33E-04,2.1726418,3579.1174,78.076004,0.37174407,192.80426,6,393,8,10,290.85977,10.366346,7.4440765,-0.28550297,-0.7388694
0,1.18E-04,0.24671412,1412.3108,3929.1868,0.23177722,284.74356,-7,1002,4,10,214.2297,4.5539675,7.4369516,-0.35196546,-0.74948543
0,7.28E-05,5.758697,4925.914,0,0.20668492,138.81407,6,382,2,40,430.20422,4.9261703,7.352759,0.051767226,-0.5002824
0,2.91E-04,7.125577,474.96176,121.62235,0.37824738,251.56505,-4,656,32,40,289.0165,1.4687471,7.3520617,-0.099958174,-0.57014924
0,1.62E-04,5.5456896,1023.0685,30.405588,0.1491298,230.19443,20,353,16,30,451.03107,7.218233,7.535111,0.0331076,-0.47722375
0,2.46E-04,1.3324547,771.304,190.79468,0.35809204,85.601295,20,107,1,10,1044.9436,11.938426,8.306857,-0.16700059,-0.70195943
0,2.31E-04,2.42198,1473.4277,516.10016,0.3900888,230.90614,-2,173,16,10,933.3666,18.485085,7.886046,-0.12609923,-0.6559497
0,3.14E-04,4.5901537,944.40814,248.69066,0.5001178,232.12502,-7,526,64,30,280.1816,2.6465178,7.2269654,-0.36106333,-0.77705187
0,1.89E-04,1.9699876,3387.466,91.21677,0.23257144,71.56505,-2,643,1,40,475.97946,0.7344942,8.226492,-0.09974543,-0.5590551
0,1.87E-04,0.21442802,1951.9944,6069.907,0.41463923,344.57785,6,1262,64,10,536.2517,13.707802,7.494651,-0.35766897,-0.72454596
0,2.05E-04,3.4335914,396.04437,1021.6406,0.19087374,225,1,109,64,40,717.1311,2.6261098,7.587276,0.11127179,-0.38223165
0,1.91E-04,0.50815636,42.999996,3340.1902,0.22022891,163.61046,1,293,16,10,798.35486,23.317402,7.493033,-0.041262135,-0.5079086
0,8.46E-05,0.0993349,3861.5098,3923.5469,0.40394747,252.89728,-18,792,16,10,815.834,18.306622,7.197187,-0.35705602,-0.7547871
0,1.62E-04,2.5264876,1161.6191,188.9699,0.22438285,149.93141,5,58,2,40,912.3815,5.0861926,6.899616,0.2153724,-0.43555608
0,2.80E-04,2.9477105,1068.6045,1081.1156,0.22394481,66.80141,21,117,1,30,898.7441,1.7684314,9.144786,0.12121705,-0.45559898
0,1.98E-04,1.1448463,242.93658,60.811176,0.3817725,335.55603,-4,37,16,10,1071.8296,2.8044105,7.0283303,-0.20696746,-0.6888964
0,2.03E-04,1.8850337,584.6119,1047.071,0.080363445,135,-6,39,2,10,1107.7834,1.3137449,7.3547854,0.27697864,-0.25147796
0,0,6.4031076,6733.328,30.405588,0.32630056,270,-5,31,128,10,957.0333,0.4645502,8.150057,-0.12765758,-0.7119295
0,1.28E-04,1.0619267,2209.092,30.405588,0.16861948,36.869896,3,167,16,30,351.59573,2.3215306,7.5862846,0.14337224,-0.4302915
0,2.62E-04,2.317872,30.405588,591.0572,0.26600358,101.30993,-10,407,1,30,685.23096,2.367454,8.405094,1.72E-04,-0.5005176
0,1.84E-04,4.1609354,3720.9895,1746.716,0.41501862,61.79837,-5,575,1,10,912.75104,17.609928,7.880762,-0.33198285,-0.69184196
0,1.53E-04,1.9066513,1342.7197,273.6503,0.20126633,291.37064,3,187,16,30,313.5963,5.71784,7.779649,0.049154665,-0.56123894
0,2.25E-04,5.011064,2256.0837,30.405584,0.37463945,270,3,179,8,40,509.6454,2.3215306,8.471664,-0.38619676,-0.75247526
0,2.45E-04,1.3669573,856.5833,650.0334,0.37040854,308.08878,-11,131,64,30,1060.6055,10.79024,7.7498717,-0.37992945,-0.7068077
0,1.86E-04,2.5680785,2813.5898,151.33871,0.32344484,15.255118,3,732,64,40,378.78162,7.8948574,7.847944,-0.2734375,-0.5891365
0,2.00E-04,0.16892807,212.00636,3526.9485,0.44565773,300.06857,-6,211,32,10,968.1997,14.950005,7.3644705,-0.34977874,-0.7316101
0,3.09E-04,2.9223416,1548.6635,877.77454,0.27702674,295.9744,20,385,128,10,298.47897,9.974775,8.276479,-0.14613515,-0.61413115
0,2.22E-05,2.4028215,5653.6304,1086.5457,0.29770362,282.99463,9,326,16,10,311.59622,3.0959876,8.376747,-0.091806345,-0.6224554
0,1.95E-04,3.001144,1456.121,0,0.24377829,4.3987045,-3,56,2,10,913.1267,3.0257473,7.0269413,-0.0857688,-0.43118426
0,1.04E-04,0.098648876,1567.8914,4839.2905,0.43596074,29.908426,2,785,128,10,802.2814,27.856035,7.112159,-0.3109878,-0.7416691
0,5.97E-05,0.45173162,3024.2498,2953.7515,0.32574606,319.34323,-16,509,32,10,1114.0549,24.42921,7.4570374,-0.29214865,-0.6337327
0,2.52E-04,1.875029,539.19885,107.49999,0.40510327,194.03624,-2,46,1,10,1090.6256,1.9147184,7.490054,-0.40289518,-0.7523506
0,1.89E-04,1.2745414,789.821,491.34442,0.21626636,122.90524,-1,179,4,10,316.11548,4.6927934,7.625496,0.05004985,-0.5392569
0,1.56E-04,4.6974196,989.75085,60.811176,0.18198483,348.69006,-6,440,128,10,673.71124,2.367454,7.4326954,-0.002832861,-0.4581749
0,1.02E-04,0.45893487,3867.1597,3793.3342,0.44660848,93.270485,-29,613,4,10,917.53296,15.867627,7.0565968,-0.37613416,-0.7180958
0,4.14E-05,2.536218,3825.9175,71.47445,0.261319,151.69925,2,687,4,30,313.20667,3.4254887,8.874219,0.07233901,-0.53114754
0,1.06E-04,5.8449044,3648.461,107.49999,0.42810443,58.24052,15,731,64,10,281.38855,5.71784,8.010704,-0.2699172,-0.7311262
0,3.54E-04,0.009435162,1018.2944,5719.5444,0.3925233,10.713122,13,613,16,10,807.70245,8.679808,8.044282,-0.3229116,-0.7325656
0,2.09E-04,0.74415094,1162.4713,2760.1465,0.24025607,240.9454,1,349,16,10,809.04926,7.1372647,8.131308,-0.08117932,-0.6131365
0,1.79E-04,1.5041815,3425.9956,152.02794,0.09687215,315,0,175,16,40,356.72226,0.6569588,7.4911194,0.14789228,-0.29978496
0,2.09E-04,0.914786,1607.2721,2232.5093,0.23579249,307.725,-16,431,32,30,300.72293,15.197753,7.265628,-0.005941866,-0.599183
0,3.22E-04,1.7901425,946.07776,1558.8734,0.37297463,30.963757,-14,620,32,10,371.93814,8.072643,6.7794695,-0.14817367,-0.64950496
0,1.03E-04,0,2147.3855,8101.5054,0.3770492,304.2157,-3,1046,32,10,706.73895,20.188059,8.012708,-0.3699798,-0.7353986
0,1.64E-04,1.8094621,1739.7278,292.06824,0.14519715,283.6713,2,562,8,10,469.63815,8.775692,7.389923,0.010242086,-0.48101705
0,2.12E-04,0.71487355,505.83286,1066.8744,0.111107245,295.2011,-7,311,8,10,540.7984,8.661703,7.6832685,0.0881943,-0.46606913
0,1.58E-04,1.0194091,2018.1127,321.67914,0.31849003,57.90741,7,121,128,10,926.45776,15.766082,7.681878,0.06492147,-0.5687308
0,2.18E-04,3.4173028,2758.6357,71.47445,0.20033261,53.1301,18,351,128,10,325.93478,2.3215306,9.243755,-0.11700122,-0.6122939
0,2.01E-04,1.854753,4747.954,1153.8528,0.24039811,22.89055,5,235,64,10,353.78088,11.201203,7.8698997,-0.074725606,-0.5951797
0,1.51E-04,2.6544082,1719.8007,1186.3694,0.31665856,166.47684,-3,757,2,30,289.83536,18.232029,7.7361326,-0.06063165,-0.6020408
0,1.66E-04,4.1665945,3252.1575,85.99999,0.46480775,348.69006,-10,717,1,10,394.55878,3.548659,6.07081,-0.20272315,-0.73770493
0,2.64E-04,2.3395867,1009.01154,100.44561,0.15572168,215.53767,6,141,16,30,699.0814,22.708897,8.002416,0.14939626,-0.4734108
0,0,8.334296,6760.6714,30.405588,0.08698501,146.30994,-1,807,2,10,318.19888,1.6745193,7.7209964,0.1402715,-0.2917847
0,8.58E-05,2.7107384,1449.8754,100.44561,0.10843466,14.0362425,-20,242,16,40,468.9686,3.8251698,6.2376485,0.20604634,-0.35935512
